#include "visual_assets.h"

#ifndef LV_ATTRIBUTE_MEM_ALIGN
#define LV_ATTRIBUTE_MEM_ALIGN
#endif

static const LV_ATTRIBUTE_MEM_ALIGN LV_ATTRIBUTE_LARGE_CONST uint8_t s_dish_hot_bread_map[] = {
0x00,0x00,0x00,0x00,0x00,0x00,0x00,0x00,0x00,0x00,0x00,0x00,0x00,0x00,0x00,0x00,
0x00,0x00,0x00,0x00,0x00,0x00,0x00,0x00,0x00,0x00,0x00,0x00,0x00,0x00,0x00,0x00,
0x00,0x00,0x00,0x00,0x00,0x00,0x00,0x00,0x00,0x00,0x00,0x00,0x00,0x00,0x00,0x00,
0x00,0x00,0x00,0x00,0x00,0x00,0x00,0x00,0x00,0x00,0x00,0x00,0x00,0x00,0x00,0x00,
0x00,0x00,0x00,0x00,0x00,0x00,0x00,0x00,0x00,0x00,0x00,0x00,0x00,0x00,0x00,0x00,
0x00,0x00,0x00,0x00,0x00,0x00,0x00,0x00,0x00,0x00,0x00,0x00,0x00,0x00,0x00,0x00,
0x00,0x00,0x00,0x00,0x00,0x00,0x00,0x00,0x00,0x00,0x00,0x00,0x00,0x00,0x00,0x00,
0x00,0x00,0x00,0x00,0x00,0x00,0x00,0x00,0x00,0x00,0x00,0x00,0x00,0x00,0x00,0x00,
0x00,0x00,0x00,0x00,0x00,0x00,0x00,0x00,0x00,0x00,0x00,0x00,0x00,0x00,0x00,0x00,
0x00,0x00,0x00,0x00,0x00,0x00,0x00,0x00,0x00,0x00,0x00,0x00,0x00,0x00,0x00,0x00,
0x00,0x00,0x00,0x00,0x00,0x00,0x00,0x00,0x00,0x00,0x00,0x00,0x00,0x00,0x00,0x00,
0x00,0x00,0x00,0x00,0x00,0x00,0x00,0x00,0x00,0x00,0x00,0x00,0x00,0x00,0x00,0x00,
0x00,0x00,0x00,0x00,0x00,0x00,0x00,0x00,0x00,0x00,0x00,0x00,0x00,0x00,0x00,0x00,
0x00,0x00,0x00,0x00,0x00,0x00,0x00,0x00,0x00,0x00,0x00,0x00,0x00,0x00,0x00,0x00,
0x00,0x00,0x00,0x00,0x00,0x00,0x00,0x00,0x00,0x00,0x00,0x00,0x00,0x00,0x00,0x00,
0x00,0x00,0x00,0x00,0x00,0x00,0x00,0x00,0x00,0x00,0x00,0x00,0x00,0x00,0x00,0x00,
0x00,0x00,0x00,0x00,0x00,0x00,0x00,0x00,0x00,0x00,0x00,0x00,0x00,0x00,0x00,0x00,
0x00,0x00,0x00,0x00,0x00,0x00,0x00,0x00,0x00,0x00,0x00,0x00,0x00,0x00,0x00,0x00,
0x00,0x00,0x00,0x00,0x00,0x00,0x00,0x00,0x00,0x00,0x00,0x00,0x00,0x00,0x00,0x00,
0x00,0x00,0x00,0x00,0x00,0x00,0x00,0x00,0x00,0x00,0x00,0x00,0x00,0x00,0x00,0x00,
0x00,0x00,0x00,0x00,0x00,0x00,0x00,0x00,0x00,0x00,0x00,0x00,0x00,0x00,0x00,0x00,
0x00,0x00,0x00,0x00,0x00,0x00,0x00,0x00,0x00,0x00,0x00,0x00,0x00,0x00,0x00,0x00,
0x00,0x00,0x00,0x00,0x00,0x00,0x00,0x00,0x00,0x00,0x00,0x00,0x00,0x00,0x00,0x00,
0x00,0x00,0x00,0x00,0x00,0x00,0x00,0x00,0x00,0x00,0x00,0x00,0x00,0x00,0x00,0x00,
0x00,0x00,0x00,0x00,0x00,0x10,0x32,0xbd,0x00,0x00,0x00,0x00,0x00,0x00,0x00,0x00,
0x00,0x10,0x32,0xc5,0x0f,0xcd,0x0f,0xd5,0x00,0x00,0x00,0x00,0x00,0x00,0x00,0x00,
0x00,0x00,0x00,0x00,0x00,0x00,0x00,0x00,0x00,0x00,0x00,0x00,0x00,0x00,0x00,0x00,
0x00,0x00,0x00,0x00,0x00,0x00,0x00,0x00,0x00,0x00,0x00,0x00,0x00,0x00,0x00,0x00,
0x00,0x00,0x00,0x00,0x00,0x00,0x00,0x00,0x00,0x00,0x00,0x00,0x00,0x00,0x00,0x00,
0x00,0x00,0x00,0x00,0x00,0x00,0x00,0x00,0x00,0x00,0x00,0x00,0x00,0x00,0x00,0x00,
0x00,0x00,0x00,0x00,0x00,0x00,0x00,0x00,0x00,0x00,0x00,0x00,0x00,0x00,0x00,0x00,
0x00,0x00,0x00,0x00,0xcd,0xcc,0x4f,0xd5,0x52,0xc5,0x00,0x10,0x00,0x00,0x00,0x00,
0x0f,0xc5,0x79,0xff,0x79,0xff,0xd6,0xee,0x31,0xc5,0x00,0x10,0x00,0x00,0x00,0x00,
0x00,0x00,0x00,0x00,0x00,0x00,0x00,0x00,0x00,0x00,0x00,0x00,0x00,0x00,0x00,0x00,
0x00,0x00,0x00,0x00,0x00,0x00,0x00,0x00,0x00,0x00,0x00,0x00,0x00,0x00,0x00,0x00,
0x00,0x00,0x00,0x00,0x00,0x00,0x00,0x00,0x00,0x00,0x00,0x00,0x00,0x00,0x00,0x00,
0x00,0x00,0x00,0x00,0x00,0x00,0x00,0x00,0x00,0x00,0x00,0x00,0x00,0x00,0x00,0x00,
0x00,0x00,0x00,0x00,0x00,0x00,0x00,0x00,0x00,0x00,0x00,0x00,0x00,0x00,0x00,0x00,
0x20,0x00,0x2f,0xad,0xd3,0xd5,0x38,0xff,0xd6,0xfe,0x71,0xd5,0x90,0xe4,0x4f,0xe4,
0x19,0xf7,0x9a,0xff,0xbb,0xff,0x59,0xff,0x95,0xf6,0xae,0xc4,0x00,0x00,0x00,0x00,
0x00,0x00,0x00,0x00,0x00,0x00,0x00,0x00,0x00,0x00,0x00,0x00,0x00,0x00,0x00,0x00,
0x00,0x00,0x00,0x00,0x00,0x00,0x00,0x00,0x00,0x00,0x00,0x00,0x00,0x00,0x00,0x00,
0x00,0x00,0x00,0x00,0x00,0x00,0x00,0x00,0x00,0x00,0x00,0x00,0x00,0x00,0x00,0x00,
0x00,0x00,0x00,0x00,0x00,0x00,0x00,0x00,0x00,0x00,0x00,0x00,0x00,0x00,0x00,0x00,
0x00,0x00,0x00,0x00,0x00,0x00,0x00,0x00,0x00,0x00,0x00,0x00,0x00,0x00,0x00,0x00,
0x00,0x10,0xb0,0xac,0xf7,0xfe,0x79,0xff,0x17,0xff,0x33,0xe6,0x2f,0xbd,0x0f,0xb5,
0xb5,0xfe,0x37,0xff,0x58,0xff,0x59,0xff,0x95,0xfe,0xce,0xbc,0x00,0x00,0x00,0x00,
0x00,0x00,0x00,0x00,0x00,0x00,0x00,0x00,0x00,0x00,0x00,0x00,0x00,0x00,0x00,0x00,
0x00,0x00,0x00,0x00,0x00,0x00,0x00,0x00,0x00,0x00,0x00,0x00,0x00,0x00,0x00,0x00,
0x00,0x00,0x00,0x00,0x00,0x00,0x00,0x00,0x00,0x00,0x00,0x00,0x00,0x00,0x00,0x00,
0x00,0x00,0x00,0x00,0x00,0x00,0x00,0x00,0x00,0x00,0x00,0x00,0x00,0x00,0x00,0x00,
0x00,0x00,0x00,0x00,0x00,0x00,0x00,0x00,0x00,0x00,0x00,0x00,0x00,0x00,0x00,0x00,
0x00,0x10,0xb0,0xb4,0xb6,0xee,0x17,0xff,0x96,0xf6,0xef,0xcc,0x90,0xe4,0xf1,0xf4,
0xb2,0xd5,0xf6,0xfe,0x18,0xff,0xd6,0xf6,0xf3,0xdd,0x8d,0xbc,0x00,0x00,0x00,0x00,
0x00,0x00,0x00,0x00,0x00,0x00,0x00,0x00,0x00,0x00,0x00,0x00,0x00,0x00,0x00,0x00,
0x00,0x00,0x00,0x00,0x00,0x00,0x00,0x00,0x00,0x00,0x00,0x00,0x00,0x00,0x00,0x00,
0x00,0x00,0x00,0x00,0x00,0x00,0x00,0x00,0x00,0x00,0x00,0x00,0x00,0x00,0x00,0x00,
0x00,0x00,0x00,0x00,0x00,0x00,0x00,0x00,0x00,0x00,0x00,0x00,0x00,0x00,0x00,0x00,
0x00,0x00,0x00,0x00,0x00,0x00,0x00,0x00,0x00,0x00,0x00,0x00,0x00,0x00,0x00,0x00,
0x60,0x10,0x8e,0xf7,0xee,0xcc,0x13,0xe6,0xd0,0xdc,0xb4,0xf5,0xef,0xfb,0x10,0xfc,
0x0f,0xd5,0xb1,0xdd,0x2f,0xd5,0x91,0xdd,0xb0,0xb4,0x00,0x10,0x00,0x00,0x00,0x00,
0x00,0x00,0x00,0x00,0x00,0x00,0x00,0x00,0x00,0x00,0x00,0x00,0x00,0x00,0x00,0x00,
0x00,0x00,0x00,0x00,0x00,0x00,0x00,0x00,0x00,0x00,0x00,0x00,0x00,0x00,0x00,0x00,
0x00,0x00,0x00,0x00,0x00,0x00,0x00,0x00,0x00,0x00,0x00,0x00,0x00,0x00,0x00,0x00,
0x00,0x00,0x00,0x00,0x00,0x00,0x00,0x00,0x00,0x00,0x00,0x00,0x00,0x00,0x00,0x00,
0x00,0x00,0x00,0x00,0x00,0x00,0x00,0x00,0x00,0x00,0x00,0x00,0x00,0x00,0x00,0x00,
0x00,0x00,0x00,0x00,0x00,0x08,0x32,0xbd,0xd1,0xcd,0x12,0xde,0xd5,0xcd,0xdc,0xff,
0x2f,0xa5,0x20,0x08,0xae,0xbc,0xad,0xc4,0x00,0x00,0x00,0x00,0x00,0x00,0x00,0x00,
0x00,0x00,0x00,0x00,0x00,0x00,0x00,0x00,0x00,0x00,0x00,0x00,0x00,0x00,0x00,0x00,
0x00,0x00,0x00,0x00,0x00,0x00,0x00,0x00,0x00,0x00,0x00,0x00,0x00,0x00,0x00,0x00,
0x00,0x00,0x00,0x00,0x00,0x00,0x00,0x00,0x00,0x00,0x00,0x00,0x00,0x00,0x00,0x00,
0x00,0x00,0x00,0x00,0x00,0x00,0x00,0x00,0x00,0x00,0x00,0x00,0x00,0x00,0x00,0x00,
0x00,0x00,0x00,0x00,0x00,0x00,0x00,0x00,0x00,0x00,0x00,0x00,0x00,0x00,0x00,0x00,
0x00,0x00,0x00,0x00,0x00,0x18,0x51,0xac,0x12,0xee,0xf2,0xe5,0x37,0xff,0x71,0xcd,
0x00,0x00,0x00,0x00,0x00,0x00,0x00,0x00,0x00,0x00,0x00,0x00,0x00,0x00,0x00,0x00,
0x00,0x00,0x00,0x00,0x00,0x00,0x00,0x00,0x00,0x00,0x00,0x00,0x00,0x00,0x00,0x00,
0x00,0x00,0x00,0x00,0x00,0x00,0x00,0x00,0x00,0x00,0x00,0x00,0x00,0x00,0x00,0x00,
0x00,0x00,0x00,0x00,0x00,0x00,0x00,0x00,0x00,0x00,0x00,0x00,0x00,0x00,0x00,0x00,
0x00,0x00,0x00,0x00,0x00,0x00,0x00,0x00,0x00,0x00,0x00,0x00,0x00,0x00,0x00,0x00,
0x00,0x00,0x00,0x00,0x00,0x00,0x00,0x00,0x00,0x00,0x00,0x00,0x00,0x00,0x00,0x00,
0x00,0x00,0x00,0x00,0x00,0x10,0x51,0xac,0x13,0xde,0x34,0xee,0x54,0xee,0x2f,0xcd,
0x00,0x00,0x00,0x00,0x00,0x00,0x00,0x00,0x00,0x00,0x00,0x00,0x00,0x00,0x00,0x00,
0x00,0x00,0x00,0x00,0x00,0x00,0x00,0x00,0x00,0x00,0x00,0x00,0x00,0x00,0x00,0x00,
0x00,0x00,0x00,0x00,0x00,0x00,0x00,0x00,0x00,0x00,0x00,0x00,0x00,0x00,0x00,0x00,
0x00,0x00,0x00,0x00,0x00,0x00,0x00,0x00,0x00,0x00,0x00,0x00,0x00,0x00,0x00,0x00,
0x00,0x00,0x00,0x00,0x00,0x00,0x00,0x00,0x00,0x00,0x00,0x00,0x00,0x00,0x00,0x00,
0x00,0x00,0x00,0x00,0x00,0x00,0x00,0x00,0x00,0x00,0x00,0x00,0x00,0x00,0x00,0x00,
0x00,0x00,0x00,0x00,0x00,0x00,0x10,0x7c,0xcc,0x93,0x93,0xc5,0xb3,0xcd,0x00,0x10,
0x00,0x00,0x00,0x00,0x00,0x00,0x00,0x00,0x00,0x00,0x00,0x00,0x00,0x00,0x00,0x00,
0x00,0x00,0x00,0x00,0x00,0x00,0x00,0x00,0x00,0x00,0x00,0x00,0x00,0x00,0x00,0x00,
0x00,0x00,0x00,0x00,0x00,0x00,0x00,0x00,0x00,0x00,0x00,0x00,0x00,0x00,0x00,0x00,
0x00,0x00,0x00,0x00,0x00,0x00,0x00,0x00,0x00,0x00,0x00,0x00,0x00,0x00,0x00,0x00,
0x00,0x00,0x00,0x00,0x00,0x00,0x00,0x00,0x00,0x00,0x00,0x00,0x00,0x00,0x00,0x00,
0x00,0x00,0x00,0x00,0x00,0x00,0x00,0x00,0x00,0x00,0x00,0x00,0x00,0x00,0x00,0x00,
0x00,0x00,0x00,0x00,0x00,0x00,0x00,0x00,0x00,0x00,0xef,0x83,0x25,0xa1,0x00,0x58,
0x00,0x00,0x00,0x00,0x00,0x00,0x00,0x00,0x00,0x00,0x00,0x00,0x00,0x00,0x00,0x00,
0x00,0x00,0x00,0x00,0x00,0x00,0x00,0x00,0x00,0x00,0x00,0x00,0x00,0x00,0x00,0x00,
0x00,0x00,0x00,0x00,0x00,0x00,0x00,0x00,0x00,0x00,0x00,0x00,0x00,0x00,0x00,0x00,
0x00,0x00,0x00,0x00,0x00,0x00,0x00,0x00,0x00,0x00,0x00,0x00,0x00,0x00,0x00,0x00,
0x00,0x00,0x00,0x00,0x00,0x00,0x00,0x00,0x00,0x00,0x00,0x00,0x00,0x00,0x00,0x00,
0x00,0x00,0x00,0x00,0x00,0x00,0x00,0x00,0x00,0x00,0x00,0x00,0x00,0x00,0x00,0x00,
0x00,0x00,0x00,0x00,0x00,0x00,0x00,0x00,0x00,0x00,0x00,0x00,0x00,0x00,0x00,0x00,
0x00,0x00,0x00,0x00,0x00,0x00,0x00,0x00,0x00,0x00,0x00,0x00,0x00,0x00,0x00,0x00,
0x00,0x00,0x00,0x00,0x00,0x00,0x00,0x00,0x00,0x00,0x00,0x00,0x00,0x00,0x00,0x00,
0x00,0x00,0x00,0x00,0x00,0x00,0x00,0x00,0x00,0x00,0x00,0x00,0x00,0x00,0x00,0x00,
0x00,0x00,0x00,0x00,0x00,0x00,0x00,0x00,0x00,0x00,0x00,0x00,0x00,0x00,0x00,0x00,
0x00,0x00,0x00,0x00,0x00,0x00,0x00,0x00,0x00,0x00,0x00,0x00,0x00,0x00,0x00,0x00,
0x00,0x00,0x00,0x00,0x00,0x00,0x00,0x00,0x00,0x00,0x00,0x00,0x00,0x00,0x00,0x00,
0x00,0x00,0x00,0x00,0x00,0x00,0x00,0x00,0x00,0x00,0x00,0x00,0x00,0x00,0xa2,0x18,
0x00,0x00,0x00,0x00,0x00,0x00,0x00,0x08,0x00,0x00,0x00,0x08,0x00,0x00,0x00,0x00,
0x00,0x00,0x00,0x00,0x00,0x00,0x00,0x00,0x00,0x00,0x00,0x00,0x00,0x00,0x00,0x00,
0x00,0x00,0x00,0x00,0x00,0x00,0x00,0x00,0x00,0x00,0x00,0x00,0x00,0x00,0x00,0x00,
0x00,0x00,0x00,0x00,0x00,0x00,0x00,0x00,0x00,0x00,0x00,0x00,0x00,0x00,0x00,0x00,
0x00,0x00,0x00,0x00,0x00,0x00,0x00,0x00,0x00,0x00,0x00,0x00,0x00,0x00,0x00,0x00,
0x00,0x00,0x00,0x00,0x00,0x00,0x00,0x00,0x00,0x00,0x00,0x00,0x00,0x00,0x00,0x00,
0x00,0x00,0x00,0x00,0x00,0x00,0x00,0x00,0x00,0x00,0x20,0x00,0x00,0x28,0x45,0x72,
0xc0,0xf3,0x01,0xf4,0xe0,0xfb,0xe0,0xf3,0xa0,0xf3,0xa0,0xeb,0x20,0x10,0x20,0x08,
0x05,0x63,0x40,0x00,0x00,0x00,0x00,0x00,0x00,0x00,0x00,0x00,0x00,0x00,0x00,0x00,
0x00,0x00,0x00,0x00,0x00,0x00,0x00,0x00,0x00,0x00,0x00,0x00,0x00,0x00,0x00,0x00,
0x00,0x00,0x00,0x00,0x00,0x00,0x00,0x00,0x00,0x00,0x00,0x00,0x00,0x00,0x00,0x00,
0x00,0x00,0x00,0x00,0x00,0x00,0x00,0x00,0x00,0x00,0x00,0x00,0x00,0x00,0x00,0x00,
0x00,0x00,0x00,0x00,0x00,0x28,0x82,0x50,0x00,0x00,0x00,0x00,0x00,0x00,0x00,0x00,
0x00,0x00,0x00,0x00,0x00,0x10,0x63,0x41,0x00,0x30,0x67,0xab,0xc0,0xeb,0xe1,0xf3,
0x41,0xf4,0x41,0xfc,0xe3,0xfc,0xc2,0xfc,0x82,0xf4,0x61,0xfc,0x63,0xf4,0x80,0xdb,
0x20,0x08,0x20,0x10,0x00,0x00,0x00,0x00,0x00,0x00,0x00,0x00,0x00,0x00,0x00,0x00,
0x00,0x00,0x00,0x00,0x00,0x00,0x00,0x00,0x00,0x00,0x00,0x00,0x00,0x00,0x00,0x00,
0x00,0x00,0x00,0x00,0x00,0x00,0x00,0x00,0x00,0x00,0x00,0x00,0x00,0x00,0x00,0x00,
0x00,0x00,0x00,0x00,0x00,0x00,0x00,0x00,0x00,0x00,0x00,0x00,0x00,0x00,0x00,0x00,
0xcc,0xd4,0x00,0x28,0x00,0x08,0x00,0x00,0x00,0x00,0x00,0x00,0x00,0x00,0x00,0x00,
0x00,0x00,0x00,0x00,0xc2,0x41,0x60,0x08,0x20,0xe3,0xc2,0xeb,0xc0,0xeb,0x21,0xf4,
0x64,0xfd,0xa5,0xfd,0x23,0xfd,0x65,0xfd,0xc6,0xfd,0x85,0xfd,0x82,0xfc,0xa2,0xfc,
0xc2,0xe3,0x80,0xb2,0x40,0x10,0x00,0x00,0x00,0x00,0x00,0x00,0x00,0x00,0x00,0x00,
0x00,0x00,0x00,0x00,0x00,0x00,0x00,0x00,0x00,0x00,0x00,0x00,0x00,0x00,0x00,0x00,
0x00,0x00,0x00,0x00,0x00,0x00,0x00,0x00,0x00,0x00,0x00,0x00,0x00,0x00,0x00,0x00,
0x00,0x00,0x00,0x00,0x00,0x00,0x00,0x00,0x00,0x00,0x00,0x00,0xc2,0x20,0x00,0x08,
0x00,0x38,0xa7,0xbb,0xa0,0xeb,0xa0,0xf3,0xa2,0xeb,0x00,0xdb,0x25,0x72,0x00,0x28,
0x00,0x18,0x05,0x62,0x00,0x30,0x27,0xab,0xe1,0xeb,0x01,0xfc,0x42,0xec,0xc3,0xfc,
0x65,0xfd,0x44,0xfd,0x4c,0xfe,0x6c,0xfe,0x6e,0xf6,0xef,0xfe,0xa2,0xfc,0x81,0xfc,
0x63,0xfc,0x60,0xdb,0x83,0x51,0x20,0x30,0x00,0x00,0x00,0x00,0x00,0x00,0x00,0x00,
0x00,0x00,0x00,0x00,0x00,0x00,0x00,0x00,0x00,0x00,0x00,0x00,0x00,0x00,0x00,0x00,
0x00,0x00,0x00,0x00,0x00,0x00,0x00,0x00,0x00,0x00,0x00,0x00,0x00,0x00,0x00,0x00,
0x00,0x00,0x00,0x00,0x00,0x00,0x00,0x00,0x00,0x00,0x00,0x00,0x00,0x30,0x09,0xbc,
0x80,0xf3,0xa0,0xeb,0xa0,0xf3,0xc1,0xeb,0x21,0xfc,0xe0,0xf3,0x20,0xe3,0x00,0xdb,
0xc5,0x9a,0x00,0x30,0xe0,0xda,0x21,0xdb,0xe1,0xf3,0x01,0xf4,0x61,0xf4,0x44,0xfd,
0x44,0xfd,0x64,0xfd,0xea,0xed,0x2f,0xff,0x31,0xff,0x6e,0xf6,0x64,0xfd,0xe3,0xf4,
0xa2,0xfc,0x41,0xec,0x87,0xb3,0x00,0x30,0x00,0x00,0x00,0x00,0x00,0x00,0x00,0x00,
0x00,0x00,0x00,0x00,0x00,0x00,0x00,0x00,0x00,0x00,0x00,0x00,0x00,0x00,0x00,0x00,
0x00,0x00,0x00,0x00,0x00,0x00,0x00,0x00,0x00,0x00,0x00,0x00,0x00,0x00,0x00,0x00,
0x00,0x00,0x00,0x00,0x00,0x08,0xa4,0x49,0x40,0x48,0x86,0xbb,0x21,0xec,0x61,0xfc,
0x81,0xf4,0xa1,0xfc,0xa3,0xfc,0x01,0xf4,0xe1,0xf3,0xa0,0xf3,0x41,0xe3,0xe0,0xda,
0xe0,0xd2,0xe0,0xda,0x00,0x51,0x41,0x61,0x40,0xdb,0xe2,0xf3,0x82,0xf4,0x82,0xfc,
0x26,0xed,0x09,0xfe,0xad,0xfe,0x68,0xed,0x4b,0xfe,0xc9,0xf5,0x65,0xfd,0x44,0xfd,
0xa2,0xf4,0xa2,0xfc,0xc3,0xe3,0x60,0xc2,0x00,0x30,0x82,0x58,0x00,0x00,0x00,0x00,
0x00,0x00,0x00,0x00,0x00,0x00,0x00,0x00,0x00,0x00,0x00,0x00,0x00,0x00,0x00,0x00,
0x00,0x00,0x00,0x00,0x00,0x00,0x00,0x00,0x00,0x00,0x00,0x00,0x00,0x00,0x00,0x00,
0x00,0x00,0x00,0x00,0x20,0x40,0x08,0xbc,0x00,0xf4,0x62,0xfc,0xc5,0xe4,0xcd,0xfe,
0x11,0xff,0x11,0xff,0x61,0xfc,0x81,0xfc,0x82,0xfc,0x20,0xf4,0x80,0xeb,0xa1,0xeb,
0xa1,0xf3,0x00,0xdb,0xc0,0xda,0xc0,0xd2,0x00,0x38,0xc8,0xab,0xe0,0xe3,0xe4,0xfc,
0x24,0xfd,0x45,0xfd,0xe4,0xec,0x8b,0xfe,0x85,0xfd,0x65,0xf5,0xe7,0xfd,0x24,0xf5,
0xc2,0xfc,0x82,0xf4,0x81,0xe3,0xe0,0xca,0x87,0xbb,0x00,0x38,0x00,0x00,0x00,0x00,
0x00,0x00,0x00,0x00,0x00,0x00,0x00,0x00,0x00,0x00,0x00,0x00,0x00,0x00,0x00,0x00,
0x00,0x00,0x00,0x00,0x00,0x00,0x00,0x00,0x00,0x00,0x00,0x00,0x00,0x00,0x00,0x00,
0x00,0x20,0x8b,0xc4,0x40,0xaa,0x44,0xec,0x82,0xf4,0x81,0xfc,0xeb,0xed,0xee,0xfe,
0x33,0xff,0x90,0xfe,0xce,0xfe,0x07,0xe5,0x21,0xf4,0x01,0xf4,0x02,0xf4,0x60,0xeb,
0x20,0xdb,0x61,0xeb,0x01,0xdb,0xa0,0xd2,0xe7,0x9a,0x00,0x30,0xa0,0xc2,0x24,0xfc,
0x82,0xf4,0xa2,0xfc,0xc2,0xf4,0x03,0xfd,0x24,0xf5,0x85,0xfd,0x81,0xfc,0x81,0xfc,
0xc0,0xe3,0x62,0xfc,0xe3,0xeb,0xe0,0xda,0x27,0xa3,0x00,0x30,0x85,0x4a,0x20,0x08,
0x00,0x00,0x00,0x00,0x00,0x00,0x00,0x00,0x00,0x00,0x00,0x00,0x00,0x00,0x00,0x00,
0x00,0x00,0x00,0x00,0x00,0x00,0x00,0x00,0x00,0x00,0x00,0x00,0x00,0x00,0x00,0x00,
0x00,0x00,0x00,0x00,0xa0,0xb2,0x85,0xec,0xa1,0xf4,0x24,0xfd,0xf1,0xfe,0xf1,0xfe,
0x13,0xff,0x13,0xff,0x23,0xfd,0x84,0xfd,0x41,0xfc,0x61,0xfc,0xc0,0xf3,0xa0,0xeb,
0xa1,0xf3,0x40,0xe3,0x20,0xe3,0x41,0xe3,0x40,0xc2,0x40,0xc2,0x00,0x38,0xe8,0xb3,
0x81,0xfc,0xa2,0xfc,0xa1,0xfc,0xc2,0xfc,0x02,0xfd,0xa1,0xf4,0x82,0xfc,0xc3,0xfc,
0xc0,0xeb,0x21,0xf4,0x00,0xdb,0xc0,0xca,0xc0,0xca,0x01,0xcb,0x00,0x00,0x00,0x00,
0x00,0x00,0x00,0x00,0x00,0x00,0x00,0x00,0x00,0x00,0x00,0x00,0x00,0x00,0x00,0x00,
0x00,0x00,0x00,0x00,0x00,0x00,0x00,0x00,0x00,0x00,0x00,0x00,0x00,0x00,0x00,0x00,
0x00,0x00,0x00,0x00,0xa3,0xfc,0x61,0xf4,0xe3,0xf4,0x44,0xfd,0x88,0xed,0x8c,0xfe,
0x11,0xff,0x8f,0xfe,0xa2,0xec,0x24,0xfd,0x6b,0xfe,0x84,0xe4,0x81,0xe3,0x80,0xeb,
0x02,0xf4,0x40,0xe3,0x82,0xeb,0xc0,0xda,0x61,0xc2,0x20,0xc2,0x63,0xa2,0x40,0x89,
0x82,0xf4,0x82,0xfc,0x82,0xf4,0xa2,0xfc,0xc2,0xfc,0xa2,0xfc,0x83,0xfc,0x20,0xf4,
0xe1,0xeb,0xa0,0xeb,0xe1,0xc2,0x62,0xdb,0x21,0xcb,0xe4,0xe3,0x21,0x00,0x00,0x00,
0x00,0x00,0x00,0x00,0x00,0x00,0x00,0x00,0x00,0x00,0x00,0x00,0x00,0x00,0x00,0x00,
0x00,0x00,0x00,0x00,0x00,0x00,0x00,0x00,0x00,0x00,0x00,0x00,0x00,0x08,0x83,0x31,
0x20,0x08,0x00,0x00,0x04,0xfd,0x04,0xfd,0x82,0xfc,0xa2,0xfc,0x67,0xf5,0xac,0xfe,
0x84,0xfd,0x64,0xfd,0xa6,0xfd,0xc6,0xfd,0x20,0xfc,0x41,0xf4,0xa0,0xeb,0x01,0xf4,
0x80,0xf3,0xa1,0xeb,0x20,0xe3,0xe0,0xd2,0x80,0xca,0x60,0xc2,0x82,0xb2,0x40,0x89,
0x60,0xe3,0x63,0xfc,0xa1,0xfc,0xa2,0xfc,0xa1,0xfc,0xa2,0xfc,0x21,0xfc,0x00,0xec,
0x01,0xf4,0xa0,0xe3,0x00,0xd3,0xa3,0xdb,0xc3,0xd3,0x86,0xec,0x00,0x08,0x00,0x00,
0x00,0x00,0x00,0x00,0x00,0x00,0x00,0x00,0x00,0x00,0x00,0x00,0x00,0x00,0x00,0x00,
0x00,0x00,0x00,0x00,0x00,0x00,0x00,0x00,0x00,0x00,0x00,0x00,0x00,0x00,0x81,0x18,
0x00,0x08,0x00,0x10,0x26,0xed,0x09,0xfe,0x82,0xf4,0x82,0xfc,0x03,0xf5,0x23,0xfd,
0x65,0xfd,0x24,0xfd,0x04,0xed,0xc7,0xfd,0x41,0xf4,0x41,0xfc,0x42,0xfc,0xc0,0xeb,
0xa1,0xeb,0xa0,0xeb,0xa0,0xca,0xa0,0xd2,0xe1,0xca,0x60,0xc2,0xc5,0x9a,0x60,0x58,
0x20,0xdb,0x81,0xeb,0xe1,0xe3,0x62,0xfc,0xc3,0xfc,0xa2,0xfc,0xe1,0xeb,0xe1,0xf3,
0xc2,0xeb,0x60,0xe3,0x83,0xd3,0x21,0xd3,0x46,0xd4,0xe5,0xd3,0x00,0x20,0x65,0x7a,
0x21,0x00,0x00,0x00,0x00,0x00,0x00,0x00,0x00,0x00,0x00,0x00,0x00,0x00,0x00,0x00,
0x00,0x00,0x00,0x00,0x00,0x00,0x00,0x00,0x00,0x00,0x00,0x00,0x00,0x00,0x41,0x08,
0xa8,0xab,0x00,0x28,0xaa,0xed,0xaf,0xfe,0x44,0xfd,0xa2,0xec,0x81,0xfc,0xc2,0xfc,
0x44,0xfd,0x24,0xf5,0x81,0xfc,0xc2,0xfc,0x20,0xf4,0x61,0xfc,0xa0,0xeb,0x42,0xfc,
0xa0,0xf3,0xa0,0xeb,0x61,0xeb,0xe0,0xd2,0x80,0xca,0x80,0xc2,0xc4,0xaa,0xc0,0x60,
0x00,0xb2,0x22,0xd3,0xe0,0xf3,0x01,0xf4,0x21,0xfc,0xe0,0xeb,0x01,0xf4,0x01,0xec,
0x00,0xdb,0x41,0xdb,0xc3,0xdb,0x45,0xe4,0xe9,0xec,0x67,0xd4,0x00,0x30,0x85,0x82,
0x00,0x30,0xa2,0x50,0x00,0x00,0x00,0x00,0x00,0x00,0x00,0x00,0x00,0x00,0x00,0x00,
0x00,0x00,0x00,0x00,0x00,0x00,0x00,0x00,0x00,0x00,0x00,0x00,0x00,0x28,0x2a,0xbc,
0x68,0x9b,0x00,0x20,0x6d,0xfe,0x89,0xed,0x2b,0xfe,0x68,0xf5,0xe3,0xfc,0xc2,0xfc,
0xe3,0xfc,0xa2,0xfc,0xc3,0xf4,0xc2,0xfc,0x62,0xf4,0x41,0xfc,0x01,0xf4,0xe0,0xf3,
0xe1,0xeb,0x80,0xeb,0xe1,0xd2,0xa0,0xd2,0x60,0xc2,0xa0,0xca,0xc1,0xc2,0xa0,0xca,
0x00,0x48,0x06,0xab,0x20,0xdb,0x61,0xeb,0xa1,0xeb,0x80,0xeb,0x61,0xe3,0x20,0xe3,
0xa2,0xd3,0x03,0xe4,0x88,0xd4,0x0a,0xed,0xeb,0xdc,0x40,0x92,0x00,0x18,0xe4,0x61,
0x28,0x93,0x00,0x28,0x00,0x00,0x00,0x00,0x00,0x00,0x00,0x00,0x00,0x00,0x00,0x00,
0x00,0x00,0x00,0x00,0x00,0x00,0x00,0x00,0x00,0x00,0x20,0x00,0xeb,0xf5,0xae,0xfe,
0xc6,0x92,0x00,0x28,0x2f,0xf6,0x12,0xff,0xcf,0xfe,0x8a,0xe5,0xee,0xfe,0x89,0xe5,
0xc2,0xfc,0x03,0xfd,0xe3,0xfc,0x61,0xf4,0x21,0xfc,0x41,0xf4,0xe1,0xfb,0xc1,0xeb,
0xa1,0xf3,0x20,0xdb,0xa0,0xd2,0x80,0xc2,0x60,0xca,0xa1,0xca,0x42,0xcb,0x83,0xd3,
0x00,0x30,0xc6,0x8a,0xc0,0xd2,0x41,0xdb,0xa0,0xeb,0xe2,0xeb,0x44,0xe4,0xa6,0xec,
0xa7,0xe4,0x09,0xed,0xc9,0xe4,0xa8,0xdc,0xa9,0xa3,0x00,0x20,0x40,0x50,0x06,0x9b,
0x4b,0xc4,0x00,0x28,0x00,0x00,0x00,0x00,0x00,0x00,0x00,0x00,0x00,0x00,0x00,0x00,
0x00,0x00,0x00,0x00,0x00,0x00,0x00,0x00,0x00,0x00,0x20,0x08,0x2d,0xf6,0xd0,0xfe,
0x03,0xc3,0xc0,0x99,0x89,0xbc,0xd1,0xfe,0xf0,0xfe,0x6a,0xe5,0xd0,0xfe,0xaf,0xfe,
0x86,0xfd,0x24,0xfd,0xc3,0xfc,0x41,0xf4,0x62,0xf4,0x41,0xf4,0xc1,0xeb,0xc1,0xf3,
0x22,0xdb,0x80,0xd2,0x81,0xc2,0x40,0xc2,0xc0,0xc2,0x42,0xdb,0x83,0xcb,0xc4,0xdb,
0x00,0x20,0x07,0x93,0x63,0xcb,0x83,0xd3,0x45,0xdc,0xa6,0xec,0xc8,0xdc,0x09,0xed,
0x2b,0xe5,0x2b,0xe5,0x68,0xd4,0xa5,0xc3,0x03,0x29,0x00,0x10,0x40,0x9a,0x06,0xdc,
0xc6,0x82,0x00,0x28,0x00,0x00,0x00,0x00,0x00,0x00,0x00,0x00,0x00,0x00,0x00,0x00,
0x00,0x00,0x00,0x00,0x00,0x00,0x00,0x00,0x00,0x08,0x40,0x08,0x64,0xec,0xeb,0xfd,
0xca,0xe4,0x20,0x61,0xa0,0x9a,0xac,0xf5,0x13,0xff,0x34,0xff,0x6a,0xed,0x8f,0xfe,
0x29,0xfe,0x87,0xf5,0xe2,0xfc,0xe3,0xfc,0x21,0xf4,0x21,0xf4,0x21,0xfc,0xe0,0xeb,
0x21,0xe3,0xc0,0xca,0xa0,0xca,0xc0,0xca,0x61,0xd3,0xc3,0xdb,0x42,0xcb,0xe5,0xdb,
0x00,0x28,0xea,0xa3,0xa4,0xd3,0x46,0xdc,0xa7,0xe4,0xc8,0xe4,0x8c,0xed,0x8c,0xe5,
0x09,0xed,0x47,0xd4,0x47,0xdc,0xa1,0xa2,0x00,0x10,0xc2,0x28,0xc0,0xb2,0x67,0xe4,
0x65,0x7a,0x00,0x20,0x00,0x00,0x00,0x00,0x00,0x00,0x00,0x00,0x00,0x00,0x00,0x00,
0x00,0x00,0x00,0x00,0x00,0x00,0x00,0x00,0x00,0x00,0x00,0x08,0xe0,0xba,0x45,0xec,
0x33,0xff,0xca,0xd4,0x00,0x20,0xb0,0xe5,0xee,0xe5,0xf2,0xfe,0xd1,0xfe,0x2a,0xdd,
0x48,0xe5,0xca,0xfd,0x24,0xf5,0x65,0xfd,0x42,0xec,0x62,0xfc,0xe2,0xeb,0xa0,0xeb,
0xc0,0xca,0xc0,0xd2,0x82,0xdb,0x81,0xe3,0x46,0xdc,0x62,0xcb,0x07,0xd4,0x43,0xbb,
0x00,0x18,0x8a,0x9b,0x48,0xcc,0xa9,0xdc,0x6c,0xe5,0x6c,0xed,0x8c,0xed,0x0a,0xe5,
0x26,0xd4,0xe5,0xd3,0xa7,0x72,0x00,0x18,0x00,0x28,0xc9,0xb3,0x2b,0xfd,0x60,0xaa,
0x25,0x6a,0x00,0x20,0x00,0x00,0x00,0x00,0x00,0x00,0x00,0x00,0x00,0x00,0x00,0x00,
0x00,0x00,0x00,0x00,0x00,0x00,0x00,0x00,0x00,0x08,0x03,0x29,0xa0,0x60,0x45,0xb3,
0xa8,0xd4,0x12,0xff,0x4b,0xb4,0x00,0x20,0xe0,0x81,0xa9,0xdc,0xac,0xed,0xf2,0xfe,
0xd1,0xfe,0x70,0xf6,0xc6,0xec,0xc7,0xe4,0xc6,0xec,0xc6,0xec,0xe3,0xe3,0xe4,0xdb,
0x87,0xe4,0xe9,0xe4,0x87,0xe4,0x26,0xd4,0x88,0xdc,0xa9,0xdc,0xee,0xcc,0xa0,0x38,
0x42,0x92,0x63,0x92,0x24,0xbb,0xa6,0xc3,0xe5,0xd3,0x26,0xcc,0xe1,0x30,0xa0,0x20,
0x81,0x20,0x1b,0xe7,0xfa,0xee,0xc2,0x20,0x46,0xec,0xa3,0xcb,0x01,0x92,0x60,0x79,
0x60,0x28,0xe2,0x30,0x00,0x00,0x00,0x00,0x00,0x00,0x00,0x00,0x00,0x00,0x00,0x00,
0x00,0x00,0x00,0x00,0x00,0x00,0x00,0x00,0x00,0x00,0x00,0x00,0x00,0x20,0xa6,0x8a,
0x00,0x92,0x06,0xe4,0x90,0xfe,0x67,0xd4,0x00,0x00,0x20,0x08,0x27,0xcc,0xc9,0xe4,
0xea,0xdc,0x0e,0xfe,0x90,0xfe,0x4f,0xfe,0xad,0xfd,0x67,0xd4,0xc9,0xdc,0x0a,0xed,
0x2b,0xe5,0xc9,0xe4,0x46,0xd4,0xa4,0xcb,0xa9,0xdc,0x47,0xd4,0xea,0xb3,0x00,0x61,
0x21,0x00,0x00,0x08,0x00,0x00,0x41,0x10,0x00,0x00,0x00,0x00,0x2b,0x6b,0x9c,0xff,
0xbd,0xf7,0xbd,0xff,0x1b,0xe7,0x00,0x08,0xc5,0xd3,0x40,0xa2,0x61,0x71,0x20,0x71,
0x00,0x00,0x00,0x00,0x00,0x00,0x00,0x00,0x00,0x00,0x00,0x00,0x00,0x00,0x00,0x00,
0x00,0x00,0x00,0x00,0x00,0x00,0x00,0x00,0x00,0x00,0x00,0x00,0x43,0x39,0x20,0x10,
0x20,0xaa,0xe2,0xba,0x6c,0xe5,0x13,0xff,0xac,0xfd,0x22,0xab,0x20,0x10,0x40,0x08,
0xc4,0xcb,0xa8,0xe4,0x08,0xed,0x09,0xe5,0x29,0xed,0xe9,0xdc,0xc8,0xe4,0x87,0xd4,
0x46,0xdc,0xe5,0xcb,0xca,0xdc,0xca,0xd4,0xc6,0xcb,0xc3,0xa2,0x00,0x18,0xc9,0x6a,
0xe7,0x92,0x45,0x72,0x20,0x08,0x61,0x08,0xfe,0xff,0xbd,0xff,0xdd,0xff,0xfe,0xff,
0xdc,0xff,0x7b,0xf7,0x00,0x28,0x48,0x93,0x01,0x9a,0x60,0x79,0x63,0x51,0x00,0x18,
0x00,0x00,0x00,0x00,0x00,0x00,0x00,0x00,0x00,0x00,0x00,0x00,0x00,0x00,0x00,0x00,
0x00,0x00,0x00,0x00,0x00,0x00,0x00,0x00,0x00,0x00,0x00,0x00,0x00,0x00,0x00,0x00,
0x00,0x28,0x65,0x8a,0x03,0xdc,0x85,0xf4,0xb8,0xff,0x35,0xff,0x09,0xf5,0x42,0xc3,
0x21,0x08,0x00,0x08,0x40,0x30,0x0a,0xb4,0x47,0xd4,0x47,0xdc,0x68,0xd4,0x64,0xbb,
0x00,0x00,0x00,0x00,0x20,0x08,0x20,0x08,0x21,0x00,0x00,0x00,0x2c,0xac,0xb2,0xe5,
0x1a,0xef,0xbc,0xff,0xfe,0xff,0xde,0xff,0xbc,0xff,0x9b,0xff,0x9b,0xff,0x7a,0xff,
0xb8,0xee,0xb8,0xee,0xc0,0x89,0x42,0xa2,0x60,0x71,0x40,0x79,0x21,0x00,0x00,0x00,
0x00,0x00,0x00,0x00,0x00,0x00,0x00,0x00,0x00,0x00,0x00,0x00,0x00,0x00,0x00,0x00,
0x00,0x00,0x00,0x00,0x00,0x00,0x00,0x00,0x00,0x00,0x00,0x00,0x00,0x00,0x00,0x00,
0xe4,0x69,0x00,0x20,0xa0,0xba,0xc1,0xb2,0x65,0xe4,0xeb,0xfd,0xed,0xf5,0xd2,0xfe,
0x8a,0xfd,0x66,0xdc,0x6a,0xc4,0x00,0x28,0x00,0x00,0x00,0x00,0x00,0x08,0x41,0x08,
0xcd,0xc4,0x17,0xff,0xbd,0xff,0xfe,0xff,0xbb,0xff,0xbc,0xff,0x39,0xff,0xdc,0xff,
0xbb,0xff,0xbc,0xff,0xbb,0xff,0xdc,0xff,0x9a,0xff,0xb7,0xee,0x72,0xdd,0xb2,0xdd,
0xb7,0xf6,0xd0,0xb4,0xe0,0x99,0xa0,0x89,0x22,0x49,0x00,0x18,0x22,0x41,0x00,0x10,
0x00,0x00,0x00,0x00,0x00,0x00,0x00,0x00,0x00,0x00,0x00,0x00,0x00,0x00,0x00,0x00,
0x00,0x00,0x00,0x00,0x00,0x00,0x00,0x00,0x00,0x00,0x00,0x00,0x00,0x00,0x22,0x29,
0x00,0x20,0x65,0x82,0x00,0x28,0xc6,0x92,0xe0,0xc2,0xc3,0xe3,0x0c,0xfe,0xa3,0xcb,
0xcb,0xfd,0xc7,0xec,0xa6,0xe4,0xa9,0xfd,0x2d,0xdd,0x00,0x61,0x00,0x61,0x2c,0xed,
0x00,0x00,0x00,0x00,0xc1,0x20,0x1a,0xf7,0xbe,0xff,0xbd,0xff,0xdd,0xff,0xdd,0xff,
0xfe,0xff,0xdd,0xff,0x9b,0xff,0x39,0xff,0x97,0xf6,0xf0,0xcc,0x14,0xde,0x96,0xfe,
0x74,0xc5,0x00,0x18,0xa2,0x71,0x00,0x69,0x00,0x18,0x63,0x51,0x21,0x00,0x00,0x00,
0x00,0x00,0x00,0x00,0x00,0x00,0x00,0x00,0x00,0x00,0x00,0x00,0x00,0x00,0x00,0x00,
0x00,0x00,0x00,0x00,0x00,0x00,0x00,0x00,0x00,0x00,0x00,0x00,0x00,0x08,0x83,0x31,
0x00,0x20,0x05,0x6a,0xe1,0x91,0x60,0x79,0x20,0x18,0x61,0x18,0xe0,0x99,0x61,0xa2,
0x60,0xaa,0xa1,0xaa,0x03,0xdc,0x07,0xf5,0x85,0xec,0x24,0xdc,0x04,0xec,0x61,0xcb,
0x44,0xe4,0xe7,0xf4,0x02,0xc3,0x03,0xbb,0xa1,0x28,0x03,0x31,0x18,0xff,0xf8,0xf6,
0xb3,0xe5,0xd3,0xdd,0xd8,0xfe,0xf4,0xdd,0x30,0xd5,0x34,0xee,0x97,0xe6,0xc1,0x28,
0xe1,0x38,0x20,0x18,0x00,0x20,0xe2,0x38,0x00,0x69,0x81,0x79,0x00,0x08,0x00,0x00,
0x00,0x00,0x00,0x00,0x00,0x00,0x00,0x00,0x00,0x00,0x00,0x00,0x00,0x00,0x00,0x00,
0x00,0x00,0x00,0x00,0x00,0x00,0x00,0x00,0x00,0x00,0x00,0x00,0x00,0x10,0x41,0x28,
0x82,0x18,0x00,0x08,0x20,0xa2,0x41,0xaa,0x85,0x9a,0x80,0x58,0x00,0x00,0x00,0x00,
0x80,0x89,0x21,0xa2,0x42,0xa2,0xa0,0x91,0x23,0xc3,0x20,0xaa,0xe0,0x99,0xa5,0xdb,
0x82,0xaa,0xc0,0x99,0xc1,0xc2,0x80,0xc2,0x82,0x69,0xc0,0x58,0x00,0x10,0x78,0xe6,
0x56,0xf6,0x31,0xd5,0x52,0xd5,0x52,0xd5,0x97,0xee,0x56,0xee,0x21,0x00,0x00,0x00,
0x00,0x18,0x63,0x51,0x62,0x69,0xc0,0x60,0x22,0x51,0x20,0x30,0x01,0x00,0x00,0x00,
0x00,0x00,0x00,0x00,0x00,0x00,0x00,0x00,0x00,0x00,0x00,0x00,0x00,0x00,0x00,0x00,
0x00,0x00,0x00,0x00,0x00,0x00,0x00,0x00,0x00,0x00,0x00,0x00,0x00,0x00,0x00,0x00,
0x00,0x00,0x00,0x00,0x06,0xa3,0x00,0x38,0x83,0xdb,0x60,0xb2,0xe1,0x99,0x40,0x81,
0x00,0x08,0x00,0x00,0x00,0x28,0x05,0x6a,0xc0,0x99,0x61,0xaa,0xe1,0x91,0x20,0x71,
0x01,0x9a,0x80,0x81,0x60,0x79,0x80,0x71,0x80,0x81,0x80,0x79,0x02,0x41,0x00,0x18,
0x14,0xe6,0xb7,0xf6,0x55,0xf6,0x72,0xcd,0x15,0xd6,0x00,0x10,0x00,0x28,0xa4,0x59,
0x20,0x71,0x20,0x69,0x00,0x59,0xc0,0x48,0xa3,0x61,0x00,0x20,0xc1,0x28,0x00,0x08,
0x00,0x00,0x00,0x00,0x00,0x00,0x00,0x00,0x00,0x00,0x00,0x00,0x00,0x00,0x00,0x00,
0x00,0x00,0x00,0x00,0x00,0x00,0x00,0x00,0x00,0x00,0x00,0x00,0x00,0x00,0x00,0x00,
0x00,0x00,0x00,0x00,0x81,0xb2,0x40,0xb2,0x60,0x38,0xc1,0x48,0x62,0xd3,0x61,0xd3,
0x62,0xa2,0x80,0x91,0x64,0x51,0x00,0x20,0x00,0x00,0x00,0x00,0x40,0x28,0xa1,0x38,
0xe1,0x99,0xc0,0x99,0x21,0x61,0xc0,0x58,0x40,0x28,0x40,0x28,0x61,0x28,0x20,0x28,
0x00,0x08,0x78,0xe6,0x97,0xee,0x56,0xee,0xa5,0x41,0x60,0x28,0x60,0x71,0x20,0x71,
0xa1,0x38,0x20,0x30,0xc2,0x81,0x00,0x71,0x43,0x41,0x00,0x18,0x00,0x00,0x00,0x00,
0x00,0x00,0x00,0x00,0x00,0x00,0x00,0x00,0x00,0x00,0x00,0x00,0x00,0x00,0x00,0x00,
0x00,0x00,0x00,0x00,0x00,0x00,0x00,0x00,0x00,0x00,0x00,0x00,0x00,0x00,0x00,0x00,
0x00,0x10,0x43,0x39,0x00,0x71,0x43,0x9a,0x23,0xcb,0xe0,0x99,0x60,0x79,0xa1,0x79,
0x60,0x79,0xa1,0x79,0x80,0x89,0x01,0x9a,0xa0,0xba,0x80,0xb2,0x22,0x92,0xe0,0x60,
0x60,0x71,0x40,0x69,0x40,0x71,0x00,0x61,0x20,0x69,0x00,0x59,0x00,0x61,0x00,0x59,
0x21,0x59,0xa0,0x40,0x6b,0x83,0x2b,0x73,0x80,0x38,0xe1,0x40,0xc0,0x58,0x41,0x61,
0xa1,0x81,0x20,0x69,0x21,0x61,0xc0,0x48,0xe0,0x50,0xe0,0x48,0x00,0x00,0x00,0x00,
0x00,0x00,0x00,0x00,0x00,0x00,0x00,0x00,0x00,0x00,0x00,0x00,0x00,0x00,0x00,0x00,
0x00,0x00,0x00,0x00,0x00,0x00,0x00,0x00,0x00,0x00,0x00,0x00,0x00,0x00,0x00,0x00,
0x00,0x28,0x82,0x50,0x00,0x28,0x86,0x82,0x00,0x18,0x81,0x30,0x01,0xcb,0x01,0xd3,
0x82,0xdb,0x20,0xd3,0xe5,0xaa,0xc0,0x68,0x40,0x38,0x62,0x61,0x40,0x71,0xc1,0x89,
0x62,0xd3,0xc0,0xca,0x42,0xa2,0x80,0x91,0x20,0xa2,0x20,0xaa,0x40,0x71,0x81,0x81,
0xc1,0x40,0x60,0x40,0xa0,0x40,0xa0,0x48,0x80,0x81,0xa0,0x91,0x21,0x69,0x00,0x71,
0x63,0x59,0x00,0x30,0x40,0x71,0x40,0x79,0x00,0x00,0x00,0x00,0x00,0x00,0x00,0x00,
0x00,0x00,0x00,0x00,0x00,0x00,0x00,0x00,0x00,0x00,0x00,0x00,0x00,0x00,0x00,0x00,
0x00,0x00,0x00,0x00,0x00,0x00,0x00,0x00,0x00,0x00,0x00,0x00,0x00,0x00,0x00,0x00,
0x00,0x00,0x00,0x00,0x00,0x20,0x02,0x39,0x81,0xba,0x00,0xa2,0x00,0x38,0x24,0x7a,
0xc1,0xc2,0x40,0xaa,0x60,0xb2,0xe2,0xc2,0xe4,0xba,0x20,0x79,0xc0,0x58,0x00,0x59,
0x60,0x48,0x42,0x61,0x20,0x38,0xa3,0x69,0x21,0x61,0x80,0x40,0xa0,0x40,0x40,0x28,
0xe0,0x60,0x61,0x69,0x80,0x89,0x80,0x81,0xa0,0x89,0x60,0x79,0x42,0x49,0x00,0x18,
0x00,0x20,0x83,0x51,0xa3,0x69,0x00,0x20,0x00,0x00,0x00,0x00,0x00,0x00,0x00,0x00,
0x00,0x00,0x00,0x00,0x00,0x00,0x00,0x00,0x00,0x00,0x00,0x00,0x00,0x00,0x00,0x00,
0x00,0x00,0x00,0x00,0x00,0x00,0x00,0x00,0x00,0x00,0x00,0x00,0x00,0x00,0x00,0x00,
0x00,0x00,0x00,0x00,0x00,0x00,0x20,0x10,0x80,0x89,0xa2,0xb2,0x85,0x9a,0x40,0x58,
0x60,0x40,0x62,0x69,0x40,0x81,0xe1,0x99,0xc1,0xc2,0xa0,0xc2,0xc3,0xb2,0xa0,0x99,
0x40,0xaa,0x81,0xba,0x21,0xa2,0x00,0xaa,0xe1,0x91,0xc0,0x99,0xa1,0x81,0x60,0x79,
0x60,0x79,0x60,0x81,0x81,0x71,0x20,0x71,0xc0,0x48,0xa0,0x48,0x00,0x30,0x83,0x69,
0x20,0x69,0x20,0x71,0x21,0x00,0x00,0x00,0x00,0x00,0x00,0x00,0x00,0x00,0x00,0x00,
0x00,0x00,0x00,0x00,0x00,0x00,0x00,0x00,0x00,0x00,0x00,0x00,0x00,0x00,0x00,0x00,
0x00,0x00,0x00,0x00,0x00,0x00,0x00,0x00,0x00,0x00,0x00,0x00,0x00,0x00,0x00,0x00,
0x00,0x00,0x00,0x00,0x00,0x00,0x00,0x00,0x00,0x18,0x22,0x41,0x00,0xaa,0x63,0xcb,
0xa3,0xb2,0x00,0x71,0x20,0x10,0x40,0x10,0x20,0x50,0x06,0xa3,0xc1,0xc2,0x40,0xaa,
0x60,0x89,0x62,0xa2,0x00,0xa2,0xa1,0xb2,0xc2,0x89,0xc0,0x60,0xa0,0x60,0xc2,0x81,
0x62,0x61,0x40,0x38,0x20,0x10,0x00,0x08,0x00,0x20,0xa3,0x59,0x40,0x79,0x80,0x79,
0xa3,0x59,0x00,0x20,0xe3,0x61,0x00,0x18,0x00,0x00,0x00,0x00,0x00,0x00,0x00,0x00,
0x00,0x00,0x00,0x00,0x00,0x00,0x00,0x00,0x00,0x00,0x00,0x00,0x00,0x00,0x00,0x00,
0x00,0x00,0x00,0x00,0x00,0x00,0x00,0x00,0x00,0x00,0x00,0x00,0x00,0x00,0x00,0x00,
0x00,0x00,0x00,0x00,0x00,0x00,0x00,0x00,0x00,0x08,0xa1,0x28,0x00,0x18,0x63,0x51,
0xa0,0x89,0x82,0xb2,0xe1,0xca,0xe1,0xd2,0x23,0x8a,0xc0,0x60,0x61,0x20,0x00,0x18,
0x00,0x18,0xe2,0x40,0x40,0x20,0x80,0x30,0xa0,0x38,0xc0,0x48,0x40,0x18,0x40,0x20,
0x00,0x28,0x62,0x59,0x00,0x61,0xe2,0x89,0x40,0x79,0x60,0x89,0x03,0x39,0x00,0x18,
0x21,0x00,0x00,0x00,0x00,0x00,0x00,0x00,0x00,0x00,0x00,0x00,0x00,0x00,0x00,0x00,
0x00,0x00,0x00,0x00,0x00,0x00,0x00,0x00,0x00,0x00,0x00,0x00,0x00,0x00,0x00,0x00,
0x00,0x00,0x00,0x00,0x00,0x00,0x00,0x00,0x00,0x00,0x00,0x00,0x00,0x00,0x00,0x00,
0x00,0x00,0x00,0x00,0x00,0x00,0x00,0x00,0x00,0x00,0x00,0x00,0x00,0x08,0x61,0x10,
0x00,0x18,0x03,0x39,0xe0,0x99,0xa0,0x89,0xe3,0xc2,0x60,0x89,0xc0,0xc2,0x22,0xcb,
0x40,0xb2,0xa1,0xb2,0xe0,0xa9,0xc2,0xba,0x42,0xaa,0x40,0x79,0x21,0xa2,0xa0,0x89,
0x00,0x71,0x40,0x71,0xe1,0x91,0x80,0x81,0x22,0x49,0x00,0x10,0x40,0x10,0x00,0x00,
0x00,0x00,0x00,0x00,0x00,0x00,0x00,0x00,0x00,0x00,0x00,0x00,0x00,0x00,0x00,0x00,
0x00,0x00,0x00,0x00,0x00,0x00,0x00,0x00,0x00,0x00,0x00,0x00,0x00,0x00,0x00,0x00,
0x00,0x00,0x00,0x00,0x00,0x00,0x00,0x00,0x00,0x00,0x00,0x00,0x00,0x00,0x00,0x00,
0x00,0x00,0x00,0x00,0x00,0x00,0x00,0x00,0x00,0x00,0x00,0x00,0x00,0x00,0x00,0x00,
0x00,0x28,0x82,0x50,0x21,0x00,0x00,0x08,0x00,0x10,0xa1,0x30,0xe1,0x89,0x40,0x79,
0xa1,0x79,0x40,0x71,0x60,0x79,0xa0,0x81,0x60,0x71,0x60,0x79,0x40,0x69,0x20,0x69,
0x43,0x49,0x00,0x18,0x00,0x00,0x00,0x08,0x82,0x18,0x00,0x08,0x00,0x00,0x00,0x00,
0x00,0x00,0x00,0x00,0x00,0x00,0x00,0x00,0x00,0x00,0x00,0x00,0x00,0x00,0x00,0x00,
0x00,0x00,0x00,0x00,0x00,0x00,0x00,0x00,0x00,0x00,0x00,0x00,0x00,0x00,0x00,0x00,
0x00,0x00,0x00,0x00,0x00,0x00,0x00,0x00,0x00,0x00,0x00,0x00,0x00,0x00,0x00,0x00,
0x00,0x00,0x00,0x00,0x00,0x00,0x00,0x00,0x00,0x00,0x00,0x00,0x00,0x00,0x00,0x00,
0x00,0x00,0x00,0x00,0x00,0x00,0x00,0x00,0x00,0x08,0x20,0x08,0x00,0x10,0x20,0x08,
0x00,0x08,0x20,0x08,0x00,0x08,0x20,0x08,0x00,0x08,0x20,0x00,0x00,0x08,0x20,0x08,
0x00,0x08,0x00,0x00,0x00,0x00,0x00,0x00,0x00,0x00,0x00,0x00,0x00,0x00,0x00,0x00,
0x00,0x00,0x00,0x00,0x00,0x00,0x00,0x00,0x00,0x00,0x00,0x00,0x00,0x00,0x00,0x00,
0x00,0x00,0x00,0x00,0x00,0x00,0x00,0x00,0x00,0x00,0x00,0x00,0x00,0x00,0x00,0x00,
0x00,0x00,0x00,0x00,0x00,0x00,0x00,0x00,0x00,0x00,0x00,0x00,0x00,0x00,0x00,0x00,
0x00,0x00,0x00,0x00,0x00,0x00,0x00,0x00,0x00,0x00,0x00,0x00,0x00,0x00,0x00,0x00,
0x00,0x00,0x00,0x00,0x00,0x00,0x00,0x00,0x00,0x00,0x00,0x00,0x00,0x00,0x00,0x00,
0x00,0x00,0x00,0x00,0x00,0x00,0x00,0x00,0x00,0x00,0x00,0x00,0x00,0x00,0x00,0x00,
0x00,0x00,0x00,0x00,0x00,0x00,0x00,0x00,0x00,0x00,0x00,0x00,0x00,0x00,0x00,0x00,
0x00,0x00,0x00,0x00,0x00,0x00,0x00,0x00,0x00,0x00,0x00,0x00,0x00,0x00,0x00,0x00,
0x00,0x00,0x00,0x00,0x00,0x00,0x00,0x00,0x00,0x00,0x00,0x00,0x00,0x00,0x00,0x00,
0x00,0x00,0x00,0x00,0x00,0x00,0x00,0x00,0x00,0x00,0x00,0x00,0x00,0x00,0x00,0x00,
0x00,0x00,0x00,0x00,0x00,0x00,0x00,0x00,0x00,0x00,0x00,0x00,0x00,0x00,0x00,0x00,
0x00,0x00,0x00,0x00,0x00,0x00,0x00,0x00,0x00,0x00,0x00,0x00,0x00,0x00,0x00,0x00,
0x00,0x00,0x00,0x00,0x00,0x00,0x00,0x00,0x00,0x00,0x00,0x00,0x00,0x00,0x00,0x00,
0x00,0x00,0x00,0x00,0x00,0x00,0x00,0x00,0x00,0x00,0x00,0x00,0x00,0x00,0x00,0x00,
0x00,0x00,0x00,0x00,0x00,0x00,0x00,0x00,0x00,0x00,0x00,0x00,0x00,0x00,0x00,0x00,
0x00,0x00,0x00,0x00,0x00,0x00,0x00,0x00,0x00,0x00,0x00,0x00,0x00,0x00,0x00,0x00,
0x00,0x00,0x00,0x00,0x00,0x00,0x00,0x00,0x00,0x00,0x00,0x00,0x00,0x00,0x00,0x00,
0x00,0x00,0x00,0x00,0x00,0x00,0x00,0x00,0x00,0x00,0x00,0x00,0x00,0x00,0x00,0x00,
0x00,0x00,0x00,0x00,0x00,0x00,0x00,0x00,0x00,0x00,0x00,0x00,0x00,0x00,0x00,0x00,
0x00,0x00,0x00,0x00,0x00,0x00,0x00,0x00,0x00,0x00,0x00,0x00,0x00,0x00,0x00,0x00,
0x00,0x00,0x00,0x00,0x00,0x00,0x00,0x00,0x00,0x00,0x00,0x00,0x00,0x00,0x00,0x00,
0x00,0x00,0x00,0x00,0x00,0x00,0x00,0x00,0x00,0x00,0x00,0x00,0x00,0x00,0x00,0x00,
0x00,0x00,0x00,0x00,0x00,0x00,0x00,0x00,0x00,0x00,0x00,0x00,0x00,0x00,0x00,0x00,
0x00,0x00,0x00,0x00,0x00,0x00,0x00,0x00,0x00,0x00,0x00,0x00,0x00,0x00,0x00,0x00,
0x00,0x00,0x00,0x00,0x00,0x00,0x00,0x00,0x00,0x00,0x00,0x00,0x00,0x00,0x00,0x00,
0x00,0x00,0x00,0x00,0x00,0x00,0x00,0x00,0x00,0x00,0x00,0x00,0x00,0x00,0x00,0x00,
0x00,0x00,0x00,0x00,0x00,0x00,0x00,0x00,0x00,0x00,0x00,0x00,0x00,0x00,0x00,0x00,
0x00,0x00,0x00,0x00,0x00,0x00,0x00,0x00,0x00,0x00,0x00,0x00,0x00,0x00,0x00,0x00,
0x00,0x00,0x00,0x00,0x00,0x00,0x00,0x00,0x00,0x00,0x00,0x00,0x00,0x00,0x00,0x00,
0x00,0x00,0x00,0x00,0x00,0x00,0x00,0x00,0x00,0x00,0x00,0x00,0x00,0x00,0x00,0x00,
0x00,0x00,0x00,0x00,0x00,0x00,0x00,0x00,0x00,0x00,0x00,0x00,0x00,0x00,0x00,0x00,
0x00,0x00,0x00,0x00,0x00,0x00,0x00,0x00,0x00,0x00,0x00,0x00,0x00,0x00,0x00,0x00,
0x00,0x00,0x00,0x00,0x00,0x00,0x00,0x00,0x00,0x00,0x00,0x00,0x00,0x00,0x00,0x00,
0x00,0x00,0x00,0x00,0x00,0x00,0x00,0x00,0x00,0x00,0x00,0x00,0x00,0x00,0x00,0x00,
0x00,0x00,0x00,0x00,0x00,0x00,0x00,0x00,0x00,0x00,0x00,0x00,0x00,0x00,0x00,0x00,
0x00,0x00,0x00,0x9e,0x00,0x00,0x00,0x00,0x00,0xf5,0xf6,0xe3,0x00,0x00,0x00,0x00,
0x00,0x00,0x00,0x00,0x00,0x00,0x00,0x00,0x00,0x00,0x00,0x00,0x00,0x00,0x00,0x00,
0x00,0x00,0x00,0x00,0x00,0x00,0x00,0x00,0x00,0x00,0x00,0x00,0x00,0x00,0x00,0x00,
0x00,0x00,0x00,0x00,0x00,0x00,0x00,0x00,0x00,0x00,0xa0,0xf6,0xf5,0x00,0x00,0x00,
0xff,0xfd,0xfd,0xfc,0xf7,0x00,0x00,0x00,0x00,0x00,0x00,0x00,0x00,0x00,0x00,0x00,
0x00,0x00,0x00,0x00,0x00,0x00,0x00,0x00,0x00,0x00,0x00,0x00,0x00,0x00,0x00,0x00,
0x00,0x00,0x00,0x00,0x00,0x00,0x00,0x00,0x00,0x00,0x00,0x00,0x00,0x00,0x00,0x00,
0x00,0x06,0xfa,0xfc,0xfc,0xec,0x02,0xba,0xfd,0xfe,0xfe,0xfe,0xfd,0xef,0x00,0x00,
0x00,0x00,0x00,0x00,0x00,0x00,0x00,0x00,0x00,0x00,0x00,0x00,0x00,0x00,0x00,0x00,
0x00,0x00,0x00,0x00,0x00,0x00,0x00,0x00,0x00,0x00,0x00,0x00,0x00,0x00,0x00,0x00,
0x00,0x00,0x00,0x00,0x00,0x00,0x00,0x00,0x00,0xf9,0xfd,0xfd,0xfc,0xfb,0x06,0xc1,
0xfd,0xfe,0xfe,0xfe,0xfd,0xf8,0x00,0x00,0x00,0x00,0x00,0x00,0x00,0x00,0x00,0x00,
0x00,0x00,0x00,0x00,0x00,0x00,0x00,0x00,0x00,0x00,0x00,0x00,0x00,0x00,0x00,0x00,
0x00,0x00,0x00,0x00,0x00,0x00,0x00,0x00,0x00,0x00,0x00,0x00,0x00,0x00,0x00,0x00,
0x00,0xfb,0xfc,0xfc,0xfc,0xf9,0x02,0x49,0xf8,0xfd,0xfe,0xfd,0xfd,0xf8,0x00,0x00,
0x00,0x00,0x00,0x00,0x00,0x00,0x00,0x00,0x00,0x00,0x00,0x00,0x00,0x00,0x00,0x00,
0x00,0x00,0x00,0x00,0x00,0x00,0x00,0x00,0x00,0x00,0x00,0x00,0x00,0x00,0x00,0x00,
0x00,0x00,0x00,0x00,0x00,0x00,0x00,0x00,0x00,0x01,0xf9,0xfb,0xfb,0x03,0x02,0x02,
0xd8,0xfd,0xfd,0xfc,0xc0,0x00,0x00,0x00,0x00,0x00,0x00,0x00,0x00,0x00,0x00,0x00,
0x00,0x00,0x00,0x00,0x00,0x00,0x00,0x00,0x00,0x00,0x00,0x00,0x00,0x00,0x00,0x00,
0x00,0x00,0x00,0x00,0x00,0x00,0x00,0x00,0x00,0x00,0x00,0x00,0x00,0x00,0x00,0x00,
0x00,0x00,0x00,0xeb,0x04,0x78,0xee,0x01,0x03,0x00,0xf8,0xe5,0x01,0x00,0x00,0x00,
0x00,0x00,0x00,0x00,0x00,0x00,0x00,0x00,0x00,0x00,0x00,0x00,0x00,0x00,0x00,0x00,
0x00,0x00,0x00,0x00,0x00,0x00,0x00,0x00,0x00,0x00,0x00,0x00,0x00,0x00,0x00,0x00,
0x00,0x00,0x00,0x00,0x00,0x00,0x00,0x00,0x00,0x00,0x00,0x04,0xf2,0xfa,0xfb,0x69,
0x00,0x00,0x00,0x00,0x00,0x00,0x00,0x00,0x00,0x00,0x00,0x00,0x00,0x00,0x00,0x00,
0x00,0x00,0x00,0x00,0x00,0x00,0x00,0x00,0x00,0x00,0x00,0x00,0x00,0x00,0x00,0x00,
0x00,0x00,0x00,0x00,0x00,0x00,0x00,0x00,0x00,0x00,0x00,0x00,0x00,0x00,0x00,0x00,
0x00,0x00,0x00,0x04,0xbf,0xfb,0xfb,0x74,0x00,0x00,0x00,0x00,0x00,0x00,0x00,0x00,
0x00,0x00,0x00,0x00,0x00,0x00,0x00,0x00,0x00,0x00,0x00,0x00,0x00,0x00,0x00,0x00,
0x00,0x00,0x00,0x00,0x00,0x00,0x00,0x00,0x00,0x00,0x00,0x00,0x00,0x00,0x00,0x00,
0x00,0x00,0x00,0x00,0x00,0x00,0x00,0x00,0x00,0x00,0x00,0x02,0x02,0xfc,0xfa,0x00,
0x00,0x00,0x00,0x00,0x00,0x00,0x00,0x00,0x00,0x00,0x00,0x00,0x00,0x00,0x00,0x00,
0x00,0x00,0x00,0x00,0x00,0x00,0x00,0x00,0x00,0x00,0x00,0x00,0x00,0x00,0x00,0x00,
0x00,0x00,0x00,0x00,0x00,0x00,0x00,0x00,0x00,0x00,0x00,0x00,0x00,0x00,0x00,0x00,
0x00,0x00,0x00,0x00,0x00,0x02,0x01,0x00,0x00,0x00,0x00,0x00,0x00,0x00,0x00,0x00,
0x00,0x00,0x00,0x00,0x00,0x00,0x00,0x00,0x00,0x00,0x00,0x00,0x00,0x00,0x00,0x00,
0x00,0x00,0x00,0x00,0x00,0x00,0x00,0x00,0x00,0x00,0x00,0x00,0x00,0x00,0x00,0x00,
0x00,0x00,0x00,0x00,0x00,0x00,0x00,0x00,0x00,0x00,0x00,0x00,0x00,0x00,0x00,0x00,
0x00,0x00,0x00,0x00,0x00,0x00,0x00,0x00,0x00,0x00,0x00,0x00,0x00,0x00,0x00,0x00,
0x00,0x00,0x00,0x00,0x00,0x00,0x00,0x00,0x00,0x00,0x00,0x00,0x00,0x00,0x00,0x00,
0x00,0x00,0x00,0x00,0x00,0x00,0x00,0x00,0x00,0x00,0x00,0x00,0x00,0x00,0x00,0x00,
0x00,0x00,0x00,0x00,0x00,0x00,0x00,0x96,0xfa,0xf7,0xfb,0xf9,0xfa,0xf8,0x00,0x01,
0x00,0x00,0x00,0x00,0x00,0x00,0x00,0x00,0x00,0x00,0x00,0x00,0x00,0x00,0x00,0x00,
0x00,0x00,0x00,0x00,0x00,0x00,0x00,0x00,0x00,0x00,0x00,0x00,0x00,0x00,0x00,0x00,
0x00,0x00,0x00,0x00,0x00,0x00,0x00,0x00,0x00,0x00,0x00,0x00,0x00,0xf3,0xf7,0xfe,
0xfd,0xfd,0xfd,0xfd,0xfd,0xfd,0xf8,0xf2,0x05,0x00,0x00,0x00,0x00,0x00,0x00,0x00,
0x00,0x00,0x00,0x00,0x00,0x00,0x00,0x00,0x00,0x00,0x00,0x00,0x00,0x00,0x00,0x00,
0x00,0x00,0x00,0x00,0x00,0x00,0x00,0x00,0x00,0x00,0x00,0x02,0x01,0x01,0x00,0x00,
0x00,0x00,0x00,0x06,0xfb,0xfd,0xfd,0xfe,0xfe,0xfe,0xfe,0xfe,0xfe,0xfe,0xfe,0xfd,
0xfd,0xea,0x01,0x00,0x00,0x00,0x00,0x00,0x00,0x00,0x00,0x00,0x00,0x00,0x00,0x00,
0x00,0x00,0x00,0x00,0x00,0x00,0x00,0x00,0x00,0x00,0x00,0x00,0x00,0x00,0x00,0x00,
0x07,0xfd,0xfd,0xfc,0xfc,0xfc,0xfc,0x00,0x00,0x00,0x04,0xfe,0xfd,0xfe,0xfe,0xfe,
0xfe,0xfe,0xfe,0xfe,0xfe,0xfe,0xfe,0xfe,0xfe,0xfc,0xcc,0x00,0x00,0x00,0x00,0x00,
0x00,0x00,0x00,0x00,0x00,0x00,0x00,0x00,0x00,0x00,0x00,0x00,0x00,0x00,0x00,0x00,
0x00,0x00,0x00,0x00,0x00,0x01,0x43,0xfd,0xfe,0xfe,0xfe,0xfe,0xfe,0xfe,0xfe,0xfd,
0xfd,0x11,0xfc,0xfe,0xfe,0xfe,0xfe,0xfe,0xfe,0xfe,0xfe,0xff,0xff,0xff,0xfe,0xfe,
0xfe,0xfe,0xfe,0x6e,0x01,0x00,0x00,0x00,0x00,0x00,0x00,0x00,0x00,0x00,0x00,0x00,
0x00,0x00,0x00,0x00,0x00,0x00,0x00,0x00,0x00,0x00,0x00,0x00,0x01,0xf7,0xfe,0xfe,
0xfe,0xfe,0xfe,0xfe,0xfe,0xfe,0xfe,0xfe,0xfe,0xfe,0xfe,0xfe,0xfe,0xfe,0xfe,0xfe,
0xfe,0xfe,0xfe,0xff,0xff,0xff,0xff,0xfe,0xfe,0xfe,0xfe,0xfd,0x00,0x00,0x00,0x00,
0x00,0x00,0x00,0x00,0x00,0x00,0x00,0x00,0x00,0x00,0x00,0x00,0x00,0x00,0x00,0x00,
0x00,0x00,0x00,0x65,0xf9,0xfe,0xfe,0xff,0xff,0xff,0xfe,0xfe,0xfe,0xfe,0xfe,0xff,
0xff,0xff,0xfe,0xfe,0xfe,0xff,0xff,0xfe,0xfe,0xfe,0xfe,0xfe,0xfe,0xff,0xff,0xff,
0xfe,0xfe,0xfe,0xfe,0xfe,0x02,0x00,0x00,0x00,0x00,0x00,0x00,0x00,0x00,0x00,0x00,
0x00,0x00,0x00,0x00,0x00,0x00,0x00,0x00,0x00,0x00,0xbb,0xfe,0xfe,0xfe,0xfe,0xff,
0xff,0xff,0xff,0xfe,0xfe,0xfe,0xfe,0xff,0xff,0xfe,0xfe,0xfe,0xff,0xff,0xff,0xfe,
0xfe,0xff,0xff,0xff,0xfe,0xff,0xff,0xff,0xfe,0xfe,0xfe,0xfe,0xfe,0xfa,0x00,0x00,
0x00,0x00,0x00,0x00,0x00,0x00,0x00,0x00,0x00,0x00,0x00,0x00,0x00,0x00,0x00,0x00,
0x00,0x10,0xfc,0xfe,0xfe,0xfe,0xfe,0xff,0xff,0xff,0xff,0xfe,0xfe,0xfe,0xff,0xff,
0xfe,0xfe,0xfe,0xfe,0xff,0xff,0xff,0xfe,0xff,0xff,0xff,0xff,0xfe,0xff,0xff,0xff,
0xff,0xff,0xfe,0xfe,0xfe,0xfc,0x03,0x00,0x00,0x00,0x00,0x00,0x00,0x00,0x00,0x00,
0x00,0x00,0x00,0x00,0x00,0x00,0x00,0x00,0x02,0xff,0xfd,0xfe,0xfe,0xfe,0xfe,0xff,
0xff,0xff,0xff,0xff,0xfe,0xff,0xff,0xff,0xfe,0xfe,0xfe,0xfe,0xff,0xff,0xff,0xfe,
0xfe,0xfe,0xfe,0xfe,0xfe,0xff,0xff,0xff,0xff,0xff,0xfe,0xfe,0xfe,0xfd,0xfb,0x00,
0x00,0x00,0x00,0x00,0x00,0x00,0x00,0x00,0x00,0x00,0x00,0x00,0x00,0x00,0x00,0x00,
0x01,0xfd,0xfe,0xfe,0xfe,0xfe,0xfe,0xff,0xff,0xff,0xff,0xff,0xff,0xff,0xff,0xfe,
0xfe,0xfe,0xfe,0xfe,0xfe,0xfe,0xfe,0xfe,0xfe,0xfe,0xfe,0xfe,0xfe,0xfe,0xfe,0xfe,
0xfe,0xfe,0xfe,0xfe,0xfe,0xfd,0xfc,0x00,0x00,0x00,0x00,0x00,0x00,0x00,0x00,0x00,
0x00,0x00,0x00,0x00,0x00,0x00,0x00,0x05,0xfa,0xfe,0xfe,0xff,0xff,0xff,0xfe,0xff,
0xff,0xff,0xff,0xff,0xff,0xff,0xfe,0xfe,0xfe,0xfe,0xfe,0xfe,0xfe,0xfe,0xfe,0xff,
0xfe,0xfe,0xfe,0xfe,0xfe,0xfe,0xfe,0xfe,0xfe,0xfe,0xfe,0xfe,0xfe,0xfe,0xfd,0xf8,
0x00,0x00,0x00,0x00,0x00,0x00,0x00,0x00,0x00,0x00,0x00,0x00,0x00,0x00,0x01,0x86,
0xfc,0xfe,0xfe,0xff,0xff,0xff,0xfe,0xfe,0xff,0xff,0xff,0xfe,0xff,0xff,0xfe,0xfe,
0xfe,0xfe,0xfe,0xfe,0xfe,0xfe,0xfe,0xff,0xfe,0xfe,0xfe,0xfe,0xfe,0xfe,0xfe,0xfe,
0xfe,0xfe,0xfe,0xfe,0xfe,0xfe,0xfe,0xfe,0xfc,0x00,0x00,0x00,0x00,0x00,0x00,0x00,
0x00,0x00,0x00,0x00,0x00,0x00,0x00,0xfd,0xfd,0xfe,0xfe,0xff,0xff,0xff,0xfe,0xff,
0xff,0xff,0xff,0xfe,0xfe,0xfe,0xfe,0xfe,0xfe,0xfe,0xfe,0xfe,0xfe,0xfe,0xfe,0xff,
0xfe,0xfe,0xfe,0xfe,0xfe,0xfe,0xfe,0xfe,0xfe,0xfe,0xfe,0xfe,0xfe,0xfe,0xfe,0xfe,
0xfa,0x02,0x00,0x00,0x00,0x00,0x00,0x00,0x00,0x00,0x00,0x00,0x00,0x01,0xfc,0xfe,
0xfe,0xfe,0xfe,0xff,0xff,0xff,0xff,0xff,0xfe,0xff,0xfe,0xfe,0xfe,0xfe,0xfe,0xfe,
0xfe,0xfe,0xfe,0xfe,0xfe,0xfe,0xfe,0xff,0xfe,0xfe,0xfe,0xfe,0xfe,0xfe,0xfe,0xfe,
0xff,0xfe,0xfe,0xfe,0xfe,0xfe,0xfe,0xfe,0xfe,0xe8,0x00,0x00,0x00,0x00,0x00,0x00,
0x00,0x00,0x00,0x00,0x00,0xdf,0xfd,0xfe,0xfe,0xfe,0xff,0xff,0xff,0xff,0xff,0xff,
0xfe,0xfe,0xfe,0xfe,0xfe,0xfe,0xfe,0xfe,0xfe,0xfe,0xfe,0xfe,0xff,0xfe,0xfe,0xfe,
0xfe,0xfe,0xfe,0xfe,0xfe,0xfe,0xfe,0xff,0xff,0xff,0xff,0xfe,0xfe,0xfe,0xfe,0xfe,
0xfe,0xeb,0x00,0x00,0x00,0x00,0x00,0x00,0x00,0x00,0x00,0x00,0x00,0xe3,0xfe,0xff,
0xfe,0xff,0xff,0xff,0xff,0xff,0xff,0xff,0xff,0xfe,0xfe,0xfe,0xfe,0xff,0xff,0xfe,
0xfe,0xfe,0xfe,0xfe,0xfe,0xfe,0xfe,0xfe,0xfe,0xfe,0xfe,0xfe,0xff,0xfe,0xfe,0xff,
0xff,0xff,0xff,0xfe,0xfe,0xff,0xfe,0xfe,0xfe,0xf1,0x00,0x00,0x00,0x00,0x00,0x00,
0x00,0x00,0x00,0x00,0x00,0xe7,0xfe,0xfe,0xfe,0xff,0xff,0xff,0xff,0xff,0xff,0xff,
0xff,0xff,0xfe,0xfe,0xfe,0xff,0xff,0xfe,0xfe,0xfe,0xfe,0xfe,0xfe,0xfe,0xfe,0xfe,
0xfe,0xfe,0xfe,0xff,0xfe,0xfe,0xff,0xff,0xfe,0xfe,0xff,0xfe,0xfe,0xfe,0xfe,0xfe,
0xfe,0xec,0x00,0x00,0x00,0x00,0x00,0x00,0x00,0x00,0x00,0x00,0x00,0xdb,0xfd,0xfe,
0xff,0xff,0xff,0xff,0xff,0xff,0xff,0xff,0xff,0xff,0xfe,0xfe,0xfe,0xff,0xfe,0xfe,
0xfe,0xfe,0xfe,0xfe,0xfe,0xfe,0xff,0xff,0xfe,0xfe,0xfe,0xff,0xff,0xfe,0xfe,0xfe,
0xfe,0xfe,0xff,0xff,0xfe,0xfe,0xfe,0xfe,0xfe,0xf3,0x00,0x00,0x00,0x00,0x00,0x00,
0x00,0x00,0x00,0x00,0x00,0x6c,0xfb,0xfe,0xfe,0xff,0xff,0xff,0xff,0xff,0xff,0xff,
0xff,0xff,0xfe,0xfe,0xfe,0xfe,0xfe,0xfe,0xfe,0xfe,0xfe,0xfe,0xfe,0xfe,0xff,0xff,
0xfe,0xfe,0xfe,0xfe,0xfe,0xfe,0xfe,0xfe,0xfe,0xff,0xff,0xff,0xff,0xfe,0xfe,0xfe,
0xfc,0x35,0x00,0x00,0x00,0x00,0x00,0x00,0x00,0x00,0x00,0x00,0x00,0x00,0xfb,0xfe,
0xfe,0xff,0xff,0xff,0xff,0xff,0xfe,0xff,0xff,0xff,0xff,0xfe,0xfe,0xfe,0xfe,0xfe,
0xfe,0xfe,0xfe,0xfe,0xfe,0xfe,0xfe,0xfe,0xfe,0xfe,0xfe,0xfe,0xfe,0xfe,0xff,0xfe,
0xff,0xff,0xff,0xff,0xff,0xfe,0xfe,0xfd,0xfb,0x00,0x00,0x00,0x00,0x00,0x00,0x00,
0x00,0x00,0x00,0x00,0x00,0x00,0x26,0xfe,0xfe,0xff,0xfe,0xfe,0xfe,0xff,0xff,0xff,
0xfe,0xfe,0xfe,0xfe,0xfe,0xfe,0xfe,0xfe,0xfe,0xfe,0xfe,0xfe,0xfe,0xfe,0xfe,0xfe,
0xfe,0xfe,0xfe,0xfe,0xfe,0xff,0xff,0xff,0xff,0xff,0xff,0xff,0xfe,0xfe,0xfe,0xfd,
0x01,0x00,0x00,0x00,0x00,0x00,0x00,0x00,0x00,0x00,0x00,0x00,0x00,0x00,0x00,0xfe,
0xfe,0xfe,0xfe,0xfe,0xfe,0xff,0xff,0xff,0xfe,0xfe,0xfe,0xfe,0xfe,0xfe,0xfe,0xfe,
0xfe,0xff,0xfe,0xfe,0xfe,0xff,0xff,0xff,0xff,0xfe,0xff,0xff,0xfe,0xfe,0xfe,0xfe,
0xfe,0xff,0xff,0xfe,0xfe,0xfe,0xfe,0xf6,0x00,0x00,0x00,0x00,0x00,0x00,0x00,0x00,
0x00,0x00,0x00,0x00,0x00,0x00,0x00,0xfe,0xfd,0xfe,0xfe,0xfe,0xfe,0xfe,0xff,0xff,
0xff,0xfe,0xfe,0xff,0xfe,0xfe,0xff,0xff,0xfe,0xff,0xfe,0xfe,0xfe,0xff,0xff,0xff,
0xff,0xff,0xff,0xff,0xfe,0xfe,0xfe,0xfe,0xff,0xff,0xfe,0xfe,0xfe,0xfe,0xfe,0xf7,
0x00,0x00,0x00,0x00,0x00,0x00,0x00,0x00,0x00,0x00,0x00,0x00,0x00,0x00,0x00,0x06,
0xfc,0xfe,0xfe,0xfe,0xfe,0xfe,0xfe,0xff,0xff,0xff,0xff,0xff,0xfe,0xfe,0xff,0xff,
0xff,0xfe,0xfe,0xfe,0xfe,0xff,0xff,0xff,0xff,0xfe,0xfe,0xff,0xff,0xff,0xff,0xff,
0xff,0xff,0xff,0xfe,0xfe,0xfe,0xfe,0x00,0x00,0x00,0x00,0x00,0x00,0x00,0x00,0x00,
0x00,0x00,0x00,0x00,0x00,0x00,0x00,0x05,0xfd,0xfe,0xfe,0xfe,0xfe,0xfe,0xfe,0xff,
0xff,0xff,0xff,0xff,0xfe,0xfe,0xfe,0xff,0xfe,0xfe,0xfe,0xfe,0xfe,0xff,0xfe,0xff,
0xfe,0xfe,0xfe,0xfe,0xfe,0xff,0xff,0xff,0xff,0xff,0xfe,0xfe,0xfe,0xfe,0xfe,0x00,
0x00,0x00,0x00,0x00,0x00,0x00,0x00,0x00,0x00,0x00,0x00,0x00,0x00,0x00,0x00,0x04,
0x92,0xfe,0xfe,0xfe,0xfe,0xfe,0xfe,0xff,0xfe,0xfe,0xff,0xff,0xfe,0xfe,0xfe,0xfe,
0xfe,0xff,0xff,0xff,0xfe,0xfe,0xfe,0xff,0xfe,0xfe,0xfe,0xfe,0xfe,0xff,0xff,0xff,
0xff,0xfe,0xfe,0xfe,0xfe,0xfc,0xf5,0x00,0x00,0x00,0x00,0x00,0x00,0x00,0x00,0x00,
0x00,0x00,0x00,0x00,0x00,0x00,0x00,0x00,0x01,0xfe,0xfe,0xfe,0xfe,0xfe,0xfe,0xfe,
0xfe,0xfe,0xfe,0xfe,0xfe,0xfe,0xfe,0xfe,0xfe,0xff,0xfe,0xfe,0xfe,0xfe,0xfe,0xfe,
0xfe,0xfe,0xfe,0xfe,0xfe,0xff,0xff,0xfe,0xfe,0xfe,0xfe,0xfe,0xfe,0xfc,0x14,0x00,
0x00,0x00,0x00,0x00,0x00,0x00,0x00,0x00,0x00,0x00,0x00,0x00,0x00,0x00,0x00,0x00,
0x01,0xfb,0xfe,0xfe,0xfe,0xff,0xff,0xff,0xfe,0xfe,0xfe,0xfe,0xfe,0xfe,0xfe,0xfe,
0xfe,0xfe,0xfe,0xfe,0xfe,0xfe,0xfe,0xfe,0xfe,0xff,0xfe,0xfe,0xfe,0xfe,0xfe,0xfe,
0xfe,0xfe,0xfe,0xfe,0xfe,0xf7,0x01,0x00,0x00,0x00,0x00,0x00,0x00,0x00,0x00,0x00,
0x00,0x00,0x00,0x00,0x00,0x00,0x00,0x00,0x00,0x4c,0xfd,0xfe,0xfe,0xfe,0xfe,0xff,
0xfe,0xfe,0xfe,0xfe,0xfe,0xfe,0xfe,0xfe,0xfe,0xfe,0xfe,0xfe,0xfe,0xfe,0xfe,0xfe,
0xfe,0xff,0xfe,0xfe,0xfe,0xfe,0xfe,0xfe,0xfe,0xfe,0xfe,0xfe,0xfe,0x1f,0x00,0x00,
0x00,0x00,0x00,0x00,0x00,0x00,0x00,0x00,0x00,0x00,0x00,0x00,0x00,0x00,0x00,0x00,
0x00,0x02,0xdc,0xfe,0xfe,0xfe,0xfe,0xff,0xfe,0xfe,0xfe,0xfe,0xfe,0xfe,0xfe,0xff,
0xff,0xff,0xff,0xfe,0xfe,0xfe,0xfe,0xfe,0xfe,0xff,0xfe,0xfe,0xfe,0xfe,0xfe,0xfe,
0xfe,0xfe,0xfe,0xfd,0xf1,0x00,0x00,0x00,0x00,0x00,0x00,0x00,0x00,0x00,0x00,0x00,
0x00,0x00,0x00,0x00,0x00,0x00,0x00,0x00,0x00,0x01,0x81,0xfc,0xfe,0xfe,0xfe,0xfe,
0xfe,0xfe,0xfe,0xfe,0xfe,0xfe,0xfe,0xfe,0xff,0xfe,0xfe,0xfe,0xfe,0xfe,0xfe,0xfe,
0xfe,0xfe,0xfe,0xfe,0xfe,0xfe,0xfe,0xfe,0xfe,0xfe,0xfe,0xfb,0x01,0x00,0x00,0x00,
0x00,0x00,0x00,0x00,0x00,0x00,0x00,0x00,0x00,0x00,0x00,0x00,0x00,0x00,0x00,0x00,
0x00,0x00,0x00,0xd7,0xfa,0xfe,0xfe,0xfe,0xfe,0xfe,0xfe,0xfe,0xfe,0xfe,0xfe,0xff,
0xff,0xfe,0xfe,0xfe,0xfe,0xfe,0xfe,0xfe,0xfe,0xfe,0xfe,0xfe,0xfe,0xfe,0xfe,0xfe,
0xfe,0xfd,0xfc,0x03,0x00,0x00,0x00,0x00,0x00,0x00,0x00,0x00,0x00,0x00,0x00,0x00,
0x00,0x00,0x00,0x00,0x00,0x00,0x00,0x00,0x00,0x00,0x00,0x02,0xe8,0xfb,0xfe,0xfe,
0xfe,0xfe,0xff,0xfe,0xfe,0xfe,0xfe,0xff,0xff,0xfe,0xfe,0xff,0xff,0xfe,0xfe,0xfe,
0xfe,0xfe,0xfe,0xfe,0xfe,0xfe,0xfe,0xfe,0xfe,0xfd,0x09,0x00,0x00,0x00,0x00,0x00,
0x00,0x00,0x00,0x00,0x00,0x00,0x00,0x00,0x00,0x00,0x00,0x00,0x00,0x00,0x00,0x00,
0x00,0x00,0x00,0x00,0x00,0x1b,0xfa,0xfb,0xfc,0xfe,0xfe,0xfe,0xfe,0xfe,0xfe,0xfe,
0xfe,0xfe,0xfe,0xff,0xfe,0xfe,0xfe,0xfe,0xfe,0xfe,0xfe,0xfe,0xfe,0xfe,0xfc,0xf9,
0xb9,0x00,0x00,0x00,0x00,0x00,0x00,0x00,0x00,0x00,0x00,0x00,0x00,0x00,0x00,0x00,
0x00,0x00,0x00,0x00,0x00,0x00,0x00,0x00,0x00,0x00,0x00,0x00,0x00,0x00,0x01,0x91,
0xfd,0xfc,0xfe,0xfe,0xfe,0xfe,0xfe,0xfe,0xfe,0xfe,0xfe,0xfe,0xfe,0xfe,0xfe,0xfe,
0xfe,0xfe,0xfe,0xfe,0xfe,0xfb,0xbc,0x03,0x00,0x00,0x00,0x00,0x00,0x00,0x00,0x00,
0x00,0x00,0x00,0x00,0x00,0x00,0x00,0x00,0x00,0x00,0x00,0x00,0x00,0x00,0x00,0x00,
0x00,0x00,0x00,0x00,0x00,0x00,0x00,0x00,0x00,0x02,0xc6,0xd8,0xd9,0xfb,0xfd,0xfd,
0xfe,0xfe,0xfe,0xfe,0xfe,0xfe,0xfe,0xfe,0xfe,0xfe,0xbb,0xbb,0x12,0x00,0x00,0x00,
0x00,0x00,0x00,0x00,0x00,0x00,0x00,0x00,0x00,0x00,0x00,0x00,0x00,0x00,0x00,0x00,
0x00,0x00,0x00,0x00,0x00,0x00,0x00,0x00,0x00,0x00,0x00,0x00,0x00,0x00,0x00,0x00,
0x00,0x00,0x00,0x00,0x01,0xd4,0xc8,0xe4,0xdf,0xda,0xe1,0xe7,0xe7,0xf0,0xe6,0xe2,
0xde,0x03,0x01,0x01,0x00,0x00,0x00,0x00,0x00,0x00,0x00,0x00,0x00,0x00,0x00,0x00,
0x00,0x00,0x00,0x00,0x00,0x00,0x00,0x00,0x00,0x00,0x00,0x00,0x00,0x00,0x00,0x00,
0x00,0x00,0x00,0x00,0x00,0x00,0x00,0x00,0x00,0x00,0x00,0x00,0x00,0x00,0x00,0x00,
0x00,0x00,0x00,0x00,0x00,0x00,0x00,0x00,0x00,0x00,0x00,0x00,0x00,0x00,0x00,0x00,
0x00,0x00,0x00,0x00,0x00,0x00,0x00,0x00,0x00,0x00,0x00,0x00,0x00,0x00,0x00,0x00,
0x00,0x00,0x00,0x00,0x00,0x00,0x00,0x00,0x00,0x00,0x00,0x00,0x00,0x00,0x00,0x00,
0x00,0x00,0x00,0x00,0x00,0x00,0x00,0x00,0x00,0x00,0x00,0x00,0x00,0x00,0x00,0x00,
0x00,0x00,0x00,0x00,0x00,0x00,0x00,0x00,0x00,0x00,0x00,0x00,0x00,0x00,0x00,0x00,
0x00,0x00,0x00,0x00,0x00,0x00,0x00,0x00,0x00,0x00,0x00,0x00,0x00,0x00,0x00,0x00,
0x00,0x00,0x00,0x00,0x00,0x00,0x00,0x00,0x00,0x00,0x00,0x00,0x00,0x00,0x00,0x00,
0x00,0x00,0x00,0x00,0x00,0x00,0x00,0x00,0x00,0x00,0x00,0x00,0x00,0x00,0x00,0x00,
0x00,0x00,0x00,0x00,0x00,0x00,0x00,0x00,0x00,0x00,0x00,0x00,0x00,0x00,0x00,0x00,

};
static const lv_image_dsc_t s_dish_hot_bread = {
    .header.magic = LV_IMAGE_HEADER_MAGIC,
    .header.cf = LV_COLOR_FORMAT_RGB565A8,
    .header.flags = 0,
    .header.w = 56,
    .header.h = 56,
    .header.stride = 112,
    .data_size = sizeof(s_dish_hot_bread_map),
    .data = s_dish_hot_bread_map,
};

static const LV_ATTRIBUTE_MEM_ALIGN LV_ATTRIBUTE_LARGE_CONST uint8_t s_dish_carrot_stew_map[] = {
0x00,0x00,0x00,0x00,0x00,0x00,0x00,0x00,0x00,0x00,0x00,0x00,0x00,0x00,0x00,0x00,
0x00,0x00,0x00,0x00,0x00,0x00,0x00,0x00,0x00,0x00,0x00,0x00,0x00,0x00,0x00,0x00,
0x00,0x00,0x00,0x00,0x00,0x00,0x00,0x00,0x00,0x00,0x00,0x00,0x00,0x00,0x00,0x00,
0x00,0x00,0x00,0x00,0x00,0x00,0x00,0x00,0x00,0x00,0x00,0x00,0x00,0x00,0x00,0x00,
0x00,0x00,0x00,0x00,0x00,0x00,0x00,0x00,0x00,0x00,0x00,0x00,0x00,0x00,0x00,0x00,
0x00,0x00,0x00,0x00,0x00,0x00,0x00,0x00,0x00,0x00,0x00,0x00,0x00,0x00,0x00,0x00,
0x00,0x00,0x00,0x00,0x00,0x00,0x00,0x00,0x00,0x00,0x00,0x00,0x00,0x00,0x00,0x00,
0x00,0x00,0x00,0x00,0x00,0x00,0x00,0x00,0x00,0x00,0x00,0x00,0x00,0x00,0x00,0x00,
0x00,0x00,0x00,0x00,0x00,0x00,0x00,0x00,0x00,0x00,0x00,0x00,0x00,0x00,0x00,0x00,
0x00,0x00,0x00,0x00,0x00,0x00,0x00,0x00,0x00,0x00,0x00,0x00,0x00,0x00,0x00,0x00,
0x00,0x00,0x00,0x00,0x00,0x00,0x00,0x00,0x00,0x00,0x00,0x00,0x00,0x00,0x00,0x00,
0x00,0x00,0x00,0x00,0x00,0x00,0x00,0x00,0x00,0x00,0x00,0x00,0x00,0x00,0x00,0x00,
0x00,0x00,0x00,0x00,0x00,0x00,0x00,0x00,0x00,0x00,0x00,0x00,0x00,0x00,0x00,0x00,
0x00,0x00,0x00,0x00,0x00,0x00,0x00,0x00,0x00,0x00,0x00,0x00,0x00,0x00,0x00,0x00,
0x00,0x00,0x00,0x00,0x00,0x00,0x00,0x00,0x00,0x00,0x00,0x00,0x00,0x00,0x00,0x00,
0x00,0x00,0x00,0x00,0x00,0x00,0x00,0x00,0x00,0x00,0x00,0x00,0x00,0x00,0x00,0x00,
0x00,0x00,0x00,0x00,0x00,0x00,0x00,0x00,0x00,0x00,0x00,0x00,0x00,0x00,0x00,0x00,
0x00,0x00,0x00,0x00,0x00,0x00,0x00,0x00,0x00,0x00,0x00,0x00,0x00,0x00,0x00,0x00,
0x00,0x00,0x00,0x00,0x00,0x00,0x00,0x00,0x00,0x00,0x00,0x00,0x00,0x00,0x00,0x00,
0x00,0x00,0x00,0x00,0x00,0x00,0x00,0x00,0x00,0x00,0x00,0x00,0x00,0x00,0x00,0x00,
0x00,0x00,0x00,0x00,0x00,0x00,0x00,0x00,0x00,0x00,0x00,0x00,0x00,0x00,0x00,0x00,
0x00,0x00,0x00,0x00,0x00,0x00,0x00,0x00,0x00,0x00,0x00,0x00,0x00,0x00,0x00,0x00,
0x00,0x00,0x00,0x00,0x00,0x00,0x00,0x00,0x00,0x00,0x00,0x00,0x00,0x00,0x00,0x00,
0x00,0x00,0x00,0x00,0x00,0x00,0x00,0x00,0x00,0x00,0x00,0x00,0x00,0x00,0x00,0x00,
0x00,0x00,0x00,0x00,0x00,0x00,0x00,0x00,0x00,0x00,0x00,0x00,0x00,0x00,0x00,0x00,
0x00,0x00,0x00,0x00,0x00,0x00,0x00,0x00,0x00,0x00,0x00,0x00,0x00,0x00,0x00,0x00,
0x00,0x00,0x00,0x00,0x00,0x00,0x00,0x00,0x00,0x00,0x00,0x00,0x00,0x00,0x00,0x00,
0x00,0x00,0x00,0x00,0x00,0x00,0x00,0x00,0x00,0x00,0x00,0x00,0x00,0x00,0x00,0x00,
0x00,0x00,0x00,0x00,0x00,0x00,0x00,0x00,0x00,0x00,0x00,0x00,0x00,0x00,0x00,0x00,
0x00,0x00,0x00,0x00,0x00,0x00,0x00,0x00,0x00,0x00,0x00,0x00,0x00,0x00,0x00,0x00,
0x00,0x00,0x00,0x00,0x00,0x00,0x00,0x00,0x00,0x00,0x00,0x00,0x00,0x00,0x00,0x00,
0x00,0x00,0x00,0x00,0x00,0x00,0x00,0x00,0x00,0x00,0x00,0x00,0x00,0x00,0x00,0x00,
0x00,0x00,0x00,0x00,0x00,0x00,0x00,0x00,0x00,0x00,0x00,0x00,0x00,0x00,0x00,0x00,
0x00,0x00,0x00,0x00,0x00,0x00,0x00,0x00,0x00,0x00,0x00,0x00,0x00,0x00,0x00,0x00,
0x00,0x00,0x00,0x00,0x00,0x00,0x00,0x00,0x00,0x00,0x00,0x00,0x00,0x00,0x00,0x00,
0x00,0x00,0x00,0x00,0x00,0x00,0x00,0x00,0x00,0x00,0x00,0x00,0x00,0x00,0x00,0x00,
0x00,0x00,0x00,0x00,0x00,0x00,0x00,0x00,0x00,0x00,0x00,0x00,0x00,0x00,0x00,0x00,
0x00,0x00,0x00,0x00,0x00,0x00,0x00,0x00,0x00,0x00,0x00,0x00,0x00,0x00,0x00,0x00,
0x00,0x00,0x00,0x00,0x00,0x00,0x00,0x00,0x00,0x00,0x00,0x00,0x00,0x00,0x00,0x00,
0x00,0x00,0x00,0x00,0x00,0x00,0x00,0x00,0x00,0x00,0x00,0x00,0x00,0x00,0x00,0x00,
0x00,0x00,0x00,0x00,0x00,0x00,0x00,0x00,0x00,0x00,0x00,0x00,0x00,0x00,0x00,0x00,
0x00,0x00,0x00,0x00,0x00,0x00,0x00,0x00,0x00,0x00,0x00,0x00,0x00,0x00,0x00,0x00,
0x00,0x00,0x00,0x00,0x00,0x00,0x00,0x00,0x00,0x00,0x00,0x00,0x00,0x00,0x00,0x00,
0x00,0x00,0x00,0x00,0x00,0x00,0x00,0x00,0x00,0x00,0x00,0x00,0x00,0x00,0x00,0x00,
0x00,0x00,0x00,0x00,0x00,0x00,0x00,0x00,0x82,0x58,0x28,0x82,0x64,0x39,0x64,0x39,
0x63,0x39,0x64,0x31,0x23,0x31,0x44,0x31,0x43,0x31,0x64,0x31,0x43,0x39,0x64,0x31,
0x63,0x39,0xa5,0x41,0xc6,0x7b,0x40,0x08,0x00,0x00,0x00,0x00,0x00,0x00,0x00,0x00,
0x00,0x00,0x00,0x00,0x00,0x00,0x00,0x00,0x00,0x00,0x00,0x00,0x00,0x00,0x00,0x00,
0x00,0x00,0x00,0x00,0x00,0x00,0x00,0x00,0x00,0x00,0x00,0x00,0x00,0x00,0x00,0x00,
0x00,0x00,0x00,0x00,0x00,0x00,0x00,0x00,0x00,0x00,0x00,0x00,0x00,0x00,0x00,0x00,
0x00,0x00,0x00,0x00,0x00,0x00,0x00,0x00,0x00,0x00,0x00,0x00,0x00,0x00,0x00,0x00,
0x40,0x00,0xa7,0x7b,0xaa,0x5a,0x27,0x52,0x48,0x52,0x20,0x18,0x00,0x00,0x00,0x00,
0x00,0x00,0x00,0x00,0x00,0x00,0x00,0x00,0x00,0x00,0x00,0x00,0x00,0x00,0x00,0x00,
0x00,0x00,0x00,0x00,0x05,0x4a,0x4a,0x73,0x6a,0x6a,0x49,0x6a,0xc7,0x73,0x20,0x08,
0x00,0x00,0x00,0x00,0x00,0x00,0x00,0x00,0x00,0x00,0x00,0x00,0x00,0x00,0x00,0x00,
0x00,0x00,0x00,0x00,0x00,0x00,0x00,0x00,0x00,0x00,0x00,0x00,0x00,0x00,0x00,0x00,
0x00,0x00,0x00,0x00,0x00,0x00,0x00,0x00,0x00,0x00,0x00,0x00,0x00,0x00,0x00,0x00,
0x00,0x00,0x00,0x00,0x00,0x00,0x00,0x00,0x00,0x00,0x00,0x00,0xe3,0x62,0xc7,0x7b,
0xa5,0x49,0x20,0x08,0x20,0x08,0x41,0x08,0x60,0x30,0x0d,0xa4,0x6f,0xd5,0x53,0xee,
0xb4,0xfe,0xb4,0xf6,0x94,0xfe,0x94,0xf6,0x73,0xf6,0x94,0xf6,0xb4,0xfe,0xb4,0xf6,
0xcc,0xcc,0xcd,0xc4,0xc9,0x7a,0x00,0x10,0x00,0x00,0x20,0x00,0x20,0x08,0x00,0x00,
0x00,0x00,0x00,0x00,0x00,0x00,0x00,0x00,0x00,0x00,0x00,0x00,0x00,0x00,0x00,0x00,
0x00,0x00,0x00,0x00,0x00,0x00,0x00,0x00,0x00,0x00,0x00,0x00,0x00,0x00,0x00,0x00,
0x00,0x00,0x00,0x00,0x00,0x00,0x00,0x00,0x00,0x00,0x00,0x00,0x00,0x00,0x00,0x00,
0x00,0x00,0x00,0x00,0x00,0x00,0x00,0x00,0x88,0x62,0x47,0x62,0x00,0x00,0x00,0x00,
0x25,0x62,0xaf,0xbc,0xd6,0xf6,0x95,0xf6,0x91,0xd5,0x91,0xdd,0xcb,0xa3,0x28,0x93,
0x49,0x93,0x29,0x9b,0x29,0x8b,0x29,0x93,0xaa,0xa3,0x8a,0xa3,0xaa,0x9b,0xaa,0xa3,
0x90,0xd5,0x12,0xee,0x13,0xde,0xf6,0xfe,0xf6,0xf6,0xb5,0xf6,0xf1,0xb4,0x00,0x18,
0x41,0x00,0x20,0x08,0x2a,0x63,0xa7,0x5a,0x00,0x00,0x00,0x00,0x00,0x00,0x00,0x00,
0x00,0x00,0x00,0x00,0x00,0x00,0x00,0x00,0x00,0x00,0x00,0x00,0x00,0x00,0x00,0x00,
0x00,0x00,0x00,0x00,0x00,0x00,0x00,0x00,0x00,0x00,0x00,0x00,0x00,0x00,0x00,0x00,
0x00,0x00,0x00,0x00,0x00,0x10,0x14,0xbd,0x00,0x08,0x41,0x08,0xad,0xc4,0xf2,0xe5,
0xb1,0xed,0x4c,0xb4,0xe7,0x92,0x08,0x8b,0xe7,0x8a,0x28,0x8b,0x28,0x9b,0xaa,0x9b,
0xa9,0xab,0xeb,0xab,0x00,0x18,0xac,0x8b,0xaa,0xab,0xca,0xab,0xea,0xb3,0x8d,0xc4,
0x8c,0xcc,0xad,0xc4,0xac,0xc4,0xad,0xc4,0xad,0xcc,0x2f,0xd5,0x17,0xff,0x17,0xff,
0x74,0xfe,0x2b,0xac,0x00,0x00,0x20,0x00,0xaa,0x5a,0x00,0x00,0x00,0x00,0x00,0x00,
0x00,0x00,0x00,0x00,0x00,0x00,0x00,0x00,0x00,0x00,0x00,0x00,0x00,0x00,0x00,0x00,
0x00,0x00,0x00,0x00,0x00,0x00,0x00,0x00,0x00,0x00,0x00,0x00,0x00,0x00,0x00,0x00,
0xe5,0x7b,0x42,0x6b,0x00,0x00,0x00,0x00,0x91,0xdd,0x70,0xdd,0x92,0xdd,0xc6,0x8a,
0xc8,0x82,0xc7,0x8a,0x09,0x8b,0x08,0x93,0x09,0x8b,0x29,0x93,0x4a,0x9b,0xab,0xab,
0x85,0x5a,0xe0,0x30,0x85,0x6b,0x81,0x52,0xaa,0xa3,0xaa,0xab,0xaa,0xa3,0xaa,0xab,
0x8d,0xc4,0x8d,0xcc,0xad,0xc4,0x8c,0xc4,0x50,0xd5,0x2f,0xd5,0xad,0xbc,0x8d,0xc4,
0xee,0xc4,0x74,0xfe,0x13,0xe6,0x4f,0xd5,0x41,0x00,0x00,0x00,0x00,0x00,0x00,0x00,
0x00,0x00,0x00,0x00,0x00,0x00,0x00,0x00,0x00,0x00,0x00,0x00,0x00,0x00,0x00,0x00,
0x00,0x00,0x00,0x00,0x00,0x00,0x00,0x00,0x00,0x00,0x00,0x00,0x00,0x00,0xab,0x52,
0x00,0x08,0x41,0x08,0x6b,0xbc,0x94,0xfe,0x91,0xe5,0x28,0x8b,0xa7,0x8a,0xc7,0x82,
0x08,0x93,0x29,0x8b,0x08,0x93,0x29,0x93,0x28,0x9b,0x49,0x9b,0xe8,0x7a,0x80,0x28,
0x80,0x00,0x27,0x74,0xa6,0x6b,0x60,0x00,0xe1,0x89,0x63,0x9a,0x42,0xa2,0x02,0x9a,
0x64,0x92,0x27,0xa3,0x88,0xab,0xad,0xc4,0x4e,0xdd,0xcd,0xc4,0x2f,0xd5,0x4f,0xd5,
0x4e,0xdd,0x0e,0xcd,0x0e,0xcd,0x16,0xff,0xd5,0xfe,0x90,0xd5,0x20,0x10,0xc6,0x39,
0xc6,0x7b,0x40,0x08,0x00,0x00,0x00,0x00,0x00,0x00,0x00,0x00,0x00,0x00,0x00,0x00,
0x00,0x00,0x00,0x00,0x00,0x00,0x00,0x00,0x00,0x00,0x00,0x00,0x92,0x08,0x0e,0x00,
0x0b,0xac,0xd2,0xed,0x51,0xd5,0x65,0x7a,0xa8,0x82,0xe8,0x8a,0x09,0x8b,0xe8,0x92,
0x4a,0x93,0x08,0x93,0x66,0x7a,0x00,0x59,0x20,0x59,0x40,0x69,0xa4,0x51,0x00,0x20,
0xc4,0x7c,0xc0,0x42,0x01,0x64,0xe0,0x63,0x00,0x18,0x63,0x59,0xc2,0x49,0xe0,0x30,
0x20,0x61,0x81,0x71,0xc3,0x71,0x40,0x48,0x60,0x30,0x2d,0xb4,0x70,0xd5,0x70,0xdd,
0x50,0xd5,0x2f,0xd5,0x2f,0xd5,0x8c,0xc4,0xb1,0xd5,0x16,0xff,0xd3,0xdd,0x65,0x72,
0x00,0x08,0x89,0x5a,0x00,0x00,0x00,0x00,0x00,0x00,0x00,0x00,0x00,0x00,0x00,0x00,
0x00,0x00,0x00,0x00,0x00,0x00,0x00,0x00,0x00,0x00,0x00,0x00,0x00,0x18,0xd4,0xcd,
0x54,0xfe,0x89,0x9b,0x46,0x7a,0xc8,0x82,0xc7,0x8a,0xe8,0x8a,0x08,0x93,0x08,0x8b,
0xe7,0x92,0x41,0x51,0x60,0x89,0x80,0x89,0x00,0xaa,0xa2,0xba,0x06,0xa3,0x00,0x38,
0x01,0x85,0xc0,0x74,0x00,0x4b,0x04,0x85,0xc0,0x50,0xe2,0x69,0x80,0x5b,0xc3,0x7c,
0x60,0x51,0xa3,0x72,0xe0,0xa9,0x80,0x99,0x80,0xa1,0xa0,0xa1,0xa0,0x48,0x60,0x38,
0xcd,0xcc,0x4f,0xd5,0x4f,0xdd,0x6f,0xd5,0x4f,0xdd,0xcd,0xc4,0xf5,0xfe,0xf2,0xdd,
0x52,0xcd,0x80,0x28,0x00,0x00,0x00,0x00,0x00,0x00,0x00,0x00,0x00,0x00,0x00,0x00,
0x00,0x00,0x00,0x00,0x00,0x00,0x00,0x00,0x00,0x00,0x21,0x08,0x58,0xff,0x0e,0xc5,
0xe8,0x8a,0x87,0x82,0xc8,0x82,0xa7,0x8a,0x87,0x7a,0xe0,0x48,0x00,0x69,0x40,0x79,
0x02,0xab,0x0d,0xfe,0xc4,0xf4,0xe4,0xfc,0xa4,0xe3,0xa0,0xa9,0x41,0x08,0x00,0x08,
0x20,0x19,0x85,0x6b,0x64,0x5b,0xa0,0x21,0x80,0x31,0xc5,0x83,0xc1,0x5b,0x60,0x5b,
0x00,0x28,0xc8,0xb3,0xa9,0xed,0x6c,0xfe,0x01,0xf4,0x01,0xfc,0xe2,0xe2,0x40,0xd2,
0x44,0xa2,0xa0,0x70,0x80,0x30,0xcf,0xc4,0x4f,0xd5,0x2f,0xd5,0x50,0xd5,0xad,0xc4,
0xd8,0xf6,0x86,0x72,0x04,0x21,0x00,0x08,0x00,0x00,0x00,0x00,0x00,0x00,0x00,0x00,
0x00,0x00,0x00,0x00,0x00,0x00,0x00,0x00,0x40,0x20,0x76,0xe6,0x95,0xfe,0x65,0x6a,
0x86,0x7a,0xa7,0x7a,0xe8,0x8a,0x01,0x49,0xe0,0x60,0x61,0x69,0xc0,0xc1,0xa5,0xf3,
0x4b,0xfe,0x0b,0xfe,0xc0,0xf3,0xc0,0xeb,0x00,0x29,0xa5,0x7b,0xc0,0x84,0x21,0x85,
0x41,0x4a,0xa0,0x31,0x23,0x63,0x60,0x21,0x41,0x5b,0xe0,0x4a,0x20,0x53,0xe0,0x42,
0x60,0xba,0xa3,0xdb,0xc0,0xf3,0xe0,0xf3,0x66,0xfd,0x63,0xec,0xc0,0xea,0x00,0xeb,
0xc0,0xb9,0x41,0xc2,0xe3,0x89,0x60,0x50,0x43,0x82,0x2f,0xdd,0x2f,0xdd,0xcd,0xc4,
0x4b,0xb4,0x74,0xf6,0xe9,0x7a,0x42,0x39,0x00,0x00,0x00,0x00,0x00,0x00,0x00,0x00,
0x00,0x00,0x00,0x00,0x00,0x00,0x00,0x00,0x80,0x20,0x56,0xe6,0xcc,0xa3,0x46,0x7a,
0xa7,0x82,0x86,0x82,0xc0,0x48,0x41,0x61,0x20,0x81,0x63,0xb2,0xc5,0xe4,0x0a,0xfe,
0x42,0xec,0xe5,0xfc,0x69,0xd4,0xa0,0x60,0x42,0x85,0xa0,0x7c,0x24,0x6c,0xc0,0x42,
0x21,0x4b,0xe0,0x4a,0x20,0x21,0x03,0x63,0xa0,0x21,0x41,0x3a,0x60,0x10,0x60,0x18,
0x81,0x30,0x60,0x30,0x80,0x78,0xc4,0xca,0xa2,0xfb,0xc0,0xe2,0x82,0xfb,0xe0,0xea,
0x81,0xda,0x20,0xda,0xa0,0xa1,0xa0,0xa9,0x62,0x61,0x80,0x48,0xef,0xc4,0xee,0xcc,
0x4c,0xb4,0x50,0xdd,0x4b,0x7b,0xa4,0x51,0x00,0x00,0x00,0x00,0x00,0x00,0x00,0x00,
0x00,0x00,0x00,0x00,0x00,0x00,0x61,0x08,0x48,0x8b,0xb6,0xf6,0x05,0x6a,0x26,0x6a,
0x46,0x6a,0x80,0x30,0x40,0x81,0xa1,0x81,0x20,0x99,0x85,0xdb,0x60,0xf3,0x23,0xfc,
0xa2,0xfb,0x00,0xdb,0xc2,0xda,0x00,0xc2,0xc0,0x29,0x85,0x7c,0x40,0x53,0x42,0x6c,
0x40,0x32,0xc3,0x5b,0x22,0x42,0xe0,0x10,0xc0,0x50,0x41,0x59,0x40,0x9a,0xc3,0xcb,
0x01,0xe4,0xa0,0xd3,0xc4,0x61,0x00,0x20,0xe0,0xc9,0xe2,0xe2,0x20,0xfb,0x40,0xf3,
0x41,0xe2,0xa0,0xc9,0x60,0x91,0x00,0x79,0x81,0xba,0xa0,0x99,0xe0,0x48,0x8e,0xb4,
0x0a,0xb4,0x0f,0xcd,0x93,0xd5,0x80,0x28,0xe3,0x28,0x00,0x00,0x00,0x00,0x00,0x00,
0x00,0x00,0x00,0x00,0x00,0x00,0x41,0x08,0xaa,0x8b,0x75,0xee,0x84,0x51,0x87,0x7a,
0xc4,0x61,0x01,0x51,0x41,0x69,0xc0,0x60,0xc0,0xb1,0xc2,0xda,0x41,0xfb,0x00,0xf3,
0x22,0xf3,0xa0,0xea,0x61,0xda,0x20,0xda,0x00,0x29,0x43,0x5a,0x00,0x64,0x41,0x74,
0x22,0x4b,0x40,0x3a,0x82,0x39,0xa0,0x20,0x80,0x42,0x62,0x63,0x20,0x5a,0x83,0x8b,
0x41,0xcc,0xe0,0xcb,0x86,0x92,0x00,0x38,0x60,0xa1,0x21,0xc2,0xa1,0xe2,0x40,0xe2,
0xe1,0xc9,0x60,0xc1,0x42,0x79,0x60,0x68,0xe1,0x91,0x60,0x89,0x21,0x59,0xa7,0x92,
0x2c,0xac,0xce,0xcc,0xd4,0xcd,0x80,0x28,0xe4,0x20,0x00,0x08,0x00,0x00,0x00,0x00,
0x00,0x00,0x00,0x00,0x00,0x00,0x61,0x08,0x69,0x93,0x75,0xee,0x22,0x49,0xe5,0x59,
0xe0,0x68,0xc2,0x81,0x40,0xca,0x02,0xdb,0xa1,0xa1,0x20,0x89,0xc0,0x98,0xa2,0xa9,
0xc0,0xc9,0xe0,0xc1,0x01,0xda,0xa0,0xc1,0x00,0xca,0xe0,0xb9,0xc0,0x49,0xc0,0x41,
0x00,0x49,0x61,0x51,0x20,0x71,0x00,0x69,0xe0,0x39,0x20,0x3a,0xa6,0xa4,0x00,0x4a,
0x80,0x39,0xc2,0x5a,0x00,0xeb,0xe2,0xfb,0x60,0x68,0x62,0x81,0xa0,0xc1,0x80,0xb9,
0x00,0x91,0xc0,0x80,0xa0,0x60,0x21,0x69,0xc0,0xd2,0x80,0xc2,0xe1,0x91,0x40,0x79,
0xe6,0x8a,0x0f,0xcd,0xb3,0xd5,0xa0,0x28,0xe3,0x20,0x00,0x00,0x00,0x00,0x00,0x00,
0x00,0x00,0x00,0x00,0x00,0x00,0x21,0x08,0x8a,0x8b,0x75,0xee,0x02,0x39,0xa1,0x38,
0xa0,0x91,0xe0,0xa1,0x81,0xca,0x40,0xc2,0x60,0xe3,0x23,0xfc,0xe5,0xca,0x80,0x80,
0x00,0xa1,0xe1,0xc1,0x80,0xb9,0x61,0xda,0xa1,0xf3,0xa1,0xfb,0xc3,0x91,0x80,0x70,
0x60,0x99,0xc0,0xb1,0x63,0xb2,0x00,0x91,0xa0,0x41,0xc4,0x8b,0x80,0x73,0xa3,0xa4,
0x80,0xeb,0xc1,0xfb,0x42,0xf3,0xc0,0xea,0xe4,0x91,0x20,0x60,0xe1,0x78,0xc0,0x78,
0xc1,0x58,0x80,0x58,0x20,0xaa,0xe0,0xa9,0x41,0xb2,0xe0,0xb1,0x42,0xa2,0x80,0x91,
0x60,0x28,0x11,0xc5,0xf5,0xd5,0x80,0x28,0x04,0x21,0x00,0x00,0x00,0x00,0x00,0x00,
0x00,0x00,0x00,0x00,0x00,0x00,0x41,0x08,0x25,0x62,0x39,0xff,0x31,0xc5,0x20,0x18,
0x60,0x91,0xc1,0x91,0x80,0xa1,0x61,0xb2,0x06,0xed,0x4c,0xfe,0x05,0xfd,0x80,0xdb,
0xc0,0x70,0x41,0x81,0x20,0xf3,0x20,0xeb,0x01,0xeb,0x20,0xc2,0xe0,0x88,0xe4,0xc2,
0x60,0xf3,0xc1,0xfb,0xa0,0xb9,0xc2,0xd2,0x20,0x69,0x00,0x61,0x60,0xeb,0x22,0xfc,
0x01,0xfc,0x60,0xeb,0x41,0xe2,0xe0,0xc9,0xa1,0xb1,0x20,0x91,0xa0,0x60,0xe0,0x60,
0xc0,0xa9,0x23,0xd3,0xe5,0xfc,0x40,0xd3,0x80,0x91,0xe1,0x99,0x20,0xaa,0xc0,0x99,
0x00,0x10,0x76,0xde,0xf1,0xbc,0x60,0x20,0xc2,0x20,0x00,0x00,0x00,0x00,0x00,0x00,
0x00,0x00,0x00,0x00,0x00,0x00,0x41,0x08,0x05,0x52,0x7a,0xff,0x3b,0xef,0x00,0x10,
0x20,0x79,0xe1,0x99,0xc1,0xd2,0x60,0xd2,0x80,0xca,0x62,0xeb,0x83,0xe3,0x20,0xba,
0x02,0xb2,0x20,0x99,0x23,0xeb,0x00,0xca,0x01,0x79,0xc0,0x78,0x20,0xe3,0x20,0xeb,
0x60,0xca,0xa0,0xda,0x41,0xe3,0x00,0xeb,0xc3,0x81,0x40,0x58,0x60,0xb1,0x62,0xda,
0xc2,0xe2,0xa0,0xc9,0x60,0xb1,0x40,0xb9,0xa2,0x91,0xc0,0x78,0xa0,0x70,0x63,0xb2,
0xc4,0xf4,0xa3,0xfc,0x61,0xdb,0xc2,0xeb,0x23,0xd3,0xe0,0xa9,0x02,0x9a,0x60,0x89,
0x00,0x10,0x55,0xe6,0xed,0x93,0x00,0x20,0xe3,0x20,0x00,0x08,0x00,0x00,0x00,0x00,
0x00,0x00,0x00,0x00,0x40,0x08,0xc7,0x7b,0x80,0x30,0x52,0xc5,0xdc,0xff,0x7b,0xf7,
0x00,0x38,0x25,0x7a,0x20,0xc2,0x60,0xc2,0x00,0xe3,0x20,0xdb,0x41,0xba,0x80,0x99,
0x80,0xd2,0x62,0xeb,0x02,0xb2,0xe0,0x80,0xe0,0x80,0x89,0xec,0x23,0xfd,0x85,0xfd,
0x23,0xfc,0x00,0xdb,0xe0,0xc9,0xe0,0xc1,0x01,0xeb,0x40,0xca,0x40,0x99,0x60,0x99,
0x60,0xb1,0x60,0xa9,0x61,0x99,0x60,0x78,0xc0,0xa9,0x63,0xdb,0x00,0xba,0x20,0xb2,
0x00,0xc3,0x89,0xfd,0x20,0xe3,0x40,0xe3,0x41,0xba,0xc0,0xa1,0xc4,0x71,0x00,0x28,
0xd5,0xfe,0xce,0xbc,0x67,0x6a,0x80,0x28,0x24,0xa9,0x00,0x58,0x00,0x00,0x00,0x00,
0x00,0x00,0x00,0x00,0x00,0x00,0x00,0x00,0x40,0x20,0x2e,0xa4,0xb5,0xee,0x78,0xff,
0x77,0xde,0x00,0x10,0x60,0x89,0xe1,0xa1,0x80,0xca,0x62,0xeb,0xe0,0xa9,0x45,0xfc,
0x60,0xdb,0x63,0xfc,0xc1,0x60,0x80,0x58,0x82,0xf4,0xa2,0xfc,0x2f,0xff,0xaa,0xed,
0xe2,0xfb,0x40,0xeb,0x64,0xeb,0x20,0xa9,0x40,0xca,0x40,0xd2,0x41,0xc2,0xc0,0xb9,
0x60,0x40,0x80,0x48,0x60,0x48,0xc1,0x58,0x01,0xec,0x21,0xfc,0xc1,0xd2,0xa0,0xd2,
0xe0,0xb1,0x41,0xc2,0x42,0xdb,0x40,0xc2,0xc0,0xa1,0xe0,0xa9,0x00,0x08,0xd8,0xee,
0xf7,0xfe,0x68,0x9b,0x23,0x31,0x03,0x31,0x00,0x00,0x00,0x00,0x00,0x00,0x00,0x00,
0x00,0x00,0x00,0x00,0x00,0x00,0x00,0x00,0x40,0x20,0xea,0x72,0xa2,0x61,0xab,0xa3,
0x54,0xee,0x99,0xff,0x97,0xee,0x20,0x18,0x00,0x30,0x65,0x82,0x80,0xca,0xc1,0xca,
0x61,0xc2,0xc0,0xa1,0x00,0xd3,0xc6,0xfc,0xe4,0xfc,0x86,0xfd,0xa2,0xfc,0x40,0xec,
0x62,0xf3,0x40,0xc2,0x80,0xb1,0x23,0xdb,0x60,0xf3,0x00,0xe3,0x81,0xd2,0xa0,0xb1,
0x20,0x89,0x20,0x81,0x40,0xc2,0x02,0xd3,0x60,0xe3,0x81,0xdb,0xa1,0xda,0x40,0xc2,
0x02,0xe3,0x40,0xc2,0x45,0x8a,0x00,0x28,0x00,0x18,0xb7,0xe6,0x95,0xfe,0x71,0xd5,
0x29,0x93,0xe4,0x61,0xc2,0x28,0xa2,0x20,0x00,0x00,0x00,0x00,0x00,0x00,0x00,0x00,
0x00,0x00,0x00,0x00,0x00,0x00,0x00,0x00,0x20,0x18,0x8b,0x8b,0xec,0xa3,0xe4,0x71,
0xeb,0xb3,0xee,0xdc,0xba,0xff,0x59,0xff,0xf5,0xd5,0x00,0x18,0x00,0x20,0x63,0x61,
0x00,0xb2,0x20,0xc2,0x80,0xba,0x83,0xe3,0xa6,0xfd,0xa6,0xfd,0x02,0xf4,0x80,0xf3,
0x41,0xca,0xa0,0xc1,0xa0,0xa9,0x41,0xc2,0xc0,0xda,0xc0,0xe2,0xe2,0xa1,0x20,0x91,
0x00,0xb2,0x20,0xba,0x23,0xf4,0xc0,0xd2,0xa1,0xc2,0x00,0xba,0x21,0xb2,0xa0,0xa9,
0xe5,0x71,0x00,0x28,0x00,0x08,0xf9,0xf6,0x37,0xff,0x94,0xf6,0x6a,0x93,0x66,0x7a,
0x42,0x49,0xc8,0x82,0x24,0x31,0xa1,0x20,0x00,0x00,0x00,0x00,0x00,0x00,0x00,0x00,
0x00,0x00,0x00,0x00,0x00,0x00,0x00,0x00,0x00,0x20,0xac,0x8b,0xf1,0xf5,0x0e,0xcd,
0x04,0x72,0xcb,0xa3,0xef,0xbc,0xdb,0xff,0xf5,0xfe,0x37,0xff,0xb7,0xf6,0x00,0x18,
0x00,0x00,0x00,0x00,0x00,0xb2,0xc2,0xc2,0xc0,0xda,0x41,0xe3,0x21,0xe3,0x80,0xca,
0xa0,0xb1,0x61,0xc2,0xc0,0xe2,0xe0,0xe2,0x41,0xc2,0x60,0xa1,0xc0,0xb1,0x82,0xc2,
0xe1,0xda,0x80,0xc2,0x20,0xba,0x40,0xb2,0x40,0xba,0x81,0xc2,0x00,0x00,0x00,0x00,
0xa0,0x38,0xd6,0xf6,0xd5,0xfe,0xf1,0xdd,0x2c,0xbc,0x86,0x82,0xc8,0x8a,0x62,0x51,
0xe8,0x8a,0x87,0x72,0x40,0x18,0xc3,0x20,0x00,0x00,0x00,0x00,0x00,0x00,0x00,0x00,
0x00,0x00,0x00,0x00,0x00,0x00,0x00,0x00,0x00,0x00,0x00,0x00,0x33,0xee,0xf1,0xed,
0xd3,0xe5,0x65,0x7a,0x66,0x72,0x8a,0xa3,0x31,0xbd,0x79,0xff,0x9b,0xff,0x7a,0xff,
0x58,0xff,0x90,0xd5,0x20,0x00,0x00,0x08,0x00,0x00,0x00,0x08,0xe0,0xa9,0x41,0xc2,
0xe0,0xa9,0xc0,0xa9,0xe0,0xa9,0xe0,0xb1,0xe0,0xa9,0xe0,0xb1,0x00,0xaa,0xe0,0xb1,
0xe0,0x99,0xe0,0xa1,0x21,0x08,0x00,0x08,0x21,0x08,0x00,0x08,0xd5,0xf6,0xd5,0xfe,
0xb5,0xf6,0xb5,0xfe,0xcf,0xc4,0x86,0x82,0xa8,0x7a,0x63,0x59,0x83,0x59,0x2a,0x93,
0xcd,0x9b,0x46,0x6a,0x62,0x08,0x00,0x00,0x00,0x00,0x00,0x00,0x00,0x00,0x00,0x00,
0x00,0x00,0x00,0x00,0x00,0x00,0x00,0x00,0x00,0x00,0x21,0x00,0x73,0xfe,0x11,0xe6,
0x32,0xf6,0x12,0xee,0xce,0xcc,0x85,0x7a,0xca,0xb3,0x2c,0xb4,0xee,0xc4,0x17,0xff,
0xbb,0xff,0xbc,0xff,0x37,0xff,0x37,0xff,0x73,0xfe,0x2e,0xd5,0x20,0x08,0x00,0x00,
0x00,0x08,0x20,0x00,0x00,0x08,0x00,0x00,0x00,0x08,0x20,0x00,0x00,0x08,0x20,0x00,
0x00,0x08,0x20,0x00,0x8f,0xe5,0xaf,0xe5,0xb4,0xfe,0xf5,0xfe,0xf6,0xfe,0xb1,0xd5,
0x6d,0xc4,0xe7,0x8a,0x46,0x72,0x83,0x51,0x83,0x61,0xe9,0x82,0xc7,0x8a,0x6a,0x9b,
0xcc,0x9b,0x06,0x62,0x61,0x10,0x00,0x00,0x00,0x00,0x00,0x00,0x00,0x00,0x00,0x00,
0x00,0x00,0x00,0x00,0x00,0x00,0x00,0x00,0x00,0x00,0x00,0x00,0x2b,0xb4,0xb1,0xed,
0x33,0xee,0x32,0xee,0x33,0xee,0x12,0xee,0xab,0xa3,0x65,0x7a,0x66,0x72,0x29,0x93,
0x69,0x9b,0xce,0xcc,0x95,0xee,0xb5,0xfe,0x79,0xff,0x38,0xff,0x59,0xff,0x59,0xff,
0x59,0xff,0x38,0xff,0x37,0xff,0x17,0xff,0x17,0xff,0x17,0xff,0x17,0xf7,0xf7,0xfe,
0x17,0xff,0xf6,0xfe,0xb5,0xf6,0x74,0xf6,0x75,0xf6,0x8d,0xc4,0x2a,0x8b,0x05,0x72,
0x47,0x6a,0xc4,0x61,0xc4,0x59,0xe9,0x8a,0x09,0x8b,0x08,0x93,0x4a,0x93,0x8b,0xa3,
0x2f,0x9c,0xe2,0x38,0x62,0x08,0x00,0x00,0x00,0x00,0x00,0x00,0x00,0x00,0x00,0x00,
0x00,0x00,0x00,0x00,0x00,0x00,0x00,0x00,0x00,0x00,0x00,0x00,0x00,0x10,0xb4,0xcd,
0x52,0xf6,0x53,0xee,0x32,0xf6,0x53,0xee,0xb4,0xfe,0xb4,0xf6,0xce,0xcc,0x89,0x9b,
0x25,0x72,0x86,0x7a,0xca,0xb3,0xca,0xab,0x07,0x93,0x4d,0xb4,0x6f,0xdd,0x12,0xee,
0x11,0xee,0x12,0xee,0x11,0xee,0x12,0xe6,0xf1,0xed,0xf1,0xe5,0xf1,0xed,0x12,0xe6,
0x4b,0xc4,0x4c,0xbc,0x87,0x82,0x66,0x72,0x46,0x72,0x87,0x7a,0x83,0x51,0xa4,0x51,
0x83,0x59,0x4a,0x93,0x48,0x9b,0x49,0x93,0x08,0x93,0x29,0x93,0x29,0x9b,0x8b,0x9b,
0x90,0xb4,0x20,0x18,0x00,0x00,0x00,0x00,0x00,0x00,0x00,0x00,0x00,0x00,0x00,0x00,
0x00,0x00,0x00,0x00,0x00,0x00,0x00,0x00,0x00,0x00,0x00,0x00,0x00,0x10,0x8f,0xb4,
0x90,0xd5,0x33,0xf6,0x53,0xee,0x74,0xf6,0x94,0xee,0x94,0xfe,0xbc,0xff,0xbc,0xff,
0x33,0xee,0xb0,0xe5,0x08,0x8b,0x28,0x93,0x26,0x6a,0x05,0x6a,0x46,0x6a,0x26,0x72,
0x06,0x62,0xe5,0x69,0x26,0x6a,0x26,0x72,0xe5,0x61,0xe5,0x61,0xe5,0x61,0xe5,0x61,
0xe5,0x59,0xc4,0x61,0x26,0x62,0x26,0x6a,0xa4,0x51,0xa4,0x59,0x49,0x9b,0x49,0xa3,
0x6a,0x9b,0x69,0xa3,0x6a,0x9b,0x49,0xa3,0x29,0x93,0x09,0x93,0x6b,0x93,0xac,0xa3,
0x2b,0x7b,0x20,0x20,0x00,0x00,0x00,0x00,0x00,0x00,0x00,0x00,0x00,0x00,0x00,0x00,
0x00,0x00,0x00,0x00,0x00,0x00,0x00,0x00,0x00,0x00,0x00,0x00,0x00,0x00,0x20,0x00,
0x4e,0xdd,0x90,0xdd,0x73,0xf6,0x53,0xee,0x94,0xf6,0xd5,0xfe,0x17,0xff,0x79,0xff,
0x99,0xff,0xf7,0xee,0x93,0xfe,0x32,0xe6,0xd1,0xed,0x90,0xdd,0xea,0xbb,0x0b,0xb4,
0xeb,0xb3,0x28,0x93,0x28,0x9b,0x08,0x8b,0xc7,0x8a,0xe8,0x8a,0x69,0xa3,0x8a,0x9b,
0x69,0xa3,0x8a,0x9b,0x69,0xa3,0x0b,0xb4,0xeb,0xb3,0xeb,0xab,0xea,0xb3,0xaa,0xa3,
0xca,0xb3,0xea,0xab,0x69,0xa3,0x49,0x93,0x29,0x9b,0x6a,0x9b,0x6a,0xa3,0x0d,0xac,
0x00,0x00,0x00,0x00,0x00,0x00,0x00,0x00,0x00,0x00,0x00,0x00,0x00,0x00,0x00,0x00,
0x00,0x00,0x00,0x00,0x00,0x00,0x00,0x00,0x00,0x00,0x00,0x00,0x00,0x00,0x00,0x00,
0x8c,0xbc,0x4f,0xdd,0xb1,0xdd,0x33,0xf6,0x94,0xee,0x74,0xf6,0xd7,0xee,0x9a,0xff,
0x79,0xff,0x38,0xff,0x95,0xee,0x94,0xf6,0x95,0xee,0x94,0xf6,0x53,0xe6,0x32,0xee,
0xb1,0xdd,0xb0,0xe5,0xb1,0xdd,0x6f,0xdd,0x4f,0xd5,0xee,0xd4,0xee,0xcc,0xee,0xcc,
0x8d,0xc4,0x8d,0xc4,0xae,0xc4,0xad,0xcc,0xeb,0xab,0xeb,0xb3,0xeb,0xab,0x89,0xa3,
0xaa,0xa3,0x69,0xa3,0x29,0x8b,0xab,0xa3,0x4a,0x93,0x6a,0x9b,0xec,0xab,0x29,0x93,
0x21,0x00,0x00,0x00,0x00,0x00,0x00,0x00,0x00,0x00,0x00,0x00,0x00,0x00,0x00,0x00,
0x00,0x00,0x00,0x00,0x00,0x00,0x00,0x00,0x00,0x00,0x00,0x00,0x00,0x00,0x00,0x00,
0x00,0x20,0x31,0xbd,0x6f,0xdd,0x53,0xf6,0x53,0xf6,0xd5,0xf6,0xb4,0xfe,0xb5,0xf6,
0x16,0xff,0x94,0xf6,0x94,0xf6,0xb4,0xf6,0xb4,0xfe,0x53,0xee,0x12,0xee,0xd1,0xe5,
0x11,0xee,0x32,0xe6,0xb0,0xe5,0xd1,0xe5,0x6f,0xdd,0x90,0xdd,0x2e,0xd5,0x0e,0xcd,
0x8d,0xc4,0x2b,0xb4,0x4c,0xc4,0x6c,0xbc,0xea,0xb3,0x2b,0xb4,0x89,0xab,0x8a,0xa3,
0x69,0xa3,0x28,0x93,0x49,0x9b,0x29,0x93,0x29,0x9b,0xed,0xab,0x0e,0x9c,0x00,0x10,
0x00,0x00,0x00,0x00,0x00,0x00,0x00,0x00,0x00,0x00,0x00,0x00,0x00,0x00,0x00,0x00,
0x00,0x00,0x00,0x00,0x00,0x00,0x00,0x00,0x00,0x00,0x00,0x00,0x00,0x00,0x00,0x00,
0xab,0x52,0x20,0x08,0xce,0xc4,0x70,0xdd,0xd1,0xe5,0xb0,0xe5,0x12,0xe6,0x73,0xf6,
0x94,0xf6,0x12,0xe6,0x94,0xf6,0x32,0xee,0x12,0xe6,0x33,0xee,0x12,0xe6,0xd1,0xe5,
0xd1,0xdd,0xb0,0xe5,0x90,0xdd,0x90,0xdd,0x4f,0xd5,0x0e,0xd5,0x2f,0xd5,0xcd,0xcc,
0x8d,0xc4,0x6c,0xc4,0x8d,0xbc,0x0b,0xb4,0xeb,0xab,0xca,0xb3,0xaa,0xa3,0x69,0xa3,
0x29,0x93,0x09,0x93,0x4a,0x93,0x4a,0x9b,0xcc,0xa3,0x2a,0x93,0x00,0x00,0x00,0x00,
0x00,0x00,0x00,0x00,0x00,0x00,0x00,0x00,0x00,0x00,0x00,0x00,0x00,0x00,0x00,0x00,
0x00,0x00,0x00,0x00,0x00,0x00,0x00,0x00,0x00,0x00,0x00,0x00,0x00,0x00,0x00,0x00,
0x00,0x08,0x29,0x63,0x00,0x18,0x52,0xbd,0x0d,0xd5,0xb1,0xe5,0xf1,0xed,0x12,0xee,
0x53,0xee,0xb5,0xf6,0x32,0xee,0x32,0xee,0x4e,0xdd,0xd0,0xe5,0xb0,0xe5,0xb0,0xdd,
0x4f,0xdd,0x2f,0xd5,0xb0,0xe5,0x4f,0xd5,0xed,0xd4,0x0e,0xcd,0xee,0xd4,0xad,0xc4,
0xcd,0xd4,0x6c,0xbc,0x2c,0xbc,0xeb,0xab,0x4c,0xc4,0xca,0xab,0x69,0x9b,0x29,0x93,
0x09,0x93,0x8b,0x9b,0x4a,0x9b,0xec,0xa3,0x6b,0x8b,0x20,0x18,0x00,0x00,0x00,0x00,
0x00,0x00,0x00,0x00,0x00,0x00,0x00,0x00,0x00,0x00,0x00,0x00,0x00,0x00,0x00,0x00,
0x00,0x00,0x00,0x00,0x00,0x00,0x00,0x00,0x00,0x00,0x00,0x00,0x00,0x00,0x00,0x00,
0x00,0x00,0x00,0x00,0xe8,0x39,0x00,0x08,0x0e,0xcd,0x4f,0xdd,0x70,0xd5,0xf2,0xed,
0xd1,0xe5,0xb0,0xe5,0x12,0xe6,0x12,0xee,0x12,0xe6,0xf1,0xed,0xd1,0xdd,0xb1,0xe5,
0x4f,0xd5,0x2f,0xd5,0x4f,0xd5,0x8c,0xc4,0x2f,0xd5,0xee,0xd4,0xad,0xc4,0xce,0xcc,
0xeb,0xab,0xca,0xab,0xcb,0xab,0xeb,0xb3,0x2c,0xb4,0x69,0xa3,0x29,0x93,0x29,0x9b,
0x8b,0x9b,0x6a,0x9b,0xac,0x9b,0x6b,0x9b,0x21,0x00,0x00,0x00,0x00,0x00,0x00,0x00,
0x00,0x00,0x00,0x00,0x00,0x00,0x00,0x00,0x00,0x00,0x00,0x00,0x00,0x00,0x00,0x00,
0x00,0x00,0x00,0x00,0x00,0x00,0x00,0x00,0x00,0x00,0x00,0x00,0x00,0x00,0x00,0x00,
0x00,0x00,0x00,0x00,0x00,0x00,0x00,0x00,0x20,0x20,0x8f,0xac,0x2e,0xd5,0x4f,0xd5,
0xad,0xcc,0x4f,0xd5,0xb0,0xe5,0xd1,0xe5,0x2e,0xdd,0x4f,0xd5,0xd1,0xed,0x90,0xdd,
0xb0,0xe5,0xd1,0xe5,0x2e,0xdd,0x4f,0xd5,0x8c,0xcc,0x8d,0xc4,0xed,0xcc,0xcd,0xc4,
0x2b,0xbc,0xaa,0xa3,0x0b,0xb4,0x6c,0xbc,0xaa,0xab,0x8a,0xa3,0x28,0x9b,0x49,0x9b,
0x49,0x9b,0xab,0xa3,0xed,0x9b,0x00,0x10,0x00,0x00,0x00,0x00,0x00,0x00,0x00,0x00,
0x00,0x00,0x00,0x00,0x00,0x00,0x00,0x00,0x00,0x00,0x00,0x00,0x00,0x00,0x00,0x00,
0x00,0x00,0x00,0x00,0x00,0x00,0x00,0x00,0x00,0x00,0x00,0x00,0x00,0x00,0x00,0x00,
0x00,0x00,0x00,0x00,0x00,0x00,0x00,0x00,0x00,0x00,0x20,0x08,0xe3,0x61,0xef,0xcc,
0xae,0xc4,0x8c,0xc4,0x2f,0xd5,0xce,0xcc,0x90,0xd5,0x90,0xdd,0x4f,0xd5,0x0e,0xd5,
0x0e,0xcd,0x6c,0xc4,0xce,0xcc,0xad,0xcc,0x6d,0xbc,0x8d,0xc4,0x8e,0xc4,0xca,0xab,
0xcb,0xab,0x2c,0xbc,0xec,0xab,0x49,0x9b,0x29,0x93,0x09,0x93,0x29,0x93,0xec,0xab,
0xed,0xa3,0x83,0x59,0x00,0x00,0x00,0x00,0x00,0x00,0x00,0x00,0x00,0x00,0x00,0x00,
0x00,0x00,0x00,0x00,0x00,0x00,0x00,0x00,0x00,0x00,0x00,0x00,0x00,0x00,0x00,0x00,
0x00,0x00,0x00,0x00,0x00,0x00,0x00,0x00,0x00,0x00,0x00,0x00,0x00,0x00,0x00,0x00,
0x00,0x00,0x00,0x00,0x00,0x00,0x00,0x00,0x00,0x00,0x00,0x00,0xa1,0x18,0x20,0x00,
0x63,0x49,0x06,0x52,0x0b,0xb4,0x0b,0xb4,0x0b,0xbc,0x4c,0xbc,0x4c,0xc4,0x4c,0xbc,
0x6c,0xc4,0x8d,0xbc,0x4c,0xc4,0x8d,0xbc,0xaa,0xab,0xcb,0xab,0xaa,0xab,0x69,0x9b,
0x69,0xa3,0x69,0x9b,0x69,0xa3,0x6a,0x9b,0x6a,0xa3,0x29,0x93,0x61,0x18,0x81,0x10,
0x20,0x08,0xc5,0x39,0x00,0x00,0x00,0x00,0x00,0x00,0x00,0x00,0x00,0x00,0x00,0x00,
0x00,0x00,0x00,0x00,0x00,0x00,0x00,0x00,0x00,0x00,0x00,0x00,0x00,0x00,0x00,0x00,
0x00,0x00,0x00,0x00,0x00,0x00,0x00,0x00,0x00,0x00,0x00,0x00,0x00,0x00,0x00,0x00,
0x00,0x00,0x00,0x00,0x00,0x00,0x00,0x00,0x00,0x00,0x00,0x00,0x00,0x00,0xff,0xff,
0x20,0x18,0x06,0x5a,0x62,0x10,0x41,0x10,0xc4,0x61,0xab,0xa3,0x8a,0xa3,0x2c,0xbc,
0x2c,0xb4,0x2c,0xbc,0x4c,0xb4,0xeb,0xb3,0xab,0xa3,0xaa,0xab,0xcb,0xa3,0xaa,0xa3,
0xc8,0x82,0x66,0x7a,0x48,0x5a,0x00,0x18,0x20,0x08,0xe3,0x28,0x27,0x52,0x00,0x10,
0x85,0x4a,0x20,0x08,0x00,0x00,0x00,0x00,0x00,0x00,0x00,0x00,0x00,0x00,0x00,0x00,
0x00,0x00,0x00,0x00,0x00,0x00,0x00,0x00,0x00,0x00,0x00,0x00,0x00,0x00,0x00,0x00,
0x00,0x00,0x00,0x00,0x00,0x00,0x00,0x00,0x00,0x00,0x00,0x00,0x00,0x00,0x00,0x00,
0x00,0x00,0x00,0x00,0x00,0x00,0x00,0x00,0x00,0x00,0x00,0x00,0x00,0x00,0x00,0x00,
0x44,0x39,0x40,0x10,0xeb,0xbb,0xeb,0xb3,0xe5,0x61,0xc1,0x30,0xa1,0x30,0xc2,0x30,
0xa1,0x30,0xa1,0x28,0xc1,0x30,0xc2,0x30,0xc1,0x30,0xe2,0x30,0x02,0x39,0xe1,0x30,
0x40,0x20,0x81,0x18,0x22,0x49,0x26,0x6a,0x08,0x9b,0x28,0x93,0x00,0x10,0xc3,0x20,
0x00,0x00,0x00,0x00,0x00,0x00,0x00,0x00,0x00,0x00,0x00,0x00,0x00,0x00,0x00,0x00,
0x00,0x00,0x00,0x00,0x00,0x00,0x00,0x00,0x00,0x00,0x00,0x00,0x00,0x00,0x00,0x00,
0x00,0x00,0x00,0x00,0x00,0x00,0x00,0x00,0x00,0x00,0x00,0x00,0x00,0x00,0x00,0x00,
0x00,0x00,0x00,0x00,0x00,0x00,0x00,0x00,0x00,0x00,0x00,0x00,0x00,0x00,0x00,0x00,
0x00,0x00,0x24,0x31,0x80,0x28,0xcc,0x9b,0xef,0xcc,0x0f,0xd5,0xcb,0xa3,0x49,0x9b,
0xc8,0x82,0xc7,0x8a,0x87,0x7a,0x86,0x82,0x87,0x72,0x66,0x7a,0x87,0x7a,0x66,0x7a,
0xc8,0x82,0x8b,0xa3,0xab,0xa3,0x8b,0xa3,0xa9,0x72,0xa0,0x30,0xe4,0x20,0x00,0x08,
0x00,0x00,0x00,0x00,0x00,0x00,0x00,0x00,0x00,0x00,0x00,0x00,0x00,0x00,0x00,0x00,
0x00,0x00,0x00,0x00,0x00,0x00,0x00,0x00,0x00,0x00,0x00,0x00,0x00,0x00,0x00,0x00,
0x00,0x00,0x00,0x00,0x00,0x00,0x00,0x00,0x00,0x00,0x00,0x00,0x00,0x00,0x00,0x00,
0x00,0x00,0x00,0x00,0x00,0x00,0x00,0x00,0x00,0x00,0x00,0x00,0x00,0x00,0x00,0x00,
0x00,0x00,0x00,0x00,0xe2,0x30,0x23,0x29,0x23,0x39,0xa5,0x41,0xa9,0xab,0x2c,0xb4,
0xeb,0xb3,0x6d,0xbc,0xaa,0xab,0xaa,0xa3,0x89,0xa3,0x69,0x9b,0x28,0x9b,0x69,0x9b,
0xc8,0x8a,0x46,0x72,0xc2,0x28,0xc2,0x20,0xa1,0x28,0xa2,0x20,0xe3,0x41,0x20,0x00,
0x00,0x00,0x00,0x00,0x00,0x00,0x00,0x00,0x00,0x00,0x00,0x00,0x00,0x00,0x00,0x00,
0x00,0x00,0x00,0x00,0x00,0x00,0x00,0x00,0x00,0x00,0x00,0x00,0x00,0x00,0x00,0x00,
0x00,0x00,0x00,0x00,0x00,0x00,0x00,0x00,0x00,0x00,0x00,0x00,0x00,0x00,0x00,0x00,
0x00,0x00,0x00,0x00,0x00,0x00,0x00,0x00,0x00,0x00,0x00,0x00,0x00,0x00,0x00,0x00,
0x00,0x00,0x00,0x00,0x00,0x00,0x00,0x00,0x84,0x31,0x83,0x39,0x41,0x08,0x82,0x18,
0x62,0x10,0x20,0x10,0x41,0x08,0x41,0x10,0x41,0x08,0x41,0x10,0x62,0x10,0x41,0x10,
0x00,0x00,0x20,0x08,0x44,0x29,0x00,0x08,0x00,0x00,0x00,0x00,0x00,0x00,0x00,0x00,
0x00,0x00,0x00,0x00,0x00,0x00,0x00,0x00,0x00,0x00,0x00,0x00,0x00,0x00,0x00,0x00,
0x00,0x00,0x00,0x00,0x00,0x00,0x00,0x00,0x00,0x00,0x00,0x00,0x00,0x00,0x00,0x00,
0x00,0x00,0x00,0x00,0x00,0x00,0x00,0x00,0x00,0x00,0x00,0x00,0x00,0x00,0x00,0x00,
0x00,0x00,0x00,0x00,0x00,0x00,0x00,0x00,0x00,0x00,0x00,0x00,0x00,0x00,0x00,0x00,
0x00,0x00,0x00,0x00,0x00,0x00,0x00,0x00,0x00,0x00,0x00,0x00,0x20,0x08,0x20,0x00,
0x20,0x08,0x20,0x00,0x20,0x08,0x20,0x00,0x00,0x08,0x20,0x00,0x00,0x08,0x00,0x00,
0x00,0x08,0x20,0x00,0x00,0x00,0x00,0x00,0x00,0x00,0x00,0x00,0x00,0x00,0x00,0x00,
0x00,0x00,0x00,0x00,0x00,0x00,0x00,0x00,0x00,0x00,0x00,0x00,0x00,0x00,0x00,0x00,
0x00,0x00,0x00,0x00,0x00,0x00,0x00,0x00,0x00,0x00,0x00,0x00,0x00,0x00,0x00,0x00,
0x00,0x00,0x00,0x00,0x00,0x00,0x00,0x00,0x00,0x00,0x00,0x00,0x00,0x00,0x00,0x00,
0x00,0x00,0x00,0x00,0x00,0x00,0x00,0x00,0x00,0x00,0x00,0x00,0x00,0x00,0x00,0x00,
0x00,0x00,0x00,0x00,0x00,0x00,0x00,0x00,0x00,0x00,0x00,0x00,0x00,0x00,0x00,0x00,
0x00,0x00,0x00,0x00,0x00,0x00,0x00,0x00,0x00,0x00,0x00,0x00,0x00,0x00,0x00,0x00,
0x00,0x00,0x00,0x00,0x00,0x00,0x00,0x00,0x00,0x00,0x00,0x00,0x00,0x00,0x00,0x00,
0x00,0x00,0x00,0x00,0x00,0x00,0x00,0x00,0x00,0x00,0x00,0x00,0x00,0x00,0x00,0x00,
0x00,0x00,0x00,0x00,0x00,0x00,0x00,0x00,0x00,0x00,0x00,0x00,0x00,0x00,0x00,0x00,
0x00,0x00,0x00,0x00,0x00,0x00,0x00,0x00,0x00,0x00,0x00,0x00,0x00,0x00,0x00,0x00,
0x00,0x00,0x00,0x00,0x00,0x00,0x00,0x00,0x00,0x00,0x00,0x00,0x00,0x00,0x00,0x00,
0x00,0x00,0x00,0x00,0x00,0x00,0x00,0x00,0x00,0x00,0x00,0x00,0x00,0x00,0x00,0x00,
0x00,0x00,0x00,0x00,0x00,0x00,0x00,0x00,0x00,0x00,0x00,0x00,0x00,0x00,0x00,0x00,
0x00,0x00,0x00,0x00,0x00,0x00,0x00,0x00,0x00,0x00,0x00,0x00,0x00,0x00,0x00,0x00,
0x00,0x00,0x00,0x00,0x00,0x00,0x00,0x00,0x00,0x00,0x00,0x00,0x00,0x00,0x00,0x00,
0x00,0x00,0x00,0x00,0x00,0x00,0x00,0x00,0x00,0x00,0x00,0x00,0x00,0x00,0x00,0x00,
0x00,0x00,0x00,0x00,0x00,0x00,0x00,0x00,0x00,0x00,0x00,0x00,0x00,0x00,0x00,0x00,
0x00,0x00,0x00,0x00,0x00,0x00,0x00,0x00,0x00,0x00,0x00,0x00,0x00,0x00,0x00,0x00,
0x00,0x00,0x00,0x00,0x00,0x00,0x00,0x00,0x00,0x00,0x00,0x00,0x00,0x00,0x00,0x00,
0x00,0x00,0x00,0x00,0x00,0x00,0x00,0x00,0x00,0x00,0x00,0x00,0x00,0x00,0x00,0x00,
0x00,0x00,0x00,0x00,0x00,0x00,0x00,0x00,0x00,0x00,0x00,0x00,0x00,0x00,0x00,0x00,
0x00,0x00,0x00,0x00,0x00,0x00,0x00,0x00,0x00,0x00,0x00,0x00,0x00,0x00,0x00,0x00,
0x00,0x00,0x00,0x00,0x00,0x00,0x00,0x00,0x00,0x00,0x00,0x00,0x00,0x00,0x00,0x00,
0x00,0x00,0x00,0x00,0x00,0x00,0x00,0x00,0x00,0x00,0x00,0x00,0x00,0x00,0x00,0x00,
0x00,0x00,0x00,0x00,0x00,0x00,0x00,0x00,0x00,0x00,0x00,0x00,0x00,0x00,0x00,0x00,
0x00,0x00,0x00,0x00,0x00,0x00,0x00,0x00,0x00,0x00,0x00,0x00,0x00,0x00,0x00,0x00,
0x00,0x00,0x00,0x00,0x00,0x00,0x00,0x00,0x00,0x00,0x00,0x00,0x00,0x00,0x00,0x00,
0x00,0x00,0x00,0x00,0x00,0x00,0x00,0x00,0x00,0x00,0x00,0x00,0x00,0x00,0x00,0x00,
0x00,0x00,0x00,0x00,0x00,0x00,0x00,0x00,0x00,0x00,0x00,0x00,0x00,0x00,0x00,0x00,
0x00,0x00,0x00,0x00,0x00,0x00,0x00,0x00,0x00,0x00,0x00,0x00,0x00,0x00,0x00,0x00,
0x00,0x00,0x00,0x00,0x00,0x00,0x00,0x00,0x00,0x00,0x00,0x00,0x00,0x00,0x00,0x00,
0x00,0x00,0x00,0x00,0x00,0x00,0x00,0x00,0x00,0x00,0x00,0x00,0x00,0x00,0x00,0x00,
0x00,0x00,0x00,0x00,0x00,0x00,0x00,0x00,0x00,0x00,0x00,0x00,0x00,0x00,0x00,0x00,
0x00,0x00,0x00,0x00,0x00,0x00,0x00,0x00,0x00,0x00,0x00,0x00,0x00,0x00,0x00,0x00,
0x00,0x00,0x00,0x00,0x00,0x00,0x00,0x00,0x00,0x00,0x00,0x00,0x00,0x00,0x00,0x00,
0x00,0x00,0x00,0x00,0x00,0x00,0x00,0x00,0x00,0x00,0x00,0x00,0x00,0x00,0x00,0x00,
0x00,0x00,0x00,0x00,0x00,0x00,0x00,0x00,0x00,0x00,0x00,0x00,0x00,0x00,0x00,0x00,
0x00,0x00,0x00,0x00,0x00,0x00,0x00,0x00,0x00,0x00,0x00,0x00,0x00,0x00,0x00,0x00,
0x00,0x00,0x00,0x00,0x00,0x00,0x00,0x00,0x00,0x00,0x00,0x00,0x00,0x00,0x00,0x00,
0x00,0x00,0x00,0x00,0x00,0x00,0x00,0x00,0x00,0x00,0x00,0x00,0x00,0x00,0x00,0x00,
0x00,0x00,0x00,0x00,0x00,0x00,0x00,0x00,0x00,0x00,0x00,0x00,0x00,0x00,0x00,0x00,
0x00,0x00,0x00,0x00,0x00,0x00,0x00,0x00,0x00,0x00,0x00,0x00,0x00,0x00,0x00,0x00,
0x00,0x00,0x00,0x00,0x00,0x00,0x00,0x00,0x00,0x00,0x00,0x00,0x00,0x00,0x00,0x00,
0x00,0x00,0x00,0x00,0x00,0x00,0x00,0x00,0x00,0x00,0x00,0x00,0x00,0x00,0x00,0x00,
0x00,0x00,0x00,0x00,0x00,0x00,0x00,0x00,0x00,0x00,0x00,0x00,0x00,0x00,0x00,0x00,
0x00,0x00,0x00,0x00,0x00,0x00,0x00,0x00,0x00,0x00,0x00,0x00,0x00,0x00,0x00,0x00,
0x00,0x00,0x00,0x00,0x00,0x00,0x00,0x00,0x00,0x00,0x00,0x00,0x00,0x00,0x00,0x00,
0x00,0x00,0x00,0x00,0x00,0x00,0x00,0x00,0x00,0x00,0x00,0x00,0x00,0x00,0x00,0x00,
0x00,0x00,0x00,0x00,0x00,0x00,0x00,0x00,0x00,0x00,0x00,0x00,0x00,0x00,0x00,0x00,
0x00,0x00,0x00,0x00,0x00,0x00,0x00,0x00,0x00,0x00,0x00,0x00,0x00,0x00,0x00,0x00,
0x00,0x00,0x00,0x00,0x00,0x00,0x00,0x00,0x00,0x00,0x00,0x00,0x00,0x00,0x00,0x00,
0x00,0x00,0x00,0x00,0x00,0x00,0x00,0x00,0x00,0x00,0x00,0x00,0x00,0x00,0x00,0x00,
0x00,0x00,0x00,0x00,0x00,0x00,0x00,0x00,0x00,0x00,0x00,0x00,0x00,0x00,0x00,0x00,
0x00,0x00,0x00,0x00,0x00,0x00,0x00,0x00,0x00,0x00,0x00,0x00,0x00,0x00,0x00,0x00,
0x00,0x00,0x00,0x00,0x00,0x00,0x00,0x00,0x00,0x00,0x00,0x00,0x00,0x00,0x00,0x00,
0x00,0x00,0x00,0x00,0x00,0x00,0x00,0x00,0x00,0x00,0x00,0x00,0x00,0x00,0x00,0x00,
0x00,0x00,0x00,0x00,0x00,0x00,0x00,0x00,0x00,0x00,0x00,0x00,0x00,0x00,0x00,0x00,
0x00,0x00,0x00,0x00,0x00,0x00,0x00,0x00,0x00,0x00,0x00,0x00,0x00,0x00,0x00,0x00,
0x00,0x00,0x00,0x00,0x00,0x00,0x00,0x00,0x00,0x00,0x00,0x00,0x00,0x00,0x00,0x00,
0x00,0x00,0x00,0x00,0x00,0x00,0x00,0x00,0x00,0x00,0x00,0x00,0x00,0x00,0x00,0x00,
0x00,0x00,0x00,0x00,0x00,0x00,0x00,0x00,0x00,0x00,0x00,0x00,0x00,0x00,0x00,0x00,
0x00,0x00,0x00,0x00,0x00,0x00,0x00,0x00,0x00,0x00,0x00,0x00,0x00,0x00,0x00,0x00,
0x00,0x00,0x00,0x00,0x00,0x00,0x00,0x00,0x00,0x00,0x00,0x00,0x00,0x00,0x00,0x00,
0x00,0x00,0x00,0x00,0x00,0x00,0x00,0x00,0x00,0x00,0x00,0x00,0x00,0x00,0x00,0x00,
0x00,0x00,0x00,0x00,0x00,0x00,0x00,0x00,0x00,0x00,0x00,0x00,0x00,0x00,0x00,0x00,
0x00,0x00,0x00,0x00,0x00,0x00,0x00,0x00,0x00,0x00,0x00,0x00,0x00,0x00,0x00,0x00,
0x00,0x00,0x00,0x00,0x00,0x00,0x00,0x00,0x00,0x00,0x00,0x00,0x00,0x00,0x00,0x00,
0x00,0x00,0x00,0x00,0x00,0x00,0x00,0x00,0x00,0x00,0x00,0x00,0x00,0x00,0x00,0x00,
0x00,0x00,0x00,0x00,0x00,0x00,0x00,0x00,0x00,0x00,0x00,0x00,0x00,0x00,0x00,0x00,
0x00,0x00,0x00,0x00,0x00,0x00,0x00,0x00,0x00,0x00,0x00,0x00,0x00,0x00,0x00,0x00,
0x00,0x00,0x00,0x00,0x00,0x00,0x00,0x00,0x00,0x00,0x00,0x00,0x00,0x00,0x00,0x00,
0x00,0x00,0x00,0x00,0x00,0x00,0x00,0x00,0x00,0x00,0x00,0x00,0x00,0x00,0x00,0x00,
0x00,0x00,0x00,0x00,0x00,0x00,0x00,0x00,0x00,0x00,0x00,0x00,0x00,0x00,0x00,0x00,
0x00,0x00,0x00,0x01,0x02,0x03,0x7a,0x95,0x88,0x84,0x8b,0x9c,0x89,0x92,0x90,0x98,
0x83,0x6a,0x02,0x00,0x00,0x00,0x00,0x00,0x00,0x00,0x00,0x00,0x00,0x00,0x00,0x00,
0x00,0x00,0x00,0x00,0x00,0x00,0x00,0x00,0x00,0x00,0x00,0x00,0x00,0x00,0x00,0x00,
0x00,0x00,0x00,0x00,0x00,0x00,0x00,0x00,0x00,0x02,0x03,0x1e,0x3d,0xd6,0xfd,0xfd,
0xfd,0xfd,0xfe,0xfe,0xfe,0xfe,0xfe,0xfd,0xfc,0xfb,0x85,0x07,0x06,0x04,0x02,0x00,
0x00,0x00,0x00,0x00,0x00,0x00,0x00,0x00,0x00,0x00,0x00,0x00,0x00,0x00,0x00,0x00,
0x00,0x00,0x00,0x00,0x00,0x00,0x00,0x00,0x00,0x00,0x00,0x00,0x00,0x00,0x03,0x02,
0x22,0xfd,0xfe,0xfe,0xfe,0xfe,0xfe,0xfe,0xfe,0xfe,0xfe,0xfe,0xfe,0xfe,0xfe,0xfe,
0xfe,0xfe,0xfe,0xfe,0xfe,0xfd,0xfc,0x02,0x01,0x01,0x00,0x00,0x00,0x00,0x00,0x00,
0x00,0x00,0x00,0x00,0x00,0x00,0x00,0x00,0x00,0x00,0x00,0x00,0x00,0x00,0x00,0x00,
0x00,0x00,0x00,0x00,0x03,0x07,0xfb,0xfc,0xfd,0xfe,0xfe,0xfe,0xfe,0xfe,0xfe,0xfe,
0xfe,0xfe,0xfe,0xfe,0xfe,0xff,0xff,0xff,0xfe,0xff,0xff,0xfe,0xfe,0xfe,0xfe,0xfd,
0xfd,0xfc,0x05,0x03,0x00,0x00,0x00,0x00,0x00,0x00,0x00,0x00,0x00,0x00,0x00,0x00,
0x00,0x00,0x00,0x00,0x00,0x00,0x00,0x00,0x00,0x00,0x01,0x05,0xfc,0xfd,0xfe,0xfe,
0xfe,0xfe,0xfe,0xfe,0xfe,0xfe,0xff,0xfe,0xfe,0xfe,0xfe,0xfe,0xfe,0xff,0xff,0xfe,
0xfe,0xfe,0xfe,0xfe,0xfe,0xfe,0xfe,0xfe,0xfe,0xfe,0xfd,0xfc,0x03,0x00,0x00,0x00,
0x00,0x00,0x00,0x00,0x00,0x00,0x00,0x00,0x00,0x00,0x00,0x00,0x00,0x00,0x00,0x00,
0x02,0x05,0xfc,0xfe,0xfe,0xfe,0xfe,0xfe,0xfe,0xfe,0xfe,0xfe,0xfe,0xfe,0xff,0xff,
0xfe,0xfe,0xfe,0xfe,0xfe,0xfe,0xfe,0xfe,0xff,0xff,0xfe,0xfe,0xfe,0xff,0xfe,0xfe,
0xfe,0xfe,0xfe,0xfe,0xfe,0xfc,0x01,0x01,0x00,0x00,0x00,0x00,0x00,0x00,0x00,0x00,
0x00,0x00,0x00,0x00,0x00,0x00,0x00,0x03,0xf5,0xfc,0xfd,0xfe,0xfe,0xfe,0xfe,0xfe,
0xfe,0xff,0xff,0xfe,0xfe,0xfe,0xfe,0xfe,0xfe,0xfe,0xfe,0xfe,0xfe,0xfe,0xfe,0xfe,
0xfe,0xfe,0xfe,0xfe,0xfe,0xfe,0xfe,0xfe,0xfe,0xfe,0xfe,0xff,0xff,0xfd,0xfd,0x2a,
0x02,0x00,0x00,0x00,0x00,0x00,0x00,0x00,0x00,0x00,0x00,0x00,0x00,0x00,0x01,0xf9,
0xfd,0xfe,0xfe,0xfe,0xfe,0xfe,0xfe,0xfe,0xfe,0xff,0xff,0xff,0xfe,0xfe,0xfe,0xfe,
0xfe,0xfe,0xfe,0xff,0xff,0xfe,0xfe,0xfe,0xfe,0xfe,0xfe,0xfe,0xfe,0xfe,0xfe,0xff,
0xfe,0xff,0xff,0xff,0xff,0xff,0xff,0xfe,0xfa,0x13,0x00,0x00,0x00,0x00,0x00,0x00,
0x00,0x00,0x00,0x00,0x00,0x00,0xff,0xfe,0xfe,0xfe,0xfe,0xfe,0xfe,0xfe,0xfe,0xfe,
0xfe,0xff,0xff,0xff,0xff,0xfe,0xfe,0xff,0xfe,0xfe,0xfe,0xfe,0xfe,0xfe,0xfe,0xfe,
0xfe,0xfe,0xfe,0xfe,0xfe,0xfe,0xfe,0xfe,0xfe,0xfe,0xfe,0xff,0xff,0xff,0xff,0xfe,
0xfd,0xd3,0x00,0x00,0x00,0x00,0x00,0x00,0x00,0x00,0x00,0x00,0x01,0xff,0xfd,0xfe,
0xfe,0xfe,0xfe,0xfe,0xfe,0xfe,0xfe,0xff,0xff,0xff,0xff,0xff,0xff,0xfe,0xff,0xfe,
0xfe,0xff,0xfe,0xff,0xfe,0xfe,0xff,0xff,0xfe,0xfe,0xfe,0xff,0xfe,0xfe,0xfe,0xfe,
0xfe,0xfe,0xfe,0xff,0xfe,0xff,0xff,0xff,0xfe,0xfc,0xbd,0x01,0x00,0x00,0x00,0x00,
0x00,0x00,0x00,0x00,0x94,0xfc,0xfe,0xfe,0xfe,0xfe,0xfe,0xfe,0xfe,0xfe,0xfe,0xff,
0xff,0xff,0xff,0xff,0xfe,0xfe,0xfe,0xfe,0xfe,0xfe,0xff,0xff,0xfe,0xff,0xff,0xff,
0xff,0xff,0xff,0xff,0xff,0xff,0xff,0xfe,0xfe,0xfe,0xfe,0xfe,0xfe,0xff,0xff,0xff,
0xfe,0xfd,0xfb,0x20,0x00,0x00,0x00,0x00,0x00,0x00,0x00,0x00,0xb1,0xfe,0xfe,0xfe,
0xfe,0xfe,0xfe,0xfe,0xfe,0xfe,0xff,0xff,0xff,0xff,0xff,0xff,0xfe,0xfe,0xfe,0xfe,
0xfe,0xff,0xff,0xff,0xfe,0xff,0xff,0xff,0xff,0xfe,0xff,0xff,0xff,0xff,0xff,0xfe,
0xfe,0xfe,0xfe,0xfe,0xfe,0xfe,0xfe,0xfe,0xfe,0xfe,0xfe,0x53,0x00,0x00,0x00,0x00,
0x00,0x00,0x00,0xcc,0xfd,0xfe,0xfe,0xfe,0xfe,0xfe,0xfe,0xfe,0xfe,0xff,0xff,0xff,
0xff,0xff,0xff,0xfe,0xfe,0xfe,0xff,0xfe,0xfe,0xff,0xff,0xff,0xfe,0xff,0xff,0xff,
0xff,0xff,0xfe,0xfe,0xfe,0xff,0xff,0xfe,0xfe,0xfe,0xfe,0xfe,0xfe,0xfe,0xfe,0xff,
0xfe,0xfe,0xfe,0xfd,0x7d,0x00,0x00,0x00,0x00,0x00,0x00,0xc4,0xfd,0xfe,0xfe,0xfe,
0xfe,0xfe,0xfe,0xff,0xff,0xff,0xff,0xfe,0xff,0xff,0xff,0xff,0xfe,0xfe,0xff,0xff,
0xff,0xff,0xff,0xfe,0xfe,0xfe,0xff,0xff,0xff,0xff,0xfe,0xfe,0xfe,0xfe,0xfe,0xff,
0xfe,0xfe,0xfe,0xfe,0xfe,0xfe,0xfe,0xfe,0xfe,0xfe,0xfe,0xfe,0x82,0x00,0x00,0x00,
0x00,0x00,0x00,0xc7,0xfe,0xfe,0xfe,0xfe,0xfe,0xfe,0xfe,0xff,0xfe,0xff,0xff,0xfe,
0xfe,0xff,0xff,0xff,0xfe,0xff,0xff,0xff,0xff,0xff,0xff,0xfe,0xfe,0xfe,0xfe,0xff,
0xff,0xff,0xfe,0xfe,0xfe,0xfe,0xfe,0xfe,0xfe,0xff,0xfe,0xfe,0xfe,0xfe,0xfe,0xff,
0xff,0xfe,0xfe,0xfe,0x88,0x00,0x00,0x00,0x00,0x00,0x00,0xc7,0xfe,0xfe,0xfe,0xfe,
0xfe,0xfe,0xfe,0xff,0xff,0xff,0xff,0xfe,0xfe,0xfe,0xff,0xff,0xff,0xff,0xff,0xff,
0xff,0xff,0xff,0xfe,0xfe,0xfe,0xfe,0xfe,0xfe,0xfe,0xff,0xff,0xff,0xff,0xfe,0xfe,
0xfe,0xff,0xfe,0xfe,0xfe,0xfe,0xfe,0xff,0xff,0xfe,0xfe,0xfe,0x8c,0x00,0x00,0x00,
0x00,0x00,0x00,0xc7,0xfe,0xfe,0xfe,0xfe,0xfe,0xfe,0xfe,0xff,0xff,0xff,0xff,0xff,
0xff,0xff,0xff,0xfe,0xff,0xfe,0xff,0xff,0xff,0xff,0xff,0xff,0xfe,0xfe,0xff,0xfe,
0xfe,0xfe,0xff,0xff,0xff,0xff,0xfe,0xff,0xff,0xff,0xfe,0xfe,0xfe,0xfe,0xff,0xff,
0xff,0xfe,0xfe,0xfd,0x88,0x00,0x00,0x00,0x00,0x00,0x00,0xbc,0xfd,0xff,0xff,0xff,
0xfe,0xfe,0xfe,0xff,0xff,0xff,0xff,0xff,0xff,0xff,0xff,0xfe,0xfe,0xfe,0xff,0xff,
0xff,0xff,0xff,0xff,0xfe,0xff,0xff,0xff,0xfe,0xfe,0xfe,0xfe,0xff,0xff,0xfe,0xff,
0xff,0xff,0xfe,0xfe,0xfe,0xfe,0xff,0xff,0xff,0xfe,0xfe,0xfc,0x77,0x00,0x00,0x00,
0x00,0x00,0x00,0x02,0xcd,0xfe,0xfe,0xff,0xff,0xfe,0xfe,0xfe,0xfe,0xff,0xff,0xff,
0xff,0xff,0xff,0xfe,0xfe,0xfe,0xff,0xff,0xff,0xff,0xff,0xff,0xfe,0xfe,0xff,0xff,
0xff,0xfe,0xfe,0xfe,0xff,0xff,0xff,0xff,0xff,0xff,0xfe,0xfe,0xfe,0xfe,0xff,0xff,
0xfe,0xfe,0xfe,0xf1,0x01,0x00,0x00,0x00,0x00,0x00,0x00,0x01,0x98,0xfe,0xfe,0xff,
0xfe,0xfe,0xfe,0xfe,0xfe,0xff,0xff,0xff,0xff,0xff,0xff,0xfe,0xfe,0xfe,0xff,0xff,
0xfe,0xfe,0xff,0xfe,0xfe,0xfe,0xff,0xff,0xff,0xff,0xfe,0xfe,0xff,0xff,0xff,0xff,
0xff,0xff,0xff,0xfe,0xfe,0xfe,0xff,0xff,0xfe,0xfe,0xfe,0x37,0x00,0x00,0x00,0x00,
0x00,0x00,0x00,0x00,0x92,0xfe,0xfe,0xff,0xff,0xfe,0xfe,0xfe,0xfe,0xfe,0xfe,0xff,
0xff,0xfe,0xfe,0xfe,0xff,0xfe,0xfe,0xff,0xff,0xff,0xff,0xff,0xfe,0xfe,0xff,0xfe,
0xff,0xff,0xfe,0xfe,0xfe,0xfe,0xfe,0xff,0xff,0xff,0xfe,0xfe,0xfe,0xff,0xff,0xff,
0xff,0xfe,0xfe,0x26,0x00,0x00,0x00,0x00,0x00,0x00,0x00,0x00,0x90,0xfd,0xfe,0xfe,
0xff,0xff,0xff,0xff,0xfe,0xff,0xfe,0xfe,0xfe,0xfe,0xfe,0xfe,0xff,0xff,0xfe,0xff,
0xfe,0xff,0xff,0xff,0xff,0xff,0xff,0xfe,0xff,0xff,0xfe,0xfe,0xfe,0xfe,0xfe,0xfe,
0xff,0xff,0xfe,0xff,0xff,0xfe,0xff,0xff,0xff,0xfe,0xfd,0x20,0x00,0x00,0x00,0x00,
0x00,0x00,0x00,0x00,0x5d,0xfc,0xfd,0xfe,0xfe,0xfe,0xff,0xff,0xff,0xff,0xfe,0xfe,
0xff,0xfe,0xfe,0xfe,0xff,0xfe,0xfe,0xff,0xff,0xff,0xff,0xfe,0xff,0xff,0xff,0xff,
0xff,0xff,0xfe,0xfe,0xfe,0xfe,0xfe,0xfe,0xff,0xff,0xff,0xfe,0xfe,0xfe,0xfe,0xfe,
0xfe,0xfe,0xf3,0x0c,0x00,0x00,0x00,0x00,0x00,0x00,0x00,0x00,0x01,0xff,0xfd,0xfe,
0xfe,0xfe,0xfe,0xff,0xff,0xff,0xff,0xff,0xff,0xff,0xfe,0xfe,0xff,0xff,0xff,0xff,
0xfe,0xff,0xfe,0xfe,0xff,0xff,0xfe,0xfe,0xfe,0xfe,0xfe,0xfe,0xfe,0xfe,0xff,0xff,
0xff,0xfe,0xfe,0xff,0xfe,0xfe,0xfe,0xfe,0xfe,0xfd,0xe1,0x01,0x00,0x00,0x00,0x00,
0x00,0x00,0x00,0x00,0x00,0xff,0xfd,0xfe,0xfe,0xfe,0xfe,0xfe,0xfe,0xff,0xff,0xff,
0xff,0xff,0xff,0xff,0xff,0xff,0xff,0xff,0xfe,0xfe,0xff,0xff,0xff,0xff,0xfe,0xfe,
0xfe,0xfe,0xfe,0xfe,0xfe,0xfe,0xff,0xff,0xfe,0xff,0xff,0xfe,0xfe,0xfe,0xfe,0xfe,
0xfe,0xfd,0xe3,0x00,0x00,0x00,0x00,0x00,0x00,0x00,0x00,0x00,0x00,0xff,0xfc,0xfe,
0xfe,0xff,0xfe,0xfe,0xfe,0xff,0xff,0xff,0xff,0xff,0xff,0xff,0xff,0xff,0xff,0xff,
0xff,0xfe,0xff,0xff,0xff,0xff,0xfe,0xfe,0xfe,0xfe,0xfe,0xfe,0xfe,0xfe,0xfe,0xfe,
0xfe,0xff,0xff,0xfe,0xfe,0xfe,0xfe,0xfe,0xfe,0xfb,0xcc,0x00,0x00,0x00,0x00,0x00,
0x00,0x00,0x00,0x00,0x00,0x00,0xff,0xfe,0xfe,0xfe,0xfe,0xfe,0xff,0xff,0xff,0xff,
0xff,0xff,0xff,0xff,0xff,0xff,0xff,0xff,0xff,0xfe,0xff,0xff,0xff,0xff,0xfe,0xfe,
0xfe,0xfe,0xfe,0xfe,0xfe,0xfe,0xfe,0xfe,0xfe,0xff,0xff,0xff,0xfe,0xfe,0xfe,0xfe,
0xfe,0xe9,0x00,0x00,0x00,0x00,0x00,0x00,0x00,0x00,0x00,0x00,0x00,0x00,0xff,0xfd,
0xfe,0xfe,0xfe,0xfe,0xfe,0xff,0xff,0xff,0xff,0xff,0xff,0xff,0xff,0xff,0xff,0xff,
0xfe,0xfe,0xff,0xff,0xff,0xfe,0xff,0xff,0xff,0xff,0xff,0xff,0xfe,0xfe,0xfe,0xfe,
0xfe,0xfe,0xff,0xff,0xfe,0xfe,0xfe,0xfe,0xfe,0xe2,0x00,0x00,0x00,0x00,0x00,0x00,
0x00,0x00,0x00,0x00,0x00,0x00,0x00,0xf8,0xfd,0xfe,0xfe,0xfe,0xfe,0xfe,0xff,0xff,
0xff,0xff,0xff,0xff,0xff,0xff,0xfe,0xfe,0xff,0xff,0xff,0xff,0xff,0xfe,0xff,0xfe,
0xff,0xff,0xff,0xff,0xfe,0xfe,0xfe,0xfe,0xfe,0xff,0xff,0xff,0xfe,0xfe,0xfe,0xfd,
0xfd,0x00,0x00,0x00,0x00,0x00,0x00,0x00,0x00,0x00,0x00,0x00,0x00,0x00,0x00,0xda,
0xfb,0xfe,0xfe,0xfe,0xfe,0xff,0xff,0xff,0xff,0xff,0xff,0xff,0xff,0xff,0xff,0xff,
0xff,0xff,0xff,0xff,0xff,0xff,0xfe,0xfe,0xff,0xff,0xff,0xff,0xfe,0xfe,0xfe,0xfe,
0xfe,0xff,0xff,0xff,0xfe,0xfe,0xfe,0xfc,0xe9,0x00,0x00,0x00,0x00,0x00,0x00,0x00,
0x00,0x00,0x00,0x00,0x00,0x00,0x00,0x01,0xf5,0xfe,0xfe,0xfe,0xfe,0xff,0xff,0xff,
0xff,0xff,0xff,0xff,0xff,0xff,0xff,0xff,0xff,0xff,0xff,0xff,0xff,0xfe,0xfe,0xfe,
0xff,0xff,0xff,0xff,0xfe,0xfe,0xfe,0xfe,0xfe,0xfe,0xfe,0xfe,0xfe,0xfe,0xfe,0xf5,
0x00,0x00,0x00,0x00,0x00,0x00,0x00,0x00,0x00,0x00,0x00,0x00,0x00,0x00,0x00,0x00,
0x03,0xfd,0xfd,0xfe,0xfe,0xff,0xff,0xff,0xff,0xff,0xff,0xff,0xfe,0xff,0xff,0xff,
0xff,0xff,0xff,0xff,0xfe,0xfe,0xfe,0xfe,0xfe,0xfe,0xfe,0xfe,0xfe,0xfe,0xfe,0xfe,
0xfe,0xfe,0xfe,0xfe,0xfe,0xfe,0xfb,0x00,0x00,0x00,0x00,0x00,0x00,0x00,0x00,0x00,
0x00,0x00,0x00,0x00,0x00,0x00,0x00,0x00,0x00,0x05,0xfd,0xfe,0xfe,0xff,0xff,0xff,
0xff,0xff,0xff,0xfe,0xfe,0xff,0xff,0xff,0xff,0xff,0xfe,0xfe,0xfe,0xfe,0xfe,0xfe,
0xfe,0xfe,0xfe,0xff,0xfe,0xfe,0xff,0xfe,0xfe,0xfe,0xfe,0xfe,0xfd,0xfc,0x00,0x00,
0x00,0x00,0x00,0x00,0x00,0x00,0x00,0x00,0x00,0x00,0x00,0x00,0x00,0x00,0x00,0x00,
0x00,0x00,0x04,0xfe,0xfe,0xff,0xff,0xff,0xff,0xff,0xff,0xfe,0xfe,0xff,0xff,0xff,
0xff,0xfe,0xfe,0xfe,0xfe,0xfe,0xfe,0xfe,0xfe,0xfe,0xff,0xff,0xfe,0xfe,0xff,0xff,
0xfe,0xfe,0xfe,0xfe,0xfb,0x01,0x00,0x00,0x00,0x00,0x00,0x00,0x00,0x00,0x00,0x00,
0x00,0x00,0x00,0x00,0x00,0x00,0x00,0x00,0x00,0x00,0x00,0x00,0xf9,0xfe,0xfe,0xfe,
0xff,0xff,0xff,0xfe,0xfe,0xfe,0xfe,0xff,0xfe,0xfe,0xfe,0xfe,0xfe,0xfe,0xfe,0xfe,
0xfe,0xfe,0xfe,0xfe,0xfe,0xfe,0xfe,0xfe,0xfe,0xfe,0xfe,0xf8,0x01,0x00,0x00,0x00,
0x00,0x00,0x00,0x00,0x00,0x00,0x00,0x00,0x00,0x00,0x00,0x00,0x00,0x00,0x00,0x00,
0x00,0x00,0x00,0x00,0x00,0xf6,0xfb,0xfe,0xfe,0xfe,0xfe,0xfe,0xfe,0xfe,0xfe,0xfe,
0xfe,0xfe,0xfe,0xfe,0xfe,0xff,0xfe,0xfe,0xfe,0xfe,0xfe,0xfe,0xfe,0xfe,0xfe,0xfe,
0xfe,0xfc,0xfd,0x00,0x00,0x00,0x00,0x00,0x00,0x00,0x00,0x00,0x00,0x00,0x00,0x00,
0x00,0x00,0x00,0x00,0x00,0x00,0x00,0x00,0x00,0x00,0x00,0x00,0x00,0x01,0xbf,0xfd,
0xfe,0xfe,0xfe,0xfe,0xfe,0xfe,0xff,0xff,0xff,0xfe,0xfe,0xfe,0xfe,0xfe,0xfe,0xfe,
0xfe,0xfe,0xfe,0xfe,0xfe,0xfe,0xfe,0xfe,0xfb,0x09,0x01,0x00,0x00,0x00,0x00,0x00,
0x00,0x00,0x00,0x00,0x00,0x00,0x00,0x00,0x00,0x00,0x00,0x00,0x00,0x00,0x00,0x00,
0x00,0x00,0x00,0x00,0x00,0x00,0x00,0x02,0xfd,0xfe,0xfe,0xfe,0xfe,0xfe,0xfe,0xfe,
0xff,0xfe,0xfe,0xfe,0xfe,0xfe,0xff,0xfe,0xfe,0xfe,0xfe,0xfe,0xfe,0xfe,0xfe,0xfc,
0x03,0x00,0x00,0x00,0x00,0x00,0x00,0x00,0x00,0x00,0x00,0x00,0x00,0x00,0x00,0x00,
0x00,0x00,0x00,0x00,0x00,0x00,0x00,0x00,0x00,0x00,0x00,0x00,0x00,0x00,0x00,0x01,
0x7d,0xfe,0xfe,0xfe,0xff,0xfe,0xfe,0xfe,0xfe,0xff,0xfe,0xfe,0xfe,0xfe,0xfe,0xfe,
0xfe,0xfe,0xfe,0xfe,0xfe,0xfe,0xfd,0x0c,0x02,0x00,0x00,0x00,0x00,0x00,0x00,0x00,
0x00,0x00,0x00,0x00,0x00,0x00,0x00,0x00,0x00,0x00,0x00,0x00,0x00,0x00,0x00,0x00,
0x00,0x00,0x00,0x00,0x00,0x00,0x00,0x00,0x01,0x52,0xfd,0xfe,0xff,0xfe,0xfe,0xfe,
0xff,0xfe,0xfe,0xfe,0xfe,0xfe,0xfe,0xfe,0xfe,0xfe,0xfe,0xfe,0xfe,0xfd,0x5f,0x01,
0x00,0x00,0x00,0x00,0x00,0x00,0x00,0x00,0x00,0x00,0x00,0x00,0x00,0x00,0x00,0x00,
0x00,0x00,0x00,0x00,0x00,0x00,0x00,0x00,0x00,0x00,0x00,0x00,0x00,0x00,0x00,0x00,
0x00,0x02,0x57,0xfe,0xfe,0xfe,0xfe,0xfe,0xfe,0xfe,0xfe,0xfe,0xfe,0xfe,0xfe,0xfe,
0xfe,0xfe,0xfe,0xfe,0xfd,0x69,0x04,0x00,0x00,0x00,0x00,0x00,0x00,0x00,0x00,0x00,
0x00,0x00,0x00,0x00,0x00,0x00,0x00,0x00,0x00,0x00,0x00,0x00,0x00,0x00,0x00,0x00,
0x00,0x00,0x00,0x00,0x00,0x00,0x00,0x00,0x00,0x00,0x00,0x01,0x0a,0x21,0xf9,0xfd,
0xfe,0xfe,0xfe,0xfe,0xfe,0xfe,0xfd,0xfd,0xfd,0xfa,0x1a,0x02,0x00,0x00,0x00,0x00,
0x00,0x00,0x00,0x00,0x00,0x00,0x00,0x00,0x00,0x00,0x00,0x00,0x00,0x00,0x00,0x00,
0x00,0x00,0x00,0x00,0x00,0x00,0x00,0x00,0x00,0x00,0x00,0x00,0x00,0x00,0x00,0x00,
0x00,0x00,0x00,0x00,0x00,0x01,0xdc,0xde,0xf1,0xf5,0xea,0xe9,0xe3,0xe6,0xe7,0xe7,
0xdb,0xd7,0x00,0x00,0x00,0x00,0x00,0x00,0x00,0x00,0x00,0x00,0x00,0x00,0x00,0x00,
0x00,0x00,0x00,0x00,0x00,0x00,0x00,0x00,0x00,0x00,0x00,0x00,0x00,0x00,0x00,0x00,
0x00,0x00,0x00,0x00,0x00,0x00,0x00,0x00,0x00,0x00,0x00,0x00,0x00,0x00,0x00,0x00,
0x00,0x00,0x00,0x00,0x00,0x00,0x00,0x00,0x00,0x00,0x00,0x00,0x00,0x00,0x00,0x00,
0x00,0x00,0x00,0x00,0x00,0x00,0x00,0x00,0x00,0x00,0x00,0x00,0x00,0x00,0x00,0x00,
0x00,0x00,0x00,0x00,0x00,0x00,0x00,0x00,0x00,0x00,0x00,0x00,0x00,0x00,0x00,0x00,
0x00,0x00,0x00,0x00,0x00,0x00,0x00,0x00,0x00,0x00,0x00,0x00,0x00,0x00,0x00,0x00,
0x00,0x00,0x00,0x00,0x00,0x00,0x00,0x00,0x00,0x00,0x00,0x00,0x00,0x00,0x00,0x00,
0x00,0x00,0x00,0x00,0x00,0x00,0x00,0x00,0x00,0x00,0x00,0x00,0x00,0x00,0x00,0x00,
0x00,0x00,0x00,0x00,0x00,0x00,0x00,0x00,0x00,0x00,0x00,0x00,0x00,0x00,0x00,0x00,
0x00,0x00,0x00,0x00,0x00,0x00,0x00,0x00,0x00,0x00,0x00,0x00,0x00,0x00,0x00,0x00,
0x00,0x00,0x00,0x00,0x00,0x00,0x00,0x00,0x00,0x00,0x00,0x00,0x00,0x00,0x00,0x00,
0x00,0x00,0x00,0x00,0x00,0x00,0x00,0x00,0x00,0x00,0x00,0x00,0x00,0x00,0x00,0x00,
0x00,0x00,0x00,0x00,0x00,0x00,0x00,0x00,0x00,0x00,0x00,0x00,0x00,0x00,0x00,0x00,
0x00,0x00,0x00,0x00,0x00,0x00,0x00,0x00,0x00,0x00,0x00,0x00,0x00,0x00,0x00,0x00,
0x00,0x00,0x00,0x00,0x00,0x00,0x00,0x00,0x00,0x00,0x00,0x00,0x00,0x00,0x00,0x00,
0x00,0x00,0x00,0x00,0x00,0x00,0x00,0x00,0x00,0x00,0x00,0x00,0x00,0x00,0x00,0x00,
0x00,0x00,0x00,0x00,0x00,0x00,0x00,0x00,0x00,0x00,0x00,0x00,0x00,0x00,0x00,0x00,
0x00,0x00,0x00,0x00,0x00,0x00,0x00,0x00,0x00,0x00,0x00,0x00,0x00,0x00,0x00,0x00,
0x00,0x00,0x00,0x00,0x00,0x00,0x00,0x00,0x00,0x00,0x00,0x00,0x00,0x00,0x00,0x00,
0x00,0x00,0x00,0x00,0x00,0x00,0x00,0x00,0x00,0x00,0x00,0x00,0x00,0x00,0x00,0x00,
0x00,0x00,0x00,0x00,0x00,0x00,0x00,0x00,0x00,0x00,0x00,0x00,0x00,0x00,0x00,0x00,
0x00,0x00,0x00,0x00,0x00,0x00,0x00,0x00,0x00,0x00,0x00,0x00,0x00,0x00,0x00,0x00,
0x00,0x00,0x00,0x00,0x00,0x00,0x00,0x00,0x00,0x00,0x00,0x00,0x00,0x00,0x00,0x00,
0x00,0x00,0x00,0x00,0x00,0x00,0x00,0x00,0x00,0x00,0x00,0x00,0x00,0x00,0x00,0x00,
0x00,0x00,0x00,0x00,0x00,0x00,0x00,0x00,0x00,0x00,0x00,0x00,0x00,0x00,0x00,0x00,

};
static const lv_image_dsc_t s_dish_carrot_stew = {
    .header.magic = LV_IMAGE_HEADER_MAGIC,
    .header.cf = LV_COLOR_FORMAT_RGB565A8,
    .header.flags = 0,
    .header.w = 56,
    .header.h = 56,
    .header.stride = 112,
    .data_size = sizeof(s_dish_carrot_stew_map),
    .data = s_dish_carrot_stew_map,
};

static const LV_ATTRIBUTE_MEM_ALIGN LV_ATTRIBUTE_LARGE_CONST uint8_t s_dish_strawberry_jam_map[] = {
0x00,0x00,0x00,0x00,0x00,0x00,0x00,0x00,0x00,0x00,0x00,0x00,0x00,0x00,0x00,0x00,
0x00,0x00,0x00,0x00,0x00,0x00,0x00,0x00,0x00,0x00,0x00,0x00,0x00,0x00,0x00,0x00,
0x00,0x00,0x00,0x00,0x00,0x00,0x00,0x00,0x00,0x00,0x00,0x00,0x00,0x00,0x00,0x00,
0x00,0x00,0x00,0x00,0x00,0x00,0x00,0x00,0x00,0x00,0x00,0x00,0x00,0x00,0x00,0x00,
0x00,0x00,0x00,0x00,0x00,0x00,0x00,0x00,0x00,0x00,0x00,0x00,0x00,0x00,0x00,0x00,
0x00,0x00,0x00,0x00,0x00,0x00,0x00,0x00,0x00,0x00,0x00,0x00,0x00,0x00,0x00,0x00,
0x00,0x00,0x00,0x00,0x00,0x00,0x00,0x00,0x00,0x00,0x00,0x00,0x00,0x00,0x00,0x00,
0x00,0x00,0x00,0x00,0x00,0x00,0x00,0x00,0x00,0x00,0x00,0x00,0x00,0x00,0x00,0x00,
0x00,0x00,0x00,0x00,0x00,0x00,0x00,0x00,0x00,0x00,0x00,0x00,0x00,0x00,0x00,0x00,
0x00,0x00,0x00,0x00,0x00,0x00,0x00,0x00,0x00,0x00,0x00,0x00,0x00,0x00,0x00,0x00,
0x00,0x00,0x00,0x00,0x00,0x00,0x00,0x00,0x00,0x00,0x00,0x00,0x00,0x00,0x00,0x00,
0x00,0x00,0x00,0x00,0x00,0x00,0x00,0x00,0x00,0x00,0x00,0x00,0x00,0x00,0x00,0x00,
0x00,0x00,0x00,0x00,0x00,0x00,0x00,0x00,0x00,0x00,0x00,0x00,0x00,0x00,0x00,0x00,
0x00,0x00,0x00,0x00,0x00,0x00,0x00,0x00,0x00,0x00,0x00,0x00,0x00,0x00,0x00,0x00,
0x00,0x00,0x00,0x00,0x00,0x00,0x00,0x00,0x00,0x00,0x00,0x00,0x00,0x00,0x00,0x00,
0x00,0x00,0x00,0x00,0x00,0x00,0x00,0x00,0x00,0x00,0x00,0x00,0x00,0x00,0x00,0x00,
0x00,0x00,0x00,0x00,0x00,0x00,0x00,0x00,0x00,0x00,0x00,0x00,0x00,0x00,0x00,0x00,
0x00,0x00,0x00,0x00,0x00,0x00,0x00,0x00,0x00,0x00,0x00,0x00,0x00,0x00,0x00,0x00,
0x00,0x00,0x00,0x00,0x00,0x00,0x00,0x00,0x00,0x00,0x00,0x00,0x00,0x00,0x00,0x00,
0x00,0x00,0x00,0x00,0x00,0x00,0x00,0x00,0x00,0x00,0x00,0x00,0x00,0x00,0x00,0x00,
0x00,0x00,0x00,0x00,0x00,0x00,0x00,0x00,0x00,0x00,0x00,0x00,0x00,0x00,0x00,0x00,
0x00,0x00,0x00,0x00,0x00,0x00,0x00,0x00,0x00,0x00,0x00,0x00,0x00,0x00,0x00,0x00,
0x00,0x00,0x00,0x00,0x00,0x00,0x00,0x00,0x00,0x00,0x00,0x00,0x00,0x00,0x00,0x00,
0x00,0x00,0x00,0x00,0x00,0x10,0x49,0x6a,0x48,0x72,0x48,0x7a,0x47,0x6a,0x27,0x72,
0x07,0x6a,0x07,0x72,0x27,0x62,0x47,0x6a,0xa6,0x7a,0x24,0x72,0x00,0x00,0x00,0x00,
0x00,0x00,0x00,0x00,0x00,0x00,0x00,0x00,0x00,0x00,0x00,0x00,0x00,0x00,0x00,0x00,
0x00,0x00,0x00,0x00,0x00,0x00,0x00,0x00,0x00,0x00,0x00,0x00,0x00,0x00,0x00,0x00,
0x00,0x00,0x00,0x00,0x00,0x00,0x00,0x00,0x00,0x00,0x00,0x00,0x00,0x00,0x00,0x00,
0x00,0x00,0x00,0x00,0x00,0x00,0x00,0x00,0x00,0x00,0x00,0x00,0x00,0x00,0x00,0x00,
0x00,0x00,0x00,0x00,0x00,0x00,0x00,0x00,0x00,0x00,0x00,0x00,0x00,0x00,0x00,0x00,
0x00,0x00,0x00,0x00,0x04,0xa9,0x00,0x58,0x00,0x00,0x20,0x00,0x00,0x08,0x00,0x00,
0x00,0x00,0x21,0x00,0x40,0x08,0x41,0x00,0x00,0x00,0x00,0x00,0x00,0x00,0x00,0x00,
0x00,0x30,0xa3,0x50,0x00,0x00,0x00,0x00,0x00,0x00,0x00,0x00,0x00,0x00,0x00,0x00,
0x00,0x00,0x00,0x00,0x00,0x00,0x00,0x00,0x00,0x00,0x00,0x00,0x00,0x00,0x00,0x00,
0x00,0x00,0x00,0x00,0x00,0x00,0x00,0x00,0x00,0x00,0x00,0x00,0x00,0x00,0x00,0x00,
0x00,0x00,0x00,0x00,0x00,0x00,0x00,0x00,0x00,0x00,0x00,0x00,0x00,0x00,0x00,0x00,
0x00,0x00,0x00,0x00,0x00,0x00,0x00,0x00,0x00,0x00,0x8a,0x5a,0x8a,0x6a,0x00,0x20,
0x01,0x00,0x00,0x00,0x00,0x40,0xca,0xba,0x14,0xee,0x38,0xff,0x15,0xfe,0x29,0xd3,
0x09,0xeb,0x0c,0xfc,0x14,0xee,0xb6,0xfe,0x75,0xfe,0x34,0xfe,0x8a,0xa2,0x00,0x40,
0x00,0x00,0x00,0x08,0xa4,0x59,0x26,0x72,0xa3,0x50,0x00,0x28,0x00,0x00,0x00,0x00,
0x00,0x00,0x00,0x00,0x00,0x00,0x00,0x00,0x00,0x00,0x00,0x00,0x00,0x00,0x00,0x00,
0x00,0x00,0x00,0x00,0x00,0x00,0x00,0x00,0x00,0x00,0x00,0x00,0x00,0x00,0x00,0x00,
0x00,0x00,0x00,0x00,0x00,0x00,0x00,0x00,0x00,0x00,0x00,0x00,0x00,0x00,0x00,0x00,
0x00,0x00,0x00,0x00,0x00,0x00,0x00,0x00,0x20,0x10,0x21,0x08,0x00,0x20,0xb4,0xdd,
0x54,0xfe,0x95,0xfe,0x10,0xdd,0x7a,0xff,0x39,0xff,0xd3,0xe5,0x4d,0xfc,0x86,0xe2,
0x29,0xcb,0x96,0xfe,0xf7,0xfe,0x30,0xe5,0x46,0xfa,0xe5,0xf1,0xce,0xfc,0xef,0xfc,
0x2c,0xfc,0x69,0xeb,0x41,0x18,0x21,0x10,0x00,0x18,0xa6,0x51,0x00,0x00,0x00,0x00,
0x00,0x00,0x00,0x00,0x00,0x00,0x00,0x00,0x00,0x00,0x00,0x00,0x00,0x00,0x00,0x00,
0x00,0x00,0x00,0x00,0x00,0x00,0x00,0x00,0x00,0x00,0x00,0x00,0x00,0x00,0x00,0x00,
0x00,0x00,0x00,0x00,0x00,0x00,0x00,0x00,0x00,0x00,0x00,0x00,0x00,0x00,0x00,0x00,
0x00,0x00,0x00,0x00,0x00,0x00,0x00,0x00,0x46,0xc2,0x4d,0xfc,0x0f,0xfd,0xaa,0xeb,
0x35,0xee,0xf8,0xfe,0xec,0xfb,0x29,0xf3,0x29,0xfb,0x87,0xf2,0xe5,0xf9,0xc4,0xf9,
0x65,0xf9,0x81,0xe8,0x6e,0xdc,0x55,0xfe,0xd7,0xfe,0xf7,0xfe,0x75,0xfe,0xef,0xec,
0xef,0xec,0xf3,0xfd,0x14,0xfe,0x71,0xf5,0x0b,0xb3,0x00,0x40,0x49,0x62,0x00,0x18,
0x00,0x00,0x00,0x00,0x00,0x00,0x00,0x00,0x00,0x00,0x00,0x00,0x00,0x00,0x00,0x00,
0x00,0x00,0x00,0x00,0x00,0x00,0x00,0x00,0x00,0x00,0x00,0x00,0x00,0x00,0x00,0x00,
0x00,0x00,0x00,0x00,0x00,0x00,0x00,0x00,0x00,0x00,0x00,0x00,0x00,0x00,0x00,0x00,
0x00,0x00,0x00,0x00,0x00,0x28,0xd1,0xd4,0x29,0xfb,0x09,0xfb,0xf7,0xfe,0x7a,0xff,
0xeb,0xfb,0xeb,0xfb,0x35,0xfe,0x08,0xcb,0x46,0xfa,0xc8,0xfa,0x37,0xff,0x59,0xff,
0xd7,0xfe,0x8a,0xc3,0xa4,0xe9,0xa8,0xfa,0x69,0xfb,0x8a,0xfb,0x38,0xff,0x39,0xff,
0xf4,0xfd,0x29,0xd3,0xab,0xfb,0xcb,0xfb,0x6e,0xfc,0xc8,0xda,0x00,0x20,0x86,0x51,
0x00,0x00,0x00,0x00,0x00,0x00,0x00,0x00,0x00,0x00,0x00,0x00,0x00,0x00,0x00,0x00,
0x00,0x00,0x00,0x00,0x00,0x00,0x00,0x00,0x00,0x00,0x00,0x00,0x00,0x00,0x00,0x00,
0x00,0x00,0x00,0x00,0x00,0x00,0x00,0x00,0x00,0x00,0x00,0x00,0x00,0x00,0x00,0x00,
0x00,0x00,0x00,0x08,0x2e,0xcc,0x19,0xff,0x7a,0xff,0xd8,0xfe,0xd3,0xfd,0x71,0xfd,
0x47,0xf2,0xa8,0xfa,0x4a,0xc3,0xb7,0xfe,0x39,0xff,0x38,0xff,0xa8,0xfa,0x67,0xfa,
0x72,0xe5,0xb6,0xfe,0xb7,0xfe,0x4d,0xdc,0x87,0xfa,0x67,0xfa,0x8e,0xd4,0xb6,0xfe,
0x19,0xff,0x8b,0xcb,0xe8,0xea,0xcc,0xfb,0x39,0xf7,0x59,0xff,0xae,0xbb,0x00,0x38,
0x83,0x10,0x00,0x00,0x00,0x00,0x00,0x00,0x00,0x00,0x00,0x00,0x00,0x00,0x00,0x00,
0x00,0x00,0x00,0x00,0x00,0x00,0x00,0x00,0x00,0x00,0x00,0x00,0x00,0x00,0x00,0x00,
0x00,0x00,0x00,0x00,0x00,0x00,0x00,0x00,0x00,0x00,0x00,0x00,0x00,0x00,0x00,0x00,
0x00,0x08,0x41,0x08,0x29,0xc3,0xb8,0xfe,0x07,0xfb,0x69,0xfb,0xaa,0xfb,0xe7,0xea,
0x71,0xe5,0x38,0xff,0x75,0xfe,0x27,0xc3,0x05,0xfa,0xe4,0xf1,0x87,0xfa,0xc8,0xfa,
0x05,0xf2,0xa7,0xfa,0x17,0xff,0x79,0xff,0xf7,0xfe,0x14,0xee,0xc4,0xf1,0x46,0xfa,
0xc6,0xc2,0xb6,0xfe,0x0c,0xfc,0xa7,0xe2,0xc7,0xf2,0x8a,0xfb,0x8d,0xbb,0x00,0x30,
0x03,0x31,0x00,0x08,0x00,0x00,0x00,0x00,0x00,0x00,0x00,0x00,0x00,0x00,0x00,0x00,
0x00,0x00,0x00,0x00,0x00,0x00,0x00,0x00,0x00,0x00,0x00,0x00,0x00,0x00,0x00,0x00,
0x00,0x00,0x00,0x00,0x00,0x00,0x00,0x00,0x00,0x00,0x00,0x00,0x00,0x00,0x00,0x00,
0x00,0x00,0x20,0x08,0xca,0xfa,0x03,0xd1,0xeb,0xf3,0x8d,0xfc,0x9c,0xf7,0xdd,0xff,
0xdd,0xff,0x7b,0xff,0x0f,0xe5,0x54,0xfe,0xb6,0xfe,0x75,0xfe,0x87,0xfa,0x46,0xfa,
0x29,0xd3,0x92,0xfd,0xbd,0xff,0xbc,0xff,0x39,0xff,0x18,0xff,0x2a,0xfb,0x09,0xfb,
0xaf,0xd4,0x39,0xff,0x7b,0xff,0xd8,0xf6,0x89,0xf2,0xa1,0xb8,0x0c,0x9b,0x00,0x28,
0x04,0x29,0x00,0x10,0x00,0x00,0x00,0x00,0x00,0x00,0x00,0x00,0x00,0x00,0x00,0x00,
0x00,0x00,0x00,0x00,0x00,0x00,0x00,0x00,0x00,0x00,0x00,0x00,0x00,0x00,0x00,0x00,
0x00,0x00,0x00,0x00,0x00,0x00,0x00,0x00,0x00,0x00,0x00,0x00,0x00,0x00,0x00,0x00,
0x00,0x00,0x41,0x08,0x67,0xca,0x4b,0xdb,0x83,0xe1,0x67,0xf2,0x54,0xf6,0x38,0xff,
0x38,0xff,0x30,0xdd,0xaa,0xfb,0xeb,0xfb,0xce,0xec,0x74,0xfe,0x55,0xfe,0x96,0xfe,
0x13,0xfe,0x8d,0xe4,0xee,0xf4,0x13,0xfe,0x38,0xff,0x58,0xff,0x76,0xfe,0x4a,0xcb,
0x8a,0xeb,0xcf,0xfc,0xf4,0xfd,0x2d,0xc4,0x03,0xa9,0xc7,0xb9,0x2b,0x93,0x00,0x20,
0x03,0x31,0x00,0x08,0x00,0x00,0x00,0x00,0x00,0x00,0x00,0x00,0x00,0x00,0x00,0x00,
0x00,0x00,0x00,0x00,0x00,0x00,0x00,0x00,0x00,0x00,0x00,0x00,0x00,0x00,0x00,0x00,
0x00,0x00,0x00,0x00,0x00,0x00,0x00,0x00,0x00,0x00,0x00,0x00,0x00,0x00,0x00,0x00,
0x00,0x00,0x00,0x08,0x84,0x89,0x0e,0xe4,0x03,0xb9,0xc9,0xf2,0xf0,0xfc,0x8a,0xdb,
0x4d,0xfc,0xe8,0xea,0x2c,0xec,0xef,0xfc,0x72,0xdd,0xf8,0xfe,0xbc,0xff,0x19,0xf7,
0xd2,0xfd,0x6d,0xec,0x70,0xfd,0x0f,0xfd,0x92,0xf5,0xb2,0xfd,0xd3,0xfd,0x4d,0xec,
0xe7,0xe1,0xe2,0xc8,0x0a,0xb3,0x8b,0xcb,0x08,0xaa,0x49,0xba,0xe8,0x69,0x00,0x20,
0xc4,0x28,0x00,0x08,0x00,0x00,0x00,0x00,0x00,0x00,0x00,0x00,0x00,0x00,0x00,0x00,
0x00,0x00,0x00,0x00,0x00,0x00,0x00,0x00,0x00,0x00,0x00,0x00,0x00,0x00,0x00,0x00,
0x00,0x00,0x00,0x00,0x00,0x00,0x00,0x00,0x00,0x00,0x00,0x00,0x00,0x00,0x00,0x00,
0x82,0x58,0x00,0x30,0x00,0x40,0xad,0xb3,0x81,0xa8,0xa9,0xe2,0xf1,0xfc,0x87,0xb2,
0x88,0xfa,0x23,0xc9,0xa6,0xca,0xef,0xfc,0x74,0xfe,0xb6,0xfe,0x95,0xfe,0x30,0xe5,
0x08,0xfb,0xc7,0xf2,0x91,0xfd,0x8d,0xe4,0x28,0xf3,0x29,0xeb,0x0d,0xd4,0x0d,0xd4,
0x65,0xc1,0x82,0xa0,0x88,0xaa,0x8d,0xc3,0x48,0xb2,0x07,0xaa,0x40,0x20,0x00,0x10,
0xc7,0x59,0x00,0x10,0x00,0x00,0x00,0x00,0x00,0x00,0x00,0x00,0x00,0x00,0x00,0x00,
0x00,0x00,0x00,0x00,0x00,0x00,0x00,0x00,0x00,0x00,0x00,0x00,0x00,0x00,0x00,0x00,
0x00,0x00,0x00,0x00,0x00,0x00,0x00,0x00,0x00,0x00,0x00,0x00,0x00,0x00,0x00,0x00,
0x21,0x00,0x00,0x08,0x64,0x49,0x00,0x20,0x00,0x30,0xa6,0x81,0x50,0xec,0xe6,0xa1,
0xee,0xf3,0xe6,0xb9,0x06,0xba,0x8c,0xf3,0x6e,0xdc,0x0d,0xdc,0x6c,0xeb,0x64,0xb1,
0xe3,0xc0,0xa2,0xc0,0x8c,0xcb,0x0a,0xc3,0x04,0xb9,0x82,0xb0,0x6c,0xb3,0xee,0xcb,
0x6a,0xba,0xc3,0x90,0xaa,0xaa,0x2c,0xc3,0x04,0x41,0x00,0x20,0x64,0x49,0x00,0x18,
0x21,0x00,0x00,0x00,0x00,0x00,0x00,0x00,0x00,0x00,0x00,0x00,0x00,0x00,0x00,0x00,
0x00,0x00,0x00,0x00,0x00,0x00,0x00,0x00,0x00,0x00,0x00,0x00,0x00,0x00,0x00,0x00,
0x00,0x00,0x00,0x00,0x00,0x00,0x00,0x00,0x00,0x00,0x00,0x00,0x00,0x08,0x41,0x08,
0x30,0xfd,0x4d,0xe4,0x00,0x28,0xcb,0xab,0xe4,0x69,0x00,0x20,0x00,0x30,0x65,0x69,
0x0a,0xcb,0x48,0xaa,0x64,0x99,0xad,0xdb,0xd0,0xe4,0x6e,0xcc,0x44,0xc9,0xc3,0xb0,
0xc2,0xb8,0x41,0xa8,0xaf,0xdc,0x0d,0xc4,0xe3,0xb0,0x61,0x98,0x8c,0xbb,0x8c,0xb3,
0x44,0x91,0x82,0x70,0xc6,0x59,0x00,0x18,0x00,0x28,0x08,0x8b,0x00,0x30,0x89,0x8a,
0xca,0x92,0x00,0x28,0x00,0x08,0x00,0x00,0x00,0x00,0x00,0x00,0x00,0x00,0x00,0x00,
0x00,0x00,0x00,0x00,0x00,0x00,0x00,0x00,0x00,0x00,0x00,0x00,0x00,0x00,0x00,0x00,
0x00,0x00,0x00,0x00,0x00,0x00,0x00,0x00,0x00,0x00,0x20,0x08,0x68,0x8a,0x3b,0xff,
0x15,0xfe,0x6e,0xe4,0x28,0x92,0x00,0x38,0x83,0x9a,0x45,0xbb,0x64,0x51,0x00,0x20,
0x00,0x00,0x00,0x10,0x00,0x80,0xc2,0xa0,0x4b,0xb3,0xea,0xb2,0x66,0xb9,0x44,0xb9,
0xa7,0xb1,0x61,0x90,0xca,0xba,0x27,0xaa,0xa3,0x28,0x00,0x18,0x21,0x00,0x00,0x00,
0x62,0x28,0x00,0x20,0x40,0x30,0xa4,0x61,0xe7,0x9a,0xc0,0x60,0x00,0x20,0x66,0x69,
0x0b,0xbb,0xea,0xc2,0xc4,0x50,0x00,0x28,0x00,0x00,0x00,0x00,0x00,0x00,0x00,0x00,
0x00,0x00,0x00,0x00,0x00,0x00,0x00,0x00,0x00,0x00,0x00,0x00,0x00,0x00,0x00,0x00,
0x00,0x00,0x00,0x00,0x00,0x00,0x00,0x00,0x60,0x30,0x16,0xe6,0x59,0xff,0x97,0xf6,
0x0a,0xfb,0x02,0xc1,0xcf,0xf4,0x0c,0xd4,0x00,0x20,0x03,0x41,0x00,0x9a,0x6a,0xe4,
0xe3,0xba,0x82,0xaa,0xa1,0x28,0x00,0x08,0x00,0x00,0x00,0x00,0x00,0x00,0x00,0x00,
0x20,0x08,0x40,0x00,0x00,0x00,0x00,0x00,0x80,0x50,0x68,0xa3,0xa3,0xb2,0x21,0x9a,
0x00,0x18,0x64,0x49,0xa3,0xa2,0x63,0x9a,0x02,0x41,0x00,0x18,0xa9,0x92,0x00,0x28,
0x80,0x78,0x6c,0xd3,0x4f,0xd4,0xed,0xc3,0x00,0x00,0x00,0x00,0x00,0x00,0x00,0x00,
0x00,0x00,0x00,0x00,0x00,0x00,0x00,0x00,0x00,0x00,0x00,0x00,0x00,0x00,0x00,0x00,
0x00,0x00,0x00,0x00,0x00,0x00,0x00,0x00,0x00,0x58,0x2c,0xcb,0x4e,0xfc,0x05,0xd2,
0x47,0xaa,0x98,0xfe,0x3a,0xff,0xcc,0xc3,0x25,0xc9,0x41,0xa8,0x21,0x00,0x00,0x00,
0x00,0x59,0x82,0x71,0x25,0xab,0xc7,0xcb,0x26,0xa3,0x26,0xab,0x67,0xb3,0x25,0xb3,
0xe6,0xa2,0x22,0x92,0x00,0x10,0x67,0x72,0xe1,0x50,0xe0,0x50,0x40,0x20,0x40,0x28,
0x48,0xab,0xa0,0x60,0x61,0x10,0x00,0x08,0x00,0x30,0x0b,0xa3,0x44,0x71,0x68,0x9a,
0x01,0x98,0x21,0xa8,0xe7,0xc1,0xe7,0xc9,0x00,0x00,0x00,0x00,0x00,0x00,0x00,0x00,
0x00,0x00,0x00,0x00,0x00,0x00,0x00,0x00,0x00,0x00,0x00,0x00,0x00,0x00,0x00,0x00,
0x00,0x00,0x00,0x00,0x00,0x00,0x00,0x00,0xe6,0x51,0x00,0x08,0xa3,0xe9,0x46,0xfa,
0xbc,0xff,0xdd,0xff,0x4d,0xfc,0x04,0xca,0x40,0xb8,0xe6,0xe9,0x54,0xfe,0xcf,0xd4,
0x44,0x51,0x00,0x18,0x00,0x08,0x40,0x08,0x01,0x92,0xe5,0xaa,0x00,0x08,0x00,0x00,
0x40,0x18,0x40,0x18,0x00,0x20,0x87,0x6a,0x40,0x18,0x00,0x08,0xe2,0x79,0x03,0x7a,
0x60,0x28,0x40,0x18,0x00,0x20,0xe2,0x38,0x66,0x82,0x00,0x28,0x20,0x38,0xee,0xab,
0x4c,0xeb,0xa1,0x90,0x03,0x81,0x00,0x50,0x61,0x18,0x00,0x00,0x00,0x00,0x00,0x00,
0x00,0x00,0x00,0x00,0x00,0x00,0x00,0x00,0x00,0x00,0x00,0x00,0x00,0x00,0x00,0x00,
0x00,0x00,0x00,0x00,0x00,0x00,0x00,0x00,0x00,0x00,0x00,0x00,0xc6,0x61,0x7d,0xff,
0xf8,0xfe,0xb2,0xed,0x47,0xf2,0x40,0xb8,0xe5,0xd1,0xcc,0xfb,0xb8,0xfe,0x72,0xe5,
0x24,0xc9,0x81,0xc0,0x07,0xc2,0x44,0xb1,0x81,0x38,0xa1,0x40,0xc3,0x50,0x61,0x48,
0x41,0x40,0x82,0x50,0x60,0x40,0x63,0x61,0xc1,0x38,0x80,0x30,0x85,0x82,0xe0,0x58,
0xa2,0x20,0x00,0x10,0x82,0x50,0x40,0x50,0x40,0x30,0x81,0x40,0xc2,0x68,0x6c,0xc3,
0x0e,0xec,0x43,0x99,0x24,0x81,0x00,0x48,0x00,0x00,0x00,0x00,0x00,0x00,0x00,0x00,
0x00,0x00,0x00,0x00,0x00,0x00,0x00,0x00,0x00,0x00,0x00,0x00,0x00,0x00,0x00,0x00,
0x00,0x00,0x00,0x00,0x00,0x00,0x00,0x00,0x00,0x00,0x00,0x00,0x00,0x00,0x00,0x00,
0x34,0xfe,0x6a,0xcb,0xa0,0xc0,0xa9,0xfa,0x39,0xff,0xbb,0xff,0x71,0xfd,0xc7,0xca,
0x42,0xd9,0x84,0xe1,0x14,0xfe,0x25,0xaa,0x00,0x98,0xe3,0xb0,0x8e,0xfc,0xeb,0xe3,
0x47,0xca,0xcd,0xf3,0xe6,0xa9,0x00,0x60,0x40,0x61,0x23,0x7a,0x40,0x38,0x84,0x61,
0x87,0xa2,0x40,0x50,0xa0,0x68,0x0e,0xd4,0xc6,0x81,0x00,0x38,0xa5,0xb1,0x06,0xb2,
0x90,0xbc,0x00,0x18,0x00,0x00,0x65,0x29,0x00,0x00,0x00,0x00,0x00,0x00,0x00,0x00,
0x00,0x00,0x00,0x00,0x00,0x00,0x00,0x00,0x00,0x00,0x00,0x00,0x00,0x00,0x00,0x00,
0x00,0x00,0x00,0x00,0x00,0x00,0x00,0x00,0x00,0x00,0x00,0x00,0x00,0x00,0x00,0x00,
0x21,0x00,0x21,0x08,0xa8,0xe2,0xed,0xfb,0xbc,0xff,0x9b,0xff,0xcc,0xfb,0x83,0xd1,
0x84,0xd9,0x67,0xfa,0xb9,0xfe,0x64,0x91,0xe2,0xb8,0xc9,0xfa,0xb6,0xfe,0xf3,0xf5,
0x49,0xcb,0xd3,0xfd,0xea,0xe2,0x23,0xb1,0x41,0x28,0x00,0x20,0xc1,0x68,0xd0,0xf4,
0x20,0x48,0x85,0x79,0x40,0x58,0xca,0xb2,0xb1,0xec,0x60,0x68,0x82,0x80,0x00,0x78,
0xe4,0x48,0x00,0x20,0x62,0x30,0x00,0x20,0x00,0x00,0x00,0x00,0x00,0x00,0x00,0x00,
0x00,0x00,0x00,0x00,0x00,0x00,0x00,0x00,0x00,0x00,0x00,0x00,0x00,0x00,0x00,0x00,
0x00,0x00,0x00,0x00,0x00,0x00,0x00,0x00,0x00,0x00,0x00,0x00,0x00,0x00,0x00,0x00,
0x00,0x18,0x62,0x20,0x00,0x08,0xbd,0xf7,0x39,0xff,0xec,0xc3,0x44,0xd9,0x61,0xb8,
0x8e,0xdc,0x18,0xff,0x4d,0xfc,0x62,0xa9,0x6d,0xe4,0x34,0xfe,0x08,0xfb,0x83,0xd9,
0x51,0xe5,0x7a,0xff,0x75,0xfe,0x8a,0xc3,0x21,0x88,0x00,0x80,0x48,0xc3,0xb2,0xfd,
0x00,0x40,0xce,0xc3,0x03,0x61,0x81,0x48,0x31,0xfd,0xe9,0xaa,0x00,0x00,0x00,0x00,
0x00,0x18,0xe7,0x51,0x00,0x00,0x00,0x00,0x00,0x00,0x00,0x00,0x00,0x00,0x00,0x00,
0x00,0x00,0x00,0x00,0x00,0x00,0x00,0x00,0x00,0x00,0x00,0x00,0x00,0x00,0x00,0x00,
0x00,0x00,0x00,0x00,0x00,0x00,0x00,0x00,0x00,0x00,0x00,0x00,0x00,0x00,0x00,0x00,
0x00,0x08,0x4d,0x7b,0x8b,0x62,0x00,0x10,0xaa,0x72,0x00,0x18,0x00,0x60,0x8c,0xe3,
0x92,0xf5,0xf2,0xfd,0x64,0xb9,0x2a,0xfb,0x0f,0xfd,0x2f,0xfd,0x0c,0xfc,0xa7,0xea,
0x29,0xcb,0xd3,0xfd,0x18,0xff,0x31,0xe5,0x86,0xc9,0xa2,0xb8,0xa0,0x78,0x32,0xfd,
0x20,0x40,0x6f,0xd4,0x65,0x51,0x00,0x28,0x61,0x18,0x00,0x10,0x29,0x5a,0xab,0x72,
0x20,0x00,0x84,0x52,0x00,0x00,0x00,0x00,0x00,0x00,0x00,0x00,0x00,0x00,0x00,0x00,
0x00,0x00,0x00,0x00,0x00,0x00,0x00,0x00,0x00,0x00,0x00,0x00,0x00,0x00,0x00,0x00,
0x00,0x00,0x00,0x00,0x00,0x00,0x00,0x00,0x00,0x00,0x00,0x00,0x00,0x00,0x00,0x00,
0x00,0x10,0x71,0x9c,0xc7,0x81,0x62,0x50,0x00,0x58,0x01,0x50,0x00,0x00,0x00,0x00,
0x76,0xfe,0xac,0xb3,0xc2,0x50,0x00,0x28,0x18,0xff,0x9a,0xff,0x92,0xfd,0xc7,0xca,
0x63,0xe9,0xa5,0xf1,0x75,0xfe,0xf3,0xf5,0x44,0x39,0x00,0x08,0x40,0x88,0x8c,0xeb,
0xa8,0x9a,0xa0,0x50,0x00,0x18,0x20,0x18,0x00,0x28,0x21,0x30,0xc7,0x59,0x2d,0x7b,
0x00,0x00,0x08,0x3a,0x00,0x00,0x00,0x00,0x00,0x00,0x00,0x00,0x00,0x00,0x00,0x00,
0x00,0x00,0x00,0x00,0x00,0x00,0x00,0x00,0x00,0x00,0x00,0x00,0x00,0x00,0x00,0x00,
0x00,0x00,0x00,0x00,0x00,0x00,0x00,0x00,0x00,0x00,0x00,0x00,0x00,0x00,0x00,0x00,
0x20,0x08,0x17,0xd6,0x22,0x80,0x02,0x80,0x22,0x60,0x00,0x58,0x00,0x58,0xe4,0x80,
0x00,0x00,0x00,0x08,0x00,0x28,0x21,0x40,0x00,0x10,0x64,0x49,0xce,0xe4,0xd2,0xfd,
0x6e,0xfc,0x6a,0xeb,0x91,0xcc,0x00,0x28,0x01,0x38,0x00,0x40,0x00,0x10,0x41,0x28,
0x41,0x20,0x00,0x18,0x81,0x40,0x61,0x40,0x00,0x30,0x42,0x48,0x62,0x48,0xaf,0xbb,
0x00,0x00,0xe7,0x41,0x00,0x00,0x00,0x00,0x00,0x00,0x00,0x00,0x00,0x00,0x00,0x00,
0x00,0x00,0x00,0x00,0x00,0x00,0x00,0x00,0x00,0x00,0x00,0x00,0x00,0x00,0x00,0x00,
0x00,0x00,0x00,0x00,0x00,0x00,0x00,0x00,0x00,0x00,0x00,0x00,0x00,0x00,0x00,0x00,
0x00,0x20,0x50,0xac,0x01,0x90,0x63,0x98,0x00,0x70,0x22,0x78,0xe4,0xa0,0x8b,0xd2,
0x01,0x70,0x01,0x68,0x01,0x60,0x01,0x58,0x21,0x38,0x00,0x28,0x00,0x10,0x5c,0xef,
0x96,0xfe,0xec,0xc3,0x00,0x20,0x41,0x20,0x00,0x38,0x20,0x38,0x41,0x28,0x00,0x18,
0x00,0x28,0x61,0x30,0x40,0x58,0x61,0x50,0x00,0x68,0x43,0x70,0x61,0x58,0x8e,0xbb,
0x00,0x08,0xa6,0x31,0x00,0x00,0x00,0x00,0x00,0x00,0x00,0x00,0x00,0x00,0x00,0x00,
0x00,0x00,0x00,0x00,0x00,0x00,0x00,0x00,0x00,0x00,0x00,0x00,0x00,0x00,0x00,0x00,
0x00,0x00,0x00,0x00,0x00,0x00,0x00,0x00,0x00,0x00,0x00,0x00,0x00,0x00,0x00,0x00,
0x00,0x18,0xce,0xa3,0x01,0x98,0x84,0xc0,0x42,0xb0,0x01,0xb0,0x51,0xdc,0x14,0xfd,
0x6b,0xb2,0x22,0x70,0x01,0x70,0x02,0x80,0x22,0x68,0x00,0x68,0x01,0x08,0x00,0x08,
0x00,0x00,0x00,0x00,0x01,0x50,0x01,0x50,0x01,0x50,0x01,0x58,0x42,0x48,0x00,0x40,
0x00,0x28,0xc2,0x50,0x42,0x70,0x01,0x70,0x23,0x68,0x01,0x68,0x62,0x50,0x4d,0xb3,
0x20,0x00,0xc3,0x39,0x00,0x00,0x00,0x00,0x00,0x00,0x00,0x00,0x00,0x00,0x00,0x00,
0x00,0x00,0x00,0x00,0x00,0x00,0x00,0x00,0x00,0x00,0x00,0x00,0x00,0x00,0x00,0x00,
0x00,0x00,0x00,0x00,0x00,0x00,0x00,0x00,0x00,0x00,0x00,0x00,0x00,0x00,0x00,0x00,
0x00,0x20,0x0f,0xac,0x01,0xa0,0x22,0xa0,0x00,0xd0,0xe4,0xe8,0xda,0xfe,0xef,0xcb,
0x84,0xb0,0x64,0xa8,0x21,0xb0,0x01,0xa0,0x01,0x78,0x01,0x70,0x21,0x60,0x01,0x50,
0x00,0x58,0x01,0x58,0x00,0x68,0x21,0x68,0x01,0x68,0x01,0x60,0x21,0x70,0x00,0x60,
0x01,0x69,0x60,0x50,0x00,0x90,0x63,0x98,0x02,0x58,0x43,0x60,0x41,0x58,0x6d,0xb3,
0x00,0x08,0xa6,0x31,0x00,0x00,0x00,0x00,0x00,0x00,0x00,0x00,0x00,0x00,0x00,0x00,
0x00,0x00,0x00,0x00,0x00,0x00,0x00,0x00,0x00,0x00,0x00,0x00,0x00,0x00,0x00,0x00,
0x00,0x00,0x00,0x00,0x00,0x00,0x00,0x00,0x00,0x00,0x00,0x00,0x00,0x00,0x00,0x00,
0x00,0x20,0x71,0xbc,0x02,0x90,0x02,0x98,0x03,0xb0,0x02,0xb0,0x6d,0xeb,0x0f,0xfc,
0x30,0xfc,0x65,0xc9,0xa3,0xe8,0x01,0xd8,0x22,0xa0,0x01,0xa0,0x02,0x98,0x01,0xa0,
0x22,0x88,0x01,0x88,0x23,0x98,0x01,0x98,0x02,0x78,0x01,0x78,0x22,0x80,0x00,0x78,
0x04,0x9a,0xa0,0x70,0x01,0x50,0x01,0x58,0x02,0x50,0x43,0x58,0x62,0x58,0x6d,0xc3,
0x00,0x08,0xc5,0x49,0x00,0x00,0x00,0x00,0x00,0x00,0x00,0x00,0x00,0x00,0x00,0x00,
0x00,0x00,0x00,0x00,0x00,0x00,0x00,0x00,0x00,0x00,0x00,0x00,0x00,0x00,0x00,0x00,
0x00,0x00,0x00,0x00,0x00,0x00,0x00,0x00,0x00,0x00,0x00,0x00,0x00,0x00,0x00,0x00,
0x00,0x20,0x71,0xb4,0x01,0x98,0x22,0x98,0x22,0xc0,0x02,0xb8,0x6d,0xfb,0xaa,0xea,
0x43,0xd8,0x02,0xd0,0x42,0xc8,0x01,0xb8,0x02,0xc8,0x43,0xc8,0x01,0xc8,0x02,0xc8,
0x42,0xc0,0x01,0xb0,0x01,0xa0,0x02,0x98,0x01,0xa0,0x22,0xa0,0x62,0xa8,0x00,0x88,
0x61,0x70,0x00,0x60,0x01,0x58,0x01,0x58,0x01,0x58,0x43,0x60,0x82,0x60,0x6d,0xbb,
0x00,0x00,0x00,0x00,0x00,0x00,0x00,0x00,0x00,0x00,0x00,0x00,0x00,0x00,0x00,0x00,
0x00,0x00,0x00,0x00,0x00,0x00,0x00,0x00,0x00,0x00,0x00,0x00,0x00,0x00,0x00,0x00,
0x00,0x00,0x00,0x00,0x00,0x00,0x00,0x00,0x00,0x00,0x00,0x00,0x00,0x00,0x00,0x00,
0x00,0x20,0x50,0xb4,0x02,0xa0,0x01,0xa0,0x23,0xb0,0x01,0xb0,0x6e,0xfb,0x8a,0xea,
0x23,0xd0,0x02,0xd0,0x01,0xb8,0x02,0xc0,0x22,0xa8,0x01,0xa8,0x02,0x98,0x01,0x98,
0x02,0x88,0x01,0x88,0x02,0x78,0x01,0x80,0x02,0x70,0x01,0x70,0x02,0x60,0x01,0x68,
0x22,0x58,0x00,0x58,0x01,0x48,0x01,0x50,0x02,0x50,0x01,0x58,0xa2,0x58,0xaa,0xa2,
0xa0,0x00,0x88,0x84,0x00,0x00,0x00,0x00,0x00,0x00,0x00,0x00,0xc7,0x73,0x60,0x10,
0x21,0x00,0x00,0x00,0x00,0x00,0x00,0x00,0x00,0x00,0x00,0x00,0x00,0x00,0x00,0x00,
0x00,0x00,0x00,0x00,0x00,0x00,0x00,0x00,0x00,0x00,0x00,0x00,0x00,0x00,0x00,0x00,
0x00,0x20,0x91,0xb4,0x01,0x98,0x63,0xa0,0x01,0xc0,0x22,0xc0,0xee,0xfb,0x49,0xda,
0x22,0xd0,0x02,0xc8,0x01,0xc0,0x01,0xb8,0x01,0xb8,0x02,0xb0,0x22,0xb0,0x01,0xa0,
0x01,0x90,0x02,0x88,0x22,0x98,0x01,0x88,0x01,0x78,0x21,0x70,0x00,0x68,0x01,0x68,
0x01,0x60,0x01,0x58,0x01,0x60,0x01,0x58,0x42,0x40,0x00,0x20,0x00,0x08,0x20,0x00,
0x80,0x08,0x44,0x42,0x42,0x74,0x80,0x4b,0x40,0x08,0x82,0x29,0xe0,0x42,0x43,0x6c,
0x20,0x08,0x00,0x00,0x00,0x00,0x00,0x00,0x00,0x00,0x00,0x00,0x00,0x00,0x00,0x00,
0x00,0x00,0x00,0x00,0x00,0x00,0x00,0x00,0x00,0x00,0x00,0x00,0x00,0x00,0x00,0x00,
0x00,0x20,0x50,0xb4,0x01,0x98,0x43,0xb0,0x02,0xb8,0x02,0xc8,0xe9,0xe9,0xa7,0xe1,
0x84,0xd0,0x02,0xc0,0x02,0xb8,0x02,0xc0,0x23,0xb0,0x01,0xb0,0x02,0xa8,0x01,0xb0,
0x23,0xa0,0x01,0x98,0x02,0x88,0x01,0x88,0x02,0x70,0x01,0x70,0x22,0x60,0x01,0x58,
0x22,0x60,0x01,0x60,0x01,0x50,0x01,0x58,0x00,0x50,0x41,0x68,0x81,0xd8,0x81,0xe0,
0x66,0x89,0x00,0x48,0xa0,0x00,0x43,0x3a,0x60,0x00,0x67,0x63,0xc0,0x42,0x41,0x53,
0x40,0x08,0x84,0x52,0x00,0x00,0x00,0x00,0x00,0x00,0x00,0x00,0x00,0x00,0x00,0x00,
0x00,0x00,0x00,0x00,0x00,0x00,0x00,0x00,0x00,0x00,0x00,0x00,0x00,0x00,0x00,0x00,
0x00,0x28,0x10,0xac,0x01,0x98,0x63,0xa0,0x01,0xc0,0x22,0xc0,0xcb,0xfa,0xe8,0xe1,
0xc4,0xf0,0x42,0xd8,0x02,0xc0,0x01,0xb0,0x01,0xc0,0x83,0xd0,0x01,0xa8,0x02,0xa8,
0x22,0xa8,0x01,0x98,0x01,0x80,0x01,0x78,0x01,0x80,0x01,0x78,0x00,0x60,0x01,0x60,
0x21,0x70,0x01,0x60,0x21,0x50,0x01,0x40,0x00,0x68,0xa5,0xb1,0xc2,0xf9,0xc2,0xf9,
0x40,0x89,0xc6,0xd3,0xc3,0x7c,0x40,0x4b,0xe0,0x31,0xe0,0x29,0x83,0x4a,0x80,0x00,
0xe0,0x11,0x40,0x1a,0x00,0x00,0x00,0x00,0x00,0x00,0x00,0x00,0x00,0x00,0x00,0x00,
0x00,0x00,0x00,0x00,0x00,0x00,0x00,0x00,0x00,0x00,0x00,0x00,0x00,0x00,0x00,0x00,
0x00,0x20,0xcf,0xab,0x02,0x90,0x02,0x98,0x02,0xc0,0x02,0xc0,0x4d,0xfb,0x28,0xe2,
0x06,0xe9,0x22,0xd0,0x02,0xb0,0x01,0xb0,0x02,0xa8,0x02,0xb0,0x02,0xa0,0x02,0xa0,
0x02,0x98,0x02,0xa0,0x02,0x70,0x01,0x78,0x02,0x70,0x01,0x70,0x02,0x60,0x01,0x60,
0x02,0x58,0x01,0x60,0x21,0x38,0x00,0x38,0x61,0xe9,0x24,0xfa,0x95,0xfe,0xa5,0xc2,
0x08,0xdc,0xe0,0xa1,0x24,0x7a,0x40,0x40,0x84,0x74,0x80,0x3a,0x60,0x00,0x23,0x42,
0x20,0x00,0x40,0x08,0x00,0x00,0x00,0x00,0x00,0x00,0x00,0x00,0x00,0x00,0x00,0x00,
0x00,0x00,0x00,0x00,0x00,0x00,0x00,0x00,0x00,0x00,0x00,0x00,0x00,0x00,0x00,0x00,
0x00,0x20,0xef,0xab,0x00,0xa0,0x63,0xa8,0x01,0xd0,0x42,0xd0,0x2b,0xfb,0x4c,0xfb,
0x22,0xe0,0x42,0xe0,0x01,0xc8,0x42,0xc8,0x22,0xb8,0x01,0xa8,0x01,0xb0,0x02,0xa8,
0x01,0x90,0x01,0x88,0x01,0x90,0x01,0x88,0x01,0x68,0x01,0x60,0x01,0x60,0x21,0x60,
0x01,0x60,0x01,0x58,0x00,0x58,0xc5,0xa1,0x04,0xfa,0x41,0xe9,0x6c,0xe4,0x54,0xfe,
0x04,0xf2,0x40,0xb0,0xa2,0x70,0x00,0x40,0x84,0x9d,0x00,0x64,0xc0,0x42,0xa2,0x5b,
0x63,0x74,0x80,0x32,0x20,0x08,0x00,0x00,0x00,0x00,0x00,0x00,0x00,0x00,0x00,0x00,
0x00,0x00,0x00,0x00,0x00,0x00,0x00,0x00,0x00,0x00,0x00,0x00,0x00,0x00,0x00,0x00,
0x00,0x18,0xef,0xab,0x02,0x98,0x22,0xa8,0x02,0xb8,0x02,0xc8,0x6b,0xfa,0xa7,0xe9,
0x63,0xd0,0xc4,0xe8,0x02,0xc0,0x01,0xc0,0x22,0xa8,0x01,0xa8,0x63,0xb0,0x00,0xa0,
0x02,0x90,0x02,0x98,0x02,0x78,0x01,0x78,0x02,0x70,0x01,0x78,0x02,0x58,0x01,0x60,
0x02,0x58,0x01,0x60,0x00,0x50,0xc5,0xa9,0xc7,0xc2,0x54,0xfe,0x18,0xff,0x69,0xcb,
0xe2,0xf9,0xc1,0xf9,0x45,0xa9,0x00,0x68,0xe6,0x9c,0x00,0x42,0x60,0x00,0xa4,0x52,
0xe0,0x42,0x63,0x7c,0x42,0x3a,0xe0,0x39,0x00,0x00,0x00,0x00,0x00,0x00,0x00,0x00,
0x00,0x00,0x00,0x00,0x00,0x00,0x00,0x00,0x00,0x00,0x00,0x00,0x00,0x00,0x00,0x00,
0x00,0x20,0xce,0xa3,0x01,0x98,0x42,0x98,0x01,0xc8,0x43,0xc8,0xaa,0xfa,0xe4,0xc8,
0xc3,0xe0,0xe4,0xe0,0x21,0xc0,0x01,0xb8,0x01,0xb0,0x02,0xa8,0x21,0x98,0x01,0x90,
0x01,0x88,0x02,0x88,0x01,0x90,0x22,0x90,0x01,0x68,0x01,0x60,0x01,0x60,0x01,0x58,
0x62,0x48,0x00,0x28,0x00,0xb0,0x25,0xf2,0xc6,0xca,0x75,0xfe,0x60,0xd0,0x45,0xfa,
0x53,0xfe,0x84,0xc2,0x03,0xfa,0xa0,0xd0,0x00,0x58,0x61,0x60,0x61,0x40,0x00,0x20,
0xa0,0x5b,0xa0,0x53,0x60,0x29,0xc3,0x52,0x00,0x00,0x00,0x00,0x00,0x00,0x00,0x00,
0x00,0x00,0x00,0x00,0x00,0x00,0x00,0x00,0x00,0x00,0x00,0x00,0x00,0x00,0x00,0x00,
0x00,0x18,0x2c,0x93,0x02,0x98,0x22,0xa0,0x02,0xb8,0x02,0xc0,0x0c,0xe3,0x8e,0xfb,
0x22,0xe0,0x02,0xe0,0x02,0xb0,0x01,0xb0,0x02,0xa8,0x02,0xb0,0x02,0x90,0x01,0x98,
0x22,0x98,0x01,0x90,0x22,0x80,0x00,0x80,0x01,0x60,0x01,0x68,0x02,0x60,0x01,0x60,
0x83,0x38,0x00,0x20,0x60,0xd8,0xe2,0xf0,0xc4,0xd2,0x2d,0xfd,0x22,0xf2,0x83,0xfa,
0x85,0xfa,0x00,0xe1,0x61,0xe9,0xe3,0xf9,0x21,0xb8,0x00,0xb8,0xa3,0x60,0x00,0x38,
0x00,0x00,0x00,0x00,0x41,0x00,0x00,0x00,0x00,0x00,0x00,0x00,0x00,0x00,0x00,0x00,
0x00,0x00,0x00,0x00,0x00,0x00,0x00,0x00,0x00,0x00,0x00,0x00,0x00,0x00,0x00,0x00,
0x00,0x20,0xcb,0x7a,0x01,0xa8,0x43,0xa8,0x01,0xc8,0x02,0xc0,0x4a,0xf2,0x4a,0xea,
0x22,0xd8,0x02,0xc8,0x22,0xb0,0x01,0xa8,0x01,0xb8,0x22,0xb8,0x01,0xa0,0x02,0x98,
0x22,0x90,0x01,0x88,0x21,0x90,0x01,0x80,0x01,0x70,0x01,0x70,0x01,0x60,0x01,0x58,
0x61,0x50,0x00,0x30,0xe0,0xf0,0x62,0xf9,0x22,0xfa,0xa0,0xf1,0xc0,0xf9,0x21,0xfa,
0x00,0xf1,0xa2,0xf9,0xe1,0xf0,0xc0,0xe8,0x81,0xc8,0x00,0xa8,0x41,0xa8,0x00,0x90,
0x20,0x20,0x01,0x31,0x00,0x00,0x00,0x00,0x00,0x00,0x00,0x00,0x00,0x00,0x00,0x00,
0x00,0x00,0x00,0x00,0x00,0x00,0x00,0x00,0x00,0x00,0x00,0x00,0x00,0x00,0x00,0x00,
0x00,0x00,0xc3,0x28,0x4a,0xba,0x01,0x78,0x02,0xb8,0x02,0xc0,0x22,0xb0,0x47,0xe1,
0x83,0xd8,0x42,0xd8,0x22,0xb8,0x22,0xc0,0x23,0xb0,0x01,0xb0,0x02,0xa0,0x01,0xa8,
0x02,0x90,0x01,0x98,0x22,0x78,0x01,0x78,0x02,0x68,0x01,0x70,0x21,0x58,0x00,0x60,
0x62,0x38,0x00,0x28,0x80,0xe0,0x01,0xf1,0x23,0xfa,0x60,0xf1,0xc5,0xfa,0x40,0xe1,
0x62,0xf9,0x00,0xf1,0x81,0xe0,0xc2,0xe8,0x22,0xb8,0x01,0xb8,0x02,0xa8,0x01,0xa8,
0x00,0x10,0x21,0x28,0x00,0x00,0x00,0x00,0x00,0x00,0x00,0x00,0x00,0x00,0x00,0x00,
0x00,0x00,0x00,0x00,0x00,0x00,0x00,0x00,0x00,0x00,0x00,0x00,0x00,0x00,0x00,0x00,
0x00,0x00,0x21,0x00,0xca,0xb2,0x28,0x9a,0x01,0x90,0x22,0x90,0x01,0xb0,0x02,0xa8,
0x83,0xe8,0x42,0xd8,0x01,0xc8,0x83,0xd0,0x02,0xa8,0x02,0x98,0x01,0x90,0x22,0x98,
0x01,0xb0,0x22,0xb0,0x01,0x80,0x01,0x78,0x01,0x68,0x01,0x60,0x01,0x60,0x01,0x58,
0x62,0x40,0x00,0x28,0xa0,0xe8,0xe1,0xe8,0xe2,0xf9,0x00,0xe9,0xc2,0xf9,0x00,0xe9,
0x62,0xf9,0x80,0xd8,0x80,0xd8,0x63,0xe9,0x00,0xb0,0x62,0xb0,0x00,0xa0,0x42,0xa8,
0x00,0x20,0x41,0x28,0x00,0x00,0x00,0x00,0x00,0x00,0x00,0x00,0x00,0x00,0x00,0x00,
0x00,0x00,0x00,0x00,0x00,0x00,0x00,0x00,0x00,0x00,0x00,0x00,0x00,0x00,0x00,0x00,
0x00,0x00,0x00,0x00,0x00,0x20,0x66,0x61,0x6e,0xd3,0x62,0x78,0x02,0x88,0x01,0x88,
0x02,0x88,0x02,0x90,0x23,0xa0,0x01,0x98,0x02,0x80,0x01,0x88,0x02,0xa0,0x02,0xa8,
0x22,0x80,0x01,0x80,0x42,0x80,0x00,0x80,0x01,0x58,0x01,0x60,0x01,0x60,0x01,0x68,
0x00,0x48,0x24,0x91,0x81,0xd9,0xe6,0xfa,0x40,0xe9,0xe2,0xf9,0x00,0xc8,0xa1,0xe8,
0xc3,0xd0,0x00,0xc0,0x01,0xb0,0x01,0xb8,0x02,0xa0,0x01,0xa0,0xa4,0x98,0x00,0x78,
0x00,0x18,0x61,0x38,0x00,0x00,0x00,0x00,0x00,0x00,0x00,0x00,0x00,0x00,0x00,0x00,
0x00,0x00,0x00,0x00,0x00,0x00,0x00,0x00,0x00,0x00,0x00,0x00,0x00,0x00,0x00,0x00,
0x00,0x00,0x00,0x00,0x65,0x49,0x00,0x10,0x61,0x40,0xce,0xab,0x0c,0xcb,0x05,0x89,
0x21,0x78,0x01,0x70,0x00,0x80,0x43,0x90,0x01,0xb8,0x22,0xb8,0x01,0x88,0x22,0x80,
0x22,0x78,0x01,0x68,0x01,0x68,0x01,0x60,0x00,0x70,0x42,0x70,0x42,0x98,0x01,0x80,
0x00,0x50,0x85,0x99,0xa0,0xf1,0x02,0xfa,0xe2,0xe8,0x20,0xc8,0xa2,0xe8,0x00,0xc8,
0x00,0x98,0x62,0xa8,0x21,0x98,0x83,0xa0,0x01,0xa0,0x22,0xa0,0xc3,0x70,0x00,0x40,
0x41,0x30,0x00,0x18,0x00,0x00,0x00,0x00,0x00,0x00,0x00,0x00,0x00,0x00,0x00,0x00,
0x00,0x00,0x00,0x00,0x00,0x00,0x00,0x00,0x00,0x00,0x00,0x00,0x00,0x00,0x00,0x00,
0x00,0x00,0x00,0x00,0x00,0x00,0x00,0x00,0x00,0x00,0x00,0x00,0x00,0x18,0x10,0xa4,
0xef,0xb3,0xee,0xb3,0x47,0x99,0x01,0x78,0x01,0x70,0x01,0x70,0x02,0x78,0x02,0x80,
0x02,0x70,0x02,0x78,0x02,0x70,0x01,0x70,0x22,0x68,0x01,0x68,0x41,0x50,0xeb,0xb2,
0x00,0x50,0x86,0xa1,0x83,0xf1,0x60,0xd8,0xe2,0xe8,0x60,0xe0,0x22,0x98,0x00,0x98,
0x42,0xa8,0x01,0xa8,0x02,0xa0,0x01,0xa0,0x23,0xb8,0x63,0xc0,0x00,0x10,0x81,0x30,
0x00,0x00,0x00,0x00,0x00,0x00,0x00,0x00,0x00,0x00,0x00,0x00,0x00,0x00,0x00,0x00,
0x00,0x00,0x00,0x00,0x00,0x00,0x00,0x00,0x00,0x00,0x00,0x00,0x00,0x00,0x00,0x00,
0x00,0x00,0x00,0x00,0x00,0x00,0x00,0x00,0x00,0x10,0x04,0x31,0x20,0x08,0x00,0x00,
0x00,0x08,0x21,0x08,0x6c,0xab,0x0f,0xbc,0x50,0xbc,0x50,0xbc,0x2f,0xbc,0x0f,0xb4,
0xee,0xb3,0xef,0xab,0xce,0xab,0xef,0xab,0x2f,0xb4,0x50,0xb4,0x4c,0x93,0x41,0x28,
0x00,0x40,0x04,0x79,0x80,0xc8,0x45,0xfa,0x82,0xd0,0x00,0xb0,0x40,0xc8,0x81,0xc8,
0x01,0x90,0x22,0x98,0x21,0xb8,0x01,0xa8,0x00,0x10,0x00,0x08,0x82,0x48,0x00,0x20,
0x00,0x00,0x00,0x00,0x00,0x00,0x00,0x00,0x00,0x00,0x00,0x00,0x00,0x00,0x00,0x00,
0x00,0x00,0x00,0x00,0x00,0x00,0x00,0x00,0x00,0x00,0x00,0x00,0x00,0x00,0x00,0x00,
0x00,0x00,0x00,0x00,0x00,0x00,0x00,0x00,0x00,0x00,0x00,0x00,0x00,0x00,0x61,0x10,
0x62,0x18,0x41,0x20,0x04,0x31,0xa3,0x28,0xc3,0x28,0xc3,0x28,0xe4,0x28,0xc3,0x30,
0xe4,0x28,0xc3,0x30,0x04,0x29,0xe4,0x30,0x04,0x29,0xe3,0x30,0x04,0x31,0x41,0x20,
0x00,0x40,0xc4,0x78,0x60,0xc8,0xc1,0xd8,0x01,0xa0,0x01,0xa8,0x01,0xa8,0x42,0xb8,
0x02,0xa8,0x01,0xb0,0x41,0x50,0x00,0x50,0x21,0x20,0x00,0x20,0x00,0x00,0x00,0x00,
0x00,0x00,0x00,0x00,0x00,0x00,0x00,0x00,0x00,0x00,0x00,0x00,0x00,0x00,0x00,0x00,
0x00,0x00,0x00,0x00,0x00,0x00,0x00,0x00,0x00,0x00,0x00,0x00,0x00,0x00,0x00,0x00,
0x00,0x00,0x00,0x00,0x00,0x00,0x00,0x00,0x00,0x00,0x00,0x00,0x00,0x00,0x00,0x00,
0x00,0x00,0x00,0x00,0x20,0x10,0x00,0x00,0x00,0x08,0x00,0x00,0x00,0x08,0x00,0x00,
0x00,0x08,0x00,0x00,0x00,0x08,0x20,0x08,0x00,0x00,0x00,0x00,0x00,0x18,0x41,0x28,
0x00,0x38,0xc3,0x58,0x00,0xc8,0x21,0xc8,0x00,0xb0,0x41,0xb0,0x00,0x90,0x01,0x90,
0x41,0x78,0x00,0x68,0x00,0x10,0x20,0x08,0xa2,0x68,0x00,0x30,0x00,0x00,0x00,0x00,
0x00,0x00,0x00,0x00,0x00,0x00,0x00,0x00,0x00,0x00,0x00,0x00,0x00,0x00,0x00,0x00,
0x00,0x00,0x00,0x00,0x00,0x00,0x00,0x00,0x00,0x00,0x00,0x00,0x00,0x00,0x00,0x00,
0x00,0x00,0x00,0x00,0x00,0x00,0x00,0x00,0x00,0x00,0x00,0x00,0x00,0x00,0x00,0x00,
0x00,0x00,0x00,0x00,0x00,0x00,0x00,0x00,0x00,0x00,0x00,0x00,0x00,0x00,0x00,0x00,
0x00,0x00,0x00,0x00,0x00,0x00,0x00,0x00,0x00,0x00,0x00,0x00,0x00,0x00,0x00,0x00,
0x00,0x00,0x21,0x10,0x01,0x40,0x00,0x40,0x21,0x38,0x00,0x38,0x01,0x28,0x00,0x30,
0x21,0x28,0x00,0x28,0x00,0x00,0x00,0x00,0x00,0x00,0x00,0x00,0x00,0x00,0x00,0x00,
0x00,0x00,0x00,0x00,0x00,0x00,0x00,0x00,0x00,0x00,0x00,0x00,0x00,0x00,0x00,0x00,
0x00,0x00,0x00,0x00,0x00,0x00,0x00,0x00,0x00,0x00,0x00,0x00,0x00,0x00,0x00,0x00,
0x00,0x00,0x00,0x00,0x00,0x00,0x00,0x00,0x00,0x00,0x00,0x00,0x00,0x00,0x00,0x00,
0x00,0x00,0x00,0x00,0x00,0x00,0x00,0x00,0x00,0x00,0x00,0x00,0x00,0x00,0x00,0x00,
0x00,0x00,0x00,0x00,0x00,0x00,0x00,0x00,0x00,0x00,0x00,0x00,0x00,0x00,0x00,0x00,
0x00,0x00,0x00,0x00,0x00,0x08,0x00,0x00,0x00,0x08,0x00,0x08,0x00,0x08,0x00,0x00,
0x00,0x00,0x00,0x00,0x00,0x00,0x00,0x00,0x00,0x00,0x00,0x00,0x00,0x00,0x00,0x00,
0x00,0x00,0x00,0x00,0x00,0x00,0x00,0x00,0x00,0x00,0x00,0x00,0x00,0x00,0x00,0x00,
0x00,0x00,0x00,0x00,0x00,0x00,0x00,0x00,0x00,0x00,0x00,0x00,0x00,0x00,0x00,0x00,
0x00,0x00,0x00,0x00,0x00,0x00,0x00,0x00,0x00,0x00,0x00,0x00,0x00,0x00,0x00,0x00,
0x00,0x00,0x00,0x00,0x00,0x00,0x00,0x00,0x00,0x00,0x00,0x00,0x00,0x00,0x00,0x00,
0x00,0x00,0x00,0x00,0x00,0x00,0x00,0x00,0x00,0x00,0x00,0x00,0x00,0x00,0x00,0x00,
0x00,0x00,0x00,0x00,0x00,0x00,0x00,0x00,0x00,0x00,0x00,0x00,0x00,0x00,0x00,0x00,
0x00,0x00,0x00,0x00,0x00,0x00,0x00,0x00,0x00,0x00,0x00,0x00,0x00,0x00,0x00,0x00,
0x00,0x00,0x00,0x00,0x00,0x00,0x00,0x00,0x00,0x00,0x00,0x00,0x00,0x00,0x00,0x00,
0x00,0x00,0x00,0x00,0x00,0x00,0x00,0x00,0x00,0x00,0x00,0x00,0x00,0x00,0x00,0x00,
0x00,0x00,0x00,0x00,0x00,0x00,0x00,0x00,0x00,0x00,0x00,0x00,0x00,0x00,0x00,0x00,
0x00,0x00,0x00,0x00,0x00,0x00,0x00,0x00,0x00,0x00,0x00,0x00,0x00,0x00,0x00,0x00,
0x00,0x00,0x00,0x00,0x00,0x00,0x00,0x00,0x00,0x00,0x00,0x00,0x00,0x00,0x00,0x00,
0x00,0x00,0x00,0x00,0x00,0x00,0x00,0x00,0x00,0x00,0x00,0x00,0x00,0x00,0x00,0x00,
0x00,0x00,0x00,0x00,0x00,0x00,0x00,0x00,0x00,0x00,0x00,0x00,0x00,0x00,0x00,0x00,
0x00,0x00,0x00,0x00,0x00,0x00,0x00,0x00,0x00,0x00,0x00,0x00,0x00,0x00,0x00,0x00,
0x00,0x00,0x00,0x00,0x00,0x00,0x00,0x00,0x00,0x00,0x00,0x00,0x00,0x00,0x00,0x00,
0x00,0x00,0x00,0x00,0x00,0x00,0x00,0x00,0x00,0x00,0x00,0x00,0x00,0x00,0x00,0x00,
0x00,0x00,0x00,0x00,0x00,0x00,0x00,0x00,0x00,0x00,0x00,0x00,0x00,0x00,0x00,0x00,
0x00,0x00,0x00,0x00,0x00,0x00,0x00,0x00,0x00,0x00,0x00,0x00,0x00,0x00,0x00,0x00,
0x00,0x00,0x00,0x00,0x00,0x00,0x00,0x00,0x00,0x00,0x00,0x00,0x00,0x00,0x00,0x00,
0x00,0x00,0x00,0x00,0x00,0x00,0x00,0x00,0x00,0x00,0x00,0x00,0x00,0x00,0x00,0x00,
0x00,0x00,0x00,0x00,0x00,0x00,0x00,0x00,0x00,0x00,0x00,0x00,0x00,0x00,0x00,0x00,
0x00,0x00,0x00,0x00,0x00,0x00,0x00,0x00,0x00,0x00,0x00,0x00,0x00,0x00,0x00,0x00,
0x00,0x00,0x00,0x00,0x00,0x00,0x00,0x00,0x00,0x00,0x00,0x00,0x00,0x00,0x00,0x00,
0x00,0x00,0x00,0x00,0x00,0x00,0x00,0x00,0x00,0x00,0x00,0x00,0x00,0x00,0x00,0x00,
0x00,0x00,0x00,0x00,0x00,0x00,0x00,0x00,0x00,0x00,0x00,0x00,0x00,0x00,0x00,0x00,
0x00,0x00,0x00,0x00,0x00,0x00,0x00,0x00,0x00,0x00,0x00,0x00,0x00,0x00,0x00,0x00,
0x00,0x00,0x00,0x00,0x00,0x00,0x00,0x00,0x00,0x00,0x00,0x00,0x00,0x00,0x00,0x00,
0x00,0x00,0x00,0x00,0x00,0x00,0x00,0x00,0x00,0x00,0x00,0x00,0x00,0x00,0x00,0x00,
0x00,0x00,0x00,0x00,0x00,0x00,0x00,0x00,0x00,0x00,0x00,0x00,0x00,0x00,0x00,0x00,
0x00,0x00,0x00,0x00,0x00,0x00,0x00,0x00,0x00,0x00,0x00,0x00,0x00,0x00,0x00,0x00,
0x00,0x00,0x00,0x00,0x00,0x00,0x00,0x00,0x00,0x00,0x00,0x00,0x00,0x00,0x00,0x00,
0x00,0x00,0x00,0x00,0x00,0x00,0x00,0x00,0x00,0x00,0x00,0x00,0x00,0x00,0x00,0x00,
0x00,0x00,0x00,0x00,0x00,0x00,0x00,0x00,0x00,0x00,0x00,0x04,0x0b,0x0d,0x12,0x12,
0x14,0x16,0x13,0x11,0x06,0x07,0x01,0x00,0x00,0x00,0x00,0x00,0x00,0x00,0x00,0x00,
0x00,0x00,0x00,0x00,0x00,0x00,0x00,0x00,0x00,0x00,0x00,0x00,0x00,0x00,0x00,0x00,
0x00,0x00,0x00,0x00,0x00,0x00,0x00,0x00,0x00,0x00,0x00,0x00,0x00,0x00,0x00,0x01,
0x01,0x01,0x02,0xfd,0xfc,0xfd,0xfd,0xfd,0xfe,0xfe,0xfd,0xfd,0xfc,0xfc,0xfc,0x00,
0x01,0x02,0x01,0x00,0x00,0x00,0x00,0x00,0x00,0x00,0x00,0x00,0x00,0x00,0x00,0x00,
0x00,0x00,0x00,0x00,0x00,0x00,0x00,0x00,0x00,0x00,0x00,0x00,0x00,0x00,0x00,0x00,
0x00,0x00,0x00,0x00,0x00,0x03,0x19,0xfc,0xfd,0xfe,0xfe,0xfe,0xfe,0xfe,0xfe,0xfe,
0xfe,0xfe,0xfe,0xfe,0xfe,0xfe,0xfe,0xfd,0xfd,0xfc,0x60,0x07,0x02,0x00,0x00,0x00,
0x00,0x00,0x00,0x00,0x00,0x00,0x00,0x00,0x00,0x00,0x00,0x00,0x00,0x00,0x00,0x00,
0x00,0x00,0x00,0x00,0x00,0x00,0x00,0x00,0x00,0x00,0x00,0x01,0xe2,0xfb,0xfd,0xfe,
0xff,0xff,0xfe,0xff,0xfe,0xfe,0xfe,0xfe,0xff,0xff,0xff,0xfe,0xfe,0xfe,0xff,0xfe,
0xfe,0xfe,0xfd,0xfd,0xe6,0x2b,0x01,0x00,0x00,0x00,0x00,0x00,0x00,0x00,0x00,0x00,
0x00,0x00,0x00,0x00,0x00,0x00,0x00,0x00,0x00,0x00,0x00,0x00,0x00,0x00,0x00,0x00,
0x00,0x00,0x01,0xf3,0xfa,0xfd,0xfe,0xfe,0xff,0xff,0xfe,0xfe,0xfe,0xfe,0xfe,0xff,
0xff,0xff,0xff,0xfe,0xff,0xff,0xff,0xfe,0xfe,0xfe,0xfe,0xfe,0xfd,0xfb,0x08,0x00,
0x00,0x00,0x00,0x00,0x00,0x00,0x00,0x00,0x00,0x00,0x00,0x00,0x00,0x00,0x00,0x00,
0x00,0x00,0x00,0x00,0x00,0x00,0x00,0x00,0x00,0x00,0xfc,0xfd,0xfd,0xfe,0xfe,0xff,
0xff,0xff,0xfe,0xfe,0xfe,0xfe,0xfe,0xff,0xff,0xff,0xfe,0xfe,0xfe,0xfe,0xff,0xff,
0xff,0xff,0xff,0xfe,0xfe,0xfe,0xfe,0x07,0x01,0x00,0x00,0x00,0x00,0x00,0x00,0x00,
0x00,0x00,0x00,0x00,0x00,0x00,0x00,0x00,0x00,0x00,0x00,0x00,0x00,0x00,0x00,0x00,
0x00,0xf2,0xfd,0xfe,0xfe,0xfe,0xfe,0xff,0xff,0xff,0xfe,0xfe,0xfe,0xfe,0xfe,0xff,
0xff,0xff,0xfe,0xfe,0xfe,0xfe,0xff,0xff,0xfe,0xfe,0xff,0xff,0xff,0xfe,0xfd,0xfc,
0x0d,0x00,0x00,0x00,0x00,0x00,0x00,0x00,0x00,0x00,0x00,0x00,0x00,0x00,0x00,0x00,
0x00,0x00,0x00,0x00,0x00,0x00,0x00,0x00,0x00,0xf7,0xfe,0xfe,0xff,0xff,0xfe,0xff,
0xff,0xff,0xff,0xfe,0xfe,0xfe,0xfe,0xfe,0xfe,0xfe,0xff,0xfe,0xfe,0xfe,0xfe,0xff,
0xfe,0xff,0xff,0xff,0xff,0xff,0xfe,0xfd,0x22,0x00,0x00,0x00,0x00,0x00,0x00,0x00,
0x00,0x00,0x00,0x00,0x00,0x00,0x00,0x00,0x00,0x00,0x00,0x00,0x00,0x00,0x00,0x00,
0x00,0xf7,0xfe,0xfe,0xff,0xff,0xff,0xff,0xff,0xff,0xff,0xff,0xfe,0xff,0xfe,0xfe,
0xfe,0xfe,0xff,0xff,0xfe,0xfe,0xff,0xfe,0xff,0xff,0xff,0xff,0xfe,0xfe,0xfe,0xfd,
0x31,0x00,0x00,0x00,0x00,0x00,0x00,0x00,0x00,0x00,0x00,0x00,0x00,0x00,0x00,0x00,
0x00,0x00,0x00,0x00,0x00,0x00,0x00,0x00,0x00,0xf6,0xfe,0xfe,0xfe,0xfe,0xff,0xff,
0xff,0xff,0xff,0xff,0xff,0xff,0xff,0xff,0xff,0xff,0xff,0xff,0xfe,0xfe,0xff,0xff,
0xff,0xff,0xff,0xff,0xfe,0xfe,0xfe,0xfc,0x35,0x00,0x00,0x00,0x00,0x00,0x00,0x00,
0x00,0x00,0x00,0x00,0x00,0x00,0x00,0x00,0x00,0x00,0x00,0x00,0x00,0x00,0x00,0x00,
0x01,0xf0,0xfe,0xfe,0xfe,0xfe,0xff,0xff,0xff,0xff,0xff,0xff,0xff,0xff,0xff,0xff,
0xff,0xff,0xff,0xff,0xfe,0xfe,0xff,0xff,0xff,0xfe,0xff,0xff,0xfe,0xfe,0xfe,0xfc,
0x23,0x00,0x00,0x00,0x00,0x00,0x00,0x00,0x00,0x00,0x00,0x00,0x00,0x00,0x00,0x00,
0x00,0x00,0x00,0x00,0x00,0x00,0x00,0x00,0x02,0xef,0xfe,0xfe,0xfe,0xfe,0xfe,0xfe,
0xfe,0xff,0xfe,0xff,0xfe,0xff,0xff,0xff,0xfe,0xff,0xff,0xff,0xfe,0xfe,0xfe,0xfe,
0xfe,0xfe,0xfe,0xfe,0xfe,0xfe,0xfe,0xfd,0x05,0x00,0x00,0x00,0x00,0x00,0x00,0x00,
0x00,0x00,0x00,0x00,0x00,0x00,0x00,0x00,0x00,0x00,0x00,0x00,0x00,0x00,0x00,0x00,
0xf8,0xfd,0xfe,0xfe,0xfe,0xfe,0xfe,0xfe,0xfe,0xfe,0xfe,0xfe,0xfe,0xfe,0xff,0xfe,
0xfe,0xff,0xff,0xff,0xfe,0xfe,0xfe,0xfe,0xfe,0xfe,0xfe,0xfe,0xfe,0xff,0xfe,0xfe,
0xfe,0x00,0x00,0x00,0x00,0x00,0x00,0x00,0x00,0x00,0x00,0x00,0x00,0x00,0x00,0x00,
0x00,0x00,0x00,0x00,0x00,0x00,0xff,0xf7,0xfe,0xfe,0xfe,0xfe,0xff,0xfe,0xfe,0xfe,
0xfe,0xfe,0xfe,0xfe,0xfe,0xfe,0xfe,0xfe,0xfe,0xfe,0xff,0xfe,0xfe,0xfe,0xfe,0xfe,
0xfe,0xff,0xff,0xff,0xff,0xfe,0xfe,0xfe,0xfe,0xf9,0xf9,0x00,0x00,0x00,0x00,0x00,
0x00,0x00,0x00,0x00,0x00,0x00,0x00,0x00,0x00,0x00,0x00,0x00,0x00,0xfd,0xfb,0xfd,
0xfe,0xfe,0xfe,0xfe,0xff,0xff,0xff,0xff,0xff,0xfe,0xfe,0xfe,0xfe,0xff,0xfe,0xfe,
0xfe,0xfe,0xfe,0xff,0xff,0xff,0xff,0xff,0xff,0xff,0xff,0xff,0xfe,0xfe,0xfe,0xfe,
0xfe,0xfe,0xfd,0xfb,0x00,0x00,0x00,0x00,0x00,0x00,0x00,0x00,0x00,0x00,0x00,0x00,
0x00,0x00,0x00,0x00,0x65,0xfb,0xfd,0xfe,0xff,0xff,0xff,0xff,0xff,0xff,0xff,0xff,
0xfe,0xff,0xff,0xff,0xfe,0xfe,0xfe,0xfe,0xff,0xff,0xff,0xff,0xff,0xff,0xff,0xff,
0xff,0xfe,0xfe,0xfe,0xfe,0xfe,0xfe,0xff,0xfe,0xfe,0xfe,0xfd,0xf7,0x00,0x00,0x00,
0x00,0x00,0x00,0x00,0x00,0x00,0x00,0x00,0x00,0x00,0x00,0x00,0x77,0xfe,0xfe,0xff,
0xff,0xff,0xff,0xff,0xff,0xff,0xff,0xfe,0xfe,0xfe,0xfe,0xff,0xfe,0xfe,0xfe,0xff,
0xff,0xff,0xff,0xff,0xff,0xfe,0xff,0xfe,0xff,0xfe,0xfe,0xfe,0xfe,0xfe,0xff,0xff,
0xff,0xfe,0xfe,0xfd,0xfc,0x01,0x00,0x00,0x00,0x00,0x00,0x00,0x00,0x00,0x00,0x00,
0x00,0x00,0x00,0x00,0x0d,0xfc,0xfe,0xfe,0xff,0xff,0xff,0xff,0xff,0xff,0xff,0xfe,
0xfe,0xff,0xfe,0xff,0xfe,0xfe,0xfe,0xfe,0xfe,0xff,0xff,0xfe,0xff,0xfe,0xfe,0xfe,
0xfe,0xfe,0xfe,0xff,0xff,0xfe,0xfe,0xff,0xff,0xfe,0xfe,0xfd,0xa1,0x00,0x00,0x00,
0x00,0x00,0x00,0x00,0x00,0x00,0x00,0x00,0x00,0x00,0x00,0x00,0x00,0xec,0xfa,0xfe,
0xff,0xff,0xff,0xff,0xff,0xff,0xff,0xff,0xff,0xff,0xfe,0xfe,0xfe,0xfe,0xff,0xfe,
0xfe,0xff,0xfe,0xfe,0xfe,0xfe,0xfe,0xfe,0xfe,0xfe,0xff,0xff,0xff,0xff,0xff,0xff,
0xff,0xff,0xfe,0xfc,0x02,0x00,0x00,0x00,0x00,0x00,0x00,0x00,0x00,0x00,0x00,0x00,
0x00,0x00,0x00,0x00,0x00,0x01,0xf5,0xfa,0xfe,0xfe,0xff,0xff,0xff,0xff,0xff,0xff,
0xff,0xff,0xff,0xfe,0xfe,0xfe,0xfe,0xfe,0xff,0xff,0xff,0xfe,0xfe,0xfe,0xfe,0xff,
0xff,0xff,0xff,0xff,0xff,0xff,0xff,0xff,0xff,0xfe,0xfd,0x06,0x00,0x00,0x00,0x00,
0x00,0x00,0x00,0x00,0x00,0x00,0x00,0x00,0x00,0x00,0x00,0x00,0x00,0x00,0x00,0xf3,
0xfd,0xfd,0xff,0xff,0xff,0xfe,0xfe,0xff,0xff,0xff,0xff,0xff,0xfe,0xff,0xfe,0xfe,
0xff,0xff,0xff,0xff,0xfe,0xfe,0xfe,0xff,0xff,0xff,0xff,0xff,0xff,0xff,0xff,0xff,
0xfe,0xfd,0x03,0x00,0x00,0x00,0x00,0x00,0x00,0x00,0x00,0x00,0x00,0x00,0x00,0x00,
0x00,0x00,0x00,0x00,0x00,0x00,0x00,0x01,0xfb,0xfd,0xff,0xff,0xff,0xfe,0xfe,0xff,
0xff,0xff,0xff,0xff,0xfe,0xff,0xff,0xff,0xff,0xff,0xff,0xff,0xff,0xfe,0xfe,0xff,
0xff,0xff,0xff,0xff,0xff,0xff,0xff,0xff,0xfe,0x05,0x00,0x00,0x00,0x00,0x00,0x00,
0x00,0x00,0x00,0x00,0x00,0x00,0x00,0x00,0x00,0x00,0x00,0x00,0x00,0x00,0x00,0x01,
0xfc,0xfd,0xfe,0xff,0xfe,0xfe,0xfe,0xff,0xff,0xff,0xfe,0xfe,0xfe,0xff,0xfe,0xff,
0xff,0xff,0xff,0xff,0xff,0xfe,0xff,0xff,0xff,0xff,0xff,0xff,0xff,0xff,0xff,0xff,
0xfe,0x03,0x00,0x00,0x00,0x00,0x00,0x00,0x00,0x00,0x00,0x00,0x00,0x00,0x00,0x00,
0x00,0x00,0x00,0x00,0x00,0x00,0x00,0x00,0xfc,0xfd,0xfe,0xfe,0xfe,0xfe,0xfe,0xff,
0xff,0xfe,0xfe,0xfe,0xfe,0xfe,0xfe,0xff,0xff,0xff,0xff,0xff,0xff,0xff,0xff,0xff,
0xff,0xff,0xff,0xfe,0xfe,0xff,0xff,0xff,0xfe,0x04,0x00,0x00,0x00,0x00,0x00,0x00,
0x00,0x00,0x00,0x00,0x00,0x00,0x00,0x00,0x00,0x00,0x00,0x00,0x00,0x00,0x00,0x00,
0xfd,0xfe,0xfe,0xfe,0xfe,0xfe,0xfe,0xff,0xff,0xfe,0xfe,0xfe,0xfe,0xfe,0xfe,0xff,
0xff,0xff,0xff,0xff,0xff,0xfe,0xff,0xfe,0xfe,0xfe,0xfe,0xfe,0xfe,0xfe,0xff,0xff,
0xff,0x04,0x00,0x00,0x00,0x00,0x00,0x00,0x00,0x00,0x00,0x00,0x00,0x00,0x00,0x00,
0x00,0x00,0x00,0x00,0x00,0x00,0x00,0x00,0xfd,0xfe,0xfe,0xfe,0xff,0xff,0xff,0xff,
0xff,0xfe,0xfe,0xfe,0xfe,0xfe,0xfe,0xfe,0xfe,0xfe,0xfe,0xfe,0xfe,0xfe,0xff,0xfe,
0xfe,0xfe,0xfe,0xff,0xfe,0xfe,0xfe,0xfe,0xfe,0x05,0x00,0x00,0x00,0x00,0x00,0x00,
0x00,0x00,0x00,0x00,0x00,0x00,0x00,0x00,0x00,0x00,0x00,0x00,0x00,0x00,0x00,0x00,
0xfd,0xfe,0xfe,0xfe,0xfe,0xff,0xff,0xff,0xff,0xfe,0xfe,0xfe,0xfe,0xfe,0xfe,0xfe,
0xfe,0xfe,0xfe,0xfe,0xfe,0xfe,0xff,0xfe,0xfe,0xfe,0xfe,0xfe,0xfe,0xfe,0xfe,0xfe,
0xfe,0x04,0x00,0x00,0x00,0x00,0x00,0x00,0x00,0x00,0x00,0x00,0x00,0x00,0x00,0x00,
0x00,0x00,0x00,0x00,0x00,0x00,0x00,0x00,0xfd,0xfe,0xfe,0xfe,0xfe,0xfe,0xff,0xff,
0xff,0xfe,0xfe,0xfe,0xfe,0xfe,0xfe,0xfe,0xff,0xff,0xfe,0xfe,0xfe,0xfe,0xfe,0xfe,
0xfe,0xfe,0xfe,0xfe,0xfe,0xfe,0xfe,0xfe,0xfe,0x05,0x00,0x00,0x00,0x00,0x00,0x00,
0x00,0x00,0x00,0x00,0x00,0x00,0x00,0x00,0x00,0x00,0x00,0x00,0x00,0x00,0x00,0x00,
0xfd,0xfe,0xfe,0xfe,0xfe,0xfe,0xfe,0xff,0xff,0xfe,0xfe,0xfe,0xfe,0xfe,0xfe,0xfe,
0xfe,0xfe,0xfe,0xfe,0xfe,0xfe,0xfe,0xfe,0xfe,0xfe,0xfe,0xfe,0xfe,0xfe,0xfe,0xfe,
0xfe,0x09,0x02,0x00,0x00,0x00,0x00,0x00,0x00,0x00,0x00,0x00,0x00,0x00,0x00,0x00,
0x00,0x00,0x00,0x00,0x00,0x00,0x00,0x00,0xfd,0xfe,0xfe,0xfe,0xfe,0xfe,0xfe,0xfe,
0xfe,0xfe,0xfe,0xfe,0xfe,0xfe,0xfe,0xfe,0xfe,0xfe,0xfe,0xfe,0xfe,0xfe,0xfe,0xfe,
0xfe,0xfe,0xfe,0xfe,0xfe,0xff,0xfe,0xfe,0xfe,0xfe,0xfd,0x01,0x00,0x00,0x00,0x03,
0x03,0x00,0x00,0x00,0x00,0x00,0x00,0x00,0x00,0x00,0x00,0x00,0x00,0x00,0x00,0x00,
0xfd,0xfe,0xfe,0xfe,0xfe,0xfe,0xfe,0xff,0xff,0xfe,0xfe,0xfe,0xfe,0xfe,0xfe,0xfe,
0xfe,0xfe,0xfe,0xfe,0xfe,0xfe,0xfe,0xfe,0xfe,0xfe,0xfe,0xfe,0xfe,0xff,0xfe,0xff,
0xfe,0xfe,0xfe,0xfc,0x01,0x02,0x02,0xf9,0xf9,0x07,0x00,0x00,0x00,0x00,0x00,0x00,
0x00,0x00,0x00,0x00,0x00,0x00,0x00,0x00,0xfd,0xfe,0xfe,0xfe,0xfe,0xfe,0xff,0xff,
0xff,0xff,0xfe,0xfe,0xfe,0xfe,0xfe,0xfe,0xfe,0xfe,0xfe,0xfe,0xfe,0xfe,0xfe,0xfe,
0xfe,0xfe,0xfe,0xfe,0xfe,0xfe,0xff,0xff,0xfe,0xfe,0xfe,0xfe,0xfd,0xca,0xfd,0xfc,
0xfb,0x06,0x00,0x00,0x00,0x00,0x00,0x00,0x00,0x00,0x00,0x00,0x00,0x00,0x00,0x00,
0xfd,0xfe,0xfe,0xfe,0xfe,0xff,0xff,0xff,0xff,0xff,0xfe,0xfe,0xfe,0xff,0xfe,0xfe,
0xfe,0xfe,0xfe,0xfe,0xfe,0xfe,0xfe,0xfe,0xfe,0xfe,0xfe,0xfe,0xfe,0xff,0xfe,0xff,
0xff,0xff,0xfe,0xfe,0xfe,0xfe,0xfe,0xfc,0xf8,0x03,0x00,0x00,0x00,0x00,0x00,0x00,
0x00,0x00,0x00,0x00,0x00,0x00,0x00,0x00,0xfc,0xfe,0xfe,0xfe,0xfe,0xff,0xff,0xfe,
0xfe,0xff,0xfe,0xfe,0xfe,0xfe,0xfe,0xfe,0xfe,0xfe,0xfe,0xfe,0xfe,0xfe,0xfe,0xfe,
0xfe,0xfe,0xfe,0xfe,0xfe,0xff,0xfe,0xff,0xff,0xff,0xfe,0xfe,0xfe,0xfe,0xfe,0xfd,
0x14,0x03,0x00,0x00,0x00,0x00,0x00,0x00,0x00,0x00,0x00,0x00,0x00,0x00,0x00,0x00,
0xfc,0xfe,0xfe,0xfe,0xfe,0xfe,0xff,0xfe,0xfe,0xfe,0xff,0xff,0xff,0xfe,0xfe,0xfe,
0xfe,0xfe,0xfe,0xfe,0xfe,0xfe,0xfe,0xfe,0xfe,0xfe,0xfe,0xfe,0xfe,0xff,0xff,0xff,
0xff,0xff,0xfe,0xff,0xfe,0xfe,0xfe,0xfe,0xfd,0xe1,0x00,0x00,0x00,0x00,0x00,0x00,
0x00,0x00,0x00,0x00,0x00,0x00,0x00,0x00,0xfd,0xfe,0xfe,0xfe,0xfe,0xfe,0xfe,0xfe,
0xfe,0xfe,0xfe,0xfe,0xfe,0xfe,0xfe,0xfe,0xfe,0xfe,0xfe,0xfe,0xfe,0xfe,0xfe,0xfe,
0xfe,0xfe,0xfe,0xfe,0xfe,0xff,0xff,0xff,0xff,0xff,0xfe,0xff,0xfe,0xfe,0xfe,0xfe,
0xfd,0xfb,0xb9,0x00,0x00,0x00,0x00,0x00,0x00,0x00,0x00,0x00,0x00,0x00,0x00,0x00,
0xfd,0xfe,0xfe,0xfe,0xfe,0xfe,0xff,0xfe,0xfe,0xfe,0xfe,0xfe,0xfe,0xfe,0xfe,0xff,
0xfe,0xfe,0xfe,0xfe,0xfe,0xfe,0xfe,0xfe,0xfe,0xff,0xff,0xfe,0xfe,0xff,0xff,0xff,
0xff,0xff,0xfe,0xfe,0xfe,0xfe,0xfe,0xfe,0xfd,0xfd,0xfd,0x11,0x00,0x00,0x00,0x00,
0x00,0x00,0x00,0x00,0x00,0x00,0x00,0x00,0xfd,0xfe,0xfe,0xfe,0xfe,0xfe,0xff,0xff,
0xff,0xfe,0xfe,0xfe,0xfe,0xfe,0xfe,0xff,0xfe,0xfe,0xfe,0xfe,0xfe,0xfe,0xfe,0xfe,
0xfe,0xfe,0xfe,0xfe,0xfe,0xfe,0xfe,0xfe,0xfe,0xfe,0xfe,0xfe,0xfe,0xfe,0xfe,0xfe,
0xfd,0xfd,0xfd,0x12,0x00,0x00,0x00,0x00,0x00,0x00,0x00,0x00,0x00,0x00,0x00,0x00,
0xfc,0xfd,0xfe,0xfe,0xfe,0xfe,0xff,0xff,0xff,0xfe,0xfe,0xfe,0xfe,0xfe,0xfe,0xfe,
0xfe,0xfe,0xfe,0xfe,0xfe,0xfe,0xfe,0xfe,0xfe,0xfe,0xfe,0xfe,0xfe,0xfe,0xfe,0xff,
0xfe,0xfe,0xfe,0xfe,0xfe,0xfe,0xfe,0xfe,0xfb,0xf8,0x68,0x00,0x00,0x00,0x00,0x00,
0x00,0x00,0x00,0x00,0x00,0x00,0x00,0x00,0xfb,0xfd,0xfe,0xfe,0xfe,0xfe,0xff,0xff,
0xff,0xff,0xfe,0xfe,0xfe,0xff,0xfe,0xfe,0xfe,0xfe,0xfe,0xfe,0xfe,0xfe,0xfe,0xfe,
0xfe,0xff,0xfe,0xfe,0xfe,0xfe,0xfe,0xfe,0xfe,0xfe,0xfe,0xfe,0xfe,0xfe,0xfe,0xfe,
0xed,0x09,0x00,0x00,0x00,0x00,0x00,0x00,0x00,0x00,0x00,0x00,0x00,0x00,0x00,0x00,
0x00,0xfc,0xfe,0xfe,0xfe,0xfe,0xff,0xff,0xff,0xff,0xfe,0xfe,0xfe,0xfe,0xfe,0xfe,
0xfe,0xff,0xfe,0xfe,0xfe,0xfe,0xfe,0xfe,0xff,0xff,0xfe,0xfe,0xfe,0xfe,0xfe,0xfe,
0xfe,0xfe,0xfe,0xfe,0xfe,0xfe,0xfe,0xfe,0xfd,0x09,0x00,0x00,0x00,0x00,0x00,0x00,
0x00,0x00,0x00,0x00,0x00,0x00,0x00,0x00,0x01,0xf3,0xfe,0xfe,0xfe,0xfe,0xfe,0xfe,
0xff,0xff,0xfe,0xfe,0xfe,0xfe,0xfe,0xfe,0xfe,0xfe,0xfe,0xfe,0xfe,0xfe,0xfe,0xfe,
0xff,0xff,0xfe,0xfe,0xfe,0xfe,0xfe,0xfe,0xfe,0xfe,0xfe,0xfe,0xfe,0xfe,0xfe,0xfe,
0xfd,0x08,0x00,0x00,0x00,0x00,0x00,0x00,0x00,0x00,0x00,0x00,0x00,0x00,0x00,0x00,
0x00,0x01,0xfd,0xfd,0xfe,0xfe,0xfe,0xfe,0xfe,0xfe,0xfe,0xfe,0xff,0xfe,0xfe,0xfe,
0xfe,0xfe,0xfe,0xfe,0xfe,0xfe,0xfe,0xfe,0xfe,0xfe,0xfe,0xfe,0xfe,0xfe,0xfe,0xfe,
0xfe,0xfe,0xfe,0xfe,0xfe,0xfe,0xfe,0xfd,0xfd,0x06,0x00,0x00,0x00,0x00,0x00,0x00,
0x00,0x00,0x00,0x00,0x00,0x00,0x00,0x00,0x00,0x00,0x06,0xfb,0xfe,0xfe,0xfe,0xfe,
0xfe,0xfe,0xfe,0xfe,0xff,0xff,0xff,0xfe,0xfe,0xfe,0xff,0xfe,0xfe,0xfe,0xff,0xfe,
0xfe,0xfe,0xfe,0xfe,0xfe,0xfe,0xfe,0xfe,0xfe,0xfe,0xfe,0xfe,0xfe,0xfe,0xfe,0xfd,
0x07,0x01,0x00,0x00,0x00,0x00,0x00,0x00,0x00,0x00,0x00,0x00,0x00,0x00,0x00,0x00,
0x00,0x00,0x01,0x01,0xfb,0xfd,0xfe,0xfe,0xfe,0xfe,0xfe,0xfe,0xfe,0xff,0xfe,0xfe,
0xfe,0xfe,0xfe,0xfe,0xfe,0xfe,0xfe,0xfe,0xfe,0xfe,0xfe,0xfe,0xfe,0xfe,0xfe,0xff,
0xff,0xfe,0xfe,0xfe,0xfe,0xfe,0xfd,0x18,0x01,0x00,0x00,0x00,0x00,0x00,0x00,0x00,
0x00,0x00,0x00,0x00,0x00,0x00,0x00,0x00,0x00,0x00,0x00,0x00,0x01,0x48,0xf3,0xfb,
0xfd,0xfd,0xfe,0xfe,0xfe,0xfe,0xfe,0xfe,0xfe,0xfe,0xfe,0xfe,0xfe,0xfe,0xfe,0xfe,
0xfe,0xfe,0xfe,0xfe,0xfe,0xfe,0xfe,0xff,0xff,0xff,0xfe,0xfe,0xfe,0xfe,0x11,0x00,
0x00,0x00,0x00,0x00,0x00,0x00,0x00,0x00,0x00,0x00,0x00,0x00,0x00,0x00,0x00,0x00,
0x00,0x00,0x00,0x00,0x00,0x01,0x00,0x9a,0xb6,0xfe,0xfd,0xfe,0xfe,0xfe,0xfe,0xfe,
0xfe,0xfe,0xfe,0xfe,0xfe,0xfe,0xfe,0xdd,0xfd,0xfe,0xfe,0xfe,0xfe,0xfe,0xfe,0xfe,
0xfe,0xfe,0xfe,0xfe,0xd8,0x86,0x01,0x00,0x00,0x00,0x00,0x00,0x00,0x00,0x00,0x00,
0x00,0x00,0x00,0x00,0x00,0x00,0x00,0x00,0x00,0x00,0x00,0x00,0x00,0x00,0x00,0x00,
0x00,0x01,0xa0,0xcf,0xcd,0xd1,0xd0,0xd6,0xd6,0xd4,0xd3,0xcf,0xcd,0xc4,0xd9,0x08,
0xe6,0xfc,0xfe,0xfe,0xfe,0xfe,0xfe,0xfd,0xfd,0xfc,0xef,0xd0,0x05,0x00,0x00,0x00,
0x00,0x00,0x00,0x00,0x00,0x00,0x00,0x00,0x00,0x00,0x00,0x00,0x00,0x00,0x00,0x00,
0x00,0x00,0x00,0x00,0x00,0x00,0x00,0x00,0x00,0x00,0x00,0x00,0x00,0x00,0x00,0x00,
0x00,0x00,0x00,0x00,0x00,0x00,0x00,0x00,0x00,0xbd,0xfe,0xfe,0xfe,0xfe,0xfc,0x79,
0x7c,0x76,0x01,0x01,0x00,0x00,0x00,0x00,0x00,0x00,0x00,0x00,0x00,0x00,0x00,0x00,
0x00,0x00,0x00,0x00,0x00,0x00,0x00,0x00,0x00,0x00,0x00,0x00,0x00,0x00,0x00,0x00,
0x00,0x00,0x00,0x00,0x00,0x00,0x00,0x00,0x00,0x00,0x00,0x00,0x00,0x00,0x00,0x00,
0x00,0x01,0xae,0xb5,0xbc,0xc6,0xbc,0x01,0x00,0x00,0x00,0x00,0x00,0x00,0x00,0x00,
0x00,0x00,0x00,0x00,0x00,0x00,0x00,0x00,0x00,0x00,0x00,0x00,0x00,0x00,0x00,0x00,
0x00,0x00,0x00,0x00,0x00,0x00,0x00,0x00,0x00,0x00,0x00,0x00,0x00,0x00,0x00,0x00,
0x00,0x00,0x00,0x00,0x00,0x00,0x00,0x00,0x00,0x00,0x00,0x00,0x00,0x00,0x00,0x00,
0x00,0x00,0x00,0x00,0x00,0x00,0x00,0x00,0x00,0x00,0x00,0x00,0x00,0x00,0x00,0x00,
0x00,0x00,0x00,0x00,0x00,0x00,0x00,0x00,0x00,0x00,0x00,0x00,0x00,0x00,0x00,0x00,
0x00,0x00,0x00,0x00,0x00,0x00,0x00,0x00,0x00,0x00,0x00,0x00,0x00,0x00,0x00,0x00,
0x00,0x00,0x00,0x00,0x00,0x00,0x00,0x00,0x00,0x00,0x00,0x00,0x00,0x00,0x00,0x00,
0x00,0x00,0x00,0x00,0x00,0x00,0x00,0x00,0x00,0x00,0x00,0x00,0x00,0x00,0x00,0x00,
0x00,0x00,0x00,0x00,0x00,0x00,0x00,0x00,0x00,0x00,0x00,0x00,0x00,0x00,0x00,0x00,
0x00,0x00,0x00,0x00,0x00,0x00,0x00,0x00,0x00,0x00,0x00,0x00,0x00,0x00,0x00,0x00,
0x00,0x00,0x00,0x00,0x00,0x00,0x00,0x00,0x00,0x00,0x00,0x00,0x00,0x00,0x00,0x00,

};
static const lv_image_dsc_t s_dish_strawberry_jam = {
    .header.magic = LV_IMAGE_HEADER_MAGIC,
    .header.cf = LV_COLOR_FORMAT_RGB565A8,
    .header.flags = 0,
    .header.w = 56,
    .header.h = 56,
    .header.stride = 112,
    .data_size = sizeof(s_dish_strawberry_jam_map),
    .data = s_dish_strawberry_jam_map,
};

static const LV_ATTRIBUTE_MEM_ALIGN LV_ATTRIBUTE_LARGE_CONST uint8_t s_dish_herb_tea_map[] = {
0x00,0x00,0x00,0x00,0x00,0x00,0x00,0x00,0x00,0x00,0x00,0x00,0x00,0x00,0x00,0x00,
0x00,0x00,0x00,0x00,0x00,0x00,0x00,0x00,0x00,0x00,0x00,0x00,0x00,0x00,0x00,0x00,
0x00,0x00,0x00,0x00,0x00,0x00,0x00,0x00,0x00,0x00,0x00,0x00,0x00,0x00,0x00,0x00,
0x00,0x00,0x00,0x00,0x00,0x00,0x00,0x00,0x00,0x00,0x00,0x00,0x00,0x00,0x00,0x00,
0x00,0x00,0x00,0x00,0x00,0x00,0x00,0x00,0x00,0x00,0x00,0x00,0x00,0x00,0x00,0x00,
0x00,0x00,0x00,0x00,0x00,0x00,0x00,0x00,0x00,0x00,0x00,0x00,0x00,0x00,0x00,0x00,
0x00,0x00,0x00,0x00,0x00,0x00,0x00,0x00,0x00,0x00,0x00,0x00,0x00,0x00,0x00,0x00,
0x00,0x00,0x00,0x00,0x00,0x00,0x00,0x00,0x00,0x00,0x00,0x00,0x00,0x00,0x00,0x00,
0x00,0x00,0x00,0x00,0x00,0x00,0x00,0x00,0x00,0x00,0x00,0x00,0x00,0x00,0x00,0x00,
0x00,0x00,0x00,0x00,0x00,0x00,0x00,0x00,0x00,0x00,0x00,0x00,0x00,0x00,0x00,0x00,
0x00,0x00,0x00,0x00,0x00,0x00,0x00,0x00,0x00,0x00,0x00,0x00,0x00,0x00,0x00,0x00,
0x00,0x00,0x00,0x00,0x00,0x00,0x00,0x00,0x00,0x00,0x00,0x00,0x00,0x00,0x00,0x00,
0x00,0x00,0x00,0x00,0x00,0x00,0x00,0x00,0x00,0x00,0x00,0x00,0x00,0x00,0x00,0x00,
0x00,0x00,0x00,0x00,0x00,0x00,0x00,0x00,0x00,0x00,0x00,0x00,0x00,0x00,0x00,0x00,
0x00,0x00,0x00,0x00,0x00,0x00,0x00,0x00,0x00,0x00,0x00,0x00,0x00,0x00,0x00,0x00,
0x00,0x00,0x00,0x00,0x00,0x00,0x00,0x00,0x00,0x00,0x00,0x00,0x00,0x00,0x00,0x00,
0x00,0x00,0x00,0x00,0x00,0x00,0x00,0x00,0x00,0x00,0x00,0x00,0x00,0x00,0x00,0x00,
0x00,0x00,0x00,0x00,0x00,0x00,0x00,0x00,0x00,0x00,0x00,0x00,0x00,0x00,0x00,0x00,
0x00,0x00,0x00,0x00,0x00,0x00,0x00,0x00,0x00,0x00,0x00,0x00,0x00,0x00,0x00,0x00,
0x00,0x00,0x00,0x00,0x00,0x00,0x00,0x00,0x00,0x00,0x00,0x00,0x00,0x00,0x00,0x00,
0x00,0x00,0x00,0x00,0x00,0x00,0x00,0x00,0x00,0x00,0x00,0x00,0x00,0x00,0x00,0x00,
0x00,0x00,0x00,0x00,0x00,0x00,0x00,0x00,0x00,0x00,0x00,0x00,0x00,0x00,0x00,0x00,
0x00,0x00,0x00,0x00,0x00,0x00,0x00,0x00,0x00,0x00,0x00,0x00,0x00,0x00,0x00,0x00,
0x00,0x00,0x00,0x00,0x00,0x00,0x00,0x00,0x00,0x00,0x00,0x00,0x00,0x38,0xa4,0x89,
0xb4,0xcd,0x00,0x10,0x00,0x00,0x00,0x00,0x00,0x00,0x00,0x00,0x00,0x00,0x00,0x00,
0x00,0x00,0x00,0x00,0x00,0x00,0x00,0x00,0x00,0x00,0x00,0x00,0x00,0x00,0x00,0x00,
0x00,0x00,0x00,0x00,0x00,0x00,0x00,0x00,0x00,0x00,0x00,0x00,0x00,0x00,0x00,0x00,
0x00,0x00,0x00,0x00,0x00,0x00,0x00,0x00,0x00,0x00,0x00,0x00,0x00,0x00,0x00,0x00,
0x00,0x00,0x00,0x00,0x00,0x00,0x00,0x00,0x00,0x00,0x00,0x00,0x00,0x00,0x00,0x00,
0x00,0x00,0x00,0x00,0x00,0x00,0x00,0x00,0x00,0x00,0x00,0x00,0x00,0x00,0x00,0x00,
0x00,0x00,0x00,0x00,0x00,0x00,0x00,0x00,0x00,0x00,0x00,0x00,0x00,0x10,0x56,0xde,
0xd5,0xfe,0x12,0xe6,0x00,0x00,0x00,0x00,0x00,0x00,0x00,0x00,0x00,0x00,0x00,0x00,
0x00,0x00,0x00,0x00,0x00,0x00,0x00,0x00,0x00,0x00,0x00,0x00,0x00,0x00,0x00,0x00,
0x00,0x00,0x00,0x00,0x00,0x00,0x00,0x00,0x00,0x00,0x00,0x00,0x00,0x00,0x00,0x00,
0x00,0x00,0x00,0x00,0x00,0x00,0x00,0x00,0x00,0x00,0x00,0x00,0x00,0x00,0x00,0x00,
0x00,0x00,0x00,0x00,0x00,0x00,0x00,0x00,0x00,0x00,0x00,0x00,0x00,0x00,0x00,0x00,
0x00,0x00,0x00,0x00,0x00,0x00,0x00,0x00,0x00,0x00,0x00,0x00,0x00,0x00,0x00,0x00,
0x00,0x00,0x00,0x00,0x00,0x00,0x00,0x00,0x80,0x08,0x6e,0xf7,0xf2,0xdd,0xf6,0xfe,
0x17,0xff,0xb5,0xf6,0x34,0xad,0x00,0x08,0x00,0x00,0x00,0x00,0x00,0x00,0x00,0x00,
0x00,0x00,0x00,0x00,0x00,0x00,0x00,0x00,0x00,0x00,0x00,0x00,0x00,0x00,0x00,0x00,
0x00,0x00,0x00,0x00,0x00,0x00,0x00,0x00,0x00,0x00,0x00,0x00,0x00,0x00,0x00,0x00,
0x00,0x00,0x00,0x00,0x00,0x00,0x00,0x00,0x00,0x00,0x00,0x00,0x00,0x00,0x00,0x00,
0x00,0x00,0x00,0x00,0x00,0x00,0x00,0x00,0x00,0x00,0x00,0x00,0x00,0x00,0x00,0x00,
0x00,0x00,0x00,0x00,0x00,0x00,0x00,0x00,0x00,0x00,0x00,0x00,0x00,0x00,0x00,0x00,
0x00,0x00,0x00,0x00,0x00,0x00,0x00,0x00,0x00,0x10,0xd4,0xcd,0x16,0xff,0x37,0xff,
0x37,0xff,0x37,0xff,0xf5,0xe5,0x00,0x20,0x00,0x00,0x00,0x00,0x00,0x00,0x00,0x00,
0x00,0x00,0x00,0x00,0x00,0x00,0x00,0x00,0x00,0x00,0x00,0x00,0x00,0x00,0x00,0x00,
0x00,0x00,0x00,0x00,0x00,0x00,0x00,0x00,0x00,0x00,0x00,0x00,0x00,0x00,0x00,0x00,
0x00,0x00,0x00,0x00,0x00,0x00,0x00,0x00,0x00,0x00,0x00,0x00,0x00,0x00,0x00,0x00,
0x00,0x00,0x00,0x00,0x00,0x00,0x00,0x00,0x00,0x00,0x00,0x00,0x00,0x00,0x00,0x00,
0x00,0x00,0x00,0x00,0x00,0x00,0x00,0x00,0x00,0x00,0x00,0x00,0x00,0x00,0x00,0x00,
0x00,0x00,0x00,0x00,0x00,0x00,0x00,0x00,0x00,0x10,0xb4,0xd5,0x38,0xf7,0x58,0xff,
0x38,0xff,0x17,0xff,0x37,0xff,0xb1,0xdd,0x73,0xbd,0x00,0x10,0x00,0x00,0x00,0x00,
0x00,0x00,0x00,0x00,0x00,0x00,0x00,0x00,0x00,0x00,0x00,0x00,0x00,0x00,0x00,0x00,
0x00,0x00,0x00,0x00,0x00,0x00,0x00,0x00,0x00,0x00,0x00,0x00,0x00,0x00,0x00,0x00,
0x00,0x00,0x00,0x00,0x00,0x00,0x00,0x00,0x00,0x00,0x00,0x00,0x00,0x00,0x00,0x00,
0x00,0x00,0x00,0x00,0x00,0x00,0x00,0x00,0x00,0x00,0x00,0x00,0x00,0x00,0x00,0x00,
0x00,0x00,0x00,0x00,0x00,0x00,0x00,0x00,0x00,0x00,0x00,0x00,0x00,0x00,0x00,0x00,
0x00,0x00,0x00,0x00,0x00,0x00,0x00,0x00,0x00,0x10,0x74,0xbd,0xf2,0xe5,0x74,0xee,
0x16,0xff,0x58,0xff,0x37,0xff,0x33,0xde,0xb4,0xcd,0xed,0x8b,0x00,0x00,0x00,0x00,
0x00,0x00,0x00,0x00,0x00,0x00,0x00,0x00,0x00,0x00,0x00,0x00,0x00,0x00,0x00,0x00,
0x00,0x00,0x00,0x00,0x00,0x00,0x00,0x00,0x00,0x00,0x00,0x00,0x00,0x00,0x00,0x00,
0x00,0x00,0x00,0x00,0x00,0x00,0x00,0x00,0x00,0x00,0x00,0x00,0x00,0x00,0x00,0x00,
0x00,0x00,0x00,0x00,0x00,0x00,0x00,0x00,0x00,0x00,0x00,0x00,0x00,0x00,0x00,0x00,
0x00,0x00,0x00,0x00,0x00,0x00,0x00,0x00,0x00,0x00,0x00,0x00,0x00,0x00,0x00,0x00,
0x00,0x00,0x00,0x00,0x00,0x00,0x00,0x00,0x00,0x00,0x55,0xad,0x51,0xbd,0xd3,0xd5,
0x74,0xee,0xf6,0xfe,0x17,0xf7,0x17,0xff,0xf2,0xdd,0xd2,0xdd,0x00,0x00,0x00,0x00,
0x00,0x00,0x00,0x00,0x00,0x00,0x00,0x00,0x00,0x00,0x00,0x00,0x00,0x00,0x00,0x00,
0x00,0x00,0x00,0x00,0x00,0x00,0x00,0x00,0x00,0x00,0x00,0x00,0x00,0x00,0x00,0x00,
0x00,0x00,0x00,0x00,0x00,0x00,0x00,0x00,0x00,0x00,0x00,0x00,0x00,0x00,0x00,0x00,
0x00,0x00,0x00,0x00,0x00,0x00,0x00,0x00,0x00,0x00,0x00,0x00,0x00,0x00,0x00,0x00,
0x00,0x00,0x00,0x00,0x00,0x00,0x00,0x00,0x00,0x00,0x00,0x00,0x00,0x00,0x00,0x00,
0x00,0x00,0x00,0x00,0x00,0x00,0x00,0x00,0x00,0x00,0xff,0xff,0x00,0x00,0xfe,0xff,
0xd1,0xe5,0x74,0xf6,0xf5,0xfe,0x37,0xff,0xf2,0xe5,0xd2,0xdd,0x00,0x00,0x00,0x00,
0x00,0x00,0x00,0x00,0x00,0x00,0x00,0x00,0x00,0x00,0x00,0x00,0x00,0x00,0x00,0x00,
0x00,0x00,0x00,0x00,0x00,0x00,0x00,0x00,0x00,0x00,0x00,0x00,0x00,0x00,0x00,0x00,
0x00,0x00,0x00,0x00,0x00,0x00,0x00,0x00,0x00,0x00,0x00,0x00,0x00,0x00,0x00,0x00,
0x00,0x00,0x00,0x00,0x00,0x00,0x00,0x00,0x00,0x00,0x00,0x00,0x00,0x00,0x00,0x00,
0x00,0x00,0x00,0x00,0x00,0x00,0x00,0x00,0x00,0x00,0x00,0x00,0x00,0x00,0x00,0x00,
0x00,0x00,0x00,0x00,0x00,0x00,0x00,0x00,0x00,0x00,0xef,0x83,0x90,0xc4,0xb0,0xd4,
0xf2,0xdd,0xf2,0xe5,0xd6,0xf6,0xf2,0xe5,0x92,0xc5,0xeb,0x93,0x00,0x00,0x00,0x00,
0x00,0x00,0x00,0x00,0x00,0x00,0x00,0x00,0x00,0x00,0x00,0x00,0x00,0x00,0x00,0x00,
0x00,0x00,0x00,0x00,0x00,0x00,0x00,0x00,0x00,0x00,0x00,0x00,0x00,0x00,0x00,0x00,
0x00,0x00,0x00,0x00,0x00,0x00,0x00,0x00,0x00,0x00,0x00,0x00,0x00,0x00,0x00,0x00,
0x00,0x00,0x00,0x00,0x00,0x00,0x00,0x00,0x00,0x00,0x00,0x00,0x00,0x00,0x00,0x00,
0x00,0x00,0x00,0x00,0x00,0x00,0x00,0x00,0x00,0x00,0x00,0x00,0x00,0x00,0x00,0x00,
0x00,0x00,0x00,0x00,0x00,0x00,0x00,0x00,0x00,0x00,0x10,0x7c,0xed,0xc4,0xf2,0xdd,
0xb2,0xd5,0x14,0xde,0x56,0xf6,0x00,0x20,0x00,0x00,0x00,0x00,0x00,0x00,0x00,0x00,
0x00,0x00,0x00,0x00,0x00,0x00,0x00,0x00,0x00,0x00,0x00,0x00,0x00,0x00,0x00,0x00,
0x00,0x00,0x00,0x00,0x00,0x00,0x00,0x00,0x00,0x00,0x00,0x00,0x00,0x00,0x00,0x00,
0x00,0x00,0x00,0x00,0x00,0x00,0x00,0x00,0x00,0x00,0x00,0x00,0x00,0x00,0x00,0x00,
0x00,0x00,0x00,0x00,0x00,0x00,0x00,0x00,0x00,0x00,0x00,0x00,0x00,0x00,0x00,0x00,
0x00,0x00,0x00,0x00,0x00,0x00,0x00,0x00,0x00,0x00,0x00,0x00,0x00,0x00,0x00,0x00,
0x00,0x00,0x00,0x00,0x00,0x00,0x00,0x00,0x00,0x00,0x00,0x00,0x00,0x08,0xd4,0xd5,
0xd2,0xdd,0x13,0xee,0xd5,0xd5,0x00,0x20,0x00,0x00,0x00,0x00,0x00,0x00,0x00,0x00,
0x00,0x00,0x00,0x00,0x00,0x00,0x00,0x00,0x00,0x00,0x00,0x00,0x00,0x00,0x00,0x00,
0x00,0x00,0x00,0x00,0x00,0x00,0x00,0x00,0x00,0x00,0x00,0x00,0x00,0x00,0x00,0x00,
0x00,0x00,0x00,0x00,0x00,0x00,0x00,0x00,0x00,0x00,0x00,0x00,0x00,0x00,0x00,0x00,
0x00,0x00,0x00,0x00,0x00,0x00,0x00,0x00,0x00,0x00,0x00,0x00,0x00,0x00,0x00,0x00,
0x00,0x00,0x00,0x00,0x00,0x00,0x00,0x00,0x00,0x00,0x00,0x00,0x00,0x00,0x00,0x00,
0x00,0x00,0x00,0x00,0x00,0x00,0x00,0x00,0x00,0x00,0x00,0x00,0x20,0x08,0xab,0x73,
0x12,0xee,0xd5,0xfe,0xd2,0xcc,0x00,0x18,0x00,0x00,0x00,0x00,0x00,0x00,0x00,0x00,
0x00,0x00,0x00,0x00,0x00,0x00,0x00,0x00,0x00,0x00,0x00,0x00,0x00,0x00,0x00,0x00,
0x00,0x00,0x00,0x00,0x00,0x00,0x00,0x00,0x00,0x00,0x00,0x00,0x00,0x00,0x00,0x00,
0x00,0x00,0x00,0x00,0x00,0x00,0x00,0x00,0x00,0x00,0x00,0x00,0x00,0x00,0x00,0x00,
0x00,0x00,0x00,0x00,0x00,0x00,0x00,0x00,0x00,0x00,0x00,0x00,0x00,0x00,0x00,0x00,
0x00,0x00,0x00,0x00,0x00,0x00,0x00,0x00,0x00,0x00,0x00,0x00,0x00,0x00,0x00,0x00,
0x00,0x00,0x00,0x00,0x00,0x00,0x00,0x00,0x00,0x00,0x00,0x00,0x80,0x08,0x6e,0xf7,
0xf3,0xdd,0x13,0xee,0x8e,0xef,0x60,0x10,0x00,0x00,0x00,0x00,0x00,0x00,0x00,0x00,
0x00,0x00,0x00,0x00,0x00,0x00,0x00,0x00,0x00,0x00,0x00,0x00,0x00,0x00,0x00,0x00,
0x00,0x00,0x00,0x00,0x00,0x00,0x00,0x00,0x00,0x00,0x00,0x00,0x00,0x00,0x00,0x00,
0x00,0x00,0x00,0x00,0x00,0x00,0x00,0x00,0x00,0x00,0x00,0x00,0x00,0x00,0x00,0x00,
0x00,0x00,0x00,0x00,0x00,0x00,0x00,0x00,0x00,0x00,0x00,0x00,0x00,0x00,0x00,0x00,
0x00,0x00,0x00,0x00,0x00,0x00,0x00,0x00,0x00,0x00,0x00,0x00,0x00,0x00,0x00,0x00,
0x00,0x00,0x00,0x00,0x00,0x00,0x10,0x7c,0x00,0x08,0x21,0x00,0x00,0x08,0x00,0x00,
0xc4,0x59,0xed,0x93,0x00,0x08,0x20,0x00,0x20,0x08,0x21,0x00,0xc9,0x72,0x00,0x10,
0x00,0x00,0x00,0x00,0x00,0x00,0x00,0x00,0x00,0x00,0x00,0x00,0x00,0x00,0x00,0x00,
0x00,0x00,0x00,0x00,0x00,0x00,0x00,0x00,0x00,0x00,0x00,0x00,0x00,0x00,0x00,0x00,
0x00,0x00,0x00,0x00,0x00,0x00,0x00,0x00,0x00,0x00,0x00,0x00,0x00,0x00,0x00,0x00,
0x00,0x00,0x00,0x00,0x00,0x00,0x00,0x00,0x00,0x00,0x00,0x00,0x00,0x00,0x00,0x00,
0x00,0x00,0x00,0x00,0x00,0x00,0x00,0x00,0x00,0x00,0x00,0x00,0x00,0x00,0x00,0x00,
0x00,0x00,0x20,0x08,0x21,0x00,0x20,0x08,0xea,0xab,0x4c,0xc4,0xd6,0xf6,0xb5,0xf6,
0x18,0xff,0x18,0xff,0x94,0xf6,0x53,0xf6,0x74,0xf6,0x2e,0xd5,0x21,0x00,0x00,0x00,
0x41,0x00,0xff,0xff,0x00,0x00,0x00,0x00,0x00,0x00,0x00,0x00,0x00,0x00,0x00,0x00,
0x00,0x00,0x00,0x00,0x00,0x00,0x00,0x00,0x00,0x00,0x00,0x00,0x00,0x00,0x00,0x00,
0x00,0x00,0x00,0x00,0x00,0x00,0x00,0x00,0x00,0x00,0x00,0x00,0x00,0x00,0x00,0x00,
0x00,0x00,0x00,0x00,0x00,0x00,0x00,0x00,0x00,0x00,0x00,0x00,0x00,0x00,0x00,0x00,
0x00,0x00,0x00,0x00,0x00,0x00,0x00,0x00,0x00,0x00,0x00,0x00,0x50,0x94,0x00,0x08,
0x00,0x18,0x77,0xe6,0xf6,0xfe,0x58,0xff,0x38,0xff,0x79,0xff,0xd5,0xfe,0xd6,0xf6,
0xd5,0xfe,0x37,0xff,0x9a,0xff,0xbb,0xff,0xbb,0xff,0xdb,0xff,0x38,0xff,0x59,0xff,
0x6e,0xac,0x00,0x18,0x00,0x08,0x20,0x00,0x00,0x00,0x00,0x00,0x00,0x00,0x00,0x00,
0x00,0x00,0x00,0x00,0x00,0x00,0x00,0x00,0x00,0x00,0x00,0x00,0x00,0x00,0x00,0x00,
0x00,0x00,0x00,0x00,0x00,0x00,0x00,0x00,0x00,0x00,0x00,0x00,0x00,0x00,0x00,0x00,
0x00,0x00,0x00,0x00,0x00,0x00,0x00,0x00,0x00,0x00,0x00,0x00,0x00,0x00,0x00,0x00,
0x00,0x00,0x00,0x00,0x00,0x00,0x00,0x00,0xea,0x62,0x00,0x10,0x00,0x18,0xf4,0xdd,
0x58,0xff,0x58,0xff,0xd2,0xe5,0xcd,0xc4,0xad,0xc4,0x8d,0xc4,0xad,0xc4,0x2e,0xd5,
0x2f,0xd5,0x6f,0xdd,0xb1,0xdd,0x90,0xdd,0x90,0xdd,0xf1,0xed,0x96,0xe6,0x9a,0xff,
0xbb,0xff,0x9a,0xff,0x13,0xe6,0x2f,0xcd,0x00,0x20,0x61,0x38,0x00,0x00,0x00,0x00,
0x00,0x00,0x00,0x00,0x00,0x00,0x00,0x00,0x00,0x00,0x00,0x00,0x00,0x00,0x00,0x00,
0x00,0x00,0x00,0x00,0x00,0x00,0x00,0x00,0x00,0x00,0x00,0x00,0x00,0x00,0x00,0x00,
0x00,0x00,0x00,0x00,0x00,0x00,0x00,0x00,0x00,0x00,0x00,0x00,0x00,0x00,0x00,0x00,
0x00,0x00,0x00,0x00,0xa8,0x5a,0x20,0x00,0x20,0x18,0xb7,0xe6,0xf6,0xfe,0xb5,0xf6,
0x4b,0xbc,0x2b,0xb4,0x6b,0xc4,0xcd,0xc4,0xac,0xcc,0xee,0xcc,0x0e,0xd5,0x2f,0xd5,
0x90,0xe5,0x90,0xdd,0x6f,0xdd,0x32,0xee,0x32,0xee,0x52,0xee,0x32,0xf6,0x12,0xe6,
0x12,0xee,0x94,0xf6,0xdc,0xff,0xdc,0xff,0x76,0xe6,0x00,0x10,0x20,0x08,0x6b,0x6b,
0x00,0x00,0x00,0x00,0x00,0x00,0x00,0x00,0x00,0x00,0x00,0x00,0x00,0x00,0x00,0x00,
0x00,0x00,0x00,0x00,0x00,0x00,0x00,0x00,0x00,0x00,0x00,0x00,0x00,0x00,0x00,0x00,
0x00,0x00,0x00,0x00,0x00,0x00,0x00,0x00,0x00,0x00,0x00,0x00,0x00,0x00,0x00,0x00,
0x00,0x00,0x00,0x00,0x00,0x10,0xf5,0xd5,0x17,0xff,0xf6,0xfe,0xca,0xab,0x0b,0xb4,
0xeb,0xb3,0x4c,0xc4,0x6c,0xbc,0x8c,0xc4,0xad,0xc4,0x2e,0xd5,0x2f,0xd5,0x2f,0xdd,
0x2f,0xd5,0x6f,0xdd,0x54,0xee,0x74,0xf6,0x53,0xee,0x12,0xee,0x53,0xee,0x94,0xf6,
0x94,0xee,0x73,0xf6,0xd1,0xdd,0xb0,0xe5,0x7b,0xf7,0x7b,0xff,0xd0,0xac,0x00,0x18,
0x00,0x00,0x00,0x00,0x00,0x00,0x00,0x00,0x00,0x00,0x00,0x00,0x00,0x00,0x00,0x00,
0x00,0x00,0x00,0x00,0x00,0x00,0x00,0x00,0x00,0x00,0x00,0x00,0x00,0x00,0x00,0x00,
0x00,0x00,0x00,0x00,0x00,0x00,0x00,0x00,0x00,0x00,0x00,0x00,0x00,0x00,0x00,0x00,
0x2b,0x73,0x40,0x08,0x37,0xff,0xf6,0xf6,0x4c,0xc4,0xca,0xab,0xea,0xb3,0x2b,0xb4,
0x4b,0xc4,0x4b,0xbc,0x8c,0xcc,0xee,0xcc,0xe8,0xb3,0xa4,0x8a,0x00,0x6a,0x00,0x62,
0x20,0x72,0xc1,0x82,0x80,0x82,0x80,0x7a,0xc2,0x92,0xa6,0xa3,0x73,0xf6,0x94,0xf6,
0x53,0xf6,0x33,0xee,0x12,0xee,0x53,0xee,0xd1,0xe5,0xd5,0xfe,0x58,0xff,0xb5,0xee,
0x61,0x10,0x20,0x00,0x00,0x00,0x00,0x00,0x00,0x00,0x00,0x00,0x00,0x00,0x00,0x00,
0x00,0x00,0x00,0x00,0x00,0x00,0x00,0x00,0x00,0x00,0x00,0x00,0x00,0x00,0x00,0x00,
0x00,0x00,0x00,0x00,0x00,0x00,0x00,0x00,0x00,0x00,0x00,0x00,0x00,0x00,0x00,0x00,
0x64,0x39,0xb9,0xee,0xb6,0xfe,0xaa,0xa3,0x0c,0xb4,0xca,0xab,0xca,0xa3,0x44,0x7a,
0x63,0x72,0x22,0x72,0x80,0x7a,0xa0,0x8a,0x61,0xa3,0x40,0xab,0x60,0xa3,0x60,0xab,
0xa1,0x7b,0x20,0x73,0x60,0xa3,0x80,0xab,0xa1,0xa3,0x60,0xab,0x60,0x72,0x80,0x82,
0x02,0x83,0x80,0x7a,0x67,0x93,0xf1,0xed,0xd2,0xe5,0x70,0xdd,0xb1,0xd5,0xd6,0xfe,
0xa6,0x6a,0xd7,0xfe,0x00,0x00,0x00,0x00,0x00,0x00,0x00,0x00,0x00,0x00,0x00,0x00,
0x00,0x00,0x00,0x00,0x00,0x00,0x00,0x00,0x00,0x00,0x00,0x00,0x00,0x00,0x00,0x00,
0x00,0x00,0x00,0x00,0x00,0x00,0x00,0x00,0x00,0x00,0x00,0x00,0x00,0x00,0x00,0x00,
0xc8,0x72,0x3a,0xff,0xc7,0x8a,0xe8,0x8a,0x48,0x9b,0xaa,0xa3,0x40,0x82,0x22,0x93,
0x60,0xab,0x20,0x9b,0x62,0x9b,0x80,0x7a,0xa0,0x8a,0xe3,0xab,0x22,0xb4,0x20,0x8b,
0xe0,0x6b,0x21,0x6c,0x60,0xa3,0xe1,0xb3,0xc0,0xab,0xa0,0xa3,0x20,0xc4,0x61,0xc4,
0xc0,0xbb,0xe3,0xdc,0xe3,0xb3,0x80,0x82,0xd1,0xed,0x6f,0xdd,0xed,0xd4,0x4b,0xbc,
0x56,0xe6,0x00,0x10,0x00,0x00,0x00,0x00,0x00,0x00,0x00,0x00,0x00,0x00,0x00,0x00,
0x00,0x00,0x00,0x00,0x00,0x00,0x00,0x00,0x00,0x00,0x00,0x00,0x00,0x00,0x00,0x00,
0x00,0x00,0x00,0x00,0x00,0x00,0x00,0x00,0x00,0x00,0x00,0x00,0x00,0x00,0x86,0x31,
0x0a,0x6b,0x3b,0xf7,0xc0,0x38,0x4a,0x93,0x85,0x72,0x20,0x49,0xc0,0x8a,0xc0,0x92,
0x43,0x7b,0xc0,0x59,0x60,0x32,0xa5,0x84,0xe7,0x8c,0xc0,0x29,0xa0,0x28,0x25,0x83,
0x82,0x8c,0x60,0x73,0xc2,0x6a,0x20,0x5a,0x80,0x42,0x25,0x9d,0xa4,0x8c,0x00,0x5b,
0x42,0xc4,0xe0,0xbb,0x40,0x9b,0x40,0xa3,0x80,0x51,0x6a,0xbc,0x30,0xd5,0xe6,0x92,
0x3a,0xef,0x00,0x10,0x45,0x29,0x00,0x08,0x00,0x00,0x00,0x00,0xff,0xff,0x00,0x00,
0x00,0x00,0x00,0x00,0x00,0x00,0x00,0x00,0x00,0x00,0x00,0x00,0x00,0x00,0x00,0x00,
0x00,0x00,0x00,0x00,0x00,0x00,0x00,0x00,0x00,0x00,0x00,0x00,0x00,0x00,0xa6,0x31,
0xe9,0x6a,0x5b,0xf7,0x00,0x18,0x68,0x62,0xa0,0x69,0x03,0x93,0xc0,0x92,0x80,0x82,
0xe3,0x7a,0x00,0x39,0xe2,0x8c,0xa0,0x5b,0xe0,0x63,0x64,0x8d,0x83,0x63,0xa0,0x21,
0xe2,0x93,0x80,0x62,0x02,0x84,0xc0,0x52,0x62,0x9d,0x80,0x74,0x00,0x6c,0xc2,0x7c,
0xa0,0xb3,0xc0,0xab,0x40,0xa3,0xc1,0xab,0xe3,0xb3,0x20,0x72,0x0c,0xac,0x40,0x28,
0xf8,0xf6,0x00,0x08,0x23,0x7a,0x50,0xd5,0xf6,0xfe,0x17,0xff,0x00,0x18,0x38,0xde,
0x00,0x00,0x00,0x00,0x00,0x00,0x00,0x00,0x00,0x00,0x00,0x00,0x00,0x00,0x00,0x00,
0x00,0x00,0x00,0x00,0x00,0x00,0x00,0x00,0x00,0x00,0x00,0x00,0x00,0x00,0xe7,0x41,
0xc8,0x62,0x5a,0xff,0x31,0xbd,0x00,0x18,0xc1,0x8a,0x80,0x8a,0x80,0x82,0x21,0x9b,
0xe0,0xab,0xc0,0xb3,0xe4,0x9d,0xe0,0x84,0x03,0x64,0xc0,0x42,0x43,0x6c,0x00,0x4b,
0x60,0x29,0x64,0x73,0x40,0x2a,0xc5,0x8c,0x21,0x4b,0xc0,0x42,0xa4,0x7c,0xe0,0x4a,
0xc1,0x6a,0x40,0x62,0xe2,0xb3,0x40,0xa3,0x60,0x9b,0x60,0xa3,0x00,0x10,0x72,0xc5,
0x94,0xc5,0x00,0x10,0x8d,0xb4,0xd6,0xfe,0x9a,0xff,0x79,0xff,0xd1,0xac,0x20,0x20,
0xf0,0x7b,0x00,0x00,0x00,0x00,0x00,0x00,0x00,0x00,0x00,0x00,0x00,0x00,0x00,0x00,
0x00,0x00,0x00,0x00,0x00,0x00,0x00,0x00,0x00,0x00,0x00,0x00,0x00,0x08,0xa6,0x39,
0x66,0x62,0x9a,0xff,0x5b,0xf7,0x20,0x08,0xc0,0x69,0xc2,0x82,0x00,0x9b,0x61,0xa3,
0xe0,0xbb,0x20,0xbc,0x60,0x29,0xc4,0x6b,0x40,0x74,0x20,0x64,0x60,0x3a,0x42,0x4b,
0x81,0x4a,0xe0,0x31,0x22,0x53,0x40,0x32,0x80,0x3a,0xe3,0x63,0x60,0x3a,0x62,0x53,
0x80,0x49,0xe5,0x93,0x80,0xab,0xa1,0xab,0x66,0x93,0x60,0x28,0x60,0x20,0x19,0xef,
0xeb,0xab,0x07,0x8b,0x0b,0xbc,0x6c,0xbc,0x53,0xf6,0xb1,0xdd,0xb5,0xfe,0x70,0xd5,
0x60,0x10,0x05,0x5b,0x00,0x00,0x00,0x00,0x00,0x00,0x00,0x00,0x00,0x00,0x00,0x00,
0x00,0x00,0x00,0x00,0x00,0x00,0x00,0x00,0x00,0x00,0x00,0x00,0x00,0x00,0x86,0x31,
0x25,0x62,0x72,0xd5,0xbb,0xff,0x7a,0xff,0xe0,0x30,0xa5,0x72,0x62,0x9b,0xe0,0x92,
0x81,0xa3,0x40,0xa3,0x63,0x7b,0xc0,0x51,0x40,0x2a,0xe4,0x63,0x24,0x6c,0x80,0x3a,
0x80,0x29,0x64,0x6b,0x60,0x19,0x26,0x5b,0x41,0x6c,0x41,0x74,0xe5,0x6b,0x60,0x21,
0xe0,0x8a,0x81,0xa3,0xa1,0xab,0x80,0xab,0xa2,0x18,0x03,0x29,0x58,0xff,0xd6,0xf6,
0xe8,0x8a,0xc8,0x8a,0x0a,0x73,0x00,0x10,0x00,0x10,0xc9,0x72,0x0f,0xcd,0x33,0xf6,
0xb0,0xac,0x00,0x18,0x00,0x00,0x00,0x00,0x00,0x00,0x00,0x00,0x00,0x00,0x00,0x00,
0x00,0x00,0x00,0x00,0x00,0x00,0x00,0x00,0x00,0x00,0x00,0x00,0x00,0x00,0x81,0x08,
0x25,0x6a,0x14,0xde,0x11,0xee,0x12,0xee,0xbb,0xff,0xbb,0xff,0x97,0xe6,0x20,0x10,
0x00,0x18,0x47,0x83,0xa0,0xab,0x80,0xa3,0x41,0x84,0xc0,0x6b,0x20,0x62,0x02,0x7b,
0x00,0x93,0x00,0x8b,0xa0,0x4a,0x23,0x74,0x20,0x83,0x61,0x8b,0xa0,0xb3,0xc0,0xab,
0xa7,0x9b,0x00,0x18,0x00,0x10,0xf8,0xee,0x94,0xfe,0xed,0xc4,0x48,0x9b,0x08,0x8b,
0xab,0xa3,0xa3,0x59,0x20,0x08,0x00,0x00,0x00,0x08,0xa2,0x18,0x24,0x72,0x30,0xcd,
0xb3,0xd5,0x20,0x18,0x00,0x00,0x00,0x00,0x00,0x00,0x00,0x00,0x00,0x00,0x00,0x00,
0x00,0x00,0x00,0x00,0x00,0x00,0x00,0x00,0x00,0x00,0x00,0x00,0x00,0x00,0xc5,0x39,
0xa3,0x51,0x56,0xee,0x73,0xf6,0xf1,0xed,0xf2,0xe5,0x53,0xf6,0xbc,0xff,0xbc,0xff,
0xd9,0xe6,0x00,0x10,0x21,0x00,0x00,0x08,0x60,0x72,0x60,0x7a,0x00,0x8b,0x20,0x93,
0xa1,0xab,0xa0,0xab,0x62,0x9b,0xa0,0x8a,0x01,0x8b,0xc0,0x8a,0x21,0x00,0x00,0x00,
0x40,0x08,0x1a,0xf7,0x58,0xff,0xd6,0xf6,0xcb,0xa3,0x28,0x93,0x09,0x8b,0x8b,0xa3,
0x0b,0x73,0x00,0x18,0x00,0x00,0x00,0x00,0x00,0x00,0x00,0x00,0x00,0x18,0x8f,0xb4,
0xb4,0xcd,0x00,0x18,0x00,0x00,0x00,0x00,0x00,0x00,0x00,0x00,0x00,0x00,0x00,0x00,
0x00,0x00,0x00,0x00,0x00,0x00,0x00,0x00,0x00,0x00,0x00,0x00,0x00,0x00,0x00,0x00,
0xa3,0x59,0xb7,0xf6,0x32,0xf6,0xb4,0xfe,0xb4,0xfe,0xd1,0xdd,0x8f,0xe5,0x94,0xfe,
0xdd,0xff,0xdd,0xff,0x57,0xff,0xb5,0xee,0x40,0x08,0x40,0x00,0x40,0x08,0x41,0x08,
0x20,0x08,0x20,0x00,0x20,0x08,0x41,0x08,0x20,0x08,0x61,0x08,0xb4,0xf6,0x16,0xff,
0x36,0xff,0xd5,0xf6,0xce,0xd4,0xca,0xab,0x69,0xa3,0x49,0x9b,0xec,0xb3,0xcb,0xa3,
0xc9,0x72,0x00,0x10,0x00,0x00,0x00,0x00,0x00,0x08,0xd1,0xa4,0x82,0x61,0x8e,0xbc,
0xaf,0xb4,0x00,0x18,0x00,0x00,0x00,0x00,0x00,0x00,0x00,0x00,0x00,0x00,0x00,0x00,
0x00,0x00,0x00,0x00,0x00,0x00,0x00,0x00,0x00,0x00,0x00,0x00,0x00,0x00,0x00,0x00,
0x81,0x18,0xf9,0xee,0xb4,0xf6,0x73,0xf6,0xd6,0xf6,0xf6,0xfe,0x37,0xff,0x33,0xee,
0x11,0xee,0xb0,0xe5,0x32,0xee,0x32,0xf6,0x9a,0xff,0x9a,0xff,0x78,0xff,0x37,0xff,
0x38,0xff,0x37,0xff,0x37,0xff,0x16,0xff,0x16,0xff,0xf5,0xfe,0xb1,0xdd,0x6f,0xdd,
0x0c,0xb4,0xaa,0xab,0x8a,0x9b,0x69,0xa3,0x0c,0xb4,0x89,0xa3,0xec,0xab,0x6a,0xa3,
0xa5,0x41,0x00,0x10,0x00,0x00,0x00,0x00,0x00,0x00,0x00,0x00,0x28,0x93,0x30,0xdd,
0xcd,0x93,0x00,0x18,0x00,0x00,0x00,0x00,0x00,0x00,0x00,0x00,0x00,0x00,0x00,0x00,
0x00,0x00,0x00,0x00,0x00,0x00,0x00,0x00,0x00,0x00,0x00,0x00,0x00,0x00,0x00,0x00,
0x00,0x31,0x33,0xd6,0x73,0xfe,0x73,0xf6,0xf5,0xfe,0x36,0xff,0x37,0xff,0x17,0xff,
0xf1,0xed,0x94,0xfe,0x32,0xf6,0xf1,0xe5,0xf1,0xed,0xf1,0xe5,0xaf,0xe5,0xd0,0xe5,
0xd0,0xed,0x6f,0xdd,0x2e,0xdd,0xac,0xc4,0xcd,0xcc,0xcd,0xc4,0x4b,0xc4,0xeb,0xab,
0xea,0xb3,0x4b,0xb4,0x6c,0xc4,0x2b,0xb4,0x89,0xab,0xaa,0xa3,0x0c,0xb4,0x0c,0xac,
0x84,0x49,0x00,0x10,0x00,0x00,0x68,0x4a,0x00,0x18,0xc8,0x72,0x8c,0xc4,0xee,0xcc,
0x20,0x08,0x00,0x00,0x00,0x00,0x00,0x00,0x00,0x00,0x00,0x00,0x00,0x00,0x00,0x00,
0x00,0x00,0x00,0x00,0x00,0x00,0x00,0x00,0x00,0x00,0x00,0x00,0x00,0x00,0x00,0x00,
0x20,0x31,0x2c,0x9c,0x74,0xee,0xd5,0xfe,0xb4,0xf6,0xb4,0xfe,0x74,0xee,0x16,0xff,
0x9a,0xff,0x39,0xff,0xb5,0xf6,0x94,0xf6,0x94,0xf6,0x53,0xf6,0x73,0xee,0x52,0xf6,
0x12,0xee,0x2e,0xd5,0x12,0xe6,0xf1,0xed,0xd1,0xe5,0x2f,0xd5,0x0e,0xd5,0xed,0xd4,
0xce,0xcc,0xea,0xb3,0x4c,0xb4,0xca,0xab,0x6a,0x9b,0x6a,0xa3,0xcd,0xa3,0x2d,0xb4,
0x03,0x29,0x00,0x08,0x21,0x08,0xa2,0x20,0x6a,0x9b,0x0c,0xb4,0x0d,0xa4,0x82,0x59,
0x41,0x00,0x00,0x00,0x00,0x00,0x00,0x00,0x00,0x00,0x00,0x00,0x00,0x00,0x00,0x00,
0x00,0x00,0x00,0x00,0x00,0x00,0x00,0x00,0x00,0x00,0x00,0x00,0x00,0x00,0x00,0x00,
0x00,0x00,0x61,0x08,0x73,0xfe,0x11,0xee,0x73,0xf6,0x73,0xee,0xf5,0xfe,0xb4,0xf6,
0x36,0xff,0xd6,0xf6,0xf5,0xfe,0x94,0xf6,0x93,0xfe,0xb4,0xf6,0x52,0xf6,0x52,0xee,
0x62,0x9a,0xe5,0xa2,0x11,0xee,0x12,0xee,0xb0,0xed,0x6f,0xdd,0xcd,0xd4,0x0e,0xcd,
0xed,0xd4,0xad,0xc4,0xea,0xb3,0x69,0xa3,0x69,0xa3,0xaa,0xa3,0xec,0xb3,0xab,0xa3,
0x00,0x08,0x20,0x00,0xa6,0x8a,0x69,0x9b,0xce,0xcc,0xef,0xcc,0x00,0x10,0x20,0x10,
0x00,0x00,0x00,0x00,0x00,0x00,0x00,0x00,0x00,0x00,0x00,0x00,0x00,0x00,0x00,0x00,
0x00,0x00,0x00,0x00,0x00,0x00,0x00,0x00,0x00,0x00,0x00,0x00,0x00,0x00,0x00,0x00,
0x00,0x00,0x40,0x08,0x6f,0xdd,0x8f,0xed,0x94,0xf6,0x73,0xf6,0xf6,0xfe,0xb4,0xfe,
0x59,0xff,0x58,0xff,0x94,0xf6,0xd5,0xfe,0xd5,0xfe,0x94,0xf6,0x12,0xf6,0xc4,0x92,
0xa4,0x92,0x84,0x92,0xd2,0xed,0x84,0x8a,0xd1,0xe5,0x6f,0xdd,0x4f,0xd5,0xed,0xd4,
0x8c,0xbc,0x6c,0xc4,0x8a,0xa3,0x69,0xa3,0x6a,0x9b,0x8a,0xa3,0x4e,0xb4,0xc8,0x8a,
0x40,0x20,0x6b,0x8b,0xeb,0xab,0x8e,0xcc,0xaf,0xc4,0x6a,0x9b,0x86,0x31,0x00,0x00,
0x00,0x00,0x00,0x00,0x00,0x00,0x00,0x00,0x00,0x00,0x00,0x00,0x00,0x00,0x00,0x00,
0x00,0x00,0x00,0x00,0x00,0x00,0x00,0x00,0x00,0x00,0x00,0x00,0x00,0x00,0x00,0x00,
0x00,0x00,0x67,0x4a,0x00,0x18,0x15,0xd6,0xb4,0xfe,0x53,0xee,0x93,0xfe,0xb4,0xf6,
0xd4,0xfe,0xf5,0xfe,0x94,0xfe,0xd5,0xf6,0xd4,0xfe,0xb4,0xf6,0x52,0xfe,0x05,0x93,
0xe3,0x92,0x4d,0xdd,0x63,0x82,0x12,0xee,0xf1,0xed,0x90,0xdd,0x2e,0xdd,0x0d,0xcd,
0x8c,0xc4,0x2b,0xb4,0xca,0xb3,0xaa,0xa3,0x69,0xa3,0xaa,0xa3,0xb0,0xb4,0x40,0x18,
0xc7,0x92,0x2d,0xb4,0x8d,0xc4,0x4c,0xbc,0x20,0x08,0x61,0x10,0x00,0x00,0x00,0x00,
0x00,0x00,0x00,0x00,0x00,0x00,0x00,0x00,0x00,0x00,0x00,0x00,0x00,0x00,0x00,0x00,
0x00,0x00,0x00,0x00,0x00,0x00,0x00,0x00,0x00,0x00,0x00,0x00,0x00,0x00,0x00,0x00,
0x40,0x00,0x07,0x63,0x20,0x18,0x11,0xbd,0xb1,0xdd,0xf1,0xed,0x12,0xe6,0x73,0xf6,
0xb5,0xf6,0xb4,0xfe,0xf6,0xfe,0xb5,0xfe,0x25,0xa3,0xc4,0xa2,0x95,0xf6,0x74,0xf6,
0x26,0x9b,0xa3,0x92,0xb0,0xe5,0xb0,0xed,0x48,0x9b,0x43,0x82,0x4f,0xd5,0x0e,0xd5,
0x8d,0xc4,0xea,0xb3,0xeb,0xab,0x69,0xa3,0x8b,0x9b,0xcc,0xab,0x6f,0xa4,0x00,0x18,
0x29,0x93,0xab,0xab,0x89,0x62,0x00,0x18,0x00,0x00,0x00,0x00,0x00,0x00,0x00,0x00,
0x00,0x00,0x00,0x00,0x00,0x00,0x00,0x00,0x00,0x00,0x00,0x00,0x00,0x00,0x00,0x00,
0x00,0x00,0x00,0x00,0x00,0x00,0x00,0x00,0x00,0x00,0x00,0x00,0x80,0x29,0x68,0x63,
0x87,0x84,0xc0,0x00,0x01,0x21,0x40,0x00,0x0d,0xd5,0xb0,0xe5,0x00,0x10,0x76,0xde,
0x73,0xf6,0x93,0xf6,0xb4,0xfe,0xd5,0xfe,0x83,0x92,0xc4,0x92,0xc4,0x92,0x52,0xfe,
0x32,0xf6,0x12,0xee,0x11,0xf6,0xa4,0x82,0x83,0x7a,0x22,0x6a,0x6f,0xe5,0xad,0xc4,
0xea,0xb3,0x0b,0xb4,0x89,0xab,0x8a,0xa3,0xac,0xab,0x4e,0xb4,0x62,0x51,0x66,0x6a,
0x0a,0x83,0x00,0x10,0x00,0x00,0x00,0x00,0x00,0x00,0x00,0x00,0x00,0x00,0x00,0x00,
0x00,0x00,0x00,0x00,0x00,0x00,0x00,0x00,0x00,0x00,0x00,0x00,0x00,0x00,0x00,0x00,
0x00,0x00,0x00,0x00,0x00,0x00,0x00,0x00,0x00,0x00,0x00,0x00,0x61,0x21,0xe7,0x5a,
0xa0,0x53,0x84,0x95,0x43,0x85,0x00,0x64,0x60,0x00,0xe7,0x73,0xa9,0x84,0xa0,0x08,
0xd1,0xe5,0x11,0xee,0x12,0xee,0x53,0xf6,0x93,0xf6,0x25,0x8b,0x44,0x83,0x23,0x83,
0xc4,0x7a,0x05,0x8b,0x24,0x7b,0x24,0x7b,0x83,0x6a,0x4d,0xcd,0xae,0xc4,0xeb,0xb3,
0xeb,0xab,0xaa,0xab,0xab,0xa3,0xcb,0xab,0x2e,0xac,0x62,0x59,0x00,0x00,0x41,0x10,
0x65,0x39,0x00,0x18,0x00,0x00,0x00,0x00,0x00,0x00,0x00,0x00,0x00,0x00,0x00,0x00,
0x00,0x00,0x00,0x00,0x00,0x00,0x00,0x00,0x00,0x00,0x00,0x00,0x00,0x00,0x00,0x00,
0x00,0x00,0x00,0x00,0x00,0x00,0x00,0x00,0x00,0x00,0x00,0x00,0xa1,0x29,0x68,0x63,
0x25,0x8d,0xa0,0x32,0x81,0x8d,0x00,0x7d,0x62,0x5b,0x60,0x32,0x05,0x5b,0x60,0x00,
0xed,0xcc,0x12,0xee,0xd0,0xed,0xd0,0xe5,0x11,0xf6,0x11,0xee,0x82,0x6a,0x82,0x62,
0xec,0xd4,0xac,0xcc,0xc1,0x6a,0x43,0x73,0xcd,0xd4,0x6c,0xc4,0x4b,0xc4,0xa9,0xab,
0x89,0xab,0xaa,0xab,0xaa,0xab,0xec,0xab,0x4b,0x8b,0x00,0x10,0xe2,0x81,0xe2,0x79,
0x00,0x00,0x00,0x00,0x00,0x00,0x00,0x00,0x00,0x00,0x00,0x00,0x00,0x00,0x00,0x00,
0x00,0x00,0x00,0x00,0x00,0x00,0x00,0x00,0x00,0x00,0x00,0x00,0x00,0x00,0x00,0x00,
0x00,0x00,0x00,0x00,0x00,0x00,0x00,0x00,0x00,0x00,0x00,0x00,0x41,0x19,0x86,0x4a,
0x83,0x8d,0xa0,0x74,0x40,0x2a,0x64,0x74,0xa4,0x5b,0xa0,0x21,0xa7,0x63,0x40,0x00,
0x6c,0xc4,0x4f,0xe5,0xf2,0xe5,0xd1,0xe5,0x90,0xd5,0x12,0xee,0xf1,0xe5,0x8b,0xc4,
0xa3,0x72,0x6a,0xb4,0x8d,0xb4,0xc2,0x61,0x6c,0xc4,0x6c,0xc4,0x6d,0xbc,0xeb,0xb3,
0xaa,0xa3,0x8a,0xab,0xab,0xa3,0xab,0xab,0x00,0x00,0x00,0x00,0x00,0x00,0x00,0x00,
0x00,0x00,0x00,0x00,0x00,0x00,0x00,0x00,0x00,0x00,0x00,0x00,0x00,0x00,0x00,0x00,
0x00,0x00,0x00,0x00,0x00,0x00,0x00,0x00,0x00,0x00,0x00,0x00,0x00,0x00,0x00,0x00,
0x00,0x00,0x00,0x00,0x00,0x00,0x00,0x00,0x00,0x00,0x00,0x00,0x00,0x00,0x20,0x00,
0xe3,0x84,0x04,0x85,0x22,0x53,0xe0,0x21,0x23,0x53,0xa0,0x19,0x84,0x5a,0xe6,0x62,
0x48,0x9b,0xcb,0xab,0x4b,0xc4,0x4f,0xdd,0x4e,0xdd,0x6f,0xdd,0x4f,0xdd,0x6f,0xdd,
0x4f,0xdd,0x02,0x6a,0xcd,0xd4,0x8c,0xc4,0x4c,0xc4,0xea,0xb3,0xaa,0xab,0x8a,0xa3,
0x6a,0xa3,0x0c,0xac,0x2e,0xa4,0x84,0x49,0xe7,0x49,0x00,0x00,0x00,0x00,0x00,0x00,
0x00,0x00,0x00,0x00,0x00,0x00,0x00,0x00,0x00,0x00,0x00,0x00,0x00,0x00,0x00,0x00,
0x00,0x00,0x00,0x00,0x00,0x00,0x00,0x00,0x00,0x00,0x00,0x00,0x00,0x00,0x00,0x00,
0x00,0x00,0x00,0x00,0x00,0x00,0x00,0x00,0x00,0x00,0x00,0x00,0x20,0x00,0xc2,0x18,
0x00,0x11,0xc2,0x31,0xa2,0x5b,0xa0,0x42,0x20,0x2a,0x22,0x53,0xa1,0x08,0x00,0x00,
0x00,0x08,0x2b,0x7b,0xeb,0xab,0x2b,0xbc,0xad,0xc4,0xcd,0xd4,0xce,0xcc,0xcd,0xcc,
0xad,0xc4,0x4c,0xc4,0x2c,0xb4,0xca,0xb3,0xaa,0xa3,0x8a,0xab,0xab,0xa3,0xaa,0xab,
0x8b,0x9b,0xe8,0x8a,0x00,0x00,0x61,0x10,0x00,0x00,0x00,0x00,0x00,0x00,0x00,0x00,
0x00,0x00,0x00,0x00,0x00,0x00,0x00,0x00,0x00,0x00,0x00,0x00,0x00,0x00,0x00,0x00,
0x00,0x00,0x00,0x00,0x00,0x00,0x00,0x00,0x00,0x00,0x00,0x00,0x00,0x00,0x00,0x00,
0x00,0x00,0x00,0x00,0x00,0x00,0x00,0x00,0x00,0x00,0x00,0x00,0xa0,0x08,0xc8,0x84,
0x04,0x8d,0xa0,0x32,0x60,0x53,0x80,0x53,0x80,0x10,0xa0,0x10,0x40,0x32,0xa5,0x74,
0xc0,0x7c,0xc0,0x74,0x00,0x00,0x00,0x00,0xe4,0x71,0xc7,0x82,0x89,0xa3,0x8a,0xa3,
0x89,0xab,0xca,0xab,0x48,0xa3,0x49,0x9b,0x28,0x9b,0x04,0x6a,0x00,0x08,0x20,0x00,
0xc7,0x92,0x08,0x93,0x00,0x08,0x00,0x00,0x00,0x00,0x00,0x00,0x00,0x00,0x00,0x00,
0x00,0x00,0x00,0x00,0x00,0x00,0x00,0x00,0x00,0x00,0x00,0x00,0x00,0x00,0x00,0x00,
0x00,0x00,0x00,0x00,0x00,0x00,0x00,0x00,0x00,0x00,0x00,0x00,0x00,0x00,0x00,0x00,
0x00,0x00,0x00,0x00,0x00,0x00,0x00,0x00,0x00,0x00,0x20,0x08,0x22,0x85,0xe1,0x84,
0x60,0x32,0x04,0x6c,0xa4,0x74,0x20,0x4b,0xc0,0x00,0xc6,0x6b,0xc1,0x42,0xa0,0x42,
0x62,0x85,0xc0,0x74,0x00,0x10,0xa8,0x72,0x46,0x6a,0xc0,0x40,0x03,0x31,0x60,0x28,
0x81,0x20,0x80,0x28,0x81,0x20,0x81,0x28,0xc1,0x28,0x43,0x41,0x87,0x7a,0x09,0x93,
0x2b,0x7b,0x00,0x18,0x00,0x00,0x00,0x00,0x00,0x00,0x00,0x00,0x00,0x00,0x00,0x00,
0x00,0x00,0x00,0x00,0x00,0x00,0x00,0x00,0x00,0x00,0x00,0x00,0x00,0x00,0x00,0x00,
0x00,0x00,0x00,0x00,0x00,0x00,0x00,0x00,0x00,0x00,0x00,0x00,0x00,0x00,0x00,0x00,
0x00,0x00,0x00,0x00,0x00,0x00,0x00,0x00,0x00,0x00,0x20,0x00,0x63,0x95,0x20,0x64,
0xa1,0x95,0xa2,0x8d,0x65,0x63,0x80,0x00,0xa0,0x21,0xe5,0x63,0xa1,0x95,0x20,0x7d,
0x80,0x3a,0xe5,0x7c,0x41,0x52,0x42,0x4a,0xa9,0xb3,0x2b,0xb4,0xaa,0xab,0x28,0x9b,
0x28,0xa3,0x28,0x9b,0x07,0x9b,0x08,0x93,0x08,0x9b,0x09,0x93,0xe8,0x92,0xc7,0x8a,
0x00,0x08,0x00,0x00,0x00,0x00,0x00,0x00,0x00,0x00,0x00,0x00,0x00,0x00,0x00,0x00,
0x00,0x00,0x00,0x00,0x00,0x00,0x00,0x00,0x00,0x00,0x00,0x00,0x00,0x00,0x00,0x00,
0x00,0x00,0x00,0x00,0x00,0x00,0x00,0x00,0x00,0x00,0x00,0x00,0x00,0x00,0x00,0x00,
0x00,0x00,0x00,0x00,0x00,0x00,0x00,0x00,0x00,0x00,0x23,0x29,0x40,0x00,0xa4,0x31,
0x42,0x6c,0x60,0x53,0x40,0x00,0xc3,0x31,0x60,0x00,0x46,0x5b,0xe4,0x95,0xc0,0x74,
0xa3,0x74,0xc0,0x5b,0xe7,0x6b,0x80,0x00,0xa0,0x30,0x09,0x83,0x4c,0xbc,0xea,0xb3,
0x4c,0xbc,0xea,0xb3,0xab,0xa3,0x49,0x9b,0xe8,0x8a,0x05,0x7a,0x01,0x00,0x00,0x00,
0x00,0x00,0x00,0x00,0x00,0x00,0x00,0x00,0x00,0x00,0x00,0x00,0x00,0x00,0x00,0x00,
0x00,0x00,0x00,0x00,0x00,0x00,0x00,0x00,0x00,0x00,0x00,0x00,0x00,0x00,0x00,0x00,
0x00,0x00,0x00,0x00,0x00,0x00,0x00,0x00,0x00,0x00,0x00,0x00,0x00,0x00,0x00,0x00,
0x00,0x00,0x00,0x00,0x00,0x00,0x00,0x00,0x00,0x00,0x00,0x00,0x00,0x08,0x83,0x31,
0x00,0x00,0x40,0x00,0xa2,0x52,0xa0,0x29,0x40,0x08,0x40,0x00,0xc0,0x00,0x67,0x74,
0xc1,0x7c,0x20,0x64,0x66,0x63,0x80,0x00,0x00,0x08,0x41,0x08,0x20,0x08,0x20,0x00,
0x00,0x08,0x20,0x00,0x00,0x08,0x40,0x08,0x40,0x10,0x20,0x08,0x00,0x00,0x00,0x00,
0x00,0x00,0x00,0x00,0x00,0x00,0x00,0x00,0x00,0x00,0x00,0x00,0x00,0x00,0x00,0x00,
0x00,0x00,0x00,0x00,0x00,0x00,0x00,0x00,0x00,0x00,0x00,0x00,0x00,0x00,0x00,0x00,
0x00,0x00,0x00,0x00,0x00,0x00,0x00,0x00,0x00,0x00,0x00,0x00,0x00,0x00,0x00,0x00,
0x00,0x00,0x00,0x00,0x00,0x00,0x00,0x00,0x00,0x00,0x00,0x00,0x00,0x00,0x00,0x00,
0x00,0x00,0x00,0x00,0x00,0x00,0x61,0x10,0x00,0x00,0x00,0x00,0x46,0x3a,0x20,0x00,
0x00,0x00,0x00,0x00,0x20,0x00,0x00,0x00,0x00,0x00,0x00,0x00,0x00,0x00,0x00,0x00,
0x00,0x00,0x00,0x00,0x00,0x00,0x00,0x00,0x00,0x00,0x00,0x00,0x00,0x00,0x00,0x00,
0x00,0x00,0x00,0x00,0x00,0x00,0x00,0x00,0x00,0x00,0x00,0x00,0x00,0x00,0x00,0x00,
0x00,0x00,0x00,0x00,0x00,0x00,0x00,0x00,0x00,0x00,0x00,0x00,0x00,0x00,0x00,0x00,
0x00,0x00,0x00,0x00,0x00,0x00,0x00,0x00,0x00,0x00,0x00,0x00,0x00,0x00,0x00,0x00,
0x00,0x00,0x00,0x00,0x00,0x00,0x00,0x00,0x00,0x00,0x00,0x00,0x00,0x00,0x00,0x00,
0x00,0x00,0x00,0x00,0x00,0x00,0x00,0x00,0x00,0x00,0x00,0x00,0x00,0x00,0x00,0x00,
0x00,0x19,0xc0,0x08,0x80,0x10,0x20,0x00,0x00,0x00,0x00,0x00,0x00,0x00,0x00,0x00,
0x00,0x00,0x00,0x00,0x00,0x00,0x00,0x00,0x00,0x00,0x00,0x00,0x00,0x00,0x00,0x00,
0x00,0x00,0x00,0x00,0x00,0x00,0x00,0x00,0x00,0x00,0x00,0x00,0x00,0x00,0x00,0x00,
0x00,0x00,0x00,0x00,0x00,0x00,0x00,0x00,0x00,0x00,0x00,0x00,0x00,0x00,0x00,0x00,
0x00,0x00,0x00,0x00,0x00,0x00,0x00,0x00,0x00,0x00,0x00,0x00,0x00,0x00,0x00,0x00,
0x00,0x00,0x00,0x00,0x00,0x00,0x00,0x00,0x00,0x00,0x00,0x00,0x00,0x00,0x00,0x00,
0x00,0x00,0x00,0x00,0x00,0x00,0x00,0x00,0x00,0x00,0x00,0x00,0x00,0x00,0x00,0x00,
0x00,0x00,0x00,0x00,0x00,0x00,0x00,0x00,0x00,0x00,0x00,0x00,0x00,0x00,0x00,0x00,
0x00,0x00,0x00,0x00,0x00,0x00,0x00,0x00,0x00,0x00,0x00,0x00,0x00,0x00,0x00,0x00,
0x00,0x00,0x00,0x00,0x00,0x00,0x00,0x00,0x00,0x00,0x00,0x00,0x00,0x00,0x00,0x00,
0x00,0x00,0x00,0x00,0x00,0x00,0x00,0x00,0x00,0x00,0x00,0x00,0x00,0x00,0x00,0x00,
0x00,0x00,0x00,0x00,0x00,0x00,0x00,0x00,0x00,0x00,0x00,0x00,0x00,0x00,0x00,0x00,
0x00,0x00,0x00,0x00,0x00,0x00,0x00,0x00,0x00,0x00,0x00,0x00,0x00,0x00,0x00,0x00,
0x00,0x00,0x00,0x00,0x00,0x00,0x00,0x00,0x00,0x00,0x00,0x00,0x00,0x00,0x00,0x00,
0x00,0x00,0x00,0x00,0x00,0x00,0x00,0x00,0x00,0x00,0x00,0x00,0x00,0x00,0x00,0x00,
0x00,0x00,0x00,0x00,0x00,0x00,0x00,0x00,0x00,0x00,0x00,0x00,0x00,0x00,0x00,0x00,
0x00,0x00,0x00,0x00,0x00,0x00,0x00,0x00,0x00,0x00,0x00,0x00,0x00,0x00,0x00,0x00,
0x00,0x00,0x00,0x00,0x00,0x00,0x00,0x00,0x00,0x00,0x00,0x00,0x00,0x00,0x00,0x00,
0x00,0x00,0x00,0x00,0x00,0x00,0x00,0x00,0x00,0x00,0x00,0x00,0x00,0x00,0x00,0x00,
0x00,0x00,0x00,0x00,0x00,0x00,0x00,0x00,0x00,0x00,0x00,0x00,0x00,0x00,0x00,0x00,
0x00,0x00,0x00,0x00,0x00,0x00,0x00,0x00,0x00,0x00,0x00,0x00,0x00,0x00,0x00,0x00,
0x00,0x00,0x00,0x00,0x00,0x00,0x00,0x00,0x00,0x00,0x00,0x00,0x00,0x00,0x00,0x00,
0x00,0x00,0x00,0x00,0x00,0x00,0x00,0x00,0x00,0x00,0x00,0x00,0x00,0x00,0x00,0x00,
0x00,0x00,0x00,0x00,0x00,0x00,0x00,0x00,0x00,0x00,0x00,0x00,0x00,0x00,0x00,0x00,
0x00,0x00,0x00,0x00,0x00,0x00,0x00,0x00,0x00,0x00,0x00,0x00,0x00,0x00,0x00,0x00,
0x00,0x00,0x00,0x00,0x00,0x00,0x00,0x00,0x00,0x00,0x00,0x00,0x00,0x00,0x00,0x00,
0x00,0x00,0x00,0x00,0x00,0x00,0x00,0x00,0x00,0x00,0x00,0x00,0x00,0x00,0x00,0x00,
0x00,0x00,0x00,0x00,0x00,0x00,0x00,0x00,0x00,0x00,0x00,0x00,0x00,0x00,0x00,0x00,
0x00,0x00,0x00,0x00,0x00,0x00,0x00,0x00,0x00,0x00,0x00,0x00,0x00,0x00,0x00,0x00,
0x00,0x00,0x00,0x00,0x00,0x00,0x00,0x00,0x00,0x00,0x00,0x00,0x00,0x00,0x00,0x00,
0x00,0x00,0x00,0x00,0x00,0x00,0x00,0x00,0x00,0x00,0x00,0x00,0x00,0x00,0x00,0x00,
0x00,0x00,0x00,0x00,0x00,0x00,0x00,0x00,0x00,0x00,0x00,0x00,0x00,0x00,0x00,0x00,
0x00,0x00,0x00,0x00,0x00,0x00,0x00,0x00,0x00,0x00,0x00,0x00,0x00,0x00,0x00,0x00,
0x00,0x00,0x00,0x00,0x00,0x00,0x00,0x00,0x00,0x00,0x00,0x00,0x00,0x00,0x00,0x00,
0x00,0x00,0x00,0x00,0x00,0x00,0x00,0x00,0x00,0x00,0x00,0x00,0x00,0x00,0x00,0x00,
0x00,0x00,0x00,0x00,0x00,0x00,0x00,0x00,0x00,0x00,0x00,0x00,0x00,0x00,0x00,0x00,
0x00,0x00,0x00,0x00,0x00,0x00,0x00,0x00,0x00,0x00,0x00,0x00,0x00,0x00,0x00,0x00,
0x00,0x00,0x00,0x00,0x00,0x00,0x00,0x00,0x00,0x00,0x00,0x00,0x00,0x00,0x00,0x01,
0xf0,0x00,0x00,0x00,0x00,0x00,0x00,0x00,0x00,0x00,0x00,0x00,0x00,0x00,0x00,0x00,
0x00,0x00,0x00,0x00,0x00,0x00,0x00,0x00,0x00,0x00,0x00,0x00,0x00,0x00,0x00,0x00,
0x00,0x00,0x00,0x00,0x00,0x00,0x00,0x00,0x00,0x00,0x00,0x00,0x00,0x00,0x00,0x00,
0x00,0x00,0x00,0x00,0x00,0x00,0x00,0xf4,0xfa,0xff,0x00,0x00,0x00,0x00,0x00,0x00,
0x00,0x00,0x00,0x00,0x00,0x00,0x00,0x00,0x00,0x00,0x00,0x00,0x00,0x00,0x00,0x00,
0x00,0x00,0x00,0x00,0x00,0x00,0x00,0x00,0x00,0x00,0x00,0x00,0x00,0x00,0x00,0x00,
0x00,0x00,0x00,0x00,0x00,0x00,0x00,0x00,0x00,0x00,0x00,0x00,0x00,0x01,0xf0,0xfd,
0xfe,0xfd,0x1e,0x00,0x00,0x00,0x00,0x00,0x00,0x00,0x00,0x00,0x00,0x00,0x00,0x00,
0x00,0x00,0x00,0x00,0x00,0x00,0x00,0x00,0x00,0x00,0x00,0x00,0x00,0x00,0x00,0x00,
0x00,0x00,0x00,0x00,0x00,0x00,0x00,0x00,0x00,0x00,0x00,0x00,0x00,0x00,0x00,0x00,
0x00,0x00,0x00,0x00,0x00,0xf5,0xfc,0xfe,0xfe,0xfe,0xf9,0x00,0x00,0x00,0x00,0x00,
0x00,0x00,0x00,0x00,0x00,0x00,0x00,0x00,0x00,0x00,0x00,0x00,0x00,0x00,0x00,0x00,
0x00,0x00,0x00,0x00,0x00,0x00,0x00,0x00,0x00,0x00,0x00,0x00,0x00,0x00,0x00,0x00,
0x00,0x00,0x00,0x00,0x00,0x00,0x00,0x00,0x00,0x00,0x00,0x00,0x00,0xfb,0xfd,0xfe,
0xfe,0xfe,0xfd,0xfc,0x37,0x00,0x00,0x00,0x00,0x00,0x00,0x00,0x00,0x00,0x00,0x00,
0x00,0x00,0x00,0x00,0x00,0x00,0x00,0x00,0x00,0x00,0x00,0x00,0x00,0x00,0x00,0x00,
0x00,0x00,0x00,0x00,0x00,0x00,0x00,0x00,0x00,0x00,0x00,0x00,0x00,0x00,0x00,0x00,
0x00,0x00,0x00,0x00,0x00,0x34,0xf9,0xfe,0xfe,0xfe,0xfe,0xfd,0x60,0x02,0x00,0x00,
0x00,0x00,0x00,0x00,0x00,0x00,0x00,0x00,0x00,0x00,0x00,0x00,0x00,0x00,0x00,0x00,
0x00,0x00,0x00,0x00,0x00,0x00,0x00,0x00,0x00,0x00,0x00,0x00,0x00,0x00,0x00,0x00,
0x00,0x00,0x00,0x00,0x00,0x00,0x00,0x00,0x00,0x00,0x00,0x00,0x00,0x03,0x03,0xfe,
0xfd,0xfe,0xfe,0xfd,0xe5,0xfd,0x00,0x00,0x00,0x00,0x00,0x00,0x00,0x00,0x00,0x00,
0x00,0x00,0x00,0x00,0x00,0x00,0x00,0x00,0x00,0x00,0x00,0x00,0x00,0x00,0x00,0x00,
0x00,0x00,0x00,0x00,0x00,0x00,0x00,0x00,0x00,0x00,0x00,0x00,0x00,0x00,0x00,0x00,
0x00,0x00,0x00,0x00,0x00,0x01,0x00,0x01,0xfc,0xfe,0xfe,0xfc,0xf5,0xfc,0x00,0x00,
0x00,0x00,0x00,0x00,0x00,0x00,0x00,0x00,0x00,0x00,0x00,0x00,0x00,0x00,0x00,0x00,
0x00,0x00,0x00,0x00,0x00,0x00,0x00,0x00,0x00,0x00,0x00,0x00,0x00,0x00,0x00,0x00,
0x00,0x00,0x00,0x00,0x00,0x00,0x00,0x00,0x00,0x00,0x00,0x00,0x00,0x02,0x0a,0x02,
0xfc,0xfe,0xfe,0xfb,0x57,0x02,0x00,0x00,0x00,0x00,0x00,0x00,0x00,0x00,0x00,0x00,
0x00,0x00,0x00,0x00,0x00,0x00,0x00,0x00,0x00,0x00,0x00,0x00,0x00,0x00,0x00,0x00,
0x00,0x00,0x00,0x00,0x00,0x00,0x00,0x00,0x00,0x00,0x00,0x00,0x00,0x00,0x00,0x00,
0x00,0x00,0x00,0x00,0x00,0x02,0x0b,0xf5,0x0b,0xfc,0xfc,0x00,0x00,0x00,0x00,0x00,
0x00,0x00,0x00,0x00,0x00,0x00,0x00,0x00,0x00,0x00,0x00,0x00,0x00,0x00,0x00,0x00,
0x00,0x00,0x00,0x00,0x00,0x00,0x00,0x00,0x00,0x00,0x00,0x00,0x00,0x00,0x00,0x00,
0x00,0x00,0x00,0x00,0x00,0x00,0x00,0x00,0x00,0x00,0x00,0x00,0x00,0x00,0x00,0xf3,
0x4e,0xfc,0xdd,0x00,0x00,0x00,0x00,0x00,0x00,0x00,0x00,0x00,0x00,0x00,0x00,0x00,
0x00,0x00,0x00,0x00,0x00,0x00,0x00,0x00,0x00,0x00,0x00,0x00,0x00,0x00,0x00,0x00,
0x00,0x00,0x00,0x00,0x00,0x00,0x00,0x00,0x00,0x00,0x00,0x00,0x00,0x00,0x00,0x00,
0x00,0x00,0x00,0x00,0x00,0x00,0x00,0x02,0xfa,0xfc,0x4e,0x00,0x00,0x00,0x00,0x00,
0x00,0x00,0x00,0x00,0x00,0x00,0x00,0x00,0x00,0x00,0x00,0x00,0x00,0x00,0x00,0x00,
0x00,0x00,0x00,0x00,0x00,0x00,0x00,0x00,0x00,0x00,0x00,0x00,0x00,0x00,0x00,0x00,
0x00,0x00,0x00,0x00,0x00,0x00,0x00,0x00,0x00,0x00,0x00,0x00,0x00,0x00,0x00,0x01,
0xd5,0xff,0x01,0x00,0x00,0x00,0x00,0x00,0x00,0x00,0x00,0x00,0x00,0x00,0x00,0x00,
0x00,0x00,0x00,0x00,0x00,0x00,0x00,0x00,0x00,0x00,0x00,0x00,0x00,0x00,0x00,0x00,
0x00,0x00,0x00,0x00,0x00,0x00,0x00,0x00,0x00,0x00,0x00,0x00,0x00,0x00,0x00,0x00,
0x00,0x00,0x01,0x02,0xf7,0xf9,0xfb,0xfa,0xfc,0xfe,0xfb,0xfa,0xfa,0xf8,0x05,0x00,
0x00,0x00,0x00,0x00,0x00,0x00,0x00,0x00,0x00,0x00,0x00,0x00,0x00,0x00,0x00,0x00,
0x00,0x00,0x00,0x00,0x00,0x00,0x00,0x00,0x00,0x00,0x00,0x00,0x00,0x00,0x00,0x00,
0x00,0x00,0x00,0x00,0x00,0x00,0x00,0x00,0x00,0xf9,0xf7,0xf9,0xfb,0xfd,0xfe,0xfe,
0xfe,0xfe,0xfe,0xfe,0xfe,0xfd,0xf9,0xf9,0xf8,0x01,0x00,0x00,0x00,0x00,0x00,0x00,
0x00,0x00,0x00,0x00,0x00,0x00,0x00,0x00,0x00,0x00,0x00,0x00,0x00,0x00,0x00,0x00,
0x00,0x00,0x00,0x00,0x00,0x00,0x00,0x00,0x00,0x00,0x00,0x00,0x00,0x01,0x24,0xfe,
0xff,0xfe,0xfe,0xfe,0xfe,0xfe,0xfe,0xfe,0xfe,0xfe,0xfe,0xfe,0xff,0xfe,0xfe,0xfe,
0xfe,0xfe,0xfe,0xef,0x00,0x00,0x00,0x00,0x00,0x00,0x00,0x00,0x00,0x00,0x00,0x00,
0x00,0x00,0x00,0x00,0x00,0x00,0x00,0x00,0x00,0x00,0x00,0x00,0x00,0x00,0x00,0x00,
0x00,0x00,0x00,0x00,0x06,0xfd,0xfd,0xfe,0xfe,0xfe,0xfe,0xfe,0xfe,0xff,0xff,0xfe,
0xfe,0xfe,0xfe,0xfe,0xff,0xfe,0xfe,0xfe,0xff,0xff,0xfe,0xfe,0xfd,0x00,0x00,0x00,
0x00,0x00,0x00,0x00,0x00,0x00,0x00,0x00,0x00,0x00,0x00,0x00,0x00,0x00,0x00,0x00,
0x00,0x00,0x00,0x00,0x00,0x00,0x00,0x00,0x00,0x01,0x03,0xfc,0xfe,0xfe,0xfe,0xfe,
0xfe,0xff,0xfe,0xfe,0xfe,0xfe,0xfe,0xfe,0xfe,0xfe,0xfe,0xfe,0xfe,0xfe,0xfe,0xfe,
0xff,0xff,0xff,0xff,0xff,0xfe,0xf8,0x07,0x00,0x00,0x00,0x00,0x00,0x00,0x00,0x00,
0x00,0x00,0x00,0x00,0x00,0x00,0x00,0x00,0x00,0x00,0x00,0x00,0x00,0x00,0x00,0x00,
0x00,0x00,0xfc,0xfe,0xfe,0xfe,0xfe,0xfe,0xfe,0xfe,0xfe,0xfe,0xfe,0xfe,0xfe,0xfe,
0xfe,0xfe,0xfe,0xfe,0xfe,0xfe,0xfe,0xff,0xff,0xff,0xfe,0xff,0xff,0xff,0xfe,0xf5,
0x00,0x00,0x00,0x00,0x00,0x00,0x00,0x00,0x00,0x00,0x00,0x00,0x00,0x00,0x00,0x00,
0x00,0x00,0x00,0x00,0x00,0x00,0x00,0x01,0x14,0xfa,0xfe,0xfe,0xfe,0xfe,0xfe,0xfe,
0xfe,0xfe,0xfe,0xfe,0xfe,0xfe,0xfe,0xfe,0xfe,0xfe,0xfe,0xfe,0xfe,0xfe,0xfe,0xfe,
0xfe,0xfe,0xfe,0xff,0xfe,0xfe,0xfe,0xfd,0xfc,0x00,0x00,0x00,0x00,0x00,0x00,0x00,
0x00,0x00,0x00,0x00,0x00,0x00,0x00,0x00,0x00,0x00,0x00,0x00,0x00,0x00,0x00,0x01,
0x94,0xfe,0xfe,0xfe,0xfe,0xfe,0xfe,0xfe,0xfe,0xfe,0xfe,0xfe,0xfe,0xfe,0xfe,0xff,
0xfe,0xfe,0xfe,0xfe,0xfe,0xfe,0xfe,0xfe,0xfe,0xfe,0xfe,0xfe,0xfe,0xfe,0xfe,0xfe,
0xfd,0x10,0x00,0x00,0x00,0x00,0x00,0x00,0x00,0x00,0x00,0x00,0x00,0x00,0x00,0x00,
0x00,0x00,0x00,0x00,0x00,0x00,0x00,0x02,0xfd,0xfe,0xfe,0xfe,0xfe,0xfe,0xfe,0xfe,
0xfe,0xfe,0xfe,0xfe,0xfe,0xfe,0xfe,0xff,0xfe,0xfe,0xfe,0xfe,0xfe,0xfe,0xfe,0xfe,
0xfe,0xfe,0xfe,0xfe,0xfe,0xfe,0xfe,0xfe,0xfe,0xfc,0x04,0x00,0x00,0x00,0x00,0x00,
0x00,0x00,0x00,0x00,0x00,0x00,0x00,0x00,0x00,0x00,0x00,0x00,0x00,0x00,0x00,0x05,
0xfd,0xfe,0xfe,0xfe,0xfe,0xfe,0xfe,0xfe,0xfe,0xfe,0xfe,0xfe,0xfe,0xfe,0xfe,0xff,
0xfe,0xff,0xff,0xff,0xfe,0xfe,0xfe,0xfe,0xfe,0xfe,0xfe,0xfe,0xfe,0xfe,0xfe,0xfe,
0xfe,0xfd,0xb7,0xfc,0xfc,0xfb,0x05,0x00,0x00,0x00,0x00,0x00,0x00,0x00,0x00,0x00,
0x00,0x00,0x00,0x00,0x00,0x00,0x00,0x05,0xfe,0xff,0xfe,0xfe,0xfe,0xfe,0xfe,0xfe,
0xfe,0xfe,0xfe,0xff,0xff,0xff,0xff,0xff,0xff,0xff,0xff,0xff,0xff,0xfe,0xfe,0xff,
0xfe,0xfe,0xfe,0xfe,0xfe,0xfe,0xfe,0xfe,0xfe,0xfe,0xfd,0xfe,0xfe,0xfe,0xfe,0x08,
0x00,0x00,0x00,0x00,0x00,0x00,0x00,0x00,0x00,0x00,0x00,0x00,0x00,0x00,0x00,0x04,
0xfe,0xfe,0xfe,0xfe,0xfe,0xfe,0xfe,0xfe,0xfe,0xfe,0xfe,0xff,0xfe,0xfe,0xff,0xff,
0xff,0xff,0xfe,0xfe,0xff,0xfe,0xfe,0xfe,0xfe,0xfe,0xfe,0xfe,0xfe,0xfe,0xfe,0xfe,
0xfe,0xfe,0xfe,0xfe,0xfe,0xfe,0xfe,0xfe,0x02,0x00,0x00,0x00,0x00,0x00,0x00,0x00,
0x00,0x00,0x00,0x00,0x00,0x00,0x00,0x06,0xfd,0xfe,0xfe,0xff,0xfe,0xfe,0xfe,0xfe,
0xfe,0xfe,0xfe,0xff,0xff,0xfe,0xfe,0xff,0xfe,0xff,0xff,0xfe,0xff,0xfe,0xfe,0xfe,
0xfe,0xfe,0xfe,0xfe,0xfe,0xfe,0xfe,0xfe,0xfe,0xfe,0xfe,0xfe,0xfe,0xfe,0xfe,0xfe,
0xfc,0x03,0x00,0x00,0x00,0x00,0x00,0x00,0x00,0x00,0x00,0x00,0x00,0x00,0x00,0x05,
0xfd,0xfe,0xfe,0xff,0xff,0xfe,0xfe,0xfe,0xfe,0xfe,0xfe,0xff,0xff,0xfe,0xfe,0xfe,
0xfe,0xff,0xff,0xfe,0xfe,0xfe,0xfe,0xfe,0xfe,0xfe,0xfe,0xfe,0xfe,0xfe,0xfe,0xfe,
0xfe,0xfe,0xfe,0xfe,0xfd,0xfe,0xfe,0xfe,0xfe,0xff,0x00,0x00,0x00,0x00,0x00,0x00,
0x00,0x00,0x00,0x00,0x00,0x00,0x00,0x03,0xfe,0xfe,0xfe,0xfe,0xff,0xff,0xff,0xfe,
0xfe,0xfe,0xfe,0xfe,0xfe,0xfe,0xfe,0xfe,0xfe,0xfe,0xfe,0xfe,0xfe,0xfe,0xfe,0xfe,
0xfe,0xfe,0xfe,0xfe,0xfe,0xfe,0xfe,0xfe,0xfe,0xfe,0xf1,0x01,0x00,0xc0,0xfe,0xfe,
0xfe,0xff,0x00,0x00,0x00,0x00,0x00,0x00,0x00,0x00,0x00,0x00,0x00,0x00,0x00,0x04,
0xfd,0xfe,0xfe,0xfe,0xfe,0xfe,0xff,0xff,0xfe,0xfe,0xfe,0xfe,0xfe,0xfe,0xfe,0xfe,
0xfe,0xfe,0xff,0xfe,0xfe,0xfe,0xfe,0xfe,0xfe,0xfe,0xfe,0xfe,0xfe,0xfe,0xfe,0xfe,
0xfe,0xfd,0x04,0x00,0x00,0x00,0xfe,0xfe,0xfe,0xff,0x00,0x00,0x00,0x00,0x00,0x00,
0x00,0x00,0x00,0x00,0x00,0x00,0x00,0x02,0xfd,0xfe,0xfe,0xfe,0xfe,0xfe,0xff,0xff,
0xff,0xfe,0xfe,0xfe,0xfe,0xff,0xfe,0xfe,0xfe,0xfe,0xff,0xff,0xff,0xff,0xfe,0xfe,
0xfe,0xfe,0xfe,0xfe,0xfe,0xfe,0xfe,0xfe,0xfe,0xf7,0x05,0x01,0x01,0x15,0xfe,0xfe,
0xfe,0xff,0x00,0x00,0x00,0x00,0x00,0x00,0x00,0x00,0x00,0x00,0x00,0x00,0x00,0x00,
0xba,0xfe,0xfe,0xfe,0xfe,0xfe,0xff,0xff,0xfe,0xfe,0xfe,0xfe,0xfe,0xff,0xfe,0xfe,
0xfe,0xfe,0xfe,0xff,0xff,0xff,0xfe,0xfe,0xfe,0xfe,0xfe,0xfe,0xff,0xfe,0xfe,0xfe,
0xfe,0x00,0x01,0x01,0x01,0xfb,0xfe,0xfe,0xfe,0xff,0x00,0x00,0x00,0x00,0x00,0x00,
0x00,0x00,0x00,0x00,0x00,0x00,0x00,0x00,0xb2,0xfe,0xfe,0xff,0xff,0xff,0xff,0xff,
0xfe,0xfe,0xfe,0xfe,0xfe,0xfe,0xfe,0xfe,0xfe,0xfe,0xfe,0xfe,0xfe,0xfe,0xfe,0xfe,
0xfe,0xfe,0xfe,0xfe,0xfe,0xfe,0xfe,0xfe,0xfd,0x00,0x01,0x0a,0xfe,0xfd,0xfe,0xfe,
0xfb,0x00,0x00,0x00,0x00,0x00,0x00,0x00,0x00,0x00,0x00,0x00,0x00,0x00,0x00,0x00,
0xad,0xfe,0xfe,0xff,0xff,0xff,0xfe,0xff,0xff,0xff,0xfe,0xfe,0xfe,0xfe,0xfe,0xfe,
0xfe,0xfe,0xfe,0xfe,0xfe,0xfe,0xfe,0xfe,0xfe,0xfe,0xfe,0xfe,0xfe,0xfe,0xfe,0xfe,
0xfe,0x00,0xe4,0xfd,0xfe,0xfe,0xfe,0xfd,0xc2,0x00,0x00,0x00,0x00,0x00,0x00,0x00,
0x00,0x00,0x00,0x00,0x00,0x00,0x00,0x00,0x01,0xf4,0xfe,0xfe,0xff,0xff,0xfe,0xfe,
0xff,0xff,0xff,0xff,0xff,0xff,0xfe,0xfe,0xfe,0xfe,0xfe,0xfe,0xfe,0xfe,0xfe,0xfe,
0xfe,0xfe,0xfe,0xfe,0xfe,0xfe,0xfe,0xfe,0xfe,0xfd,0xfe,0xfe,0xfe,0xfe,0xfd,0x00,
0x00,0x00,0x00,0x00,0x00,0x00,0x00,0x00,0x00,0x00,0x00,0x00,0x00,0x00,0x00,0x00,
0x00,0xeb,0xfd,0xfe,0xfe,0xfe,0xfe,0xfe,0xfe,0xff,0xff,0xff,0xff,0xff,0xfe,0xfe,
0xfe,0xfe,0xff,0xfe,0xfe,0xfe,0xfe,0xfe,0xfe,0xfe,0xfe,0xfe,0xfe,0xfe,0xfe,0xfe,
0xfe,0xfe,0xfe,0xfe,0xfe,0xfe,0x5d,0x00,0x00,0x00,0x00,0x00,0x00,0x00,0x00,0x00,
0x00,0x00,0x00,0x00,0x00,0x00,0x00,0x00,0x01,0x0a,0xf6,0xfe,0xfe,0xff,0xfe,0xfe,
0xfe,0xff,0xff,0xff,0xff,0xff,0xfe,0xfe,0xfe,0xfe,0xff,0xfe,0xfe,0xfe,0xfe,0xfe,
0xfe,0xfe,0xfe,0xfe,0xfe,0xfe,0xfe,0xfe,0xfe,0xfe,0xfe,0xfd,0xfd,0xe1,0x00,0x00,
0x00,0x00,0x00,0x00,0x00,0x00,0x00,0x00,0x00,0x00,0x00,0x00,0x00,0x00,0x01,0xf8,
0xf6,0x0a,0xf8,0xfe,0xfe,0xff,0xfe,0xfe,0xfe,0xfe,0xfe,0xff,0xff,0xff,0xfe,0xfe,
0xff,0xff,0xff,0xfe,0xfe,0xff,0xfe,0xfe,0xfe,0xfe,0xfe,0xfe,0xfe,0xfe,0xfe,0xfe,
0xfe,0xfe,0xfd,0xfc,0x03,0x01,0x00,0x00,0x00,0x00,0x00,0x00,0x00,0x00,0x00,0x00,
0x00,0x00,0x00,0x00,0x00,0x00,0x34,0xfc,0xfd,0xfc,0xfc,0xfe,0xfe,0xfe,0xfe,0xfe,
0xfe,0xfe,0xfe,0xff,0xff,0xfe,0xfe,0xfe,0xff,0xff,0xff,0xfe,0xfe,0xfe,0xfe,0xfe,
0xfe,0xfe,0xfe,0xfe,0xfe,0xfe,0xfe,0xfe,0xfe,0xfd,0xfc,0x00,0x00,0x00,0x00,0x00,
0x00,0x00,0x00,0x00,0x00,0x00,0x00,0x00,0x00,0x00,0x00,0x00,0x00,0x00,0x37,0xfd,
0xfe,0xfe,0xfe,0xfe,0xfe,0xfe,0xfe,0xfe,0xfe,0xff,0xfe,0xff,0xfe,0xff,0xfe,0xfe,
0xfe,0xfe,0xff,0xff,0xfe,0xfe,0xfe,0xfe,0xfe,0xfe,0xfe,0xfe,0xfe,0xfe,0xfd,0xf7,
0x1c,0x00,0x00,0x00,0x00,0x00,0x00,0x00,0x00,0x00,0x00,0x00,0x00,0x00,0x00,0x00,
0x00,0x00,0x00,0x00,0x00,0x00,0x35,0xfe,0xfe,0xfe,0xfe,0xfe,0xfe,0xfe,0xfe,0xfe,
0xfe,0xfe,0xfe,0xff,0xfe,0xfe,0xfe,0xfe,0xfe,0xfe,0xff,0xff,0xff,0xfe,0xfe,0xfe,
0xfe,0xfe,0xfe,0xfe,0xfd,0xfa,0x03,0x03,0x00,0x00,0x00,0x00,0x00,0x00,0x00,0x00,
0x00,0x00,0x00,0x00,0x00,0x00,0x00,0x00,0x00,0x00,0x00,0x00,0x00,0x00,0x18,0xfb,
0xfe,0xfe,0xfe,0xfe,0xff,0xff,0xfe,0xfe,0xfe,0xfe,0xfe,0xff,0xfe,0xfe,0xfe,0xff,
0xfe,0xfe,0xff,0xff,0xff,0xfe,0xfe,0xfe,0xfe,0xfe,0xfe,0xfd,0xfc,0x01,0x00,0x00,
0x00,0x00,0x00,0x00,0x00,0x00,0x00,0x00,0x00,0x00,0x00,0x00,0x00,0x00,0x00,0x00,
0x00,0x00,0x00,0x00,0x00,0x00,0x01,0xee,0xfe,0xfe,0xfe,0xfe,0xfe,0xfe,0xfe,0xfe,
0xfe,0xfe,0xfe,0xfe,0xfe,0xfe,0xfe,0xfe,0xfe,0xfe,0xfe,0xfe,0xfe,0xfe,0xfe,0xfe,
0xfe,0xfe,0xfe,0xfa,0x09,0x00,0x00,0x00,0x00,0x00,0x00,0x00,0x00,0x00,0x00,0x00,
0x00,0x00,0x00,0x00,0x00,0x00,0x00,0x00,0x00,0x00,0x00,0x00,0x00,0x00,0x00,0x9b,
0xfe,0xfe,0xfe,0xfe,0xfe,0xfe,0xfe,0xfe,0xfe,0xfe,0xfe,0xfe,0xfe,0xfe,0xfe,0xfe,
0xfe,0xfe,0xfe,0xfe,0xfe,0xff,0xfe,0xfe,0xfe,0xfe,0xfe,0x7b,0x00,0x00,0x00,0x00,
0x00,0x00,0x00,0x00,0x00,0x00,0x00,0x00,0x00,0x00,0x00,0x00,0x00,0x00,0x00,0x00,
0x00,0x00,0x00,0x00,0x00,0x00,0xf3,0xfe,0xfe,0xfe,0xfe,0xff,0xfe,0xfe,0xfe,0xfe,
0xfe,0xfe,0xfe,0xfe,0xfe,0xfe,0xfe,0xfe,0xfe,0xfe,0xfe,0xfe,0xfe,0xfe,0xfe,0xfe,
0xfe,0xfe,0xfd,0x00,0x00,0x00,0x00,0x00,0x00,0x00,0x00,0x00,0x00,0x00,0x00,0x00,
0x00,0x00,0x00,0x00,0x00,0x00,0x00,0x00,0x00,0x00,0x00,0x00,0x00,0xf0,0xfd,0xfe,
0xfe,0xfe,0xfe,0xfe,0xfe,0xfe,0xfe,0xfe,0xfe,0xfe,0xfe,0xfe,0xfe,0xfe,0xfe,0xfe,
0xfe,0xfe,0xfe,0xfe,0xfe,0xfe,0xfe,0xfe,0xfe,0xfc,0x02,0x00,0x00,0x00,0x00,0x00,
0x00,0x00,0x00,0x00,0x00,0x00,0x00,0x00,0x00,0x00,0x00,0x00,0x00,0x00,0x00,0x00,
0x00,0x00,0x00,0x00,0x00,0xf9,0xfc,0xfd,0xfe,0xfe,0xfe,0xfd,0xfc,0xfe,0xfe,0xfe,
0xfe,0xfe,0xfe,0xfe,0xfe,0xfe,0xfe,0xfe,0xfe,0xfe,0xfe,0xfe,0xfe,0xfe,0xfe,0xfe,
0xfd,0x01,0x00,0x00,0x00,0x00,0x00,0x00,0x00,0x00,0x00,0x00,0x00,0x00,0x00,0x00,
0x00,0x00,0x00,0x00,0x00,0x00,0x00,0x00,0x00,0x00,0x00,0x00,0x00,0x15,0xf8,0xfc,
0xfe,0xfe,0xfd,0x10,0xf8,0xfe,0xfe,0xfe,0xfe,0xfe,0xfe,0xfd,0xfd,0xfe,0xfe,0xfe,
0xfe,0xfe,0xfe,0xfe,0xfe,0xfc,0xfd,0xf7,0x01,0x00,0x00,0x00,0x00,0x00,0x00,0x00,
0x00,0x00,0x00,0x00,0x00,0x00,0x00,0x00,0x00,0x00,0x00,0x00,0x00,0x00,0x00,0x00,
0x00,0x00,0x00,0x00,0x00,0x01,0x01,0x0f,0xf9,0xfb,0x09,0x21,0x01,0xfd,0xfd,0xfe,
0xfd,0xfd,0xfd,0xfb,0x04,0xe7,0xdc,0xd6,0xe0,0xdf,0xe0,0xe0,0xe5,0xa7,0x00,0x00,
0x00,0x00,0x00,0x00,0x00,0x00,0x00,0x00,0x00,0x00,0x00,0x00,0x00,0x00,0x00,0x00,
0x00,0x00,0x00,0x00,0x00,0x00,0x00,0x00,0x00,0x00,0x00,0x00,0x00,0x00,0x00,0x00,
0x01,0x00,0x01,0xe8,0x02,0x02,0x20,0xfc,0xfc,0xfb,0xfb,0x00,0x00,0x00,0x00,0x00,
0x00,0x00,0x00,0x00,0x00,0x00,0x00,0x00,0x00,0x00,0x00,0x00,0x00,0x00,0x00,0x00,
0x00,0x00,0x00,0x00,0x00,0x00,0x00,0x00,0x00,0x00,0x00,0x00,0x00,0x00,0x00,0x00,
0x00,0x00,0x00,0x00,0x00,0x00,0x00,0x00,0x00,0x00,0x00,0x01,0x01,0x00,0x01,0x02,
0x81,0xe0,0xe4,0x01,0x00,0x00,0x00,0x00,0x00,0x00,0x00,0x00,0x00,0x00,0x00,0x00,
0x00,0x00,0x00,0x00,0x00,0x00,0x00,0x00,0x00,0x00,0x00,0x00,0x00,0x00,0x00,0x00,
0x00,0x00,0x00,0x00,0x00,0x00,0x00,0x00,0x00,0x00,0x00,0x00,0x00,0x00,0x00,0x00,
0x00,0x00,0x00,0x00,0x00,0x00,0x00,0x00,0x00,0x00,0x00,0x00,0x00,0x00,0x00,0x00,
0x00,0x00,0x00,0x00,0x00,0x00,0x00,0x00,0x00,0x00,0x00,0x00,0x00,0x00,0x00,0x00,
0x00,0x00,0x00,0x00,0x00,0x00,0x00,0x00,0x00,0x00,0x00,0x00,0x00,0x00,0x00,0x00,
0x00,0x00,0x00,0x00,0x00,0x00,0x00,0x00,0x00,0x00,0x00,0x00,0x00,0x00,0x00,0x00,
0x00,0x00,0x00,0x00,0x00,0x00,0x00,0x00,0x00,0x00,0x00,0x00,0x00,0x00,0x00,0x00,
0x00,0x00,0x00,0x00,0x00,0x00,0x00,0x00,0x00,0x00,0x00,0x00,0x00,0x00,0x00,0x00,
0x00,0x00,0x00,0x00,0x00,0x00,0x00,0x00,0x00,0x00,0x00,0x00,0x00,0x00,0x00,0x00,
0x00,0x00,0x00,0x00,0x00,0x00,0x00,0x00,0x00,0x00,0x00,0x00,0x00,0x00,0x00,0x00,
0x00,0x00,0x00,0x00,0x00,0x00,0x00,0x00,0x00,0x00,0x00,0x00,0x00,0x00,0x00,0x00,
0x00,0x00,0x00,0x00,0x00,0x00,0x00,0x00,0x00,0x00,0x00,0x00,0x00,0x00,0x00,0x00,

};
static const lv_image_dsc_t s_dish_herb_tea = {
    .header.magic = LV_IMAGE_HEADER_MAGIC,
    .header.cf = LV_COLOR_FORMAT_RGB565A8,
    .header.flags = 0,
    .header.w = 56,
    .header.h = 56,
    .header.stride = 112,
    .data_size = sizeof(s_dish_herb_tea_map),
    .data = s_dish_herb_tea_map,
};

static const LV_ATTRIBUTE_MEM_ALIGN LV_ATTRIBUTE_LARGE_CONST uint8_t s_dish_forest_cake_map[] = {
0x00,0x00,0x00,0x00,0x00,0x00,0x00,0x00,0x00,0x00,0x00,0x00,0x00,0x00,0x00,0x00,
0x00,0x00,0x00,0x00,0x00,0x00,0x00,0x00,0x00,0x00,0x00,0x00,0x00,0x00,0x00,0x00,
0x00,0x00,0x00,0x00,0x00,0x00,0x00,0x00,0x00,0x00,0x00,0x00,0x00,0x00,0x00,0x00,
0x00,0x00,0x00,0x00,0x00,0x00,0x00,0x00,0x00,0x00,0x00,0x00,0x00,0x00,0x00,0x00,
0x00,0x00,0x00,0x00,0x00,0x00,0x00,0x00,0x00,0x00,0x00,0x00,0x00,0x00,0x00,0x00,
0x00,0x00,0x00,0x00,0x00,0x00,0x00,0x00,0x00,0x00,0x00,0x00,0x00,0x00,0x00,0x00,
0x00,0x00,0x00,0x00,0x00,0x00,0x00,0x00,0x00,0x00,0x00,0x00,0x00,0x00,0x00,0x00,
0x00,0x00,0x00,0x00,0x00,0x00,0x00,0x00,0x00,0x00,0x00,0x00,0x00,0x00,0x00,0x00,
0x00,0x00,0x00,0x00,0x00,0x00,0x00,0x00,0x00,0x00,0x00,0x00,0x00,0x00,0x00,0x00,
0x00,0x00,0x00,0x00,0x00,0x00,0x00,0x00,0x00,0x00,0x00,0x00,0x00,0x00,0x00,0x00,
0x00,0x00,0x00,0x00,0x00,0x00,0x00,0x00,0x00,0x00,0x00,0x00,0x00,0x00,0x00,0x00,
0x00,0x00,0x00,0x00,0x00,0x00,0x00,0x00,0x00,0x00,0x00,0x00,0x00,0x00,0x00,0x00,
0x00,0x00,0x00,0x00,0x00,0x00,0x00,0x00,0x00,0x00,0x00,0x00,0x00,0x00,0x00,0x00,
0x00,0x00,0x00,0x00,0x00,0x00,0x00,0x00,0x00,0x00,0x00,0x00,0x00,0x00,0x00,0x00,
0x00,0x00,0x00,0x00,0x00,0x00,0x00,0x00,0x00,0x00,0x00,0x00,0x00,0x00,0x00,0x00,
0x00,0x00,0x00,0x00,0x00,0x00,0x00,0x00,0x00,0x00,0x00,0x00,0x00,0x00,0x00,0x00,
0x00,0x00,0x00,0x00,0x00,0x00,0x00,0x00,0x00,0x00,0x00,0x00,0x00,0x00,0x00,0x00,
0x00,0x00,0x00,0x00,0x00,0x00,0x00,0x00,0x00,0x00,0x00,0x00,0x00,0x00,0x00,0x00,
0x00,0x00,0x00,0x00,0x00,0x00,0x00,0x00,0x00,0x00,0x00,0x00,0x00,0x00,0x00,0x00,
0x00,0x00,0x00,0x00,0x00,0x00,0x00,0x00,0x00,0x00,0x00,0x00,0x00,0x00,0x00,0x00,
0x00,0x00,0x00,0x00,0x00,0x00,0x00,0x00,0x00,0x00,0x00,0x00,0x00,0x00,0x00,0x00,
0x00,0x00,0x00,0x00,0x00,0x00,0x00,0x00,0x00,0x00,0x00,0x00,0x00,0x00,0x00,0x00,
0x00,0x00,0x00,0x00,0x00,0x00,0x00,0x00,0x00,0x00,0x00,0x00,0x00,0x00,0x00,0x00,
0x00,0x00,0x00,0x00,0x00,0x00,0x00,0x00,0x00,0x00,0x00,0x00,0x00,0x00,0x00,0x00,
0x00,0x00,0x00,0x00,0x00,0x08,0x00,0x10,0x20,0x10,0x64,0x41,0x00,0x00,0x00,0x00,
0x00,0x00,0x00,0x00,0x00,0x00,0x00,0x00,0x00,0x00,0x00,0x00,0x00,0x00,0x00,0x00,
0x00,0x00,0x00,0x00,0x00,0x00,0x00,0x00,0x00,0x00,0x00,0x00,0x00,0x00,0x00,0x00,
0x00,0x00,0x00,0x00,0x00,0x00,0x00,0x00,0x00,0x00,0x00,0x00,0x00,0x00,0x00,0x00,
0x00,0x00,0x00,0x00,0x00,0x00,0x00,0x00,0x00,0x00,0x00,0x00,0x00,0x00,0x00,0x00,
0x00,0x00,0x00,0x00,0x00,0x00,0x00,0x00,0x00,0x00,0x00,0x00,0x00,0x00,0x00,0x00,
0x00,0x00,0x00,0x00,0x00,0x00,0x00,0x00,0x00,0x00,0x00,0x00,0x00,0x00,0x00,0x00,
0x00,0x00,0x00,0x00,0x80,0xfa,0x80,0xfa,0x66,0xa2,0x00,0x38,0x03,0x31,0x00,0x08,
0x00,0x00,0x00,0x00,0x00,0x00,0x00,0x00,0x00,0x00,0x00,0x00,0x00,0x00,0x00,0x00,
0x00,0x00,0x00,0x00,0x00,0x00,0x00,0x00,0x00,0x00,0x00,0x00,0x00,0x00,0x00,0x00,
0x00,0x00,0x00,0x00,0x00,0x00,0x00,0x00,0x00,0x00,0x00,0x00,0x00,0x00,0x00,0x00,
0x00,0x00,0x00,0x00,0x00,0x00,0x00,0x00,0x00,0x00,0x00,0x00,0x00,0x00,0x00,0x00,
0x00,0x00,0x00,0x00,0x00,0x00,0x00,0x00,0x00,0x00,0x00,0x00,0x00,0x00,0x00,0x00,
0x00,0x00,0x00,0x00,0x00,0x00,0x00,0x00,0x00,0x00,0x00,0x00,0x00,0x08,0x27,0x5a,
0xe0,0x78,0xa5,0xb2,0xc2,0xf2,0x40,0xea,0xe3,0xb1,0xa0,0x90,0x00,0x28,0xc2,0x48,
0x00,0x00,0x00,0x00,0x00,0x00,0x00,0x00,0x00,0x00,0x00,0x00,0x00,0x00,0x00,0x00,
0x00,0x00,0x00,0x00,0x00,0x00,0x00,0x00,0x00,0x00,0x00,0x00,0x00,0x00,0x00,0x00,
0x00,0x00,0x00,0x00,0x00,0x00,0x00,0x00,0x00,0x00,0x00,0x00,0x00,0x00,0x00,0x00,
0x00,0x00,0x00,0x00,0x00,0x00,0x00,0x00,0x00,0x00,0x00,0x00,0x00,0x00,0x00,0x00,
0x00,0x00,0x00,0x00,0x00,0x00,0x00,0x00,0x00,0x00,0x00,0x00,0x00,0x00,0x00,0x00,
0x00,0x00,0x00,0x00,0x00,0x00,0x00,0x00,0x00,0x00,0x00,0x00,0x00,0x10,0xc2,0x28,
0x80,0x98,0xe5,0xda,0xd3,0xfe,0x46,0xbb,0xc0,0xd1,0xc0,0xc9,0x01,0x81,0x40,0x60,
0xe3,0x40,0x00,0x10,0x00,0x00,0x00,0x00,0x00,0x00,0x00,0x00,0x00,0x00,0x00,0x00,
0x00,0x00,0x00,0x00,0x00,0x00,0x00,0x00,0x00,0x00,0x00,0x00,0x00,0x00,0x00,0x00,
0x00,0x00,0x00,0x00,0x00,0x00,0x00,0x00,0x00,0x00,0x00,0x00,0x00,0x00,0x00,0x00,
0x00,0x00,0x00,0x00,0x00,0x00,0x00,0x00,0x00,0x00,0x00,0x00,0x00,0x00,0x00,0x00,
0x00,0x00,0x00,0x00,0x00,0x00,0x00,0x00,0x00,0x00,0x00,0x00,0x00,0x00,0x00,0x00,
0x00,0x00,0x00,0x00,0x00,0x00,0x00,0x00,0x00,0x00,0x00,0x00,0x60,0x50,0xa3,0x79,
0xe3,0xca,0x8e,0xfd,0xa9,0xfc,0xc1,0xda,0x61,0xe2,0x20,0xda,0xe6,0xd2,0xc0,0x90,
0x00,0x20,0xc3,0x40,0x00,0x00,0x00,0x00,0x00,0x00,0x00,0x00,0x00,0x00,0x00,0x00,
0x00,0x00,0x00,0x00,0x00,0x00,0x00,0x00,0x00,0x00,0x00,0x00,0x00,0x00,0x00,0x00,
0x00,0x00,0x00,0x00,0x00,0x00,0x00,0x00,0x00,0x00,0x00,0x00,0x00,0x00,0x00,0x00,
0x00,0x00,0x00,0x00,0x00,0x00,0x00,0x00,0x00,0x00,0x00,0x00,0x00,0x00,0x00,0x00,
0x00,0x00,0x00,0x00,0x00,0x00,0x00,0x00,0x00,0x00,0x00,0x00,0x00,0x00,0x00,0x00,
0x00,0x00,0x00,0x00,0x00,0x00,0x00,0x00,0x00,0x18,0xc4,0x59,0x00,0x38,0x86,0x9a,
0x23,0xd3,0xcd,0xfd,0xc0,0xfa,0xa0,0xf2,0x40,0xea,0x80,0xea,0x62,0xda,0x20,0xa9,
0x00,0x20,0xa2,0x30,0x00,0x00,0x00,0x00,0x00,0x00,0x00,0x00,0x00,0x00,0x00,0x00,
0x00,0x00,0x00,0x00,0x00,0x00,0x00,0x00,0x00,0x00,0x00,0x00,0x00,0x00,0x00,0x00,
0x00,0x00,0x00,0x00,0x00,0x00,0x00,0x00,0x00,0x00,0x00,0x00,0x00,0x00,0x00,0x00,
0x00,0x00,0x00,0x00,0x00,0x00,0x00,0x00,0x00,0x00,0x00,0x00,0x00,0x00,0x00,0x00,
0x00,0x00,0x00,0x00,0x00,0x00,0x00,0x00,0x00,0x00,0x00,0x00,0x00,0x00,0x00,0x00,
0x00,0x00,0x00,0x00,0x00,0x00,0x00,0x00,0x20,0x38,0x63,0x69,0x20,0xe2,0x81,0xf2,
0xc1,0xea,0xa4,0xfb,0xa0,0xea,0xa0,0xf2,0x61,0xda,0xe0,0xd9,0x61,0xa1,0xc2,0xb9,
0xe2,0x70,0x00,0x58,0x00,0x18,0x20,0x20,0x00,0x00,0x00,0x00,0x00,0x00,0x00,0x00,
0x00,0x00,0x00,0x00,0x00,0x00,0x00,0x00,0x00,0x00,0x00,0x00,0x00,0x00,0x00,0x00,
0x00,0x00,0x00,0x00,0x00,0x00,0x00,0x00,0x00,0x00,0x00,0x00,0x00,0x00,0x00,0x00,
0x00,0x00,0x00,0x00,0x00,0x00,0x00,0x00,0x00,0x00,0x00,0x00,0x00,0x00,0x00,0x00,
0x00,0x00,0x00,0x00,0x00,0x00,0x00,0x00,0x00,0x00,0x00,0x00,0x00,0x00,0x00,0x00,
0x00,0x00,0x00,0x00,0x00,0x08,0x41,0x08,0x60,0xb9,0x82,0xda,0xa5,0xdb,0xce,0xfd,
0x02,0xfb,0x80,0xea,0x80,0xea,0x83,0xfb,0x61,0xe2,0x80,0xb9,0x80,0x89,0x70,0xfd,
0xa3,0xb1,0xa0,0x88,0x02,0x59,0x00,0x28,0x00,0x00,0x00,0x00,0x00,0x00,0x00,0x00,
0x00,0x00,0x00,0x00,0x00,0x00,0x00,0x00,0x00,0x00,0x00,0x00,0x00,0x00,0x00,0x00,
0x00,0x00,0x00,0x00,0x00,0x00,0x00,0x00,0x00,0x00,0x00,0x00,0x00,0x00,0x00,0x00,
0x00,0x00,0x00,0x00,0x00,0x00,0x00,0x00,0x00,0x00,0x00,0x00,0x00,0x00,0x00,0x00,
0x00,0x00,0x00,0x00,0x00,0x00,0x00,0x00,0x00,0x00,0x00,0x00,0x00,0x00,0x00,0x00,
0x00,0x00,0x00,0x00,0x00,0x00,0x00,0x00,0xa0,0xc1,0x82,0xe2,0x06,0xe4,0x6b,0xfd,
0xe2,0xf2,0x40,0xea,0x60,0xe2,0xe2,0xfa,0x42,0xda,0x60,0xc1,0x60,0x91,0x48,0xdb,
0x62,0x99,0x80,0x88,0x44,0x61,0x00,0x30,0x00,0x00,0x00,0x00,0x00,0x00,0x00,0x00,
0x00,0x00,0x00,0x00,0x00,0x00,0x00,0x00,0x00,0x00,0x00,0x00,0x00,0x00,0x00,0x00,
0x00,0x00,0x00,0x00,0x00,0x00,0x00,0x00,0x00,0x00,0x00,0x00,0x00,0x00,0x00,0x00,
0x00,0x00,0x00,0x00,0x00,0x00,0x00,0x00,0x00,0x00,0x00,0x00,0x00,0x00,0x00,0x00,
0x00,0x00,0x00,0x00,0x00,0x00,0x00,0x00,0x00,0x00,0x00,0x00,0x00,0x00,0x00,0x00,
0x00,0x00,0x00,0x00,0x00,0x00,0x21,0x00,0x80,0xb9,0xa0,0xb1,0x60,0xb9,0x01,0xca,
0x20,0xe2,0x20,0xda,0xe0,0xd9,0x00,0xd2,0x80,0xc1,0x80,0xb9,0x40,0xa9,0x00,0x99,
0xc0,0x80,0xa3,0x99,0x63,0x61,0x00,0x28,0x80,0x20,0x00,0x10,0x00,0x00,0x00,0x00,
0x00,0x00,0x00,0x00,0x00,0x00,0x00,0x00,0x00,0x00,0x00,0x00,0x00,0x00,0x00,0x00,
0x00,0x00,0x00,0x00,0x00,0x00,0x00,0x00,0x00,0x00,0x00,0x00,0x00,0x00,0x00,0x00,
0x00,0x00,0x00,0x00,0x00,0x00,0x00,0x00,0x00,0x00,0x00,0x00,0x00,0x00,0x00,0x00,
0x00,0x00,0x00,0x00,0x00,0x00,0x00,0x00,0x41,0x00,0x00,0x00,0x41,0x00,0x20,0x08,
0x00,0x00,0xc2,0x20,0x41,0x00,0x00,0x00,0x00,0x28,0x04,0x7a,0x84,0xc2,0x00,0x99,
0x43,0x51,0x00,0x28,0x00,0x48,0xc2,0x68,0xa1,0x68,0x60,0x68,0xc2,0x60,0x00,0x50,
0xe3,0x91,0xc2,0x91,0x00,0x00,0x00,0x00,0x40,0x00,0x82,0x29,0x55,0xe7,0x20,0x08,
0xe3,0x39,0x00,0x21,0x21,0x00,0x00,0x00,0x00,0x00,0x00,0x00,0x00,0x00,0x00,0x00,
0x00,0x00,0x00,0x00,0x00,0x00,0x00,0x00,0x00,0x00,0x00,0x00,0x00,0x00,0x00,0x00,
0x00,0x00,0x00,0x00,0x00,0x00,0x00,0x00,0x00,0x00,0x00,0x00,0x00,0x00,0x00,0x00,
0x00,0x00,0x00,0x00,0x00,0x00,0x64,0x29,0x20,0x64,0x22,0x7d,0x01,0x21,0x20,0x00,
0x20,0x19,0x64,0x5b,0xc1,0x18,0x40,0x00,0x40,0x20,0x00,0x10,0x00,0x08,0x03,0x21,
0xe4,0x71,0xcc,0xab,0x68,0xb3,0x68,0xab,0x27,0xa3,0x69,0xa3,0x00,0x18,0x68,0x62,
0x00,0x00,0x20,0x00,0x01,0x79,0x80,0x60,0xa0,0x08,0x88,0x7c,0x60,0x00,0x44,0x3a,
0x60,0x08,0x40,0x00,0x60,0x74,0xa0,0x74,0x40,0x08,0x00,0x00,0x00,0x00,0x00,0x00,
0x00,0x00,0x00,0x00,0x00,0x00,0x00,0x00,0x00,0x00,0x00,0x00,0x00,0x00,0x00,0x00,
0x00,0x00,0x00,0x00,0x00,0x00,0x00,0x00,0x00,0x00,0x00,0x00,0x00,0x00,0x00,0x00,
0x00,0x00,0x00,0x00,0x00,0x00,0x64,0x29,0x84,0x6c,0xc0,0x3a,0x41,0x7d,0x00,0x7d,
0xe0,0x21,0x05,0x74,0x82,0x08,0x00,0x00,0x00,0x28,0x82,0x50,0xa3,0x61,0x21,0x61,
0xc0,0x48,0x6d,0xc4,0x2b,0xbc,0xea,0xc3,0xeb,0xb3,0x68,0xab,0xa9,0x7a,0x00,0x20,
0x21,0x70,0x00,0x78,0xa3,0x50,0x00,0x30,0xc0,0x21,0x61,0x3a,0x24,0x32,0x20,0x00,
0xa0,0x6c,0xa0,0x74,0x20,0x3b,0xe4,0x84,0x41,0x00,0x00,0x00,0x00,0x00,0x00,0x00,
0x00,0x00,0x00,0x00,0x00,0x00,0x00,0x00,0x00,0x00,0x00,0x00,0x00,0x00,0x00,0x00,
0x00,0x00,0x00,0x00,0x00,0x00,0x00,0x00,0x00,0x00,0x00,0x00,0x00,0x00,0x00,0x00,
0x00,0x00,0x00,0x00,0x00,0x00,0xa5,0x31,0xa0,0x74,0x21,0x85,0x80,0x3a,0x84,0x74,
0x60,0x21,0x62,0x3a,0x61,0x10,0x00,0x00,0xa3,0x59,0x40,0x20,0x00,0x08,0x41,0x08,
0xa1,0x59,0x13,0xde,0x36,0xff,0xd1,0xdd,0x4f,0xe5,0xea,0xb3,0xcd,0x9b,0x00,0x18,
0x00,0x10,0xa3,0x39,0x00,0x00,0x00,0x00,0x80,0x08,0x0a,0x74,0x40,0x08,0x64,0x42,
0xa3,0x7c,0x00,0x3b,0x40,0x6c,0x20,0x64,0x40,0x08,0x20,0x00,0x00,0x00,0x00,0x00,
0x00,0x00,0x00,0x00,0x00,0x00,0x00,0x00,0x00,0x00,0x00,0x00,0x00,0x00,0x00,0x00,
0x00,0x00,0x00,0x00,0x00,0x00,0x00,0x00,0x00,0x00,0x00,0x00,0x00,0x00,0x00,0x00,
0x00,0x00,0x00,0x00,0x20,0x00,0x84,0x52,0xa0,0x00,0x68,0x7c,0xc3,0x5b,0x80,0x32,
0x21,0x53,0xe8,0x94,0xa0,0xd0,0x01,0xe1,0x00,0x10,0x41,0x20,0x46,0x5a,0x40,0x20,
0xb4,0xfe,0x52,0xf6,0x79,0xff,0xd6,0xf6,0xb1,0xe5,0xed,0xd4,0x11,0xbd,0x00,0x18,
0xea,0x72,0x00,0x10,0x00,0x50,0xc6,0xa9,0xe2,0x99,0xc5,0xba,0xe3,0x29,0x80,0x08,
0x60,0x32,0x23,0x6c,0x27,0x6c,0xa0,0x00,0x41,0x00,0x00,0x00,0x00,0x00,0x00,0x00,
0x00,0x00,0x00,0x00,0x00,0x00,0x00,0x00,0x00,0x00,0x00,0x00,0x00,0x00,0x00,0x00,
0x00,0x00,0x00,0x00,0x00,0x00,0x00,0x00,0x00,0x00,0x00,0x00,0x00,0x00,0x00,0x00,
0x00,0x00,0x00,0x00,0xc3,0x31,0x80,0x00,0x80,0x08,0x41,0x19,0xe4,0x5a,0xc0,0x08,
0xa1,0xa1,0x23,0xaa,0x66,0xfa,0xa0,0xd8,0x65,0xa1,0x00,0x50,0xc5,0x49,0x80,0x18,
0xf6,0xf6,0x79,0xff,0x79,0xff,0x79,0xff,0x93,0xfe,0x4f,0xd5,0xad,0xcc,0xca,0xab,
0x00,0x48,0x45,0x89,0x40,0xd1,0xca,0xfb,0xa3,0xb1,0x00,0x78,0x44,0x91,0x00,0x48,
0x20,0x32,0x22,0x53,0xe0,0x10,0xe2,0x29,0xc1,0x20,0x00,0x00,0x00,0x00,0x00,0x00,
0x00,0x00,0x00,0x00,0x00,0x00,0x00,0x00,0x00,0x00,0x00,0x00,0x00,0x00,0x00,0x00,
0x00,0x00,0x00,0x00,0x00,0x00,0x00,0x00,0x00,0x00,0x00,0x00,0x00,0x00,0x00,0x00,
0x20,0x00,0x04,0x3a,0x80,0x00,0x68,0x7c,0x85,0x74,0x40,0x32,0x42,0x29,0x40,0x10,
0x03,0xd9,0xa2,0xd0,0xa6,0xfa,0x03,0xf2,0x01,0xd8,0x82,0xe8,0x00,0x08,0x88,0x5a,
0xf7,0xee,0x58,0xff,0x9a,0xff,0x38,0xff,0xb5,0xfe,0x2f,0xd5,0xf0,0xcc,0xe8,0x92,
0x00,0xc0,0x03,0xe9,0x03,0xe2,0x27,0xfb,0xb2,0xfd,0x04,0xc2,0xa2,0xa0,0x00,0x88,
0x81,0x08,0x20,0x08,0x46,0x53,0x60,0x19,0x40,0x08,0xc3,0x39,0x00,0x00,0x00,0x00,
0x00,0x00,0x00,0x00,0x00,0x00,0x00,0x00,0x00,0x00,0x00,0x00,0x00,0x00,0x00,0x00,
0x00,0x00,0x00,0x00,0x00,0x00,0x00,0x00,0x00,0x00,0x00,0x00,0x00,0x00,0x00,0x00,
0xa0,0x08,0xe0,0x08,0xa0,0x5b,0xa2,0x7c,0x60,0x42,0x40,0x32,0x00,0x50,0xc9,0xba,
0xea,0xfb,0x65,0xda,0x01,0xf1,0x46,0xfa,0xe3,0xf0,0x00,0xd0,0xa3,0xc0,0x00,0xa0,
0x84,0x82,0xf1,0xe5,0xb3,0xfe,0x93,0xf6,0xd1,0xed,0x2b,0xb4,0xed,0xa3,0x00,0x20,
0xa2,0xc9,0xaf,0xfc,0xa1,0xf0,0x03,0xf9,0xab,0xfb,0x21,0xc1,0x20,0xc8,0x41,0xc8,
0xa1,0x48,0x80,0x38,0xe0,0x42,0xe2,0x63,0xa4,0x4a,0x60,0x00,0x00,0x00,0x00,0x00,
0x00,0x00,0x00,0x00,0x00,0x00,0x00,0x00,0x00,0x00,0x00,0x00,0x00,0x00,0x00,0x00,
0x00,0x00,0x00,0x00,0x00,0x00,0x00,0x00,0x00,0x00,0x00,0x00,0x00,0x00,0x00,0x00,
0x00,0x00,0x85,0x39,0x40,0x00,0xa1,0x10,0xa7,0x63,0x60,0x00,0x61,0xe0,0xe2,0xf8,
0xa3,0xd9,0xe8,0xfa,0xa3,0xd9,0xaa,0xfb,0x80,0xc8,0x67,0xfa,0x01,0xc0,0x62,0xd8,
0x00,0x18,0x0d,0xa4,0xf2,0xe5,0x12,0xf6,0x10,0xd5,0x49,0xa3,0x00,0x40,0x05,0x89,
0x43,0xf1,0x43,0xf9,0xd2,0xfd,0xe7,0xd2,0x62,0xe8,0x00,0xe8,0xe6,0xf1,0x00,0xc0,
0xe5,0x78,0x00,0x48,0x62,0x53,0x20,0x32,0x20,0x00,0x45,0x4a,0x00,0x00,0x00,0x00,
0x00,0x00,0x00,0x00,0x00,0x00,0x00,0x00,0x00,0x00,0x00,0x00,0x00,0x00,0x00,0x00,
0x00,0x00,0x00,0x00,0x00,0x00,0x00,0x00,0x00,0x00,0x00,0x00,0x00,0x00,0x00,0x00,
0x20,0x08,0xab,0x73,0x20,0x10,0x89,0x5a,0x00,0x00,0x00,0x00,0x43,0xf9,0x60,0xe8,
0x49,0xfb,0xa3,0xe1,0xc8,0xfa,0x22,0xe1,0xa3,0xe8,0x01,0xd0,0x01,0xc8,0x43,0xd0,
0x00,0x20,0x6b,0x8b,0x89,0xab,0x4c,0xbc,0x49,0x9b,0x86,0x82,0x00,0x48,0x04,0x89,
0x25,0xfa,0x21,0xe1,0x82,0xf8,0x00,0xe0,0x46,0xfa,0x80,0xd0,0x62,0xc8,0x00,0xb0,
0xe4,0x80,0x00,0x48,0x00,0x08,0x41,0x08,0x00,0x08,0x00,0x00,0x00,0x00,0x00,0x00,
0x00,0x00,0x00,0x00,0x00,0x00,0x00,0x00,0x00,0x00,0x00,0x00,0x00,0x00,0x00,0x00,
0x00,0x00,0x00,0x00,0x00,0x00,0x00,0x00,0x00,0x00,0x00,0x00,0x00,0x00,0x00,0x00,
0x00,0x00,0x00,0x00,0x94,0xf6,0x94,0xfe,0xec,0x9b,0x00,0x18,0x83,0xf0,0x82,0xf0,
0x64,0xe1,0x0a,0xfb,0x82,0xe0,0x45,0xf9,0x04,0x81,0x00,0x48,0x47,0x19,0x02,0x00,
0x83,0x08,0x01,0x00,0xe8,0x8a,0x08,0x93,0xc9,0x82,0xc0,0x48,0x21,0x00,0x00,0x00,
0x00,0x40,0xe4,0x80,0x81,0xe8,0x23,0xf9,0x04,0xf9,0x20,0xe0,0x43,0xb0,0x02,0xa8,
0xe5,0x78,0x00,0x48,0x89,0xa3,0x0b,0xbc,0x52,0xc5,0x00,0x20,0x00,0x00,0x00,0x00,
0x00,0x00,0x00,0x00,0x00,0x00,0x00,0x00,0x00,0x00,0x00,0x00,0x00,0x00,0x00,0x00,
0x00,0x00,0x00,0x00,0x00,0x00,0x00,0x00,0x00,0x00,0x00,0x00,0x00,0x00,0x00,0x00,
0xc0,0x28,0xd1,0xa4,0x79,0xff,0x58,0xff,0x35,0xe6,0x00,0x10,0x00,0xc0,0xa3,0xd8,
0x20,0xe0,0x82,0xe8,0x83,0xf0,0x21,0xe0,0x43,0x00,0x90,0x63,0xf4,0x63,0xb3,0x53,
0x10,0x4b,0x8f,0x32,0x00,0x18,0x88,0x62,0x47,0x62,0x20,0x18,0x11,0x43,0x31,0x43,
0xcd,0x4a,0x44,0x00,0x00,0x50,0x04,0x89,0x00,0xb8,0x42,0xb8,0x01,0xb0,0x64,0xc0,
0x82,0x50,0x00,0x30,0x0a,0xc4,0xad,0xcc,0x70,0xe5,0xa9,0xa3,0x40,0x10,0x00,0x00,
0x00,0x00,0x00,0x00,0x00,0x00,0x00,0x00,0x00,0x00,0x00,0x00,0x00,0x00,0x00,0x00,
0x00,0x00,0x00,0x00,0x00,0x00,0x00,0x00,0x00,0x00,0x00,0x00,0x00,0x00,0x00,0x00,
0x20,0x08,0x9c,0xff,0x79,0xff,0x37,0xff,0x32,0xf6,0xb0,0xed,0x00,0x48,0x05,0x91,
0x43,0xc0,0x42,0xc0,0x84,0xa8,0x00,0x98,0xd0,0x3a,0x7e,0xb6,0x30,0x4b,0x85,0x00,
0x4a,0x09,0x32,0x4b,0x0b,0x32,0x02,0x00,0x24,0x00,0x54,0x7c,0x78,0x95,0x44,0x00,
0x73,0x43,0x12,0x43,0x00,0x00,0x00,0x08,0x23,0xb0,0x02,0xb0,0x43,0xb0,0x01,0xa8,
0x00,0x10,0x6b,0x8b,0x0b,0xb4,0x2f,0xdd,0x70,0xdd,0x12,0xf6,0x41,0x00,0x00,0x00,
0x00,0x00,0x00,0x00,0x00,0x00,0x00,0x00,0x00,0x00,0x00,0x00,0x00,0x00,0x00,0x00,
0x00,0x00,0x00,0x00,0x00,0x00,0x00,0x00,0x00,0x00,0x00,0x00,0x00,0x00,0x00,0x00,
0x00,0x08,0xbc,0xf7,0x79,0xff,0x79,0xff,0x15,0xff,0x94,0xf6,0xae,0xb4,0x40,0x20,
0x02,0xd0,0x22,0xd0,0xe4,0x80,0x00,0x40,0xaf,0x3a,0x35,0x64,0xd6,0x8c,0x27,0x09,
0xb4,0x5b,0x90,0x2a,0x2a,0x3a,0x43,0x00,0x0d,0x22,0x56,0x6c,0xd4,0x63,0x6e,0x2a,
0xb3,0x5b,0x4e,0x22,0xea,0x39,0x43,0x00,0x01,0xb0,0x42,0xb0,0xe4,0x78,0x00,0x40,
0xc3,0x79,0x69,0xa3,0x0d,0xdd,0xd0,0xed,0x94,0xfe,0xb5,0xfe,0x20,0x08,0x00,0x00,
0x00,0x00,0x00,0x00,0x00,0x00,0x00,0x00,0x00,0x00,0x00,0x00,0x00,0x00,0x00,0x00,
0x00,0x00,0x00,0x00,0x00,0x00,0x00,0x00,0x00,0x00,0x00,0x00,0x00,0x00,0x00,0x00,
0x00,0x18,0x14,0xe6,0xdc,0xff,0x7a,0xff,0x78,0xff,0x58,0xff,0x37,0xff,0x2e,0xcd,
0x41,0x00,0x00,0x08,0x21,0x00,0x00,0x00,0x6f,0x2a,0x11,0x43,0xf5,0x53,0xd8,0x7c,
0xf1,0x3a,0xab,0x19,0xea,0x29,0x23,0x00,0xab,0x19,0x0c,0x2a,0xd5,0x53,0x77,0x6c,
0x4e,0x2a,0x49,0x11,0x68,0x21,0x02,0x00,0x21,0x00,0x20,0x08,0x00,0x18,0xcc,0x9b,
0xe9,0xb3,0xac,0xd4,0x93,0xf6,0xd4,0xfe,0x54,0xf6,0x2e,0xdd,0x41,0x00,0x00,0x00,
0x00,0x00,0x00,0x00,0x00,0x00,0x00,0x00,0x00,0x00,0x00,0x00,0x00,0x00,0x00,0x00,
0x00,0x00,0x00,0x00,0x00,0x00,0x00,0x00,0x00,0x00,0x00,0x00,0x00,0x00,0x00,0x00,
0x00,0x18,0xb6,0xee,0xb6,0xee,0xfc,0xff,0xb9,0xff,0x79,0xff,0x35,0xff,0x36,0xff,
0xb0,0xed,0x2e,0xdd,0x8f,0xbc,0x00,0x18,0xeb,0x21,0xaf,0x32,0x8f,0x3a,0xf0,0x3a,
0xcb,0x21,0xeb,0x21,0x00,0x18,0x8c,0x8b,0x02,0x00,0x6c,0x3a,0x8f,0x32,0xb4,0x53,
0xcb,0x21,0x0d,0x22,0x00,0x08,0x20,0x00,0x4a,0xcc,0x4a,0xc4,0x4a,0xcc,0x4b,0xc4,
0x8f,0xe5,0x94,0xfe,0x35,0xff,0xf5,0xfe,0x6b,0xcc,0x70,0xe5,0x40,0x08,0x00,0x00,
0x00,0x00,0x00,0x00,0x00,0x00,0x00,0x00,0x00,0x00,0x00,0x00,0x00,0x00,0x00,0x00,
0x00,0x00,0x00,0x00,0x00,0x00,0x00,0x00,0x00,0x00,0x00,0x00,0x00,0x00,0x00,0x00,
0x00,0x08,0x39,0xf7,0xb4,0xf6,0xb3,0xfe,0x38,0xf7,0x99,0xff,0x9b,0xff,0x7a,0xff,
0x99,0xff,0x99,0xff,0x58,0xff,0x94,0xf6,0xa9,0x5a,0x23,0x31,0x06,0x11,0x06,0x11,
0x04,0x21,0xe7,0x41,0xca,0xa3,0x2f,0xdd,0x35,0xe6,0x24,0x62,0x06,0x11,0xc5,0x10,
0x05,0x21,0x66,0x39,0xc9,0xab,0x6c,0xcc,0xb0,0xe5,0x31,0xfe,0x73,0xee,0xf5,0xfe,
0x36,0xff,0xf5,0xfe,0xd0,0xf5,0x8b,0xcc,0xae,0xc4,0xb1,0xed,0x41,0x00,0x00,0x00,
0x00,0x00,0x00,0x00,0x00,0x00,0x00,0x00,0x00,0x00,0x00,0x00,0x00,0x00,0x00,0x00,
0x00,0x00,0x00,0x00,0x00,0x00,0x00,0x00,0x00,0x00,0x00,0x00,0x00,0x00,0x00,0x00,
0x00,0x10,0x39,0xf7,0xf4,0xfe,0x15,0xff,0x92,0xfe,0x92,0xfe,0x18,0xf7,0xfc,0xff,
0xbb,0xff,0xbb,0xff,0x77,0xff,0x16,0xf7,0x16,0xff,0x57,0xff,0x98,0xff,0x36,0xf7,
0x2d,0xe5,0x2e,0xdd,0x72,0xf6,0x15,0xff,0x15,0xff,0x35,0xff,0x15,0xff,0x52,0xee,
0xcc,0xdc,0x4f,0xe5,0x32,0xee,0xf5,0xfe,0x37,0xff,0x78,0xff,0x36,0xff,0xd5,0xf6,
0xcb,0xe4,0x6a,0xd4,0xcd,0xd4,0x2f,0xdd,0xce,0xd4,0xd2,0xed,0x40,0x10,0x00,0x00,
0x00,0x00,0x00,0x00,0x00,0x00,0x00,0x00,0x00,0x00,0x00,0x00,0x00,0x00,0x00,0x00,
0x00,0x00,0x00,0x00,0x00,0x00,0x00,0x00,0x00,0x00,0x00,0x00,0x00,0x00,0x00,0x00,
0x00,0x08,0x18,0xf7,0x16,0xff,0x16,0xff,0x36,0xff,0x16,0xff,0x72,0xf6,0x51,0xf6,
0x59,0xf7,0x9a,0xff,0xdc,0xff,0x59,0xff,0x79,0xff,0x58,0xff,0x79,0xff,0x78,0xff,
0x79,0xff,0x78,0xff,0x56,0xff,0xf5,0xfe,0xf5,0xfe,0xf4,0xfe,0x36,0xff,0x36,0xff,
0x37,0xff,0x37,0xff,0x78,0xff,0x57,0xff,0x78,0xff,0x16,0xf7,0xd5,0xfe,0xed,0xd4,
0x8b,0xcc,0x6a,0xd4,0x0f,0xd5,0x0e,0xd5,0xef,0xcc,0xb2,0xe5,0x41,0x08,0x00,0x00,
0x00,0x00,0x00,0x00,0x00,0x00,0x00,0x00,0x00,0x00,0x00,0x00,0x00,0x00,0x00,0x00,
0x00,0x00,0x00,0x00,0x00,0x00,0x00,0x00,0x00,0x00,0x00,0x00,0x00,0x00,0x00,0x00,
0x00,0x18,0x96,0xe6,0x36,0xff,0x77,0xff,0x10,0xee,0x14,0xff,0x15,0xff,0x15,0xff,
0x50,0xfe,0x31,0xf6,0xb6,0xee,0xfb,0xff,0xdc,0xff,0xdd,0xff,0xdc,0xff,0xdc,0xff,
0xba,0xff,0x99,0xff,0x78,0xff,0x79,0xff,0x78,0xff,0x99,0xff,0x99,0xff,0xba,0xff,
0x79,0xff,0x99,0xff,0x57,0xff,0x73,0xee,0x2d,0xed,0xcc,0xd4,0xcc,0xdc,0xec,0xd4,
0x0d,0xe5,0xac,0xd4,0xcc,0xdc,0xcd,0xd4,0xce,0xcc,0xb2,0xe5,0x40,0x10,0x00,0x00,
0x00,0x00,0x00,0x00,0x00,0x00,0x00,0x00,0x00,0x00,0x00,0x00,0x00,0x00,0x00,0x00,
0x00,0x00,0x00,0x00,0x00,0x00,0x00,0x00,0x00,0x00,0x00,0x00,0x00,0x00,0x00,0x00,
0x00,0x10,0x34,0xe6,0x57,0xff,0x94,0xf6,0xe7,0x8a,0xea,0xb3,0xf0,0xe5,0xf4,0xfe,
0x36,0xff,0x16,0xff,0xb3,0xfe,0x72,0xfe,0x31,0xf6,0x31,0xf6,0x53,0xee,0xf5,0xfe,
0x58,0xff,0x78,0xff,0x79,0xff,0x78,0xff,0x9a,0xff,0x9a,0xff,0x37,0xff,0x36,0xff,
0x8e,0xe5,0xae,0xed,0x6e,0xe5,0x6d,0xed,0x6f,0xe5,0x0d,0xdd,0x4f,0xdd,0x2e,0xdd,
0x0e,0xdd,0x6b,0xcc,0xa5,0x92,0x0a,0xcc,0x0f,0xcd,0xb2,0xed,0x41,0x08,0x00,0x00,
0x00,0x00,0x00,0x00,0x00,0x00,0x00,0x00,0x00,0x00,0x00,0x00,0x00,0x00,0x00,0x00,
0x00,0x00,0x00,0x00,0x00,0x00,0x00,0x00,0x00,0x00,0x00,0x00,0x00,0x00,0x00,0x00,
0x00,0x20,0x31,0xc5,0x35,0xff,0x0d,0xcd,0xa1,0x38,0x20,0x20,0x20,0x20,0x97,0xe6,
0x36,0xff,0x36,0xff,0x16,0xff,0x36,0xff,0x15,0xff,0xf5,0xfe,0x92,0xfe,0x10,0xee,
0xef,0xf5,0xef,0xed,0xef,0xf5,0xf0,0xed,0xcf,0xf5,0xcf,0xed,0xcf,0xf5,0xaf,0xed,
0x10,0xf6,0x31,0xf6,0xcf,0xf5,0xd0,0xed,0x4d,0xe5,0x4e,0xdd,0xec,0xdc,0xec,0xdc,
0x2e,0xe5,0x6b,0xc4,0x00,0x28,0x8a,0x93,0x0e,0xe5,0x8c,0xcc,0x00,0x08,0x00,0x00,
0x00,0x00,0x00,0x00,0x00,0x00,0x00,0x00,0x00,0x00,0x00,0x00,0x00,0x00,0x00,0x00,
0x00,0x00,0x00,0x00,0x00,0x00,0x00,0x00,0x00,0x00,0x00,0x00,0x00,0x00,0x00,0x00,
0x00,0x00,0x00,0x08,0xd0,0xb4,0x00,0x18,0x40,0x89,0x22,0xaa,0x83,0x51,0x4a,0x93,
0x36,0xff,0x36,0xff,0x36,0xff,0x93,0xf6,0xf5,0xfe,0xf4,0xfe,0x15,0xff,0xf5,0xfe,
0x15,0xff,0xf5,0xfe,0xf4,0xfe,0x51,0xf6,0x73,0xf6,0x93,0xfe,0xb4,0xfe,0x11,0xee,
0xf0,0xed,0x4d,0xe5,0xed,0xd4,0xec,0xdc,0xb0,0xe5,0x0d,0xdd,0x0d,0xdd,0xec,0xdc,
0xd0,0xb4,0x00,0x20,0x03,0x39,0x00,0x18,0x8f,0xb4,0x00,0x18,0x00,0x00,0x00,0x00,
0x00,0x00,0x00,0x00,0x00,0x00,0x00,0x00,0x00,0x00,0x00,0x00,0x00,0x00,0x00,0x00,
0x00,0x00,0x00,0x00,0x00,0x00,0x00,0x00,0x00,0x00,0x00,0x00,0x00,0x00,0x00,0x00,
0x00,0x08,0xa1,0x18,0xa0,0x68,0x43,0x92,0x40,0xba,0x81,0xba,0x64,0x9a,0x80,0x50,
0xd4,0xfe,0x35,0xff,0x93,0xfe,0x4e,0xd5,0x05,0x6a,0x00,0x20,0x20,0x28,0xcf,0xbc,
0xd4,0xfe,0x15,0xff,0xd3,0xfe,0xf4,0xfe,0xd3,0xfe,0x72,0xf6,0x10,0xf6,0x10,0xee,
0x4c,0xbc,0xa0,0x38,0x80,0x48,0xe1,0x50,0x00,0x20,0x8e,0xac,0xec,0xdc,0xed,0xdc,
0x2d,0xac,0x00,0x18,0x00,0x71,0x00,0x69,0x00,0x10,0x00,0x08,0x00,0x00,0x00,0x00,
0x00,0x00,0x00,0x00,0x00,0x00,0x00,0x00,0x00,0x00,0x00,0x00,0x00,0x00,0x00,0x00,
0x00,0x00,0x00,0x00,0x00,0x00,0x00,0x00,0x00,0x00,0x00,0x00,0x00,0x00,0x00,0x00,
0x00,0x08,0x61,0x20,0xa0,0x68,0x84,0xaa,0x40,0xb2,0x81,0xc2,0xc1,0xba,0x40,0xb2,
0x00,0x20,0xb3,0xdd,0xaf,0xb4,0x00,0x20,0x80,0x50,0xe3,0x89,0x63,0x51,0x20,0x30,
0xb1,0xdd,0xb4,0xfe,0xd4,0xfe,0xd4,0xfe,0xd4,0xfe,0x52,0xf6,0x52,0xf6,0x8f,0xe5,
0x00,0x20,0xe2,0x40,0x40,0x71,0x60,0x79,0x21,0x51,0x4d,0xc4,0x8c,0xcc,0x4b,0xcc,
0x00,0x18,0x63,0x51,0x21,0x69,0x20,0x71,0x21,0x00,0x00,0x00,0x00,0x00,0x00,0x00,
0x00,0x00,0x00,0x00,0x00,0x00,0x00,0x00,0x00,0x00,0x00,0x00,0x00,0x00,0x00,0x00,
0x00,0x00,0x00,0x00,0x00,0x00,0x00,0x00,0x00,0x00,0x00,0x00,0x00,0x00,0x00,0x00,
0x00,0x10,0x61,0x18,0x60,0x60,0x64,0x9a,0x80,0xc2,0xa0,0xc2,0xe1,0xd2,0x80,0xba,
0x24,0x7a,0x00,0x30,0x00,0x30,0xc6,0x8a,0xe0,0xa1,0x41,0xaa,0x21,0xaa,0x40,0x81,
0x20,0x20,0x76,0xe6,0x36,0xff,0xf5,0xfe,0xd4,0xfe,0x93,0xf6,0xb2,0xd5,0x20,0x18,
0x40,0x79,0x40,0x71,0xa0,0x89,0x40,0x79,0xa3,0x71,0x00,0x30,0xc7,0x7a,0x00,0x20,
0x00,0x30,0x63,0x59,0x41,0x69,0xc0,0x50,0x00,0x08,0x00,0x00,0x00,0x00,0x00,0x00,
0x00,0x00,0x00,0x00,0x00,0x00,0x00,0x00,0x00,0x00,0x00,0x00,0x00,0x00,0x00,0x00,
0x00,0x00,0x00,0x00,0x00,0x00,0x00,0x00,0x00,0x00,0x00,0x00,0x00,0x00,0x00,0x00,
0x00,0x08,0x41,0x18,0xe0,0x58,0xc0,0x58,0x40,0xb2,0x80,0xba,0x80,0xba,0xc1,0xca,
0xe2,0xc2,0xc1,0xc2,0xe1,0x91,0xc0,0x91,0x81,0xba,0x80,0xc2,0x60,0xb2,0x60,0xba,
0x00,0x51,0xaa,0xb3,0x37,0xff,0x16,0xff,0xb4,0xfe,0xaf,0xed,0x67,0x7a,0x00,0x38,
0x80,0x89,0x80,0x89,0xa1,0x81,0x40,0x79,0x41,0x71,0x20,0x71,0x00,0x69,0x40,0x71,
0x61,0x71,0x00,0x69,0x60,0x30,0x40,0x38,0x00,0x10,0x81,0x28,0x00,0x00,0x00,0x00,
0x00,0x00,0x00,0x00,0x00,0x00,0x00,0x00,0x00,0x00,0x00,0x00,0x00,0x00,0x00,0x00,
0x00,0x00,0x00,0x00,0x00,0x00,0x00,0x00,0x00,0x00,0x00,0x00,0x00,0x00,0x00,0x00,
0x00,0x00,0x00,0x00,0x41,0x71,0x20,0x69,0xc0,0x60,0x01,0x61,0xe0,0xa9,0x23,0xcb,
0xa0,0xc2,0xc1,0xc2,0xa0,0xca,0x60,0xba,0x40,0xba,0x60,0xb2,0x20,0xaa,0x20,0xaa,
0x45,0x7a,0x00,0x20,0x57,0xff,0x37,0xff,0x14,0xff,0x8f,0xdd,0x41,0x69,0x41,0x61,
0x80,0x91,0xa0,0x89,0x40,0x81,0xc1,0x89,0x60,0x79,0x60,0x79,0x40,0x79,0x60,0x79,
0x41,0x69,0xa0,0x50,0x40,0x40,0x21,0x51,0x42,0x51,0x00,0x18,0x00,0x00,0x00,0x00,
0x00,0x00,0x00,0x00,0x00,0x00,0x00,0x00,0x00,0x00,0x00,0x00,0x00,0x00,0x00,0x00,
0x00,0x00,0x00,0x00,0x00,0x00,0x00,0x00,0x00,0x00,0x00,0x00,0x00,0x00,0x00,0x00,
0x00,0x00,0x00,0x00,0x20,0xa2,0x61,0xba,0xa6,0x9a,0xa0,0x60,0x00,0x61,0xe0,0x60,
0xa1,0xc2,0x80,0xc2,0x80,0xba,0xa0,0xc2,0x60,0xb2,0x81,0xc2,0x21,0xa2,0xc0,0xa1,
0x66,0x7a,0x00,0x28,0x58,0xff,0x16,0xff,0xf5,0xfe,0x2e,0xd5,0x61,0x71,0xc2,0x81,
0xa1,0x89,0x60,0x89,0x81,0x79,0x20,0x71,0x61,0x71,0x20,0x71,0x41,0x61,0xe0,0x58,
0x60,0x28,0x40,0x30,0x21,0x69,0x00,0x69,0x84,0x51,0x00,0x20,0x00,0x00,0x00,0x00,
0x00,0x00,0x00,0x00,0x00,0x00,0x00,0x00,0x00,0x00,0x00,0x00,0x00,0x00,0x00,0x00,
0x00,0x00,0x00,0x00,0x00,0x00,0x00,0x00,0x00,0x00,0x00,0x00,0x00,0x00,0x00,0x00,
0x00,0x00,0x00,0x00,0x00,0xaa,0x81,0xb2,0x60,0xc2,0x01,0xcb,0xc0,0x50,0x01,0x59,
0x60,0x40,0x01,0x51,0x80,0xba,0x01,0xc3,0xa1,0xc2,0x40,0xaa,0xe0,0xa1,0x41,0xaa,
0x85,0x8a,0x00,0x30,0xf4,0xfe,0x15,0xff,0x72,0xfe,0x4d,0xdd,0x60,0x79,0xe3,0x81,
0x80,0x89,0x80,0x81,0x60,0x79,0x20,0x69,0x20,0x69,0x00,0x61,0x40,0x18,0x20,0x10,
0x40,0x38,0xe1,0x48,0x40,0x71,0x20,0x69,0xa5,0x59,0x00,0x18,0x00,0x00,0x00,0x00,
0x00,0x00,0x00,0x00,0x00,0x00,0x00,0x00,0x00,0x00,0x00,0x00,0x00,0x00,0x00,0x00,
0x00,0x00,0x00,0x00,0x00,0x00,0x00,0x00,0x00,0x00,0x00,0x00,0x00,0x00,0x00,0x00,
0x00,0x00,0x00,0x08,0xe0,0xa1,0xa2,0xc2,0x20,0xaa,0x40,0xb2,0xc0,0xc2,0x01,0xd3,
0x02,0x9a,0x00,0x79,0x20,0x61,0x00,0x69,0xa0,0x40,0x80,0x48,0x42,0x61,0xa0,0x58,
0x41,0x69,0x00,0x69,0x20,0x18,0xf4,0xdd,0x31,0xc5,0x00,0x18,0x80,0x40,0x01,0x59,
0x80,0x38,0x80,0x40,0x02,0x51,0x40,0x40,0x60,0x30,0xc1,0x40,0x00,0x61,0x00,0x69,
0x20,0x79,0x40,0x81,0x22,0x69,0x41,0x71,0xc6,0x59,0x00,0x20,0x00,0x00,0x00,0x00,
0x00,0x00,0x00,0x00,0x00,0x00,0x00,0x00,0x00,0x00,0x00,0x00,0x00,0x00,0x00,0x00,
0x00,0x00,0x00,0x00,0x00,0x00,0x00,0x00,0x00,0x00,0x00,0x00,0x00,0x00,0x00,0x00,
0x00,0x00,0x00,0x00,0x20,0x81,0x83,0xaa,0xa0,0xca,0x80,0xba,0x20,0xba,0xc2,0xc2,
0x00,0xdb,0x21,0xd3,0xc2,0xc2,0xa0,0x99,0x80,0x89,0xe1,0x91,0xa0,0x48,0xc0,0x48,
0xe0,0x60,0x41,0x69,0x83,0x59,0x00,0x20,0x00,0x08,0x41,0x08,0xe0,0x50,0xc0,0x48,
0xc0,0x50,0xc0,0x50,0x80,0x48,0xc0,0x48,0x00,0x79,0xa1,0x81,0x60,0x81,0x80,0x79,
0xe0,0x60,0x20,0x69,0x41,0x71,0x62,0x71,0xa4,0x59,0x00,0x18,0x00,0x00,0x00,0x00,
0x00,0x00,0x00,0x00,0x00,0x00,0x00,0x00,0x00,0x00,0x00,0x00,0x00,0x00,0x00,0x00,
0x00,0x00,0x00,0x00,0x00,0x00,0x00,0x00,0x00,0x00,0x00,0x00,0x00,0x00,0x00,0x00,
0x00,0x10,0x03,0x41,0x00,0x28,0x85,0x8a,0xc0,0x99,0xc2,0xc2,0xc1,0xc2,0x80,0xc2,
0xe1,0xca,0x80,0xc2,0xe1,0xca,0xe0,0xd2,0x40,0xb2,0x60,0xba,0xc0,0xc2,0x21,0xd3,
0x41,0xb2,0x20,0xb2,0x02,0x9a,0x20,0x81,0x80,0x48,0x41,0x69,0xc0,0x91,0x21,0xaa,
0x22,0x9a,0x80,0x91,0xe1,0x91,0x60,0x89,0xa1,0x81,0x20,0x79,0x41,0x71,0x00,0x69,
0x00,0x61,0x00,0x61,0x21,0x69,0x62,0x79,0x00,0x00,0x00,0x00,0x00,0x00,0x00,0x00,
0x00,0x00,0x00,0x00,0x00,0x00,0x00,0x00,0x00,0x00,0x00,0x00,0x00,0x00,0x00,0x00,
0x00,0x00,0x00,0x00,0x00,0x00,0x00,0x00,0x00,0x00,0x00,0x00,0x00,0x00,0x00,0x00,
0x00,0x10,0x82,0x18,0x00,0x28,0x04,0x6a,0x60,0xba,0x60,0xb2,0xe1,0xca,0x80,0xb2,
0x40,0xb2,0x80,0xb2,0x40,0xba,0x42,0xd3,0xa0,0xc2,0x40,0xaa,0x60,0xba,0x20,0xaa,
0x40,0xb2,0x60,0xb2,0x60,0xba,0x80,0xb2,0xe0,0xa9,0x41,0xaa,0xc0,0x99,0xc0,0x91,
0xc1,0x91,0x60,0x79,0xc0,0x91,0xa0,0x81,0x60,0x81,0x80,0x79,0x00,0x69,0x00,0x61,
0x00,0x69,0x01,0x61,0x62,0x71,0x01,0x61,0x40,0x10,0x00,0x00,0x00,0x00,0x00,0x00,
0x00,0x00,0x00,0x00,0x00,0x00,0x00,0x00,0x00,0x00,0x00,0x00,0x00,0x00,0x00,0x00,
0x00,0x00,0x00,0x00,0x00,0x00,0x00,0x00,0x00,0x00,0x00,0x00,0x00,0x00,0x00,0x00,
0x00,0x00,0x00,0x00,0x00,0x00,0x21,0x08,0xa0,0x89,0x82,0xaa,0x80,0xba,0x80,0xc2,
0xa0,0xc2,0xc1,0xca,0x01,0xd3,0xc0,0xd2,0xc1,0xc2,0x80,0xc2,0x40,0xb2,0x81,0xc2,
0x20,0xb2,0xa1,0xc2,0xe0,0xa1,0x00,0xaa,0x82,0xb2,0xc0,0xa1,0xc0,0x89,0xa0,0x91,
0x80,0x81,0x60,0x81,0xa0,0x81,0xc1,0x91,0x00,0x69,0x60,0x79,0x01,0x61,0x00,0x69,
0x22,0x61,0x22,0x69,0x44,0x49,0x20,0x28,0x00,0x00,0x00,0x00,0x00,0x00,0x00,0x00,
0x00,0x00,0x00,0x00,0x00,0x00,0x00,0x00,0x00,0x00,0x00,0x00,0x00,0x00,0x00,0x00,
0x00,0x00,0x00,0x00,0x00,0x00,0x00,0x00,0x00,0x00,0x00,0x00,0x00,0x00,0x00,0x00,
0x00,0x00,0x00,0x00,0x00,0x08,0x20,0x08,0x00,0x20,0x63,0x49,0x20,0xb2,0xc2,0xc2,
0xc1,0xca,0xe2,0xca,0x40,0xba,0xe2,0xca,0xc1,0xca,0x40,0xb2,0x41,0xaa,0xc0,0x91,
0x81,0xba,0x00,0xa2,0x20,0xb2,0x40,0xaa,0xc0,0x99,0xc0,0x91,0x20,0xaa,0xe0,0x99,
0x80,0x91,0xe1,0x91,0xa1,0x89,0x00,0x71,0x00,0x71,0x20,0x69,0xe0,0x68,0x62,0x71,
0xa3,0x81,0x62,0x79,0x00,0x18,0xa2,0x28,0x00,0x00,0x00,0x00,0x00,0x00,0x00,0x00,
0x00,0x00,0x00,0x00,0x00,0x00,0x00,0x00,0x00,0x00,0x00,0x00,0x00,0x00,0x00,0x00,
0x00,0x00,0x00,0x00,0x00,0x00,0x00,0x00,0x00,0x00,0x00,0x00,0x00,0x00,0x00,0x00,
0x00,0x00,0x00,0x00,0x00,0x00,0x00,0x00,0x82,0x28,0x00,0x20,0x00,0x18,0x22,0x49,
0xe0,0x99,0x20,0xaa,0x82,0xb2,0xe0,0xa1,0xe0,0xa1,0x61,0xba,0x00,0xa2,0x81,0xb2,
0x40,0xaa,0x40,0xb2,0x21,0xa2,0xc0,0xa1,0xe0,0x99,0x20,0xaa,0x80,0x89,0xc1,0x91,
0x81,0x81,0x60,0x81,0x40,0x71,0x60,0x81,0x41,0x69,0x00,0x71,0x44,0x49,0x00,0x20,
0x41,0x10,0x20,0x18,0x00,0x00,0x00,0x00,0x00,0x00,0x00,0x00,0x00,0x00,0x00,0x00,
0x00,0x00,0x00,0x00,0x00,0x00,0x00,0x00,0x00,0x00,0x00,0x00,0x00,0x00,0x00,0x00,
0x00,0x00,0x00,0x00,0x00,0x00,0x00,0x00,0x00,0x00,0x00,0x00,0x00,0x00,0x00,0x00,
0x00,0x00,0x00,0x00,0x00,0x00,0x00,0x00,0x00,0x00,0x00,0x00,0xc1,0x48,0x81,0x38,
0x00,0x20,0xa1,0x28,0xc0,0x48,0x01,0x41,0xc0,0x58,0xe2,0x79,0xe0,0x99,0xe0,0x91,
0x00,0xa2,0xe0,0x99,0x00,0xa2,0x00,0xa2,0xa0,0x89,0x80,0x79,0x80,0x89,0xa0,0x89,
0x41,0x69,0xe0,0x58,0x60,0x30,0x80,0x30,0xa1,0x30,0x00,0x18,0x60,0x28,0x80,0x20,
0x00,0x00,0x00,0x00,0x00,0x00,0x00,0x00,0x00,0x00,0x00,0x00,0x00,0x00,0x00,0x00,
0x00,0x00,0x00,0x00,0x00,0x00,0x00,0x00,0x00,0x00,0x00,0x00,0x00,0x00,0x00,0x00,
0x00,0x00,0x00,0x00,0x00,0x00,0x00,0x00,0x00,0x00,0x00,0x00,0x00,0x00,0x00,0x00,
0x00,0x00,0x00,0x00,0x00,0x00,0x00,0x00,0x00,0x00,0x00,0x00,0x00,0x00,0x00,0x00,
0x00,0x00,0x41,0x10,0x00,0x08,0x00,0x08,0x00,0x10,0x82,0x28,0xc0,0x91,0xc0,0x99,
0xa0,0x89,0xa0,0x91,0xa1,0x89,0x60,0x89,0x60,0x79,0x60,0x81,0x60,0x71,0x40,0x79,
0x43,0x49,0x00,0x20,0x00,0x00,0x00,0x08,0x00,0x00,0x81,0x18,0x00,0x00,0x00,0x00,
0x00,0x00,0x00,0x00,0x00,0x00,0x00,0x00,0x00,0x00,0x00,0x00,0x00,0x00,0x00,0x00,
0x00,0x00,0x00,0x00,0x00,0x00,0x00,0x00,0x00,0x00,0x00,0x00,0x00,0x00,0x00,0x00,
0x00,0x00,0x00,0x00,0x00,0x00,0x00,0x00,0x00,0x00,0x00,0x00,0x00,0x00,0x00,0x00,
0x00,0x00,0x00,0x00,0x00,0x00,0x00,0x00,0x00,0x00,0x00,0x00,0x00,0x00,0x00,0x00,
0x00,0x00,0x00,0x00,0x00,0x00,0x00,0x00,0x00,0x08,0x20,0x00,0x00,0x08,0x20,0x08,
0x00,0x08,0x20,0x00,0x00,0x08,0x20,0x00,0x00,0x08,0x00,0x00,0x00,0x08,0x20,0x00,
0x00,0x10,0x20,0x08,0x00,0x00,0x00,0x00,0x00,0x00,0x00,0x00,0x00,0x00,0x00,0x00,
0x00,0x00,0x00,0x00,0x00,0x00,0x00,0x00,0x00,0x00,0x00,0x00,0x00,0x00,0x00,0x00,
0x00,0x00,0x00,0x00,0x00,0x00,0x00,0x00,0x00,0x00,0x00,0x00,0x00,0x00,0x00,0x00,
0x00,0x00,0x00,0x00,0x00,0x00,0x00,0x00,0x00,0x00,0x00,0x00,0x00,0x00,0x00,0x00,
0x00,0x00,0x00,0x00,0x00,0x00,0x00,0x00,0x00,0x00,0x00,0x00,0x00,0x00,0x00,0x00,
0x00,0x00,0x00,0x00,0x00,0x00,0x00,0x00,0x00,0x00,0x00,0x00,0x00,0x00,0x00,0x00,
0x00,0x00,0x00,0x00,0x00,0x00,0x00,0x00,0x00,0x00,0x00,0x00,0x00,0x00,0x00,0x00,
0x00,0x00,0x00,0x00,0x00,0x00,0x00,0x00,0x00,0x00,0x00,0x00,0x00,0x00,0x00,0x00,
0x00,0x00,0x00,0x00,0x00,0x00,0x00,0x00,0x00,0x00,0x00,0x00,0x00,0x00,0x00,0x00,
0x00,0x00,0x00,0x00,0x00,0x00,0x00,0x00,0x00,0x00,0x00,0x00,0x00,0x00,0x00,0x00,
0x00,0x00,0x00,0x00,0x00,0x00,0x00,0x00,0x00,0x00,0x00,0x00,0x00,0x00,0x00,0x00,
0x00,0x00,0x00,0x00,0x00,0x00,0x00,0x00,0x00,0x00,0x00,0x00,0x00,0x00,0x00,0x00,
0x00,0x00,0x00,0x00,0x00,0x00,0x00,0x00,0x00,0x00,0x00,0x00,0x00,0x00,0x00,0x00,
0x00,0x00,0x00,0x00,0x00,0x00,0x00,0x00,0x00,0x00,0x00,0x00,0x00,0x00,0x00,0x00,
0x00,0x00,0x00,0x00,0x00,0x00,0x00,0x00,0x00,0x00,0x00,0x00,0x00,0x00,0x00,0x00,
0x00,0x00,0x00,0x00,0x00,0x00,0x00,0x00,0x00,0x00,0x00,0x00,0x00,0x00,0x00,0x00,
0x00,0x00,0x00,0x00,0x00,0x00,0x00,0x00,0x00,0x00,0x00,0x00,0x00,0x00,0x00,0x00,
0x00,0x00,0x00,0x00,0x00,0x00,0x00,0x00,0x00,0x00,0x00,0x00,0x00,0x00,0x00,0x00,
0x00,0x00,0x00,0x00,0x00,0x00,0x00,0x00,0x00,0x00,0x00,0x00,0x00,0x00,0x00,0x00,
0x00,0x00,0x00,0x00,0x00,0x00,0x00,0x00,0x00,0x00,0x00,0x00,0x00,0x00,0x00,0x00,
0x00,0x00,0x00,0x00,0x00,0x00,0x00,0x00,0x00,0x00,0x00,0x00,0x00,0x00,0x00,0x00,
0x00,0x00,0x00,0x00,0x00,0x00,0x00,0x00,0x00,0x00,0x00,0x00,0x00,0x00,0x00,0x00,
0x00,0x00,0x00,0x00,0x00,0x00,0x00,0x00,0x00,0x00,0x00,0x00,0x00,0x00,0x00,0x00,
0x00,0x00,0x00,0x00,0x00,0x00,0x00,0x00,0x00,0x00,0x00,0x00,0x00,0x00,0x00,0x00,
0x00,0x00,0x00,0x00,0x00,0x00,0x00,0x00,0x00,0x00,0x00,0x00,0x00,0x00,0x00,0x00,
0x00,0x00,0x00,0x00,0x00,0x00,0x00,0x00,0x00,0x00,0x00,0x00,0x00,0x00,0x00,0x00,
0x00,0x00,0x00,0x00,0x00,0x00,0x00,0x00,0x00,0x00,0x00,0x00,0x00,0x00,0x00,0x00,
0x00,0x00,0x00,0x00,0x00,0x00,0x00,0x00,0x00,0x00,0x00,0x00,0x00,0x00,0x00,0x00,
0x00,0x00,0x00,0x00,0x00,0x00,0x00,0x00,0x00,0x00,0x00,0x00,0x00,0x00,0x00,0x00,
0x00,0x00,0x00,0x00,0x00,0x00,0x00,0x00,0x00,0x00,0x00,0x00,0x00,0x00,0x00,0x00,
0x00,0x00,0x00,0x00,0x00,0x00,0x00,0x00,0x00,0x00,0x00,0x00,0x00,0x00,0x00,0x00,
0x00,0x00,0x00,0x00,0x00,0x00,0x00,0x00,0x00,0x00,0x00,0x00,0x00,0x00,0x00,0x00,
0x00,0x00,0x00,0x00,0x00,0x00,0x00,0x00,0x00,0x00,0x00,0x00,0x00,0x00,0x00,0x00,
0x00,0x00,0x00,0x00,0x00,0x00,0x00,0x00,0x00,0x00,0x00,0x00,0x00,0x00,0x00,0x00,
0x00,0x00,0x00,0x00,0x00,0x00,0x00,0x00,0x00,0x00,0x00,0x00,0x00,0x00,0x00,0x00,
0x00,0x00,0x00,0x00,0x00,0x00,0x00,0x00,0x00,0x00,0x00,0x00,0x00,0x00,0x00,0x00,
0x00,0x00,0xd5,0xe8,0xec,0x06,0x00,0x00,0x00,0x00,0x00,0x00,0x00,0x00,0x00,0x00,
0x00,0x00,0x00,0x00,0x00,0x00,0x00,0x00,0x00,0x00,0x00,0x00,0x00,0x00,0x00,0x00,
0x00,0x00,0x00,0x00,0x00,0x00,0x00,0x00,0x00,0x00,0x00,0x00,0x00,0x00,0x00,0x00,
0x00,0x00,0x00,0x00,0x00,0x00,0x00,0x00,0x00,0xf8,0xfd,0xfd,0xfd,0xfd,0x08,0x00,
0x00,0x00,0x00,0x00,0x00,0x00,0x00,0x00,0x00,0x00,0x00,0x00,0x00,0x00,0x00,0x00,
0x00,0x00,0x00,0x00,0x00,0x00,0x00,0x00,0x00,0x00,0x00,0x00,0x00,0x00,0x00,0x00,
0x00,0x00,0x00,0x00,0x00,0x00,0x00,0x00,0x00,0x00,0x00,0x00,0x00,0x00,0x00,0x08,
0xb6,0xfc,0xfe,0xfe,0xfe,0xfe,0xf4,0x34,0x00,0x00,0x00,0x00,0x00,0x00,0x00,0x00,
0x00,0x00,0x00,0x00,0x00,0x00,0x00,0x00,0x00,0x00,0x00,0x00,0x00,0x00,0x00,0x00,
0x00,0x00,0x00,0x00,0x00,0x00,0x00,0x00,0x00,0x00,0x00,0x00,0x00,0x00,0x00,0x00,
0x00,0x00,0x00,0x00,0x00,0x00,0x01,0x8e,0xfd,0xfd,0xfe,0xfe,0xfe,0xfe,0xfb,0xf6,
0x02,0x00,0x00,0x00,0x00,0x00,0x00,0x00,0x00,0x00,0x00,0x00,0x00,0x00,0x00,0x00,
0x00,0x00,0x00,0x00,0x00,0x00,0x00,0x00,0x00,0x00,0x00,0x00,0x00,0x00,0x00,0x00,
0x00,0x00,0x00,0x00,0x00,0x00,0x00,0x00,0x00,0x00,0x00,0x00,0x00,0x00,0xd3,0xfc,
0xfe,0xfe,0xfe,0xfe,0xfe,0xfe,0xfe,0xfd,0xf9,0x02,0x00,0x00,0x00,0x00,0x00,0x00,
0x00,0x00,0x00,0x00,0x00,0x00,0x00,0x00,0x00,0x00,0x00,0x00,0x00,0x00,0x00,0x00,
0x00,0x00,0x00,0x00,0x00,0x00,0x00,0x00,0x00,0x00,0x00,0x00,0x00,0x00,0x00,0x00,
0x00,0x00,0x00,0x00,0x00,0x33,0xfd,0xfe,0xfe,0xfe,0xfe,0xfe,0xfe,0xfe,0xfe,0xfe,
0xfd,0xa1,0x00,0x00,0x00,0x00,0x00,0x00,0x00,0x00,0x00,0x00,0x00,0x00,0x00,0x00,
0x00,0x00,0x00,0x00,0x00,0x00,0x00,0x00,0x00,0x00,0x00,0x00,0x00,0x00,0x00,0x00,
0x00,0x00,0x00,0x00,0x00,0x00,0x00,0x00,0x00,0x00,0x00,0x00,0xd4,0xfc,0xfe,0xfe,
0xfe,0xfe,0xff,0xff,0xfe,0xfe,0xfe,0xfe,0xfe,0xfd,0xf8,0x00,0x00,0x00,0x00,0x00,
0x00,0x00,0x00,0x00,0x00,0x00,0x00,0x00,0x00,0x00,0x00,0x00,0x00,0x00,0x00,0x00,
0x00,0x00,0x00,0x00,0x00,0x00,0x00,0x00,0x00,0x00,0x00,0x00,0x00,0x00,0x00,0x00,
0x00,0x00,0x00,0xcc,0xfd,0xfd,0xfe,0xfe,0xfe,0xfe,0xfe,0xff,0xff,0xfe,0xfe,0xfe,
0xfe,0xfd,0xfc,0xea,0x00,0x00,0x00,0x00,0x00,0x00,0x00,0x00,0x00,0x00,0x00,0x00,
0x00,0x00,0x00,0x00,0x00,0x00,0x00,0x00,0x00,0x00,0x00,0x00,0x00,0x00,0x00,0x00,
0x00,0x00,0x00,0x00,0x00,0x00,0x00,0x00,0x00,0x00,0x00,0xfb,0xfe,0xfe,0xfe,0xfe,
0xfe,0xfe,0xfe,0xfe,0xfe,0xfe,0xfe,0xfe,0xfe,0xfe,0xfd,0xfa,0x00,0x01,0x00,0x00,
0x00,0x00,0x00,0x00,0x00,0x00,0x00,0x00,0x00,0x00,0x00,0x00,0x00,0x00,0x00,0x00,
0x00,0x00,0x00,0x00,0x00,0x00,0x00,0x00,0x00,0x00,0x00,0x00,0x00,0x00,0x00,0x00,
0x00,0x00,0x01,0xfc,0xfe,0xfd,0xfe,0xfe,0xfe,0xfe,0xfe,0xfe,0xfe,0xfe,0xfe,0xfe,
0xfe,0xfe,0xfd,0xf8,0x04,0xdb,0x00,0x00,0x00,0x00,0x00,0x00,0x00,0x00,0x00,0x00,
0x00,0x00,0x00,0x00,0x00,0x00,0x00,0x00,0x00,0x00,0x00,0x00,0x00,0x00,0x00,0x00,
0x00,0x00,0x00,0x01,0xdf,0xfa,0xfb,0x02,0x01,0x73,0x52,0x01,0xfa,0xfc,0xfc,0xfd,
0xfd,0xfe,0xfe,0xfe,0xfe,0xfe,0xfe,0xfd,0xfd,0xfc,0xf9,0x00,0xfa,0xfa,0x02,0x01,
0x04,0x64,0xfb,0xff,0x00,0x00,0x00,0x00,0x00,0x00,0x00,0x00,0x00,0x00,0x00,0x00,
0x00,0x00,0x00,0x00,0x00,0x00,0x00,0x00,0x00,0x00,0x00,0x49,0xfd,0xfd,0xfc,0xee,
0x72,0xfd,0xfe,0x00,0x00,0xef,0xf8,0xfc,0xfd,0xfe,0xfe,0xfe,0xff,0xff,0xfe,0xfd,
0xfb,0xf7,0x04,0x02,0xfc,0xfd,0xfc,0x0d,0xf7,0xfc,0xfd,0xfd,0x61,0x00,0x00,0x00,
0x00,0x00,0x00,0x00,0x00,0x00,0x00,0x00,0x00,0x00,0x00,0x00,0x00,0x00,0x00,0x00,
0x00,0x00,0x00,0x3c,0xfd,0xfe,0xfe,0xfd,0xfd,0xfe,0xfe,0x00,0x01,0x02,0x0a,0x57,
0xfe,0xfe,0xfe,0xfe,0xfe,0xfe,0xfd,0xee,0x02,0x02,0x02,0xfd,0xfd,0xfe,0xfd,0xfe,
0xfe,0xfe,0xfd,0xfc,0x62,0x00,0x00,0x00,0x00,0x00,0x00,0x00,0x00,0x00,0x00,0x00,
0x00,0x00,0x00,0x00,0x00,0x00,0x00,0x00,0x00,0x00,0x00,0x2a,0xfc,0xfe,0xfe,0xfe,
0xfe,0xfe,0xfd,0xfc,0x05,0xb8,0xb2,0xf8,0xfe,0xfe,0xfe,0xfe,0xfe,0xfe,0xfd,0xfc,
0xfa,0x06,0xfc,0xfe,0xfe,0xfe,0xfe,0xfe,0xfe,0xfe,0xfd,0xfc,0x58,0x00,0x00,0x00,
0x00,0x00,0x00,0x00,0x00,0x00,0x00,0x00,0x00,0x00,0x00,0x00,0x00,0x00,0x00,0x00,
0x00,0x00,0x00,0x03,0xff,0xff,0xfe,0xfe,0xfe,0xfe,0xfe,0xfe,0xfd,0xfa,0xf5,0xfd,
0xfe,0xfe,0xfe,0xfe,0xfe,0xfe,0xfe,0xfd,0xfd,0xfd,0xfe,0xfe,0xfe,0xfe,0xfe,0xfe,
0xfe,0xfe,0xfd,0xf6,0x01,0x00,0x00,0x00,0x00,0x00,0x00,0x00,0x00,0x00,0x00,0x00,
0x00,0x00,0x00,0x00,0x00,0x00,0x00,0x00,0x00,0x02,0x10,0xfd,0xfe,0xfe,0xfe,0xfe,
0xfe,0xfe,0xff,0xff,0xfe,0xfe,0xfe,0xfe,0xfe,0xfe,0xfe,0xff,0xfe,0xfe,0xfe,0xfe,
0xfe,0xfe,0xfe,0xfe,0xfe,0xfe,0xfe,0xfe,0xfe,0xfe,0xfe,0x86,0x09,0x00,0x00,0x00,
0x00,0x00,0x00,0x00,0x00,0x00,0x00,0x00,0x00,0x00,0x00,0x00,0x00,0x00,0x00,0x00,
0x00,0x21,0xfd,0xfd,0xfe,0xfe,0xfe,0xfe,0xfe,0xff,0xff,0xff,0xff,0xfe,0xfe,0xfe,
0xff,0xfe,0xff,0xfe,0xfe,0xfe,0xff,0xff,0xff,0xfe,0xfe,0xfe,0xfe,0xfe,0xfe,0xfe,
0xfe,0xfe,0xfe,0xfd,0xfd,0x05,0x00,0x00,0x00,0x00,0x00,0x00,0x00,0x00,0x00,0x00,
0x00,0x00,0x00,0x00,0x00,0x00,0x00,0x00,0x01,0xfe,0xfc,0xfe,0xfe,0xfe,0xfe,0xfe,
0xfe,0xfe,0xfe,0xff,0xff,0xfe,0xfe,0xfe,0xff,0xff,0xff,0xfe,0xff,0xfe,0xff,0xff,
0xff,0xfe,0xfe,0xfe,0xfe,0xfe,0xfe,0xfe,0xfe,0xfe,0xfe,0xfe,0xfd,0xf8,0x01,0x00,
0x00,0x00,0x00,0x00,0x00,0x00,0x00,0x00,0x00,0x00,0x00,0x00,0x00,0x00,0x00,0x00,
0x01,0x12,0xfb,0xfe,0xfe,0xfe,0xfe,0xff,0xff,0xfe,0xfe,0xfe,0xfe,0xfe,0xfe,0xfe,
0xff,0xfe,0xfe,0xfe,0xff,0xfe,0xff,0xfe,0xfe,0xfe,0xfe,0xfe,0xfe,0xfe,0xfe,0xfe,
0xfe,0xfe,0xfe,0xfe,0xfc,0x0a,0x01,0x00,0x00,0x00,0x00,0x00,0x00,0x00,0x00,0x00,
0x00,0x00,0x00,0x00,0x00,0x00,0x00,0x00,0x00,0x02,0xec,0xfd,0xfe,0xfe,0xfe,0xff,
0xff,0xff,0xfe,0xfe,0xfe,0xfe,0xfe,0xfe,0xff,0xff,0xff,0xff,0xff,0xfe,0xff,0xfe,
0xff,0xfe,0xff,0xff,0xfe,0xfe,0xff,0xfe,0xfe,0xfe,0xfe,0xfb,0xd7,0x01,0x00,0x00,
0x00,0x00,0x00,0x00,0x00,0x00,0x00,0x00,0x00,0x00,0x00,0x00,0x00,0x00,0x00,0x00,
0x00,0xf5,0xfb,0xfd,0xfe,0xfe,0xfe,0xfe,0xfe,0xfe,0xfe,0xfe,0xfe,0xfe,0xfe,0xfe,
0xff,0xff,0xff,0xfe,0xff,0xff,0xff,0xff,0xff,0xff,0xfe,0xff,0xfe,0xfe,0xfe,0xfe,
0xfe,0xfe,0xfe,0xfc,0xfa,0xfa,0x00,0x00,0x00,0x00,0x00,0x00,0x00,0x00,0x00,0x00,
0x00,0x00,0x00,0x00,0x00,0x00,0x00,0x00,0x9f,0xfd,0xfe,0xfe,0xfe,0xfe,0xfe,0xfe,
0xfe,0xfe,0xfe,0xfe,0xff,0xff,0xfe,0xff,0xff,0xff,0xff,0xfe,0xff,0xff,0xff,0xfe,
0xff,0xfe,0xfe,0xfe,0xfe,0xfe,0xfe,0xfe,0xfe,0xfe,0xfe,0xfe,0xfe,0xfb,0xb7,0x00,
0x00,0x00,0x00,0x00,0x00,0x00,0x00,0x00,0x00,0x00,0x00,0x00,0x00,0x00,0x00,0x00,
0xfa,0xfe,0xff,0xff,0xfe,0xfe,0xfe,0xfe,0xfe,0xfe,0xfe,0xfe,0xff,0xfe,0xfe,0xfe,
0xff,0xff,0xff,0xff,0xff,0xff,0xff,0xff,0xff,0xfe,0xfe,0xfe,0xfe,0xfe,0xfe,0xfe,
0xfe,0xfe,0xfe,0xfe,0xfe,0xfd,0xf0,0x00,0x00,0x00,0x00,0x00,0x00,0x00,0x00,0x00,
0x00,0x00,0x00,0x00,0x00,0x00,0x00,0x00,0xf9,0xfe,0xff,0xff,0xfe,0xfe,0xfe,0xff,
0xfe,0xfe,0xfe,0xfe,0xfe,0xfe,0xfe,0xff,0xff,0xff,0xff,0xff,0xfe,0xfe,0xfe,0xfe,
0xff,0xfe,0xfe,0xfe,0xfe,0xfe,0xfe,0xff,0xfe,0xfe,0xfe,0xfe,0xfe,0xfe,0xff,0x00,
0x00,0x00,0x00,0x00,0x00,0x00,0x00,0x00,0x00,0x00,0x00,0x00,0x00,0x00,0x00,0x00,
0xf7,0xfe,0xff,0xff,0xff,0xfe,0xff,0xff,0xff,0xff,0xfe,0xfe,0xfe,0xfe,0xfe,0xff,
0xff,0xff,0xff,0xfe,0xfe,0xfe,0xfe,0xfe,0xfe,0xff,0xfe,0xfe,0xfe,0xfe,0xff,0xff,
0xfe,0xfe,0xfe,0xfe,0xfe,0xfe,0xff,0x00,0x00,0x00,0x00,0x00,0x00,0x00,0x00,0x00,
0x00,0x00,0x00,0x00,0x00,0x00,0x00,0x00,0xf8,0xfe,0xff,0xff,0xff,0xff,0xff,0xff,
0xff,0xff,0xfe,0xfe,0xfe,0xfe,0xfe,0xfe,0xfe,0xff,0xff,0xfe,0xfe,0xfe,0xfe,0xfe,
0xfe,0xfe,0xfe,0xfe,0xfe,0xfe,0xfe,0xfe,0xfe,0xfe,0xfe,0xfe,0xfe,0xfe,0xff,0x00,
0x00,0x00,0x00,0x00,0x00,0x00,0x00,0x00,0x00,0x00,0x00,0x00,0x00,0x00,0x00,0x00,
0xf8,0xfe,0xff,0xff,0xff,0xff,0xff,0xff,0xff,0xff,0xfe,0xff,0xff,0xfe,0xfe,0xfe,
0xff,0xfe,0xff,0xff,0xff,0xfe,0xff,0xfe,0xfe,0xfe,0xfe,0xfe,0xfe,0xfe,0xfe,0xfe,
0xfe,0xfe,0xfe,0xfe,0xfe,0xfe,0xfe,0x00,0x00,0x00,0x00,0x00,0x00,0x00,0x00,0x00,
0x00,0x00,0x00,0x00,0x00,0x00,0x00,0x00,0xfa,0xff,0xff,0xff,0xff,0xff,0xff,0xff,
0xff,0xff,0xff,0xff,0xff,0xff,0xff,0xff,0xff,0xfe,0xff,0xff,0xff,0xff,0xfe,0xfe,
0xfe,0xfe,0xff,0xff,0xff,0xff,0xff,0xfe,0xfe,0xfe,0xfe,0xfe,0xfe,0xfe,0xfb,0x00,
0x00,0x00,0x00,0x00,0x00,0x00,0x00,0x00,0x00,0x00,0x00,0x00,0x00,0x00,0x00,0x00,
0xfc,0xff,0xff,0xff,0xfe,0xff,0xfe,0xff,0xff,0xff,0xff,0xff,0xff,0xff,0xff,0xff,
0xff,0xff,0xff,0xfe,0xfe,0xff,0xfe,0xfe,0xff,0xff,0xff,0xff,0xff,0xff,0xfe,0xfe,
0xfe,0xfe,0xfe,0xfe,0xfe,0xfe,0xf9,0x00,0x00,0x00,0x00,0x00,0x00,0x00,0x00,0x00,
0x00,0x00,0x00,0x00,0x00,0x00,0x00,0x00,0xfc,0xfe,0xff,0xff,0xfe,0xfe,0xfe,0xff,
0xff,0xff,0xff,0xff,0xff,0xff,0xff,0xff,0xff,0xff,0xff,0xff,0xff,0xff,0xff,0xfe,
0xff,0xff,0xff,0xff,0xfe,0xfe,0xfe,0xfe,0xfe,0xfe,0xfe,0xfe,0xfe,0xfe,0xfc,0x00,
0x00,0x00,0x00,0x00,0x00,0x00,0x00,0x00,0x00,0x00,0x00,0x00,0x00,0x00,0x00,0x00,
0xfb,0xfe,0xfe,0xfe,0xfe,0xfe,0xfe,0xff,0xff,0xff,0xff,0xff,0xff,0xff,0xff,0xff,
0xff,0xff,0xff,0xff,0xff,0xff,0xfe,0xfe,0xff,0xff,0xfe,0xfe,0xfe,0xfe,0xfe,0xfe,
0xfe,0xfe,0xff,0xfe,0xfe,0xfe,0xfb,0x00,0x00,0x00,0x00,0x00,0x00,0x00,0x00,0x00,
0x00,0x00,0x00,0x00,0x00,0x00,0x00,0x00,0xfb,0xfd,0xfe,0xfe,0xfe,0xfe,0xfe,0xff,
0xff,0xff,0xff,0xff,0xff,0xff,0xff,0xff,0xff,0xff,0xff,0xfe,0xfe,0xfe,0xfe,0xfe,
0xfe,0xfe,0xfe,0xfe,0xfe,0xfe,0xfe,0xfe,0xfe,0xfe,0xfe,0xfe,0xfe,0xfd,0xe3,0x00,
0x00,0x00,0x00,0x00,0x00,0x00,0x00,0x00,0x00,0x00,0x00,0x00,0x00,0x00,0x00,0x00,
0x00,0xfa,0xfd,0xfe,0xfe,0xfe,0xfe,0xff,0xff,0xff,0xff,0xff,0xff,0xff,0xff,0xff,
0xff,0xff,0xff,0xff,0xfe,0xfe,0xfe,0xfe,0xfe,0xfe,0xfe,0xfe,0xfe,0xfe,0xfe,0xfe,
0xfe,0xfe,0xfe,0xfe,0xfe,0xff,0x00,0x00,0x00,0x00,0x00,0x00,0x00,0x00,0x00,0x00,
0x00,0x00,0x00,0x00,0x00,0x00,0x00,0x00,0x00,0xc0,0xfd,0xfe,0xfe,0xfe,0xfe,0xfe,
0xff,0xff,0xff,0xff,0xfe,0xfe,0xfe,0xff,0xff,0xff,0xff,0xff,0xff,0xfe,0xff,0xfe,
0xfe,0xfe,0xfe,0xfe,0xfe,0xfe,0xfe,0xfe,0xfe,0xfe,0xfe,0xfd,0xfd,0x00,0x00,0x00,
0x00,0x00,0x00,0x00,0x00,0x00,0x00,0x00,0x00,0x00,0x00,0x00,0x00,0x00,0x00,0x00,
0x00,0xcc,0xfe,0xfe,0xfe,0xfe,0xfe,0xfe,0xfe,0xff,0xff,0xff,0xfe,0xfe,0xfe,0xfe,
0xff,0xfe,0xfe,0xff,0xff,0xfe,0xfe,0xfe,0xfe,0xfe,0xfe,0xfe,0xfe,0xfe,0xfe,0xfe,
0xfe,0xfe,0xfd,0xfd,0xfc,0x00,0x00,0x00,0x00,0x00,0x00,0x00,0x00,0x00,0x00,0x00,
0x00,0x00,0x00,0x00,0x00,0x00,0x00,0x00,0x00,0xca,0xfd,0xfe,0xfe,0xfe,0xfe,0xfe,
0xfe,0xff,0xff,0xfe,0xfe,0xfe,0xfe,0xfe,0xfe,0xfe,0xfe,0xff,0xff,0xfe,0xfe,0xfe,
0xfe,0xfe,0xfe,0xfe,0xfe,0xfe,0xfe,0xfe,0xfe,0xfe,0xfe,0xfd,0xfc,0x00,0x00,0x00,
0x00,0x00,0x00,0x00,0x00,0x00,0x00,0x00,0x00,0x00,0x00,0x00,0x00,0x00,0x00,0x00,
0x00,0xf3,0xfc,0xfe,0xfe,0xfe,0xfe,0xff,0xff,0xff,0xfe,0xfe,0xfe,0xfe,0xfe,0xfe,
0xfe,0xfe,0xfe,0xff,0xff,0xfe,0xfe,0xfe,0xfe,0xfe,0xfe,0xfe,0xfe,0xfe,0xfe,0xfe,
0xfe,0xfe,0xfe,0xfe,0xfc,0xf3,0x01,0x00,0x00,0x00,0x00,0x00,0x00,0x00,0x00,0x00,
0x00,0x00,0x00,0x00,0x00,0x00,0x00,0x00,0x00,0xfc,0xfd,0xfe,0xfe,0xff,0xfe,0xfe,
0xfe,0xfe,0xfe,0xfe,0xfe,0xfe,0xfe,0xfe,0xfe,0xfe,0xfe,0xfe,0xfe,0xfe,0xfe,0xfe,
0xfe,0xfe,0xfe,0xfe,0xfe,0xfe,0xfe,0xfe,0xfe,0xfe,0xfe,0xfe,0xfd,0xfb,0x01,0x00,
0x00,0x00,0x00,0x00,0x00,0x00,0x00,0x00,0x00,0x00,0x00,0x00,0x00,0x00,0x00,0x00,
0x00,0xfe,0xfe,0xfe,0xfe,0xfe,0xfe,0xfe,0xff,0xfe,0xfe,0xfe,0xfe,0xfe,0xfe,0xfe,
0xfe,0xfe,0xfe,0xff,0xfe,0xfe,0xfe,0xfe,0xfe,0xfe,0xfe,0xfe,0xfe,0xfe,0xfe,0xfe,
0xfe,0xfe,0xfe,0xfe,0xfe,0xfd,0x00,0x00,0x00,0x00,0x00,0x00,0x00,0x00,0x00,0x00,
0x00,0x00,0x00,0x00,0x00,0x00,0x00,0x00,0x00,0xfe,0xfe,0xfe,0xfe,0xfe,0xfe,0xfe,
0xfe,0xfe,0xfe,0xfe,0xfe,0xfe,0xfe,0xfe,0xfe,0xfe,0xfe,0xff,0xff,0xfe,0xfe,0xfe,
0xfe,0xfe,0xfe,0xfe,0xfe,0xfe,0xfe,0xfe,0xfe,0xfe,0xfe,0xfe,0xfe,0xfd,0x01,0x00,
0x00,0x00,0x00,0x00,0x00,0x00,0x00,0x00,0x00,0x00,0x00,0x00,0x00,0x00,0x00,0x00,
0x00,0xfe,0xfe,0xfe,0xfe,0xfe,0xfe,0xfe,0xfe,0xff,0xfe,0xfe,0xfe,0xfe,0xfe,0xfe,
0xfe,0xfe,0xfe,0xfe,0xfe,0xfe,0xfe,0xfe,0xfe,0xfe,0xfe,0xfe,0xfe,0xfe,0xfe,0xfe,
0xff,0xff,0xfe,0xfe,0xfe,0xfd,0x00,0x00,0x00,0x00,0x00,0x00,0x00,0x00,0x00,0x00,
0x00,0x00,0x00,0x00,0x00,0x00,0x00,0x00,0x00,0xfe,0xfe,0xfe,0xfe,0xfe,0xfe,0xfe,
0xfe,0xfe,0xfe,0xfe,0xfe,0xfe,0xfe,0xfe,0xfe,0xfe,0xfe,0xfe,0xfe,0xfe,0xfe,0xfe,
0xfe,0xfe,0xfe,0xfe,0xfe,0xfe,0xfe,0xfe,0xfe,0xfe,0xfe,0xfe,0xfe,0xfd,0x00,0x00,
0x00,0x00,0x00,0x00,0x00,0x00,0x00,0x00,0x00,0x00,0x00,0x00,0x00,0x00,0x00,0x00,
0x00,0x07,0xfe,0xfe,0xfe,0xff,0xff,0xfe,0xfe,0xfe,0xfe,0xfe,0xfe,0xfe,0xfe,0xfe,
0xfe,0xfe,0xfe,0xfe,0xfe,0xfe,0xfe,0xfe,0xff,0xff,0xff,0xff,0xff,0xfe,0xfe,0xfe,
0xfe,0xfe,0xfe,0xfe,0xfd,0x04,0x00,0x00,0x00,0x00,0x00,0x00,0x00,0x00,0x00,0x00,
0x00,0x00,0x00,0x00,0x00,0x00,0x00,0x00,0x00,0x04,0xdd,0xfe,0xfe,0xff,0xff,0xfe,
0xfe,0xfe,0xfe,0xfe,0xfe,0xfe,0xfe,0xfe,0xfe,0xfe,0xfe,0xfe,0xfe,0xfe,0xfe,0xfe,
0xff,0xfe,0xfe,0xfe,0xfe,0xff,0xfe,0xfe,0xfe,0xfe,0xfe,0xfe,0x9a,0x00,0x00,0x00,
0x00,0x00,0x00,0x00,0x00,0x00,0x00,0x00,0x00,0x00,0x00,0x00,0x00,0x00,0x00,0x00,
0x00,0x00,0x00,0xf4,0xfd,0xfe,0xfe,0xfe,0xfe,0xfe,0xfe,0xfe,0xfe,0xfe,0xfe,0xfe,
0xfe,0xff,0xfe,0xfe,0xfe,0xfe,0xfe,0xfe,0xfe,0xfe,0xfe,0xfe,0xfe,0xfe,0xfe,0xfe,
0xfe,0xfe,0xfd,0xb7,0x00,0x00,0x00,0x00,0x00,0x00,0x00,0x00,0x00,0x00,0x00,0x00,
0x00,0x00,0x00,0x00,0x00,0x00,0x00,0x00,0x00,0x00,0x00,0x01,0xfc,0xfe,0xfe,0xfe,
0xfe,0xfe,0xfe,0xfe,0xfe,0xfe,0xfe,0xfe,0xfe,0xfe,0xfe,0xfe,0xfe,0xfe,0xfe,0xfe,
0xfe,0xfe,0xfe,0xfe,0xfe,0xfe,0xfe,0xfe,0xfe,0xfd,0xf6,0x03,0x00,0x00,0x00,0x00,
0x00,0x00,0x00,0x00,0x00,0x00,0x00,0x00,0x00,0x00,0x00,0x00,0x00,0x00,0x00,0x00,
0x00,0x00,0x00,0x00,0x03,0x8b,0xdd,0xfd,0xfe,0xfe,0xfe,0xfe,0xfe,0xfe,0xfe,0xff,
0xfe,0xfe,0xfe,0xfe,0xfe,0xfe,0xfe,0xfe,0xfe,0xfe,0xfe,0xfe,0xfe,0xfe,0xfd,0xf8,
0xa6,0x43,0x00,0x00,0x00,0x00,0x00,0x00,0x00,0x00,0x00,0x00,0x00,0x00,0x00,0x00,
0x00,0x00,0x00,0x00,0x00,0x00,0x00,0x00,0x00,0x00,0x00,0x00,0x01,0x01,0x02,0x56,
0xf9,0xfc,0xfe,0xfe,0xfe,0xfe,0xfe,0xfe,0xfe,0xfe,0xfe,0xfe,0xfe,0xfe,0xfe,0xfe,
0xfe,0xfe,0xfe,0xfe,0xfe,0xfb,0x6d,0x26,0x00,0x00,0x00,0x00,0x00,0x00,0x00,0x00,
0x00,0x00,0x00,0x00,0x00,0x00,0x00,0x00,0x00,0x00,0x00,0x00,0x00,0x00,0x00,0x00,
0x00,0x00,0x00,0x00,0x00,0x00,0x00,0x00,0x00,0x44,0xd9,0xd2,0xcd,0xf8,0xfd,0xfe,
0xfd,0xfd,0xfe,0xfe,0xfd,0xfe,0xfe,0xfe,0xfc,0xe3,0xe4,0xd9,0xdd,0x1f,0x00,0x00,
0x00,0x00,0x00,0x00,0x00,0x00,0x00,0x00,0x00,0x00,0x00,0x00,0x00,0x00,0x00,0x00,
0x00,0x00,0x00,0x00,0x00,0x00,0x00,0x00,0x00,0x00,0x00,0x00,0x00,0x00,0x00,0x00,
0x00,0x00,0x00,0x01,0x01,0xa6,0xf2,0xeb,0xe5,0xe5,0xee,0xec,0xe4,0xe8,0xed,0xec,
0xd6,0xa6,0x00,0x00,0x00,0x00,0x00,0x00,0x00,0x00,0x00,0x00,0x00,0x00,0x00,0x00,
0x00,0x00,0x00,0x00,0x00,0x00,0x00,0x00,0x00,0x00,0x00,0x00,0x00,0x00,0x00,0x00,
0x00,0x00,0x00,0x00,0x00,0x00,0x00,0x00,0x00,0x00,0x00,0x00,0x00,0x00,0x00,0x00,
0x00,0x00,0x00,0x00,0x00,0x00,0x00,0x00,0x00,0x00,0x00,0x00,0x00,0x00,0x00,0x00,
0x00,0x00,0x00,0x00,0x00,0x00,0x00,0x00,0x00,0x00,0x00,0x00,0x00,0x00,0x00,0x00,
0x00,0x00,0x00,0x00,0x00,0x00,0x00,0x00,0x00,0x00,0x00,0x00,0x00,0x00,0x00,0x00,
0x00,0x00,0x00,0x00,0x00,0x00,0x00,0x00,0x00,0x00,0x00,0x00,0x00,0x00,0x00,0x00,
0x00,0x00,0x00,0x00,0x00,0x00,0x00,0x00,0x00,0x00,0x00,0x00,0x00,0x00,0x00,0x00,
0x00,0x00,0x00,0x00,0x00,0x00,0x00,0x00,0x00,0x00,0x00,0x00,0x00,0x00,0x00,0x00,
0x00,0x00,0x00,0x00,0x00,0x00,0x00,0x00,0x00,0x00,0x00,0x00,0x00,0x00,0x00,0x00,
0x00,0x00,0x00,0x00,0x00,0x00,0x00,0x00,0x00,0x00,0x00,0x00,0x00,0x00,0x00,0x00,
0x00,0x00,0x00,0x00,0x00,0x00,0x00,0x00,0x00,0x00,0x00,0x00,0x00,0x00,0x00,0x00,

};
static const lv_image_dsc_t s_dish_forest_cake = {
    .header.magic = LV_IMAGE_HEADER_MAGIC,
    .header.cf = LV_COLOR_FORMAT_RGB565A8,
    .header.flags = 0,
    .header.w = 56,
    .header.h = 56,
    .header.stride = 112,
    .data_size = sizeof(s_dish_forest_cake_map),
    .data = s_dish_forest_cake_map,
};

const lv_image_dsc_t *const visual_dishes[5] = {
    &s_dish_hot_bread, &s_dish_carrot_stew, &s_dish_strawberry_jam,
    &s_dish_herb_tea, &s_dish_forest_cake,
};
