#include "visual_assets.h"

#ifndef LV_ATTRIBUTE_MEM_ALIGN
#define LV_ATTRIBUTE_MEM_ALIGN
#endif

static const LV_ATTRIBUTE_MEM_ALIGN LV_ATTRIBUTE_LARGE_CONST uint8_t s_farm_wheat_0_map[] = {
0x00,0x00,0x00,0x00,0x00,0x00,0x00,0x00,0x00,0x00,0x00,0x00,0x00,0x00,0xff,0xff,
0xff,0xff,0xff,0xff,0xff,0xff,0x9e,0xf7,0x9d,0xf7,0x9e,0xf7,0x7d,0xf7,0x9e,0xf7,
0xdf,0xff,0xff,0xff,0xff,0xff,0xff,0xff,0xff,0xff,0xff,0xff,0x9d,0xf7,0x9e,0xf7,
0x9e,0xf7,0x9e,0xf7,0x9e,0xf7,0xbe,0xf7,0xff,0xff,0xff,0xff,0xff,0xff,0xff,0xff,
0xff,0xff,0xff,0xff,0x9e,0xf7,0xbe,0xf7,0x9d,0xf7,0x9e,0xf7,0x9e,0xf7,0xdf,0xf7,
0xff,0xff,0xff,0xff,0xff,0xff,0xff,0xff,0xff,0xff,0x9e,0xf7,0x9e,0xf7,0x9e,0xf7,
0x9e,0xf7,0x00,0x00,0x00,0x00,0x00,0x00,0x00,0x00,0x00,0x00,0x00,0x00,0x00,0x00,
0x00,0x00,0x00,0x00,0x00,0x00,0x00,0x00,0x00,0x00,0x00,0x00,0x00,0x00,0x9e,0xf7,
0x9e,0xf7,0x7e,0xf7,0x9e,0xef,0xff,0xff,0xff,0xff,0xdf,0xff,0xff,0xff,0xdf,0xff,
0x9e,0xef,0x7e,0xf7,0x9e,0xef,0x7e,0xf7,0x9e,0xf7,0x7e,0xf7,0xff,0xff,0xff,0xff,
0xff,0xff,0xff,0xff,0xff,0xff,0xff,0xff,0x9e,0xef,0x7e,0xf7,0x9e,0xef,0x7e,0xf7,
0x9e,0xef,0x7e,0xf7,0xff,0xff,0xff,0xff,0xff,0xff,0xdf,0xff,0xff,0xff,0xbe,0xff,
0x9e,0xef,0x7e,0xf7,0x9e,0xef,0x7e,0xf7,0x9e,0xef,0xdf,0xff,0xff,0xff,0xdf,0xff,
0xff,0xff,0x00,0x00,0x00,0x00,0x00,0x00,0x00,0x00,0x00,0x00,0x00,0x00,0x00,0x00,
0x00,0x00,0x00,0x00,0x00,0x00,0x00,0x00,0x00,0x00,0x00,0x00,0x00,0x00,0xbe,0xf7,
0x9e,0xf7,0x9e,0xf7,0x9d,0xf7,0xff,0xff,0xff,0xff,0xff,0xff,0xff,0xff,0xff,0xff,
0x9e,0xf7,0x9e,0xf7,0x9d,0xf7,0x9e,0xf7,0x9e,0xf7,0x9e,0xf7,0xff,0xff,0xff,0xff,
0xff,0xff,0xff,0xff,0xff,0xff,0xff,0xff,0x9d,0xf7,0x9e,0xf7,0x9d,0xf7,0x9e,0xf7,
0x7d,0xf7,0x9e,0xef,0xff,0xff,0xff,0xff,0xff,0xff,0xff,0xff,0xff,0xff,0xbf,0xf7,
0x7d,0xf7,0x9e,0xf7,0x9d,0xf7,0x9e,0xf7,0x9d,0xf7,0xff,0xff,0xff,0xff,0xff,0xff,
0xff,0xff,0x00,0x00,0x00,0x00,0x00,0x00,0x00,0x00,0x00,0x00,0x00,0x00,0x00,0x00,
0x00,0x00,0x00,0x00,0x00,0x00,0x00,0x00,0x00,0x00,0x00,0x00,0x00,0x00,0x9e,0xf7,
0x9e,0xf7,0x7e,0xf7,0x9e,0xef,0xff,0xff,0xff,0xff,0xff,0xff,0xff,0xff,0xdf,0xff,
0x9e,0xf7,0x7e,0xf7,0x9e,0xef,0x9e,0xf7,0x9e,0xf7,0x9e,0xf7,0xff,0xff,0xdf,0xff,
0xff,0xff,0xdf,0xff,0xff,0xff,0xff,0xff,0x9e,0xef,0x7e,0xf7,0x9e,0xef,0x7e,0xf7,
0x9e,0xef,0x7d,0xf7,0xff,0xff,0xff,0xff,0xff,0xff,0xff,0xff,0xff,0xff,0x9e,0xf7,
0x9e,0xef,0x7e,0xf7,0x9e,0xef,0x7e,0xf7,0x9e,0xef,0xff,0xff,0xff,0xff,0xff,0xff,
0xff,0xff,0x00,0x00,0x00,0x00,0x00,0x00,0x00,0x00,0x00,0x00,0x00,0x00,0x00,0x00,
0x00,0x00,0x00,0x00,0x00,0x00,0x00,0x00,0x00,0x00,0x00,0x00,0x00,0x00,0xbe,0xf7,
0x9e,0xf7,0x9e,0xf7,0x7d,0xf7,0xff,0xff,0xff,0xff,0xff,0xff,0xff,0xff,0xff,0xff,
0x9e,0xff,0x9e,0xf7,0x9d,0xf7,0xbe,0xf7,0x9d,0xf7,0x9e,0xf7,0xff,0xff,0xff,0xff,
0xff,0xff,0xff,0xff,0xff,0xff,0xff,0xff,0x9d,0xf7,0x9e,0xf7,0x9d,0xf7,0x9e,0xf7,
0x9d,0xf7,0x9e,0xef,0xff,0xff,0xff,0xff,0xff,0xff,0xff,0xff,0xff,0xff,0xbf,0xf7,
0x9d,0xf7,0x9e,0xf7,0x9d,0xf7,0x9e,0xf7,0x9e,0xf7,0xff,0xff,0xff,0xff,0xff,0xff,
0xff,0xff,0x00,0x00,0x00,0x00,0x00,0x00,0x00,0x00,0x00,0x00,0x00,0x00,0x00,0x00,
0x00,0x00,0x00,0x00,0x00,0x00,0x00,0x00,0x00,0x00,0x00,0x00,0x00,0x00,0x7e,0xf7,
0x9e,0xef,0x7e,0xf7,0x9e,0xef,0xdf,0xff,0xff,0xff,0xff,0xff,0xff,0xff,0xff,0xff,
0x9e,0xf7,0x7e,0xf7,0x9e,0xf7,0x9e,0xf7,0x9e,0xef,0x7e,0xf7,0xff,0xff,0xff,0xff,
0xff,0xff,0xdf,0xff,0xff,0xff,0xff,0xff,0x9e,0xef,0x7e,0xf7,0x9e,0xef,0x7e,0xf7,
0x9e,0xef,0x7d,0xf7,0xff,0xff,0xff,0xff,0xff,0xff,0xff,0xff,0xff,0xff,0xbe,0xff,
0x9e,0xef,0x7e,0xf7,0x9e,0xef,0x7e,0xf7,0x9e,0xef,0xff,0xff,0xff,0xff,0xdf,0xff,
0xff,0xff,0x00,0x00,0x00,0x00,0x00,0x00,0x00,0x00,0x00,0x00,0x00,0x00,0x00,0x00,
0x00,0x00,0x00,0x00,0x00,0x00,0x00,0x00,0x00,0x00,0x00,0x00,0x00,0x00,0x9e,0xf7,
0x9d,0xf7,0x9e,0xf7,0x7d,0xf7,0xff,0xff,0xff,0xff,0xff,0xff,0xff,0xff,0xff,0xff,
0x9e,0xff,0x9e,0xf7,0x9e,0xf7,0xbe,0xf7,0x9d,0xf7,0x9e,0xf7,0xff,0xff,0xff,0xff,
0xff,0xff,0xff,0xff,0xff,0xff,0xff,0xff,0x7d,0xf7,0x9e,0xf7,0x7d,0xf7,0xbe,0xf7,
0x9d,0xf7,0x9e,0xef,0xff,0xff,0xff,0xff,0xff,0xff,0xff,0xff,0xff,0xff,0xdf,0xf7,
0x7d,0xf7,0x9e,0xf7,0x7d,0xf7,0x9e,0xf7,0x9d,0xf7,0xff,0xff,0xff,0xff,0xff,0xff,
0xff,0xff,0x00,0x00,0x00,0x00,0x00,0x00,0x00,0x00,0x00,0x00,0x00,0x00,0x00,0x00,
0x00,0x00,0x00,0x00,0x00,0x00,0x00,0x00,0x00,0x00,0x00,0x00,0x00,0x00,0xdf,0xff,
0xff,0xff,0xff,0xff,0xff,0xff,0x7e,0xf7,0x9e,0xef,0x7e,0xf7,0x9e,0xef,0x7e,0xf7,
0xff,0xff,0xdf,0xff,0xff,0xff,0xff,0xff,0xff,0xff,0xff,0xff,0x9e,0xef,0x7e,0xf7,
0x9e,0xef,0x7e,0xf7,0x9e,0xef,0x7e,0xf7,0xff,0xff,0xff,0xff,0xff,0xff,0xff,0xff,
0xff,0xff,0xff,0xff,0x9e,0xf7,0x7e,0xf7,0x9e,0xef,0x7e,0xf7,0x9e,0xef,0xbe,0xff,
0xff,0xff,0xff,0xff,0xff,0xff,0xff,0xff,0xff,0xff,0x7e,0xf7,0x9e,0xef,0x7e,0xf7,
0x9e,0xef,0x00,0x00,0x00,0x00,0x00,0x00,0x00,0x00,0x00,0x00,0x00,0x00,0x00,0x00,
0x00,0x00,0x00,0x00,0x00,0x00,0x00,0x00,0x00,0x00,0x00,0x00,0x00,0x00,0xff,0xff,
0xff,0xff,0xff,0xff,0xff,0xff,0x9e,0xf7,0x9d,0xf7,0x9e,0xf7,0x9e,0xf7,0x9e,0xf7,
0xdf,0xff,0xff,0xff,0xff,0xff,0xff,0xff,0xff,0xff,0xff,0xff,0x9d,0xf7,0x9e,0xf7,
0x9d,0xf7,0x9e,0xf7,0x9d,0xf7,0x9e,0xf7,0xff,0xff,0xff,0xff,0xff,0xff,0xff,0xff,
0xff,0xff,0xff,0xff,0x9e,0xff,0x9e,0xf7,0x7d,0xf7,0x9e,0xf7,0x9d,0xf7,0xbf,0xf7,
0xff,0xff,0xff,0xff,0xff,0xff,0xff,0xff,0xff,0xff,0x9e,0xf7,0x7d,0xf7,0x9e,0xf7,
0x9d,0xf7,0x00,0x00,0x00,0x00,0x00,0x00,0x00,0x00,0x00,0x00,0x00,0x00,0x00,0x00,
0x00,0x00,0x00,0x00,0x00,0x00,0x00,0x00,0x00,0x00,0x00,0x00,0x00,0x00,0xdf,0xff,
0xff,0xff,0xff,0xff,0xff,0xff,0x9e,0xf7,0x9e,0xef,0x9e,0xf7,0xbf,0xf7,0x7e,0xf7,
0xff,0xff,0xdf,0xff,0xff,0xff,0xff,0xff,0xff,0xff,0xff,0xff,0x9e,0xef,0x9e,0xf7,
0x9e,0xf7,0x7e,0xf7,0x9e,0xf7,0x9e,0xf7,0xff,0xff,0xff,0xff,0xff,0xff,0xdf,0xff,
0xff,0xff,0xff,0xff,0xbf,0xf7,0x9e,0xf7,0x9e,0xef,0x7e,0xf7,0x9e,0xef,0xbe,0xff,
0xff,0xff,0xff,0xff,0xff,0xff,0xdf,0xff,0xff,0xff,0x7e,0xf7,0x9e,0xef,0x7e,0xf7,
0x9e,0xef,0x00,0x00,0x00,0x00,0x00,0x00,0x00,0x00,0x00,0x00,0x00,0x00,0x00,0x00,
0x00,0x00,0x00,0x00,0x00,0x00,0x00,0x00,0x00,0x00,0x00,0x00,0x00,0x00,0xff,0xff,
0xff,0xff,0xff,0xff,0xff,0xff,0xbe,0xf7,0x9d,0xf7,0xbe,0xf7,0x9e,0xff,0xbe,0xf7,
0xff,0xff,0xff,0xff,0xff,0xff,0xff,0xff,0xff,0xff,0xff,0xff,0x7d,0xf7,0x9e,0xf7,
0x9d,0xf7,0xbe,0xf7,0x9e,0xf7,0xbe,0xf7,0xff,0xff,0xff,0xff,0xff,0xff,0xff,0xff,
0xff,0xff,0xff,0xff,0x9d,0xf7,0x9e,0xf7,0x9d,0xf7,0x9e,0xf7,0x9e,0xf7,0xdf,0xff,
0xff,0xff,0xff,0xff,0xff,0xff,0xff,0xff,0xff,0xff,0x9e,0xf7,0x9d,0xf7,0xbe,0xf7,
0x9d,0xf7,0x00,0x00,0x00,0x00,0x00,0x00,0x00,0x00,0x00,0x00,0x00,0x00,0x00,0x00,
0x00,0x00,0x00,0x00,0x00,0x00,0x00,0x00,0x00,0x00,0x00,0x00,0x00,0x00,0xff,0xff,
0xff,0xff,0xff,0xff,0xff,0xff,0x7e,0xf7,0x9e,0xef,0x9e,0xf7,0x9e,0xf7,0x9e,0xf7,
0xff,0xff,0xdf,0xff,0xff,0xff,0xdf,0xff,0xff,0xff,0xff,0xff,0x9e,0xef,0x9e,0xf7,
0x9e,0xf7,0x7e,0xf7,0x9e,0xf7,0x7e,0xf7,0xff,0xff,0xff,0xff,0xff,0xff,0xff,0xff,
0xff,0xff,0xdf,0xff,0x7e,0xef,0x7e,0xf7,0x9e,0xef,0x7e,0xf7,0x9e,0xf7,0xbf,0xff,
0xff,0xff,0xff,0xff,0xff,0xff,0xff,0xff,0xff,0xff,0x7e,0xf7,0x9e,0xef,0x9e,0xf7,
0x9e,0xef,0x00,0x00,0x00,0x00,0x00,0x00,0x00,0x00,0x00,0x00,0x00,0x00,0x00,0x00,
0x00,0x00,0x00,0x00,0x00,0x00,0x00,0x00,0x00,0x00,0x00,0x00,0x00,0x00,0xff,0xff,
0xff,0xff,0xff,0xff,0xff,0xff,0x9e,0xf7,0x9d,0xf7,0x9e,0xf7,0x9e,0xf7,0xbe,0xf7,
0xff,0xff,0xff,0xff,0xdf,0xff,0xff,0xff,0xff,0xff,0xff,0xff,0x7d,0xf7,0xbe,0xf7,
0xbe,0xff,0x9e,0xef,0x7d,0xf7,0x9e,0xf7,0xff,0xff,0x9e,0xf7,0x9a,0xde,0xfb,0xde,
0x7d,0xf7,0xff,0xff,0x7d,0xf7,0x7e,0xef,0x7d,0xf7,0x9e,0xf7,0x9e,0xff,0xdf,0xff,
0xff,0xff,0xff,0xff,0xff,0xff,0xff,0xff,0xff,0xff,0x9e,0xf7,0x9d,0xf7,0xbe,0xf7,
0x9d,0xf7,0x00,0x00,0x00,0x00,0x00,0x00,0x00,0x00,0x00,0x00,0x00,0x00,0x00,0x00,
0x00,0x00,0x00,0x00,0x00,0x00,0x00,0x00,0x00,0x00,0x00,0x00,0x00,0x00,0x9e,0xf7,
0x9e,0xf7,0x7e,0xf7,0x9e,0xf7,0xdf,0xff,0xff,0xff,0xff,0xff,0xff,0xff,0xff,0xff,
0xbf,0xf7,0x7e,0xf7,0x7e,0xef,0x5d,0xef,0x7e,0xef,0x5d,0xef,0xff,0xff,0xff,0xff,
0xff,0xff,0xdf,0xff,0xdf,0xf7,0x9e,0xf7,0xbe,0xf7,0xd2,0x9c,0x85,0x31,0x65,0x39,
0x86,0x31,0x9a,0xde,0xdf,0xf7,0xbf,0xff,0xdf,0xf7,0xff,0xff,0xff,0xff,0xbf,0xff,
0x9e,0xef,0x7e,0xf7,0x9e,0xef,0x9e,0xf7,0x9e,0xf7,0xdf,0xff,0xff,0xff,0xff,0xff,
0xff,0xff,0x00,0x00,0x00,0x00,0x00,0x00,0x00,0x00,0x00,0x00,0x00,0x00,0x00,0x00,
0x00,0x00,0x00,0x00,0x00,0x00,0x00,0x00,0x00,0x00,0x00,0x00,0x00,0x00,0xbe,0xf7,
0x9d,0xf7,0x9e,0xf7,0x9e,0xf7,0xff,0xff,0xff,0xff,0xff,0xff,0xff,0xff,0xff,0xff,
0xbe,0xff,0xbe,0xf7,0x5d,0xf7,0x7d,0xef,0x7d,0xf7,0x7d,0xef,0x65,0x39,0x86,0x31,
0x65,0x39,0x65,0x31,0x44,0x31,0x7d,0xf7,0x80,0x30,0xea,0x93,0x85,0xdc,0x85,0xd4,
0x03,0x29,0x24,0x29,0x03,0x29,0x24,0x29,0x76,0xb5,0xbf,0xf7,0xbe,0xff,0xdf,0xff,
0x7d,0xf7,0x9e,0xef,0x9d,0xf7,0xbe,0xf7,0x9e,0xf7,0xff,0xff,0xff,0xff,0xff,0xff,
0xff,0xff,0x00,0x00,0x00,0x00,0x00,0x00,0x00,0x00,0x00,0x00,0x00,0x00,0x00,0x00,
0x00,0x00,0x00,0x00,0x00,0x00,0x00,0x00,0x00,0x00,0x00,0x00,0x00,0x00,0x9e,0xf7,
0x9e,0xf7,0x7e,0xf7,0x9e,0xef,0xdf,0xff,0xff,0xff,0xdf,0xff,0xff,0xff,0xdf,0xff,
0x9e,0xf7,0x29,0x4a,0x66,0x31,0x24,0x29,0x05,0x21,0x62,0x18,0x84,0x49,0x26,0x6a,
0x46,0x6a,0x25,0x6a,0x48,0x5a,0x02,0x39,0x45,0xb4,0x28,0xd5,0xea,0xed,0xa9,0xed,
0x43,0x6a,0x26,0x8b,0x03,0x31,0xe6,0x59,0xa7,0x39,0x08,0x4a,0x46,0x29,0x3d,0xef,
0x7e,0xef,0x7d,0xf7,0xbf,0xf7,0x9e,0xf7,0x9e,0xef,0xdf,0xff,0xff,0xff,0xff,0xff,
0xff,0xff,0x00,0x00,0x00,0x00,0x00,0x00,0x00,0x00,0x00,0x00,0x00,0x00,0x00,0x00,
0x00,0x00,0x00,0x00,0x00,0x00,0x00,0x00,0x00,0x00,0x00,0x00,0x00,0x00,0xbe,0xf7,
0x9e,0xff,0x9e,0xf7,0x7d,0xf7,0xff,0xff,0xdf,0xff,0xff,0xff,0xdf,0xff,0x92,0x8c,
0xdf,0xff,0xc3,0x18,0x24,0x31,0x45,0x29,0x44,0x31,0x24,0x29,0xe4,0x69,0xa7,0x7a,
0x86,0x7a,0x25,0x6a,0x06,0x52,0x63,0x39,0xa9,0xe5,0x0f,0xff,0xb2,0xff,0x51,0xff,
0x82,0xab,0x45,0xc4,0x02,0x39,0x27,0x5a,0xe4,0x28,0x25,0x29,0x44,0x29,0x7d,0xef,
0xbe,0xff,0xff,0xff,0xbe,0xff,0xbe,0xf7,0x7d,0xf7,0xff,0xff,0xff,0xff,0xff,0xff,
0xff,0xff,0x00,0x00,0x00,0x00,0x00,0x00,0x00,0x00,0x00,0x00,0x00,0x00,0x00,0x00,
0x00,0x00,0x00,0x00,0x00,0x00,0x00,0x00,0x00,0x00,0x00,0x00,0x00,0x00,0x9e,0xf7,
0xbf,0xf7,0x9e,0xf7,0x9e,0xef,0xdf,0xff,0xff,0xff,0xbf,0xff,0xdb,0xde,0x45,0x31,
0x64,0x39,0x48,0x5a,0x67,0x72,0x46,0x72,0x07,0x93,0xc6,0x92,0x26,0x62,0x05,0x6a,
0x88,0x6a,0x22,0x41,0x20,0x41,0xad,0xdd,0x93,0xff,0x31,0xff,0xed,0xfe,0x67,0xdd,
0xc3,0xcc,0xc6,0xf5,0xe2,0x30,0x68,0x6a,0x87,0x72,0xe5,0x69,0xe6,0x49,0xc2,0x30,
0x04,0x21,0x24,0x31,0xff,0xff,0x9e,0xf7,0x7e,0xef,0xdf,0xff,0xff,0xff,0xff,0xff,
0xff,0xff,0x00,0x00,0x00,0x00,0x00,0x00,0x00,0x00,0x00,0x00,0x00,0x00,0x00,0x00,
0x00,0x00,0x00,0x00,0x00,0x00,0x00,0x00,0x00,0x00,0x00,0x00,0x00,0x00,0x9e,0xf7,
0x9e,0xf7,0xbe,0xf7,0x9d,0xf7,0xff,0xff,0xbf,0xff,0x86,0x31,0x64,0x39,0x65,0x31,
0xa4,0x59,0x06,0x5a,0x25,0x72,0x46,0x72,0xc6,0x8a,0x86,0x7a,0x05,0x6a,0xe5,0x61,
0xc5,0x51,0x43,0x39,0xe0,0x61,0x4e,0xee,0x71,0xff,0x31,0xff,0xec,0xfe,0x87,0xdd,
0xe3,0xdc,0xa7,0xf5,0x02,0x39,0x88,0x62,0x66,0x7a,0xe5,0x61,0xc5,0x51,0x02,0x31,
0x02,0x39,0xa5,0x49,0xa6,0x39,0xc7,0x39,0x28,0x4a,0xdf,0xff,0xdf,0xff,0xff,0xff,
0xff,0xff,0x00,0x00,0x00,0x00,0x00,0x00,0x00,0x00,0x00,0x00,0x00,0x00,0x00,0x00,
0x00,0x00,0x00,0x00,0x00,0x00,0x00,0x00,0x00,0x00,0x00,0x00,0x00,0x00,0xdf,0xff,
0xff,0xff,0xff,0xff,0xff,0xff,0x9e,0xf7,0xff,0xff,0xc3,0x18,0x02,0x39,0x26,0x62,
0x45,0x7a,0xe7,0x9a,0x45,0x72,0x86,0x82,0x26,0x62,0xe5,0x61,0x25,0x6a,0xe4,0x61,
0xe0,0x28,0xc8,0x72,0x09,0xee,0xec,0xfe,0xcd,0xfe,0xe8,0xed,0xe8,0xf5,0x62,0xcc,
0xe2,0xbb,0xa5,0xdc,0x03,0x31,0xe6,0x51,0x06,0x62,0x05,0x6a,0x05,0x6a,0x86,0x82,
0xc7,0x82,0xe4,0x69,0xe4,0x20,0xc3,0x28,0x21,0x00,0x5d,0xf7,0x7e,0xef,0x7d,0xf7,
0x9e,0xef,0x00,0x00,0x00,0x00,0x00,0x00,0x00,0x00,0x00,0x00,0x00,0x00,0x00,0x00,
0x00,0x00,0x00,0x00,0x00,0x00,0x00,0x00,0x00,0x00,0x00,0x00,0x00,0x00,0xff,0xff,
0xff,0xff,0xff,0xff,0xff,0xff,0x9e,0xef,0xe3,0x28,0x04,0x21,0x65,0x82,0xe7,0x8a,
0xc7,0x8a,0x25,0x72,0xe4,0x61,0xe5,0x61,0xe4,0x69,0x05,0x62,0xa5,0x51,0xa1,0x28,
0x81,0xab,0x69,0xe5,0x8a,0xfe,0x0d,0xff,0x62,0xed,0xc4,0xf5,0xc7,0xfd,0x41,0xc4,
0x81,0xb3,0x45,0xcc,0x03,0x39,0x85,0x41,0x43,0x49,0xa5,0x49,0x25,0x72,0x25,0x6a,
0x24,0x7a,0x28,0x93,0x45,0x72,0x86,0x7a,0x03,0x29,0xff,0xff,0x7d,0xf7,0xbe,0xf7,
0x9d,0xf7,0x00,0x00,0x00,0x00,0x00,0x00,0x00,0x00,0x00,0x00,0x00,0x00,0x00,0x00,
0x00,0x00,0x00,0x00,0x00,0x00,0x00,0x00,0x00,0x00,0x00,0x00,0x00,0x00,0xdf,0xff,
0xff,0xff,0xff,0xff,0xdf,0xff,0xc3,0x20,0xe4,0x20,0x04,0x29,0x25,0x6a,0xc7,0x8a,
0xc7,0x82,0x24,0x72,0xe5,0x61,0xe5,0x69,0x05,0x62,0xe5,0x69,0xe6,0x51,0x81,0x28,
0x61,0x9b,0x08,0xdd,0x8d,0xee,0x2e,0xff,0xa5,0xed,0xa4,0xf5,0xe8,0xf5,0x61,0xcc,
0x03,0xbc,0xa5,0xdc,0x03,0x29,0xa5,0x49,0x64,0x41,0xa5,0x51,0x46,0x6a,0x46,0x7a,
0x25,0x6a,0xc7,0x8a,0xe5,0x61,0x46,0x72,0x04,0x21,0xcb,0x62,0x8a,0x4a,0x9e,0xf7,
0x9e,0xef,0x00,0x00,0x00,0x00,0x00,0x00,0x00,0x00,0x00,0x00,0x00,0x00,0x00,0x00,
0x00,0x00,0x00,0x00,0x00,0x00,0x00,0x00,0x00,0x00,0x00,0x00,0x00,0x00,0xff,0xff,
0xff,0xff,0xff,0xff,0xdf,0xff,0xe4,0x20,0x63,0x51,0x67,0x6a,0xa6,0x82,0xe4,0x69,
0xe4,0x69,0x46,0x6a,0xe4,0x61,0xc4,0x59,0x23,0x39,0x85,0x41,0xa5,0x49,0xc2,0x28,
0xe1,0xb3,0xa8,0xe5,0x69,0xfe,0x07,0xee,0xc7,0xf5,0x01,0xb4,0xe1,0xc3,0x84,0xcc,
0xc2,0x20,0xe3,0x20,0x43,0x39,0x44,0x39,0xa4,0x51,0xa4,0x49,0x63,0x51,0x26,0x62,
0xc4,0x61,0x26,0x62,0x65,0x7a,0x86,0x7a,0x47,0x6a,0x22,0x39,0xc3,0x20,0x9e,0xf7,
0x9d,0xf7,0x00,0x00,0x00,0x00,0x00,0x00,0x00,0x00,0x00,0x00,0x00,0x00,0x00,0x00,
0x00,0x00,0x00,0x00,0x00,0x00,0x00,0x00,0x00,0x00,0x00,0x00,0x00,0x00,0xff,0xff,
0xff,0xff,0xff,0xff,0xdf,0xff,0xc3,0x20,0x44,0x39,0xa5,0x51,0xc5,0x59,0xe5,0x61,
0x06,0x5a,0x43,0x49,0x85,0x41,0x24,0x39,0x44,0x39,0x64,0x49,0x45,0x31,0xc3,0x28,
0x42,0x93,0x46,0xbc,0x66,0xe5,0x86,0xed,0xc6,0xd4,0x40,0xab,0x63,0xa3,0x62,0xab,
0xa3,0x18,0xc3,0x20,0x44,0x31,0x44,0x39,0xa4,0x51,0x26,0x6a,0x86,0x72,0x45,0x72,
0x87,0x72,0xe5,0x61,0x05,0x62,0xe4,0x61,0xc6,0x49,0x03,0x31,0xc3,0x18,0x7d,0xf7,
0x9e,0xef,0x00,0x00,0x00,0x00,0x00,0x00,0x00,0x00,0x00,0x00,0x00,0x00,0x00,0x00,
0x00,0x00,0x00,0x00,0x00,0x00,0x00,0x00,0x00,0x00,0x00,0x00,0x00,0x00,0xbe,0xf7,
0xbe,0xff,0xbe,0xf7,0x7d,0xf7,0xc3,0x18,0x23,0x39,0x85,0x39,0xa4,0x61,0x05,0x62,
0xe5,0x59,0x43,0x41,0x64,0x41,0x64,0x39,0x64,0x49,0x85,0x49,0x44,0x39,0x03,0x29,
0xe0,0x92,0xa7,0xc4,0x64,0xed,0x64,0xe5,0x44,0xcc,0x61,0xab,0x82,0xb3,0x62,0xa3,
0xc3,0x20,0x04,0x21,0x23,0x39,0x84,0x41,0xe4,0x69,0x66,0x72,0xa5,0x8a,0x65,0x7a,
0x66,0x7a,0x25,0x6a,0x24,0x72,0x45,0x6a,0xa5,0x49,0x03,0x29,0x81,0x18,0xbe,0xf7,
0xde,0xff,0x00,0x00,0x00,0x00,0x00,0x00,0x00,0x00,0x00,0x00,0x00,0x00,0x00,0x00,
0x00,0x00,0x00,0x00,0x00,0x00,0x00,0x00,0x00,0x00,0x00,0x00,0x00,0x00,0x9e,0xf7,
0x9e,0xef,0x7d,0xf7,0x7e,0xef,0x7e,0xf7,0xe4,0x18,0xa3,0x18,0xa4,0x59,0x67,0x7a,
0xe5,0x69,0x66,0x7a,0xa5,0x51,0xc5,0x59,0x24,0x31,0x04,0x31,0x85,0x41,0x44,0x41,
0x22,0x39,0x06,0x5a,0x02,0xbc,0x02,0xc4,0x24,0x9b,0x81,0x8a,0xc7,0x72,0xc0,0x40,
0xa5,0x41,0x64,0x41,0x65,0x39,0xe3,0x30,0x64,0x41,0xa5,0x51,0xe4,0x61,0x46,0x72,
0x25,0x6a,0x45,0x7a,0x65,0x41,0xa5,0x51,0x04,0x29,0xe3,0x28,0x83,0x10,0xbf,0xff,
0xff,0xff,0x00,0x00,0x00,0x00,0x00,0x00,0x00,0x00,0x00,0x00,0x00,0x00,0x00,0x00,
0x00,0x00,0x00,0x00,0x00,0x00,0x00,0x00,0x00,0x00,0x00,0x00,0x00,0x00,0x9e,0xf7,
0x7d,0xf7,0x7d,0xef,0xbe,0xff,0x18,0xc6,0x44,0x39,0x64,0x39,0x04,0x72,0x86,0x82,
0x86,0x82,0x65,0x72,0xa4,0x59,0xe5,0x59,0x64,0x41,0x44,0x39,0x24,0x39,0x44,0x39,
0x23,0x39,0xa5,0x41,0x82,0x7a,0x83,0x7a,0x44,0x72,0xe3,0x61,0x05,0x5a,0x01,0x39,
0x44,0x39,0x65,0x39,0x24,0x31,0x04,0x29,0x43,0x41,0xa5,0x41,0x83,0x51,0x26,0x62,
0xa3,0x61,0x67,0x72,0xc4,0x59,0xc5,0x51,0x24,0x31,0x04,0x29,0xbe,0xff,0xff,0xff,
0xff,0xff,0x00,0x00,0x00,0x00,0x00,0x00,0x00,0x00,0x00,0x00,0x00,0x00,0x00,0x00,
0x00,0x00,0x00,0x00,0x00,0x00,0x00,0x00,0x00,0x00,0x00,0x00,0x00,0x00,0x7e,0xf7,
0x9e,0xef,0x7d,0xf7,0xbb,0xd6,0x24,0x29,0x43,0x41,0x06,0x62,0x45,0x7a,0xc6,0x92,
0xe8,0x8a,0x44,0x7a,0x05,0x62,0x05,0x6a,0x65,0x39,0x44,0x39,0xe4,0x20,0x04,0x31,
0x24,0x29,0xe3,0x28,0xe4,0x20,0xe3,0x28,0x25,0x29,0x45,0x39,0x24,0x31,0x24,0x39,
0x04,0x29,0x24,0x31,0x04,0x29,0x04,0x31,0x24,0x29,0x04,0x31,0x23,0x39,0xa5,0x51,
0x84,0x49,0x46,0x6a,0xe6,0x51,0xc5,0x59,0x25,0x29,0x04,0x29,0xec,0x5a,0xdf,0xff,
0xff,0xff,0x00,0x00,0x00,0x00,0x00,0x00,0x00,0x00,0x00,0x00,0x00,0x00,0x00,0x00,
0x00,0x00,0x00,0x00,0x00,0x00,0x00,0x00,0x00,0x00,0x00,0x00,0x00,0x00,0x9e,0xf7,
0x9e,0xf7,0xbe,0xf7,0xba,0xe6,0x24,0x21,0x24,0x72,0x86,0x7a,0x25,0x72,0x05,0x6a,
0x25,0x72,0x46,0x6a,0xa4,0x51,0x84,0x49,0x23,0x31,0x24,0x31,0x62,0x51,0xa8,0x72,
0xc5,0x51,0x03,0x31,0xe2,0x28,0x65,0x39,0x64,0x41,0x64,0x41,0x85,0x49,0x03,0x31,
0x03,0x31,0x04,0x29,0x85,0x92,0x07,0x93,0xe7,0x92,0xe4,0x69,0xe4,0x61,0x05,0x62,
0xe4,0x69,0x46,0x72,0x65,0x7a,0x66,0x7a,0xe5,0x51,0x43,0x31,0x82,0x18,0xbf,0xff,
0xff,0xff,0x00,0x00,0x00,0x00,0x00,0x00,0x00,0x00,0x00,0x00,0x00,0x00,0x00,0x00,
0x00,0x00,0x00,0x00,0x00,0x00,0x00,0x00,0x00,0x00,0x00,0x00,0x00,0x00,0x7e,0xf7,
0x9e,0xf7,0x9e,0xf7,0xdb,0xde,0x04,0x29,0x04,0x62,0x66,0x7a,0x46,0x6a,0xe4,0x69,
0x06,0x62,0xe5,0x69,0x64,0x41,0x64,0x49,0x44,0x31,0x64,0x39,0xc4,0x61,0x66,0x7a,
0x07,0x5a,0x23,0x41,0x04,0x29,0x44,0x39,0x65,0x39,0x44,0x39,0x65,0x39,0x24,0x39,
0x85,0x41,0x44,0x41,0x86,0x82,0xa6,0x92,0xc8,0x82,0xe4,0x69,0x05,0x62,0x46,0x72,
0xe5,0x61,0x45,0x72,0x66,0x72,0x25,0x72,0xc6,0x49,0x03,0x31,0x45,0x29,0x59,0xd6,
0xff,0xff,0x00,0x00,0x00,0x00,0x00,0x00,0x00,0x00,0x00,0x00,0x00,0x00,0x00,0x00,
0x00,0x00,0x00,0x00,0x00,0x00,0x00,0x00,0x00,0x00,0x00,0x00,0x00,0x00,0xff,0xff,
0xff,0xff,0xff,0xff,0xfb,0xe6,0x65,0x29,0x44,0x49,0xa6,0x49,0xa3,0x59,0x26,0x62,
0x05,0x6a,0x25,0x6a,0x43,0x41,0x43,0x39,0x25,0x72,0x25,0x72,0x85,0x8a,0xc6,0x8a,
0x86,0x82,0xe4,0x69,0xe6,0x59,0x03,0x31,0x03,0x31,0xe3,0x28,0xe2,0x30,0xc6,0x49,
0xe6,0x9a,0x85,0x82,0xc6,0x92,0x24,0x72,0xa6,0x8a,0x85,0x82,0xa6,0x82,0x24,0x6a,
0x25,0x72,0x05,0x62,0x04,0x6a,0x25,0x6a,0x25,0x6a,0x84,0x51,0xe6,0x51,0x44,0x39,
0x5d,0xf7,0x00,0x00,0x00,0x00,0x00,0x00,0x00,0x00,0x00,0x00,0x00,0x00,0x00,0x00,
0x00,0x00,0x00,0x00,0x00,0x00,0x00,0x00,0x00,0x00,0x00,0x00,0x00,0x00,0xdf,0xff,
0xff,0xff,0xdf,0xff,0xff,0xff,0xdf,0xff,0x04,0x29,0x44,0x39,0x84,0x49,0x64,0x49,
0xa5,0x51,0x84,0x51,0xc4,0x59,0x46,0x72,0xe7,0x8a,0xc6,0x92,0x87,0x7a,0x04,0x72,
0x26,0x6a,0x25,0x72,0x46,0x6a,0xc4,0x61,0xe6,0x61,0xa4,0x59,0x84,0x51,0x46,0x72,
0xc6,0x8a,0xc6,0x92,0x65,0x72,0xc7,0x8a,0x46,0x6a,0x46,0x72,0x66,0x72,0x05,0x6a,
0x26,0x6a,0xe5,0x69,0xc5,0x51,0x06,0x62,0x85,0x41,0x44,0x41,0x86,0x39,0x24,0x39,
0x7e,0xef,0x00,0x00,0x00,0x00,0x00,0x00,0x00,0x00,0x00,0x00,0x00,0x00,0x00,0x00,
0x00,0x00,0x00,0x00,0x00,0x00,0x00,0x00,0x00,0x00,0x00,0x00,0x00,0x00,0xff,0xff,
0xff,0xff,0xff,0xff,0xff,0xff,0xdf,0xff,0xe2,0x30,0x85,0x39,0x84,0x51,0xc5,0x51,
0xc4,0x59,0xc5,0x51,0xe4,0x69,0x66,0x72,0xe6,0x92,0xe6,0x8a,0x65,0x7a,0x25,0x6a,
0x25,0x72,0x25,0x6a,0x05,0x6a,0x05,0x62,0xe5,0x69,0xa4,0x59,0xa4,0x61,0x46,0x6a,
0xa6,0x8a,0xc6,0x82,0x44,0x7a,0xe7,0x8a,0x45,0x72,0x45,0x6a,0x45,0x72,0x05,0x62,
0xe4,0x69,0x25,0x6a,0x84,0x51,0xc5,0x51,0x84,0x49,0x64,0x41,0x64,0x39,0x44,0x31,
0x7d,0xf7,0x00,0x00,0x00,0x00,0x00,0x00,0x00,0x00,0x00,0x00,0x00,0x00,0x00,0x00,
0x00,0x00,0x00,0x00,0x00,0x00,0x00,0x00,0x00,0x00,0x00,0x00,0x00,0x00,0xff,0xff,
0xff,0xff,0xdf,0xff,0xff,0xff,0xdf,0xff,0xe2,0x28,0xa5,0x49,0xc4,0x59,0x66,0x72,
0x67,0x6a,0x63,0x49,0x26,0x6a,0x46,0x72,0x26,0x6a,0x05,0x6a,0x25,0x6a,0x05,0x72,
0x46,0x6a,0x05,0x6a,0xe5,0x69,0x05,0x72,0xa6,0x82,0x65,0x82,0xa7,0x7a,0x04,0x72,
0x05,0x6a,0xe5,0x69,0x26,0x6a,0x05,0x6a,0x25,0x6a,0xe4,0x69,0xe6,0x59,0x63,0x51,
0x63,0x49,0x47,0x72,0x64,0x39,0x44,0x41,0xa5,0x41,0x44,0x39,0x04,0x29,0x41,0x18,
0x9e,0xef,0x00,0x00,0x00,0x00,0x00,0x00,0x00,0x00,0x00,0x00,0x00,0x00,0x00,0x00,
0x00,0x00,0x00,0x00,0x00,0x00,0x00,0x00,0x00,0x00,0x00,0x00,0x00,0x00,0xff,0xff,
0xff,0xff,0xbe,0xf7,0x81,0x18,0x04,0x29,0x43,0x51,0x47,0x62,0x45,0x7a,0x25,0x72,
0x05,0x6a,0xe5,0x61,0xc6,0x8a,0x86,0x7a,0x25,0x72,0x25,0x6a,0x04,0x6a,0x45,0x6a,
0x05,0x6a,0x84,0x51,0x42,0x51,0x87,0x72,0xe4,0x69,0x25,0x6a,0x05,0x72,0x46,0x6a,
0x64,0x49,0x64,0x41,0x25,0x72,0x25,0x6a,0x25,0x72,0x45,0x72,0x04,0x72,0xa7,0x82,
0x45,0x7a,0x66,0x7a,0x25,0x72,0x46,0x72,0x65,0x41,0x24,0x31,0x41,0x10,0x9e,0xf7,
0x7d,0xf7,0x00,0x00,0x00,0x00,0x00,0x00,0x00,0x00,0x00,0x00,0x00,0x00,0x00,0x00,
0x00,0x00,0x00,0x00,0x00,0x00,0x00,0x00,0x00,0x00,0x00,0x00,0x00,0x00,0xdf,0xff,
0xff,0xff,0xbf,0xff,0x82,0x18,0x04,0x29,0x84,0x51,0x46,0x72,0x46,0x72,0x45,0x7a,
0x26,0x62,0x83,0x59,0xa6,0x82,0x07,0x93,0x06,0x62,0x05,0x6a,0x26,0x6a,0x45,0x72,
0x47,0x6a,0x83,0x51,0x64,0x51,0x67,0x72,0xe5,0x61,0x05,0x6a,0x05,0x6a,0x25,0x72,
0x64,0x41,0x64,0x49,0x05,0x62,0x25,0x72,0x05,0x62,0xe5,0x69,0x05,0x6a,0x25,0x72,
0x66,0x7a,0x25,0x72,0x66,0x72,0x66,0x7a,0x86,0x41,0xe3,0x30,0xc3,0x18,0x2c,0x6b,
0x5d,0xef,0x00,0x00,0x00,0x00,0x00,0x00,0x00,0x00,0x00,0x00,0x00,0x00,0x00,0x00,
0x00,0x00,0x00,0x00,0x00,0x00,0x00,0x00,0x00,0x00,0x00,0x00,0x00,0x00,0x9e,0xf7,
0x9d,0xf7,0x9e,0xef,0x81,0x20,0x64,0x31,0x45,0x7a,0xc7,0x82,0x63,0x51,0x84,0x51,
0x41,0x51,0x87,0x72,0x25,0x7a,0x25,0x72,0x05,0x6a,0x05,0x62,0x46,0x72,0xa4,0x51,
0x23,0x39,0x85,0x41,0x63,0x51,0x06,0x5a,0x05,0x6a,0x84,0x51,0xc5,0x59,0x84,0x49,
0x23,0x39,0x24,0x31,0xa3,0x61,0x25,0x6a,0x24,0x72,0x25,0x72,0x04,0x72,0xe4,0x61,
0xe4,0x69,0xe5,0x61,0x43,0x49,0x85,0x49,0xe5,0x61,0x84,0x51,0x85,0x49,0x03,0x29,
0x9e,0xf7,0x00,0x00,0x00,0x00,0x00,0x00,0x00,0x00,0x00,0x00,0x00,0x00,0x00,0x00,
0x00,0x00,0x00,0x00,0x00,0x00,0x00,0x00,0x00,0x00,0x00,0x00,0x00,0x00,0x7e,0xf7,
0x9e,0xef,0x5d,0xef,0x82,0x18,0x44,0x31,0xc6,0x51,0x64,0x49,0x63,0x49,0x67,0x72,
0x06,0x62,0xc4,0x61,0x05,0x6a,0x05,0x72,0x26,0x6a,0xe5,0x69,0x65,0x41,0x44,0x41,
0x64,0x49,0xa5,0x59,0x46,0x72,0x05,0x72,0xe5,0x61,0x05,0x72,0x47,0x62,0x43,0x49,
0x85,0x49,0x64,0x49,0x65,0x41,0x24,0x41,0x63,0x49,0x46,0x6a,0x47,0x62,0x63,0x51,
0x06,0x5a,0x63,0x51,0x64,0x41,0x64,0x49,0x64,0x41,0x64,0x49,0x86,0x39,0x03,0x31,
0xbf,0xf7,0x00,0x00,0x00,0x00,0x00,0x00,0x00,0x00,0x00,0x00,0x00,0x00,0x00,0x00,
0x00,0x00,0x00,0x00,0x00,0x00,0x00,0x00,0x00,0x00,0x00,0x00,0x00,0x00,0x9e,0xf7,
0x7d,0xf7,0x7d,0xef,0x61,0x18,0x65,0x31,0x84,0x51,0xa5,0x49,0x63,0x51,0x87,0x6a,
0xe4,0x61,0x25,0x6a,0x04,0x72,0x25,0x6a,0x45,0x72,0x25,0x62,0x64,0x49,0x23,0x39,
0x43,0x49,0xc5,0x51,0x04,0x72,0x46,0x72,0x25,0x72,0x25,0x6a,0x25,0x6a,0x83,0x49,
0xa4,0x51,0xa4,0x49,0x64,0x49,0x64,0x41,0x83,0x59,0x46,0x6a,0x46,0x6a,0x83,0x49,
0xc5,0x59,0x84,0x49,0x43,0x49,0x64,0x41,0x84,0x49,0xa5,0x49,0x85,0x49,0x44,0x39,
0xbe,0xff,0x00,0x00,0x00,0x00,0x00,0x00,0x00,0x00,0x00,0x00,0x00,0x00,0x00,0x00,
0x00,0x00,0x00,0x00,0x00,0x00,0x00,0x00,0x00,0x00,0x00,0x00,0x00,0x00,0x9e,0xf7,
0x9e,0xef,0x3d,0xef,0x82,0x10,0x24,0x31,0x85,0x41,0x64,0x41,0xe6,0x59,0x84,0x51,
0x64,0x49,0xe5,0x59,0x05,0x62,0xe5,0x61,0x65,0x41,0x84,0x49,0x44,0x39,0x64,0x49,
0x66,0x72,0x45,0x7a,0xe7,0x8a,0x24,0x7a,0x26,0x62,0x05,0x6a,0x25,0x6a,0x25,0x6a,
0xa5,0x51,0x84,0x51,0x04,0x29,0x65,0x41,0xa5,0x49,0xa5,0x51,0xa5,0x49,0x43,0x41,
0x65,0x41,0x64,0x49,0x64,0x41,0x84,0x49,0x85,0x41,0x64,0x41,0x65,0x31,0x44,0x39,
0xbf,0xf7,0x00,0x00,0x00,0x00,0x00,0x00,0x00,0x00,0x00,0x00,0x00,0x00,0x00,0x00,
0x00,0x00,0x00,0x00,0x00,0x00,0x00,0x00,0x00,0x00,0x00,0x00,0x00,0x00,0xbe,0xf7,
0x7d,0xf7,0x7d,0xef,0xe7,0x41,0xe7,0x39,0xc2,0x30,0x85,0x41,0x84,0x49,0x64,0x41,
0x64,0x49,0x85,0x49,0x84,0x51,0x64,0x41,0x64,0x49,0x84,0x41,0x63,0x49,0xc5,0x51,
0x04,0x72,0x46,0x72,0x05,0x72,0x25,0x6a,0xc5,0x59,0x84,0x49,0x63,0x51,0xe5,0x51,
0xa4,0x51,0xa4,0x49,0x44,0x41,0x24,0x39,0x64,0x49,0x85,0x49,0xa5,0x51,0x64,0x41,
0x64,0x49,0x85,0x49,0x64,0x49,0x85,0x49,0x65,0x41,0xc2,0x28,0xe3,0x28,0x2c,0x6b,
0xdf,0xff,0x00,0x00,0x00,0x00,0x00,0x00,0x00,0x00,0x00,0x00,0x00,0x00,0x00,0x00,
0x00,0x00,0x00,0x00,0x00,0x00,0x00,0x00,0x00,0x00,0x00,0x00,0x00,0x00,0x7e,0xf7,
0x9e,0xef,0x7d,0xf7,0x7e,0xef,0x14,0xa5,0xc3,0x28,0x65,0x41,0x85,0x41,0x44,0x41,
0x64,0x41,0x84,0x49,0x65,0x41,0x23,0x39,0x64,0x39,0x44,0x41,0x63,0x49,0x46,0x6a,
0x06,0x62,0x05,0x6a,0x05,0x62,0xc4,0x61,0xa5,0x49,0x64,0x49,0xa5,0x49,0xa5,0x51,
0x65,0x41,0x44,0x41,0x85,0x41,0x23,0x41,0x64,0x39,0x64,0x41,0xa5,0x49,0x84,0x49,
0x64,0x41,0x64,0x41,0x85,0x49,0x84,0x49,0x65,0x39,0xc2,0x28,0x82,0x10,0xdf,0xff,
0xff,0xff,0x00,0x00,0x00,0x00,0x00,0x00,0x00,0x00,0x00,0x00,0x00,0x00,0x00,0x00,
0x00,0x00,0x00,0x00,0x00,0x00,0x00,0x00,0x00,0x00,0x00,0x00,0x00,0x00,0xff,0xff,
0xff,0xff,0xff,0xff,0xff,0xff,0x7e,0xef,0xdf,0xff,0xe3,0x20,0x23,0x39,0x85,0x41,
0x64,0x49,0xa5,0x49,0x64,0x49,0x64,0x41,0xe2,0x28,0x24,0x31,0x64,0x49,0xa5,0x49,
0x46,0x72,0x26,0x62,0x84,0x49,0xa4,0x49,0x84,0x51,0xa5,0x49,0x03,0x39,0xa5,0x41,
0x43,0x49,0x64,0x41,0x85,0x49,0xe3,0x30,0xc3,0x28,0x24,0x31,0x84,0x51,0x85,0x49,
0x84,0x49,0x64,0x41,0xe3,0x28,0x45,0x31,0x44,0x31,0x9e,0xf7,0x7d,0xf7,0xbe,0xf7,
0x9e,0xf7,0x00,0x00,0x00,0x00,0x00,0x00,0x00,0x00,0x00,0x00,0x00,0x00,0x00,0x00,
0x00,0x00,0x00,0x00,0x00,0x00,0x00,0x00,0x00,0x00,0x00,0x00,0x00,0x00,0xdf,0xff,
0xff,0xff,0xff,0xff,0xff,0xff,0x5d,0xef,0x7e,0xef,0x65,0x31,0x04,0x21,0x24,0x31,
0x45,0x31,0x44,0x39,0x45,0x31,0x03,0x31,0xc3,0x20,0x04,0x31,0x24,0x31,0x44,0x41,
0xc5,0x51,0xc5,0x59,0xa5,0x49,0x64,0x49,0x65,0x39,0x44,0x39,0x24,0x29,0x24,0x31,
0x24,0x39,0x44,0x41,0x85,0x39,0xe3,0x28,0xa2,0x18,0x04,0x29,0x65,0x39,0x44,0x39,
0x24,0x31,0x03,0x31,0xc3,0x18,0x51,0x94,0x72,0x8c,0x7e,0xf7,0xbf,0xf7,0x9e,0xf7,
0x9e,0xef,0x00,0x00,0x00,0x00,0x00,0x00,0x00,0x00,0x00,0x00,0x00,0x00,0x00,0x00,
0x00,0x00,0x00,0x00,0x00,0x00,0x00,0x00,0x00,0x00,0x00,0x00,0x00,0x00,0xff,0xff,
0xff,0xff,0xff,0xff,0xff,0xff,0x9e,0xef,0x9e,0xf7,0xbe,0xf7,0xbe,0xff,0x45,0x29,
0x44,0x31,0x65,0x31,0x24,0x31,0x61,0x10,0x9e,0xf7,0x39,0xc6,0xe3,0x30,0x85,0x39,
0xa4,0x59,0xc5,0x51,0xa4,0x51,0x64,0x41,0x03,0x29,0x65,0x31,0xae,0x83,0x24,0x29,
0x23,0x39,0x64,0x39,0x24,0x29,0xbe,0xf7,0x7d,0xf7,0x51,0x8c,0x44,0x31,0x45,0x31,
0x24,0x31,0x24,0x29,0xbe,0xff,0xff,0xff,0xdf,0xff,0x7e,0xef,0x9e,0xf7,0xbe,0xf7,
0x9d,0xf7,0x00,0x00,0x00,0x00,0x00,0x00,0x00,0x00,0x00,0x00,0x00,0x00,0x00,0x00,
0x00,0x00,0x00,0x00,0x00,0x00,0x00,0x00,0x00,0x00,0x00,0x00,0x00,0x00,0xff,0xff,
0xff,0xff,0xff,0xff,0xff,0xff,0x7e,0xf7,0x9e,0xf7,0x7e,0xf7,0x7e,0xef,0x7d,0xf7,
0xdf,0xff,0xbe,0xff,0xbf,0xf7,0xbe,0xff,0xff,0xff,0xdf,0xff,0x3d,0xe7,0xe4,0x20,
0x45,0x29,0x04,0x31,0x04,0x21,0x24,0x29,0xff,0xff,0xdf,0xff,0xff,0xff,0xbf,0xff,
0xbf,0xf7,0xbf,0xff,0x7e,0xef,0x5d,0xef,0x9e,0xef,0x9e,0xf7,0x9e,0xef,0x9e,0xf7,
0xbf,0xf7,0xbe,0xff,0xff,0xff,0xdf,0xff,0xff,0xff,0x7e,0xf7,0x9e,0xf7,0x9e,0xf7,
0x9e,0xef,0x00,0x00,0x00,0x00,0x00,0x00,0x00,0x00,0x00,0x00,0x00,0x00,0x00,0x00,
0x00,0x00,0x00,0x00,0x00,0x00,0x00,0x00,0x00,0x00,0x00,0x00,0x00,0x00,0xff,0xff,
0xff,0xff,0xff,0xff,0xff,0xff,0x9e,0xf7,0x9e,0xf7,0x9e,0xf7,0x7d,0xf7,0x9e,0xf7,
0xff,0xff,0xff,0xff,0xdf,0xff,0xff,0xff,0xff,0xff,0xff,0xff,0x5c,0xef,0x92,0x94,
0x51,0x94,0x51,0x8c,0x30,0x8c,0x71,0x8c,0xff,0xff,0xff,0xff,0xdf,0xff,0xff,0xff,
0xdf,0xff,0xff,0xff,0x7d,0xf7,0x7e,0xef,0x7d,0xf7,0xbe,0xf7,0x9d,0xf7,0xbe,0xf7,
0xff,0xff,0xff,0xff,0xff,0xff,0xff,0xff,0xff,0xff,0x9e,0xf7,0x9d,0xf7,0xbe,0xf7,
0x9d,0xf7,0x00,0x00,0x00,0x00,0x00,0x00,0x00,0x00,0x00,0x00,0x00,0x00,0x00,0x00,
0x00,0x00,0x00,0x00,0x00,0x00,0x00,0x00,0x00,0x00,0x00,0x00,0x00,0x00,0xdf,0xff,
0xdf,0xf7,0xbf,0xff,0xdf,0xf7,0xbe,0xff,0xbf,0xf7,0xbe,0xff,0xbf,0xf7,0x9e,0xf7,
0xdf,0xff,0xbf,0xff,0xdf,0xf7,0xbf,0xff,0xdf,0xf7,0xbe,0xff,0xbf,0xf7,0x9e,0xf7,
0xbf,0xf7,0x9e,0xf7,0xbf,0xf7,0xbe,0xff,0xff,0xff,0xbf,0xff,0xbf,0xf7,0xbe,0xff,
0xbf,0xf7,0x9e,0xf7,0xbf,0xf7,0xbe,0xff,0xbf,0xf7,0xdf,0xff,0xbf,0xf7,0x9e,0xf7,
0xbf,0xf7,0xdf,0xff,0xdf,0xff,0xbf,0xff,0xdf,0xf7,0xbe,0xff,0xbf,0xf7,0xbe,0xff,
0xbf,0xf7,0x00,0x00,0x00,0x00,0x00,0x00,0x00,0x00,0x00,0x00,0x00,0x00,0x00,0x00,
0x00,0x00,0x00,0x00,0x00,0x00,0x00,0x00,0x00,0x00,0x00,0x00,0x00,0x00,0xbe,0xf7,
0x9e,0xf7,0xbe,0xf7,0x9d,0xf7,0xff,0xff,0xff,0xff,0xff,0xff,0xff,0xff,0xff,0xff,
0xbe,0xff,0xbe,0xf7,0x7d,0xf7,0x9e,0xf7,0x9e,0xf7,0xbe,0xf7,0xff,0xff,0xff,0xff,
0xdf,0xff,0xff,0xff,0xff,0xff,0xff,0xff,0x9d,0xf7,0x9e,0xf7,0x7d,0xf7,0x9e,0xf7,
0x7d,0xf7,0x9e,0xef,0xff,0xff,0xff,0xff,0xff,0xff,0xff,0xff,0xff,0xff,0xbf,0xf7,
0x9e,0xf7,0xbe,0xf7,0x9e,0xff,0x9e,0xf7,0x9d,0xf7,0xff,0xff,0xff,0xff,0xff,0xff,
0xff,0xff,0x00,0x00,0x00,0x00,0x00,0x00,0x00,0x00,0x00,0x00,0x00,0x00,0x00,0x00,
0x00,0x00,0x00,0x00,0x00,0x00,0x00,0x00,0x00,0x00,0x00,0x00,0x00,0x00,0x9e,0xf7,
0xbf,0xf7,0x9e,0xf7,0x9e,0xf7,0xff,0xff,0xff,0xff,0xff,0xff,0xff,0xff,0xff,0xff,
0xbf,0xf7,0x9e,0xf7,0x9e,0xef,0x7e,0xf7,0xbf,0xf7,0x9e,0xf7,0xff,0xff,0xff,0xff,
0xff,0xff,0xff,0xff,0xff,0xff,0xff,0xff,0x9e,0xef,0x7e,0xf7,0x9e,0xef,0x7e,0xf7,
0x9e,0xf7,0x7e,0xf7,0xff,0xff,0xff,0xff,0xff,0xff,0xff,0xff,0xff,0xff,0xbe,0xff,
0xbf,0xf7,0x9e,0xf7,0xbf,0xf7,0x7e,0xf7,0x9e,0xef,0xff,0xff,0xff,0xff,0xff,0xff,
0xff,0xff,0x00,0x00,0x00,0x00,0x00,0x00,0x00,0x00,0x00,0x00,0x00,0x00,0x00,0x00,
0x00,0x00,0x00,0x00,0x00,0x00,0x00,0x00,0x00,0x00,0x00,0x00,0x00,0x00,0xbe,0xf7,
0x9e,0xff,0xbe,0xf7,0x9e,0xf7,0xff,0xff,0xff,0xff,0xff,0xff,0xff,0xff,0xff,0xff,
0xbe,0xff,0x9e,0xf7,0x7d,0xf7,0xbe,0xf7,0x9e,0xf7,0xbe,0xf7,0xff,0xff,0xff,0xff,
0xff,0xff,0xff,0xff,0xff,0xff,0xff,0xff,0x9d,0xf7,0x9e,0xf7,0x7d,0xf7,0x9e,0xf7,
0x9e,0xff,0xbe,0xf7,0xff,0xff,0xff,0xff,0xff,0xff,0xff,0xff,0xff,0xff,0xdf,0xf7,
0x9e,0xf7,0xbe,0xf7,0x9e,0xf7,0xbe,0xf7,0x9e,0xff,0xff,0xff,0xff,0xff,0xff,0xff,
0xff,0xff,0x00,0x00,0x00,0x00,0x00,0x00,0x00,0x00,0x00,0x00,0x00,0x00,0x00,0x00,
0x00,0x00,0x00,0x00,0x00,0x00,0x00,0x00,0x00,0x00,0x00,0x00,0x00,0x00,0x9e,0xf7,
0x9e,0xf7,0x9e,0xf7,0x9e,0xf7,0xdf,0xff,0xff,0xff,0xff,0xff,0xff,0xff,0xff,0xff,
0xbf,0xf7,0x9e,0xf7,0x9e,0xef,0x7e,0xf7,0xbf,0xf7,0x9e,0xf7,0xff,0xff,0xdf,0xff,
0xff,0xff,0xff,0xff,0xff,0xff,0xff,0xff,0x9e,0xef,0x7e,0xf7,0x9e,0xef,0x7e,0xf7,
0xbf,0xf7,0x7e,0xf7,0xff,0xff,0xff,0xff,0xff,0xff,0xff,0xff,0xff,0xff,0xbf,0xff,
0x9e,0xef,0x7e,0xf7,0x9e,0xef,0x7e,0xf7,0xbf,0xf7,0xff,0xff,0xff,0xff,0xff,0xff,
0xff,0xff,0x00,0x00,0x00,0x00,0x00,0x00,0x00,0x00,0x00,0x00,0x00,0x00,0x00,0x00,
0x00,0x00,0x00,0x00,0x00,0x00,0x00,0x00,0x00,0x00,0x00,0x00,0x00,0x00,0x00,0x00,
0x00,0x00,0x00,0x00,0x00,0x00,0x00,0x00,0x00,0x00,0x00,0x00,0x00,0x00,0x00,0x00,
0x00,0x00,0x00,0x00,0x00,0x00,0x00,0x00,0x00,0x00,0x00,0x00,0x00,0x00,0x00,0x00,
0x00,0x00,0x00,0x00,0x00,0x00,0x00,0x00,0x00,0x00,0x00,0x00,0x00,0x00,0x00,0x00,
0x00,0x00,0x00,0x00,0x00,0x00,0x00,0x00,0x00,0x00,0x00,0x00,0x00,0x00,0x00,0x00,
0x00,0x00,0x00,0x00,0x00,0x00,0x00,0x00,0x00,0x00,0x00,0x00,0x00,0x00,0x00,0x00,
0x00,0x00,0x00,0x00,0x00,0x00,0x00,0x00,0x00,0x00,0x00,0x00,0x00,0x00,0x00,0x00,
0x00,0x00,0x00,0x00,0x00,0x00,0x00,0x00,0x00,0x00,0x00,0x00,0x00,0x00,0x00,0x00,
0x00,0x00,0x00,0x00,0x00,0x00,0x00,0x00,0x00,0x00,0x00,0x00,0x00,0x00,0x00,0x00,
0x00,0x00,0x00,0x00,0x00,0x00,0x00,0x00,0x00,0x00,0x00,0x00,0x00,0x00,0x00,0x00,
0x00,0x00,0x00,0x00,0x00,0x00,0x00,0x00,0x00,0x00,0x00,0x00,0x00,0x00,0x00,0x00,
0x00,0x00,0x00,0x00,0x00,0x00,0x00,0x00,0x00,0x00,0x00,0x00,0x00,0x00,0x00,0x00,
0x00,0x00,0x00,0x00,0x00,0x00,0x00,0x00,0x00,0x00,0x00,0x00,0x00,0x00,0x00,0x00,
0x00,0x00,0x00,0x00,0x00,0x00,0x00,0x00,0x00,0x00,0x00,0x00,0x00,0x00,0x00,0x00,
0x00,0x00,0x00,0x00,0x00,0x00,0x00,0x00,0x00,0x00,0x00,0x00,0x00,0x00,0x00,0x00,
0x00,0x00,0x00,0x00,0x00,0x00,0x00,0x00,0x00,0x00,0x00,0x00,0x00,0x00,0x00,0x00,
0x00,0x00,0x00,0x00,0x00,0x00,0x00,0x00,0x00,0x00,0x00,0x00,0x00,0x00,0x00,0x00,
0x00,0x00,0x00,0x00,0x00,0x00,0x00,0x00,0x00,0x00,0x00,0x00,0x00,0x00,0x00,0x00,
0x00,0x00,0x00,0x00,0x00,0x00,0x00,0x00,0x00,0x00,0x00,0x00,0x00,0x00,0x00,0x00,
0x00,0x00,0x00,0x00,0x00,0x00,0x00,0x00,0x00,0x00,0x00,0x00,0x00,0x00,0x00,0x00,
0x00,0x00,0x00,0x00,0x00,0x00,0x00,0x00,0x00,0x00,0x00,0x00,0x00,0x00,0x00,0x00,
0x00,0x00,0x00,0x00,0x00,0x00,0x00,0x00,0x00,0x00,0x00,0x00,0x00,0x00,0x00,0x00,
0x00,0x00,0x00,0x00,0x00,0x00,0x00,0x00,0x00,0x00,0x00,0x00,0x00,0x00,0x00,0x00,
0x00,0x00,0x00,0x00,0x00,0x00,0x00,0x00,0x00,0x00,0x00,0x00,0x00,0x00,0x00,0x00,
0x00,0x00,0x00,0x00,0x00,0x00,0x00,0x00,0x00,0x00,0x00,0x00,0x00,0x00,0x00,0x00,
0x00,0x00,0x00,0x00,0x00,0x00,0x00,0x00,0x00,0x00,0x00,0x00,0x00,0x00,0x00,0x00,
0x00,0x00,0x00,0x00,0x00,0x00,0x00,0x00,0x00,0x00,0x00,0x00,0x00,0x00,0x00,0x00,
0x00,0x00,0x00,0x00,0x00,0x00,0x00,0x00,0x00,0x00,0x00,0x00,0x00,0x00,0x00,0x00,
0x00,0x00,0x00,0x00,0x00,0x00,0x00,0x00,0x00,0x00,0x00,0x00,0x00,0x00,0x00,0x00,
0x00,0x00,0x00,0x00,0x00,0x00,0x00,0x00,0x00,0x00,0x00,0x00,0x00,0x00,0x00,0x00,
0x00,0x00,0x00,0x00,0x00,0x00,0x00,0x00,0x00,0x00,0x00,0x00,0x00,0x00,0x00,0x00,
0x00,0x00,0x00,0x00,0x00,0x00,0x00,0x00,0x00,0x00,0x00,0x00,0x00,0x00,0x00,0x00,
0x00,0x00,0x00,0x00,0x00,0x00,0x00,0x00,0x00,0x00,0x00,0x00,0x00,0x00,0x00,0x00,
0x00,0x00,0x00,0x00,0x00,0x00,0x00,0x00,0x00,0x00,0x00,0x00,0x00,0x00,0x00,0x00,
0x00,0x00,0x00,0x00,0x00,0x00,0x00,0x00,0x00,0x00,0x00,0x00,0x00,0x00,0x00,0x00,
0x00,0x00,0x00,0x00,0x00,0x00,0x00,0x00,0x00,0x00,0x00,0x00,0x00,0x00,0x00,0x00,
0x00,0x00,0x00,0x00,0x00,0x00,0x00,0x00,0x00,0x00,0x00,0x00,0x00,0x00,0x00,0x00,
0x00,0x00,0x00,0x00,0x00,0x00,0x00,0x00,0x00,0x00,0x00,0x00,0x00,0x00,0x00,0x00,
0x00,0x00,0x00,0x00,0x00,0x00,0x00,0x00,0x00,0x00,0x00,0x00,0x00,0x00,0x00,0x00,
0x00,0x00,0x00,0x00,0x00,0x00,0x00,0x00,0x00,0x00,0x00,0x00,0x00,0x00,0x00,0x00,
0x00,0x00,0x00,0x00,0x00,0x00,0x00,0x00,0x00,0x00,0x00,0x00,0x00,0x00,0x00,0x00,
0x00,0x00,0x00,0x00,0x00,0x00,0x00,0x00,0x00,0x00,0x00,0x00,0x00,0x00,0x00,0x00,
0x00,0x00,0x00,0x00,0x00,0x00,0x00,0x00,0x00,0x00,0x00,0x00,0x00,0x00,0x00,0x00,
0x00,0x00,0x00,0x00,0x00,0x00,0x00,0x00,0x00,0x00,0x00,0x00,0x00,0x00,0xff,0x00,
0x00,0x00,0x00,0x00,0x00,0x00,0x00,0x00,0x00,0x00,0x00,0x00,0x00,0x00,0x00,0x00,
0x00,0x00,0x00,0x00,0x00,0x00,0x00,0x00,0x00,0x00,0x00,0x00,0x00,0x00,0x00,0x00,
0x00,0x00,0x00,0x00,0x00,0x00,0x00,0x00,0x00,0x00,0x00,0x00,0x00,0x00,0x00,0x00,
0x00,0x00,0x00,0x00,0x00,0xff,0xff,0xff,0xff,0xff,0x00,0x00,0x00,0x00,0x00,0x00,
0x00,0x00,0x00,0x00,0x00,0x00,0x00,0x00,0x00,0x00,0x00,0x00,0x00,0x00,0x00,0x00,
0x00,0x00,0x00,0x00,0x00,0x00,0x00,0x00,0x00,0x00,0x00,0x00,0x00,0x00,0x00,0x00,
0x00,0x00,0x00,0x00,0x00,0x00,0xff,0xff,0xff,0xff,0xff,0x00,0xff,0xff,0xff,0xff,
0xff,0xff,0xff,0xff,0xff,0x00,0x00,0x00,0x00,0x00,0x00,0x00,0x00,0x00,0x00,0x00,
0x00,0x00,0x00,0x00,0x00,0x00,0x00,0x00,0x00,0x00,0x00,0x00,0x00,0x00,0x00,0x00,
0x00,0x00,0x00,0x00,0x00,0x00,0x00,0x00,0x00,0xff,0xff,0xff,0xff,0xff,0xff,0xff,
0xff,0xff,0xff,0xff,0xff,0xff,0xff,0xff,0xff,0xff,0xff,0xff,0xff,0xff,0xff,0x00,
0x00,0x00,0x00,0x00,0x00,0x00,0x00,0x00,0x00,0x00,0x00,0x00,0x00,0x00,0x00,0x00,
0x00,0x00,0x00,0x00,0x00,0x00,0x00,0x00,0x00,0x00,0x00,0x00,0x00,0x00,0x00,0xff,
0x00,0xff,0xff,0xff,0xff,0xff,0xff,0xff,0xff,0xff,0xff,0xff,0xff,0xff,0xff,0xff,
0xff,0xff,0xff,0xff,0xff,0xff,0xff,0x00,0x00,0x00,0x00,0x00,0x00,0x00,0x00,0x00,
0x00,0x00,0x00,0x00,0x00,0x00,0x00,0x00,0x00,0x00,0x00,0x00,0x00,0x00,0x00,0x00,
0x00,0x00,0x00,0x00,0x00,0x00,0x00,0xff,0xff,0xff,0xff,0xff,0xff,0xff,0xff,0xff,
0xff,0xff,0xff,0xff,0xff,0xff,0xff,0xff,0xff,0xff,0xff,0xff,0xff,0xff,0xff,0xff,
0xff,0xff,0x00,0x00,0x00,0x00,0x00,0x00,0x00,0x00,0x00,0x00,0x00,0x00,0x00,0x00,
0x00,0x00,0x00,0x00,0x00,0x00,0x00,0x00,0x00,0x00,0x00,0x00,0x00,0xff,0xff,0xff,
0xff,0xff,0xff,0xff,0xff,0xff,0xff,0xff,0xff,0xff,0xff,0xff,0xff,0xff,0xff,0xff,
0xff,0xff,0xff,0xff,0xff,0xff,0xff,0xff,0xff,0xff,0xff,0xff,0xff,0x00,0x00,0x00,
0x00,0x00,0x00,0x00,0x00,0x00,0x00,0x00,0x00,0x00,0x00,0x00,0x00,0x00,0x00,0x00,
0x00,0x00,0x00,0x00,0x00,0xff,0xff,0xff,0xff,0xff,0xff,0xff,0xff,0xff,0xff,0xff,
0xff,0xff,0xff,0xff,0xff,0xff,0xff,0xff,0xff,0xff,0xff,0xff,0xff,0xff,0xff,0xff,
0xff,0xff,0xff,0xff,0xff,0x00,0x00,0x00,0x00,0x00,0x00,0x00,0x00,0x00,0x00,0x00,
0x00,0x00,0x00,0x00,0x00,0x00,0x00,0x00,0x00,0x00,0x00,0x00,0xff,0xff,0xff,0xff,
0xff,0xff,0xff,0xff,0xff,0xff,0xff,0xff,0xff,0xff,0xff,0xff,0xff,0xff,0xff,0xff,
0xff,0xff,0xff,0xff,0xff,0xff,0xff,0xff,0xff,0xff,0xff,0xff,0xff,0x00,0x00,0x00,
0x00,0x00,0x00,0x00,0x00,0x00,0x00,0x00,0x00,0x00,0x00,0x00,0x00,0x00,0x00,0x00,
0x00,0x00,0x00,0xff,0xff,0xff,0xff,0xff,0xff,0xff,0xff,0xff,0xff,0xff,0xff,0xff,
0xff,0xff,0xff,0xff,0xff,0xff,0xff,0xff,0xff,0xff,0xff,0xff,0xff,0xff,0xff,0xff,
0xff,0xff,0xff,0xff,0xff,0xff,0xff,0x00,0x00,0x00,0x00,0x00,0x00,0x00,0x00,0x00,
0x00,0x00,0x00,0x00,0x00,0x00,0x00,0x00,0x00,0x00,0x00,0xff,0xff,0xff,0xff,0xff,
0xff,0xff,0xff,0xff,0xff,0xff,0xff,0xff,0xff,0xff,0xff,0xff,0xff,0xff,0xff,0xff,
0xff,0xff,0xff,0xff,0xff,0xff,0xff,0xff,0xff,0xff,0xff,0xff,0xff,0xff,0xff,0x00,
0x00,0x00,0x00,0x00,0x00,0x00,0x00,0x00,0x00,0x00,0x00,0x00,0x00,0x00,0x00,0x00,
0x00,0x00,0x00,0xff,0xff,0xff,0xff,0xff,0xff,0xff,0xff,0xff,0xff,0xff,0xff,0xff,
0xff,0xff,0xff,0xff,0xff,0xff,0xff,0xff,0xff,0xff,0xff,0xff,0xff,0xff,0xff,0xff,
0xff,0xff,0xff,0xff,0xff,0xff,0xff,0x00,0x00,0x00,0x00,0x00,0x00,0x00,0x00,0x00,
0x00,0x00,0x00,0x00,0x00,0x00,0x00,0x00,0x00,0x00,0x00,0xff,0xff,0xff,0xff,0xff,
0xff,0xff,0xff,0xff,0xff,0xff,0xff,0xff,0xff,0xff,0xff,0xff,0xff,0xff,0xff,0xff,
0xff,0xff,0xff,0xff,0xff,0xff,0xff,0xff,0xff,0xff,0xff,0xff,0xff,0xff,0xff,0x00,
0x00,0x00,0x00,0x00,0x00,0x00,0x00,0x00,0x00,0x00,0x00,0x00,0x00,0x00,0x00,0x00,
0x00,0x00,0x00,0x00,0xff,0xff,0xff,0xff,0xff,0xff,0xff,0xff,0xff,0xff,0xff,0xff,
0xff,0xff,0xff,0xff,0xff,0xff,0xff,0xff,0xff,0xff,0xff,0xff,0xff,0xff,0xff,0xff,
0xff,0xff,0xff,0xff,0xff,0xff,0xff,0x00,0x00,0x00,0x00,0x00,0x00,0x00,0x00,0x00,
0x00,0x00,0x00,0x00,0x00,0x00,0x00,0x00,0x00,0x00,0x00,0xff,0xff,0xff,0xff,0xff,
0xff,0xff,0xff,0xff,0xff,0xff,0xff,0xff,0xff,0xff,0xff,0xff,0xff,0xff,0xff,0xff,
0xff,0xff,0xff,0xff,0xff,0xff,0xff,0xff,0xff,0xff,0xff,0xff,0xff,0xff,0x00,0x00,
0x00,0x00,0x00,0x00,0x00,0x00,0x00,0x00,0x00,0x00,0x00,0x00,0x00,0x00,0x00,0x00,
0x00,0x00,0xff,0xff,0xff,0xff,0xff,0xff,0xff,0xff,0xff,0xff,0xff,0xff,0xff,0xff,
0xff,0xff,0xff,0xff,0xff,0xff,0xff,0xff,0xff,0xff,0xff,0xff,0xff,0xff,0xff,0xff,
0xff,0xff,0xff,0xff,0xff,0xff,0xff,0x00,0x00,0x00,0x00,0x00,0x00,0x00,0x00,0x00,
0x00,0x00,0x00,0x00,0x00,0x00,0x00,0x00,0x00,0x00,0x00,0xff,0xff,0xff,0xff,0xff,
0xff,0xff,0xff,0xff,0xff,0xff,0xff,0xff,0xff,0xff,0xff,0xff,0xff,0xff,0xff,0xff,
0xff,0xff,0xff,0xff,0xff,0xff,0xff,0xff,0xff,0xff,0xff,0xff,0xff,0xff,0xff,0x00,
0x00,0x00,0x00,0x00,0x00,0x00,0x00,0x00,0x00,0x00,0x00,0x00,0x00,0x00,0x00,0x00,
0x00,0x00,0x00,0xff,0xff,0xff,0xff,0xff,0xff,0xff,0xff,0xff,0xff,0xff,0xff,0xff,
0xff,0xff,0xff,0xff,0xff,0xff,0xff,0xff,0xff,0xff,0xff,0xff,0xff,0xff,0xff,0xff,
0xff,0xff,0xff,0xff,0xff,0xff,0xff,0xff,0x00,0x00,0x00,0x00,0x00,0x00,0x00,0x00,
0x00,0x00,0x00,0x00,0x00,0x00,0x00,0x00,0x00,0x00,0x00,0xff,0xff,0xff,0xff,0xff,
0xff,0xff,0xff,0xff,0xff,0xff,0xff,0xff,0xff,0xff,0xff,0xff,0xff,0xff,0xff,0xff,
0xff,0xff,0xff,0xff,0xff,0xff,0xff,0xff,0xff,0xff,0xff,0xff,0xff,0xff,0xff,0xff,
0x00,0x00,0x00,0x00,0x00,0x00,0x00,0x00,0x00,0x00,0x00,0x00,0x00,0x00,0x00,0x00,
0x00,0x00,0x00,0x00,0xff,0xff,0xff,0xff,0xff,0xff,0xff,0xff,0xff,0xff,0xff,0xff,
0xff,0xff,0xff,0xff,0xff,0xff,0xff,0xff,0xff,0xff,0xff,0xff,0xff,0xff,0xff,0xff,
0xff,0xff,0xff,0xff,0xff,0xff,0xff,0xff,0x00,0x00,0x00,0x00,0x00,0x00,0x00,0x00,
0x00,0x00,0x00,0x00,0x00,0x00,0x00,0x00,0x00,0x00,0x00,0x00,0xff,0xff,0xff,0xff,
0xff,0xff,0xff,0xff,0xff,0xff,0xff,0xff,0xff,0xff,0xff,0xff,0xff,0xff,0xff,0xff,
0xff,0xff,0xff,0xff,0xff,0xff,0xff,0xff,0xff,0xff,0xff,0xff,0xff,0xff,0xff,0xff,
0x00,0x00,0x00,0x00,0x00,0x00,0x00,0x00,0x00,0x00,0x00,0x00,0x00,0x00,0x00,0x00,
0x00,0x00,0x00,0x00,0xff,0xff,0xff,0xff,0xff,0xff,0xff,0xff,0xff,0xff,0xff,0xff,
0xff,0xff,0xff,0xff,0xff,0xff,0xff,0xff,0xff,0xff,0xff,0xff,0xff,0xff,0xff,0xff,
0xff,0xff,0xff,0xff,0xff,0xff,0xff,0xff,0x00,0x00,0x00,0x00,0x00,0x00,0x00,0x00,
0x00,0x00,0x00,0x00,0x00,0x00,0x00,0x00,0x00,0x00,0xff,0xff,0xff,0xff,0xff,0xff,
0xff,0xff,0xff,0xff,0xff,0xff,0xff,0xff,0xff,0xff,0xff,0xff,0xff,0xff,0xff,0xff,
0xff,0xff,0xff,0xff,0xff,0xff,0xff,0xff,0xff,0xff,0xff,0xff,0xff,0xff,0xff,0x00,
0x00,0x00,0x00,0x00,0x00,0x00,0x00,0x00,0x00,0x00,0x00,0x00,0x00,0x00,0x00,0x00,
0x00,0x00,0xff,0xff,0xff,0xff,0xff,0xff,0xff,0xff,0xff,0xff,0xff,0xff,0xff,0xff,
0xff,0xff,0xff,0xff,0xff,0xff,0xff,0xff,0xff,0xff,0xff,0xff,0xff,0xff,0xff,0xff,
0xff,0xff,0xff,0xff,0xff,0xff,0xff,0xff,0x00,0x00,0x00,0x00,0x00,0x00,0x00,0x00,
0x00,0x00,0x00,0x00,0x00,0x00,0x00,0x00,0x00,0x00,0xff,0xff,0xff,0xff,0xff,0xff,
0xff,0xff,0xff,0xff,0xff,0xff,0xff,0xff,0xff,0xff,0xff,0xff,0xff,0xff,0xff,0xff,
0xff,0xff,0xff,0xff,0xff,0xff,0xff,0xff,0xff,0xff,0xff,0xff,0xff,0xff,0xff,0xff,
0x00,0x00,0x00,0x00,0x00,0x00,0x00,0x00,0x00,0x00,0x00,0x00,0x00,0x00,0x00,0x00,
0x00,0x00,0xff,0xff,0xff,0xff,0xff,0xff,0xff,0xff,0xff,0xff,0xff,0xff,0xff,0xff,
0xff,0xff,0xff,0xff,0xff,0xff,0xff,0xff,0xff,0xff,0xff,0xff,0xff,0xff,0xff,0xff,
0xff,0xff,0xff,0xff,0xff,0xff,0xff,0xff,0x00,0x00,0x00,0x00,0x00,0x00,0x00,0x00,
0x00,0x00,0x00,0x00,0x00,0x00,0x00,0x00,0x00,0x00,0xff,0xff,0xff,0xff,0xff,0xff,
0xff,0xff,0xff,0xff,0xff,0xff,0xff,0xff,0xff,0xff,0xff,0xff,0xff,0xff,0xff,0xff,
0xff,0xff,0xff,0xff,0xff,0xff,0xff,0xff,0xff,0xff,0xff,0xff,0xff,0xff,0xff,0xff,
0x00,0x00,0x00,0x00,0x00,0x00,0x00,0x00,0x00,0x00,0x00,0x00,0x00,0x00,0x00,0x00,
0x00,0x00,0xff,0xff,0xff,0xff,0xff,0xff,0xff,0xff,0xff,0xff,0xff,0xff,0xff,0xff,
0xff,0xff,0xff,0xff,0xff,0xff,0xff,0xff,0xff,0xff,0xff,0xff,0xff,0xff,0xff,0xff,
0xff,0xff,0xff,0xff,0xff,0xff,0xff,0xff,0x00,0x00,0x00,0x00,0x00,0x00,0x00,0x00,
0x00,0x00,0x00,0x00,0x00,0x00,0x00,0x00,0x00,0x00,0xff,0xff,0xff,0xff,0xff,0xff,
0xff,0xff,0xff,0xff,0xff,0xff,0xff,0xff,0xff,0xff,0xff,0xff,0xff,0xff,0xff,0xff,
0xff,0xff,0xff,0xff,0xff,0xff,0xff,0xff,0xff,0xff,0xff,0xff,0xff,0xff,0xff,0xff,
0x00,0x00,0x00,0x00,0x00,0x00,0x00,0x00,0x00,0x00,0x00,0x00,0x00,0x00,0x00,0x00,
0x00,0x00,0x00,0xff,0xff,0xff,0xff,0xff,0xff,0xff,0xff,0xff,0xff,0xff,0xff,0xff,
0xff,0xff,0xff,0xff,0xff,0xff,0xff,0xff,0xff,0xff,0xff,0xff,0xff,0xff,0xff,0xff,
0xff,0xff,0xff,0xff,0xff,0xff,0xff,0x00,0x00,0x00,0x00,0x00,0x00,0x00,0x00,0x00,
0x00,0x00,0x00,0x00,0x00,0x00,0x00,0x00,0x00,0x00,0x00,0x00,0x00,0xff,0xff,0xff,
0xff,0xff,0xff,0xff,0xff,0xff,0xff,0xff,0xff,0xff,0xff,0xff,0xff,0xff,0xff,0xff,
0xff,0xff,0xff,0xff,0xff,0xff,0xff,0xff,0xff,0xff,0xff,0xff,0xff,0x00,0x00,0x00,
0x00,0x00,0x00,0x00,0x00,0x00,0x00,0x00,0x00,0x00,0x00,0x00,0x00,0x00,0x00,0x00,
0x00,0x00,0x00,0x00,0x00,0xff,0xff,0xff,0xff,0xff,0xff,0xff,0xff,0xff,0xff,0xff,
0xff,0xff,0xff,0xff,0xff,0xff,0xff,0xff,0xff,0xff,0xff,0xff,0xff,0xff,0xff,0xff,
0xff,0xff,0xff,0xff,0xff,0x00,0x00,0x00,0x00,0x00,0x00,0x00,0x00,0x00,0x00,0x00,
0x00,0x00,0x00,0x00,0x00,0x00,0x00,0x00,0x00,0x00,0x00,0x00,0x00,0x00,0x00,0xff,
0xff,0xff,0xff,0xff,0x00,0xff,0xff,0xff,0xff,0xff,0xff,0xff,0xff,0xff,0xff,0xff,
0xff,0xff,0xff,0x00,0x00,0xff,0xff,0xff,0xff,0xff,0x00,0x00,0x00,0x00,0x00,0x00,
0x00,0x00,0x00,0x00,0x00,0x00,0x00,0x00,0x00,0x00,0x00,0x00,0x00,0x00,0x00,0x00,
0x00,0x00,0x00,0x00,0x00,0x00,0x00,0x00,0x00,0x00,0x00,0x00,0x00,0x00,0x00,0xff,
0xff,0xff,0xff,0xff,0x00,0x00,0x00,0x00,0x00,0x00,0x00,0x00,0x00,0x00,0x00,0x00,
0x00,0x00,0x00,0x00,0x00,0x00,0x00,0x00,0x00,0x00,0x00,0x00,0x00,0x00,0x00,0x00,
0x00,0x00,0x00,0x00,0x00,0x00,0x00,0x00,0x00,0x00,0x00,0x00,0x00,0x00,0x00,0x00,
0x00,0x00,0x00,0x00,0x00,0x00,0x00,0xff,0xff,0xff,0xff,0xff,0x00,0x00,0x00,0x00,
0x00,0x00,0x00,0x00,0x00,0x00,0x00,0x00,0x00,0x00,0x00,0x00,0x00,0x00,0x00,0x00,
0x00,0x00,0x00,0x00,0x00,0x00,0x00,0x00,0x00,0x00,0x00,0x00,0x00,0x00,0x00,0x00,
0x00,0x00,0x00,0x00,0x00,0x00,0x00,0x00,0x00,0x00,0x00,0x00,0x00,0x00,0x00,0x00,
0x00,0x00,0x00,0x00,0x00,0x00,0x00,0x00,0x00,0x00,0x00,0x00,0x00,0x00,0x00,0x00,
0x00,0x00,0x00,0x00,0x00,0x00,0x00,0x00,0x00,0x00,0x00,0x00,0x00,0x00,0x00,0x00,
0x00,0x00,0x00,0x00,0x00,0x00,0x00,0x00,0x00,0x00,0x00,0x00,0x00,0x00,0x00,0x00,
0x00,0x00,0x00,0x00,0x00,0x00,0x00,0x00,0x00,0x00,0x00,0x00,0x00,0x00,0x00,0x00,
0x00,0x00,0x00,0x00,0x00,0x00,0x00,0x00,0x00,0x00,0x00,0x00,0x00,0x00,0x00,0x00,
0x00,0x00,0x00,0x00,0x00,0x00,0x00,0x00,0x00,0x00,0x00,0x00,0x00,0x00,0x00,0x00,
0x00,0x00,0x00,0x00,0x00,0x00,0x00,0x00,0x00,0x00,0x00,0x00,0x00,0x00,0x00,0x00,
0x00,0x00,0x00,0x00,0x00,0x00,0x00,0x00,0x00,0x00,0x00,0x00,0x00,0x00,0x00,0x00,
0x00,0x00,0x00,0x00,0x00,0x00,0x00,0x00,0x00,0x00,0x00,0x00,0x00,0x00,0x00,0x00,
0x00,0x00,0x00,0x00,0x00,0x00,0x00,0x00,0x00,0x00,0x00,0x00,0x00,0x00,0x00,0x00,
0x00,0x00,0x00,0x00,0x00,0x00,0x00,0x00,0x00,0x00,0x00,0x00,0x00,0x00,0x00,0x00,
0x00,0x00,0x00,0x00,0x00,0x00,0x00,0x00,0x00,0x00,0x00,0x00,0x00,0x00,0x00,0x00,
0x00,0x00,0x00,0x00,0x00,0x00,0x00,0x00,0x00,0x00,0x00,0x00,0x00,0x00,0x00,0x00,
0x00,0x00,0x00,0x00,0x00,0x00,0x00,0x00,0x00,0x00,0x00,0x00,0x00,0x00,0x00,0x00,
0x00,0x00,0x00,0x00,0x00,0x00,0x00,0x00,0x00,0x00,0x00,0x00,0x00,0x00,0x00,0x00,
0x00,0x00,0x00,0x00,0x00,0x00,0x00,0x00,0x00,0x00,0x00,0x00,0x00,0x00,0x00,0x00,

};
static const lv_image_dsc_t s_farm_wheat_0 = {
    .header.magic = LV_IMAGE_HEADER_MAGIC,
    .header.cf = LV_COLOR_FORMAT_RGB565A8,
    .header.flags = 0,
    .header.w = 56,
    .header.h = 52,
    .header.stride = 112,
    .data_size = sizeof(s_farm_wheat_0_map),
    .data = s_farm_wheat_0_map,
};

static const LV_ATTRIBUTE_MEM_ALIGN LV_ATTRIBUTE_LARGE_CONST uint8_t s_farm_wheat_1_map[] = {
0x00,0x00,0x00,0x00,0x00,0x00,0x00,0x00,0x00,0x00,0x00,0x00,0x00,0x00,0xff,0xff,
0xff,0xff,0xff,0xff,0xbe,0xff,0x9e,0xf7,0x9d,0xf7,0xbe,0xf7,0x9d,0xf7,0x9e,0xf7,
0xff,0xff,0xff,0xff,0xff,0xff,0xff,0xff,0xff,0xff,0xff,0xff,0x9d,0xf7,0x9e,0xf7,
0x9d,0xf7,0x9e,0xf7,0x9e,0xf7,0xdf,0xf7,0xff,0xff,0xff,0xff,0xff,0xff,0xff,0xff,
0xff,0xff,0xbe,0xf7,0x7d,0xf7,0x9e,0xf7,0x9d,0xf7,0x9e,0xf7,0x9e,0xf7,0xff,0xff,
0xff,0xff,0xff,0xff,0xff,0xff,0xff,0xff,0xff,0xff,0xbe,0xf7,0x7d,0xf7,0x9e,0xf7,
0x00,0x00,0x00,0x00,0x00,0x00,0x00,0x00,0x00,0x00,0x00,0x00,0x00,0x00,0x00,0x00,
0x00,0x00,0x00,0x00,0x00,0x00,0x00,0x00,0x00,0x00,0x00,0x00,0x00,0x00,0xff,0xff,
0xff,0xff,0xff,0xff,0xbf,0xf7,0x9e,0xf7,0x9e,0xef,0x7e,0xf7,0x9e,0xf7,0x7e,0xf7,
0xff,0xff,0xff,0xff,0xff,0xff,0xff,0xff,0xff,0xff,0xdf,0xff,0x9e,0xef,0x9e,0xf7,
0x9e,0xef,0x7e,0xf7,0x9e,0xf7,0xbe,0xff,0xff,0xff,0xff,0xff,0xff,0xff,0xff,0xff,
0xff,0xff,0x9e,0xf7,0x9e,0xef,0x7e,0xf7,0x9e,0xef,0x7e,0xf7,0x9e,0xf7,0xff,0xff,
0xff,0xff,0xff,0xff,0xff,0xff,0xff,0xff,0xff,0xff,0x7e,0xf7,0x9e,0xef,0x7e,0xf7,
0x00,0x00,0x00,0x00,0x00,0x00,0x00,0x00,0x00,0x00,0x00,0x00,0x00,0x00,0x00,0x00,
0x00,0x00,0x00,0x00,0x00,0x00,0x00,0x00,0x00,0x00,0x00,0x00,0x00,0x00,0xff,0xff,
0xff,0xff,0xff,0xff,0xbe,0xff,0xbe,0xf7,0x9d,0xf7,0x9e,0xf7,0x9d,0xf7,0x9e,0xf7,
0xff,0xff,0xff,0xff,0xff,0xff,0xff,0xff,0xff,0xff,0xff,0xff,0x9d,0xf7,0xbe,0xf7,
0x9e,0xf7,0x9e,0xf7,0x9d,0xf7,0xbf,0xf7,0xff,0xff,0xff,0xff,0xff,0xff,0xff,0xff,
0xff,0xff,0xbe,0xf7,0x7d,0xf7,0x9e,0xf7,0x9d,0xf7,0xbe,0xf7,0x9d,0xf7,0xff,0xff,
0xff,0xff,0xff,0xff,0xff,0xff,0xff,0xff,0xff,0xff,0x9e,0xf7,0x9e,0xf7,0x9e,0xf7,
0x00,0x00,0x00,0x00,0x00,0x00,0x00,0x00,0x00,0x00,0x00,0x00,0x00,0x00,0x00,0x00,
0x00,0x00,0x00,0x00,0x00,0x00,0x00,0x00,0x00,0x00,0x00,0x00,0x00,0x00,0xff,0xff,
0xff,0xff,0xff,0xff,0xbf,0xf7,0x9e,0xf7,0x9e,0xf7,0x7e,0xf7,0x9e,0xef,0x7e,0xf7,
0xff,0xff,0xff,0xff,0xff,0xff,0xff,0xff,0xff,0xff,0xff,0xff,0x9e,0xf7,0x9e,0xf7,
0x9e,0xf7,0x7e,0xf7,0x9e,0xf7,0xbe,0xff,0xff,0xff,0xff,0xff,0xff,0xff,0xdf,0xff,
0xff,0xff,0x9e,0xf7,0x9e,0xef,0x7e,0xf7,0x9e,0xef,0x9e,0xf7,0x9e,0xef,0xff,0xff,
0xff,0xff,0xff,0xff,0xff,0xff,0xdf,0xff,0xff,0xff,0x7e,0xf7,0x9e,0xf7,0x7e,0xf7,
0x00,0x00,0x00,0x00,0x00,0x00,0x00,0x00,0x00,0x00,0x00,0x00,0x00,0x00,0x00,0x00,
0x00,0x00,0x00,0x00,0x00,0x00,0x00,0x00,0x00,0x00,0x00,0x00,0x00,0x00,0x9e,0xf7,
0x9d,0xf7,0x9e,0xf7,0xbe,0xff,0xff,0xff,0xff,0xff,0xff,0xff,0xff,0xff,0xff,0xff,
0x7d,0xf7,0xbe,0xf7,0x7d,0xf7,0x9e,0xf7,0x9d,0xf7,0x9e,0xf7,0xff,0xff,0xff,0xff,
0xff,0xff,0xff,0xff,0xff,0xff,0xdf,0xff,0x9d,0xf7,0x9e,0xf7,0x7d,0xf7,0x9e,0xf7,
0x9e,0xf7,0xff,0xff,0xff,0xff,0xff,0xff,0xff,0xff,0xff,0xff,0xff,0xff,0x9e,0xf7,
0x9e,0xf7,0xbe,0xf7,0x9e,0xf7,0x9e,0xf7,0x7d,0xf7,0xff,0xff,0xff,0xff,0xff,0xff,
0x00,0x00,0x00,0x00,0x00,0x00,0x00,0x00,0x00,0x00,0x00,0x00,0x00,0x00,0x00,0x00,
0x00,0x00,0x00,0x00,0x00,0x00,0x00,0x00,0x00,0x00,0x00,0x00,0x00,0x00,0x7e,0xf7,
0x9e,0xef,0x9e,0xf7,0xbf,0xf7,0xff,0xff,0xff,0xff,0xff,0xff,0xff,0xff,0xff,0xff,
0x9e,0xef,0x7e,0xf7,0x9e,0xef,0x7e,0xf7,0x9e,0xef,0x9e,0xf7,0xff,0xff,0xff,0xff,
0xff,0xff,0xff,0xff,0xff,0xff,0xbf,0xff,0x9e,0xef,0x7e,0xf7,0x9e,0xef,0x7e,0xf7,
0xbf,0xf7,0xdf,0xff,0xff,0xff,0xdf,0xff,0xff,0xff,0xff,0xff,0xff,0xff,0x7d,0xf7,
0x9e,0xf7,0x7e,0xf7,0x9e,0xf7,0x7e,0xf7,0x7e,0xef,0xff,0xff,0xff,0xff,0xdf,0xff,
0x00,0x00,0x00,0x00,0x00,0x00,0x00,0x00,0x00,0x00,0x00,0x00,0x00,0x00,0x00,0x00,
0x00,0x00,0x00,0x00,0x00,0x00,0x00,0x00,0x00,0x00,0x00,0x00,0x00,0x00,0x9e,0xf7,
0x7d,0xf7,0x9e,0xf7,0xbe,0xff,0xff,0xff,0xff,0xff,0xff,0xff,0xff,0xff,0xff,0xff,
0x7d,0xf7,0x9e,0xf7,0x7d,0xf7,0x9e,0xf7,0x9e,0xf7,0xbe,0xf7,0xff,0xff,0xff,0xff,
0xff,0xff,0xff,0xff,0xff,0xff,0xff,0xff,0x9d,0xf7,0xbe,0xf7,0x7d,0xf7,0x9e,0xf7,
0xbe,0xff,0xff,0xff,0xff,0xff,0xff,0xff,0xff,0xff,0xff,0xff,0xff,0xff,0x9e,0xf7,
0x9e,0xf7,0xbe,0xf7,0x9e,0xf7,0x9e,0xf7,0x7d,0xf7,0xff,0xff,0xff,0xff,0xff,0xff,
0x00,0x00,0x00,0x00,0x00,0x00,0x00,0x00,0x00,0x00,0x00,0x00,0x00,0x00,0x00,0x00,
0x00,0x00,0x00,0x00,0x00,0x00,0x00,0x00,0x00,0x00,0x00,0x00,0x00,0x00,0x9e,0xf7,
0x9e,0xf7,0x7e,0xf7,0xbf,0xf7,0xdf,0xff,0xff,0xff,0xff,0xff,0xff,0xff,0xff,0xff,
0x9e,0xef,0x7e,0xf7,0x9e,0xef,0x7e,0xf7,0xbf,0xf7,0x7e,0xf7,0xff,0xff,0xbf,0xff,
0xff,0xff,0xff,0xff,0xff,0xff,0xdf,0xff,0x9e,0xef,0x7e,0xf7,0x9e,0xf7,0x9e,0xf7,
0xbf,0xf7,0xdf,0xff,0xff,0xff,0xbf,0xff,0xff,0xff,0xdf,0xff,0xff,0xff,0x7e,0xf7,
0x9e,0xef,0x9e,0xf7,0x9e,0xf7,0x7e,0xf7,0x9e,0xef,0xff,0xff,0xff,0xff,0xff,0xff,
0x00,0x00,0x00,0x00,0x00,0x00,0x00,0x00,0x00,0x00,0x00,0x00,0x00,0x00,0x00,0x00,
0x00,0x00,0x00,0x00,0x00,0x00,0x00,0x00,0x00,0x00,0x00,0x00,0x00,0x00,0xbe,0xf7,
0x9e,0xf7,0x9e,0xf7,0xbe,0xff,0xff,0xff,0xff,0xff,0xff,0xff,0xff,0xff,0xff,0xff,
0x7d,0xf7,0x9e,0xf7,0x7d,0xf7,0xbe,0xf7,0xfe,0xff,0xf3,0x94,0xb1,0x94,0x4f,0x7c,
0xff,0xff,0xff,0xff,0xff,0xff,0xdf,0xff,0x7d,0xf7,0x9e,0xf7,0x7d,0xf7,0xbe,0xf7,
0xbe,0xff,0xff,0xff,0x16,0xb6,0xf6,0xad,0xd6,0xbd,0xf6,0xb5,0xdf,0xff,0x9e,0xf7,
0x9e,0xf7,0x9e,0xf7,0x9d,0xf7,0x9e,0xf7,0x9d,0xf7,0xff,0xff,0xff,0xff,0xff,0xff,
0x00,0x00,0x00,0x00,0x00,0x00,0x00,0x00,0x00,0x00,0x00,0x00,0x00,0x00,0x00,0x00,
0x00,0x00,0x00,0x00,0x00,0x00,0x00,0x00,0x00,0x00,0x00,0x00,0x00,0x00,0x9e,0xf7,
0x9e,0xf7,0x7e,0xf7,0xbf,0xf7,0xff,0xff,0xff,0xff,0xdf,0xff,0xff,0xff,0xff,0xff,
0x9e,0xef,0x7e,0xf7,0x9e,0xef,0x9e,0xf7,0xfe,0xef,0x84,0x29,0xa4,0x21,0x42,0x19,
0x9a,0xce,0xbe,0xf7,0xff,0xff,0xbe,0xff,0x7e,0xef,0x7e,0xf7,0x7e,0xef,0x7e,0xf7,
0xdf,0xf7,0xff,0xff,0xe5,0x21,0xa3,0x21,0xa4,0x19,0x84,0x21,0xdf,0xf7,0x7e,0xf7,
0x9e,0xef,0x7e,0xf7,0x9e,0xf7,0x9e,0xf7,0x9e,0xef,0xff,0xff,0xff,0xff,0xff,0xff,
0x00,0x00,0x00,0x00,0x00,0x00,0x00,0x00,0x00,0x00,0x00,0x00,0x00,0x00,0x00,0x00,
0x00,0x00,0x00,0x00,0x00,0x00,0x00,0x00,0x00,0x00,0x00,0x00,0x00,0x00,0xff,0xff,
0xff,0xff,0xff,0xff,0xbe,0xff,0x9e,0xf7,0x9d,0xf7,0xbe,0xf7,0x9d,0xf7,0xbe,0xf7,
0xff,0xff,0xff,0xff,0xff,0xff,0xff,0xff,0xdd,0xf7,0xa4,0x21,0x68,0xe7,0x06,0xd7,
0xcc,0xad,0xe0,0x21,0x60,0x08,0x9d,0xef,0xff,0xff,0xff,0xff,0xdf,0xff,0x9e,0xf7,
0x60,0x19,0x64,0x32,0x22,0x9d,0xa9,0xc6,0x67,0x84,0xa0,0x21,0x5d,0xf7,0xff,0xff,
0xff,0xff,0xff,0xff,0xff,0xff,0xff,0xff,0xff,0xff,0x9e,0xf7,0x9d,0xf7,0x9e,0xf7,
0x00,0x00,0x00,0x00,0x00,0x00,0x00,0x00,0x00,0x00,0x00,0x00,0x00,0x00,0x00,0x00,
0x00,0x00,0x00,0x00,0x00,0x00,0x00,0x00,0x00,0x00,0x00,0x00,0x00,0x00,0xdf,0xff,
0xff,0xff,0xff,0xff,0xbf,0xf7,0x7e,0xf7,0x9e,0xef,0x7e,0xf7,0x9e,0xef,0x7e,0xf7,
0xff,0xff,0xff,0xff,0xff,0xff,0xdf,0xff,0xdd,0xef,0x64,0x21,0x08,0xcf,0xa6,0xc6,
0xee,0xad,0x60,0x19,0xa2,0x08,0x3c,0xe7,0xff,0xff,0xdf,0xff,0xff,0xf7,0x96,0xb5,
0xa0,0x19,0x63,0x3a,0x02,0x85,0xa8,0xc6,0x88,0x7c,0xa0,0x21,0x7e,0xef,0xff,0xff,
0xff,0xff,0xff,0xff,0xff,0xff,0xdf,0xff,0xff,0xff,0x9e,0xf7,0x9e,0xef,0x7e,0xf7,
0x00,0x00,0x00,0x00,0x00,0x00,0x00,0x00,0x00,0x00,0x00,0x00,0x00,0x00,0x00,0x00,
0x00,0x00,0x00,0x00,0x00,0x00,0x00,0x00,0x00,0x00,0x00,0x00,0x00,0x00,0xff,0xff,
0xff,0xff,0xff,0xff,0xbe,0xff,0xbe,0xf7,0x9d,0xf7,0x9e,0xf7,0x7d,0xf7,0x9e,0xf7,
0xff,0xff,0xff,0xff,0xff,0xff,0xff,0xff,0xbc,0xf7,0x84,0x29,0x87,0xc6,0xe5,0xa5,
0x86,0xc6,0xa3,0xa5,0x0b,0x95,0x00,0x2a,0x4d,0x6b,0xff,0xff,0xfe,0xff,0x44,0x21,
0x81,0x84,0x85,0x9d,0xa7,0xc6,0x04,0xae,0xa8,0x84,0xe0,0x21,0x9e,0xf7,0xff,0xff,
0xff,0xff,0xff,0xff,0xff,0xff,0xff,0xff,0xff,0xff,0xbe,0xf7,0x9d,0xf7,0x9e,0xf7,
0x00,0x00,0x00,0x00,0x00,0x00,0x00,0x00,0x00,0x00,0x00,0x00,0x00,0x00,0x00,0x00,
0x00,0x00,0x00,0x00,0x00,0x00,0x00,0x00,0x00,0x00,0x00,0x00,0x00,0x00,0xff,0xff,
0xff,0xff,0xff,0xff,0xdf,0xf7,0x7e,0xf7,0x9e,0xef,0x7e,0xf7,0x9e,0xef,0x7e,0xf7,
0xff,0xff,0xff,0xff,0xff,0xff,0xdf,0xff,0xbd,0xef,0xa5,0x29,0xc5,0x7c,0x43,0x74,
0x06,0xa6,0xa4,0xa5,0xac,0x9d,0x00,0x32,0xe7,0x39,0xfe,0xff,0xe6,0x29,0x43,0x19,
0xe6,0xa5,0xc5,0xa5,0x86,0x95,0x82,0x7c,0xc7,0x5b,0x00,0x22,0xbf,0xf7,0xff,0xff,
0xff,0xff,0xff,0xff,0xff,0xff,0xff,0xff,0xff,0xff,0x7e,0xf7,0x9e,0xf7,0x7e,0xf7,
0x00,0x00,0x00,0x00,0x00,0x00,0x00,0x00,0x00,0x00,0x00,0x00,0x00,0x00,0x00,0x00,
0x00,0x00,0x00,0x00,0x00,0x00,0x00,0x00,0x00,0x00,0x00,0x00,0x00,0x00,0xff,0xff,
0xff,0xff,0xff,0xff,0xbe,0xff,0x9e,0xf7,0x9d,0xf7,0x9e,0xf7,0x7d,0xf7,0x9e,0xf7,
0xff,0xff,0xff,0xff,0xff,0xff,0xff,0xff,0xfe,0xff,0x1b,0xe7,0xe2,0x63,0x81,0x4b,
0xc5,0xad,0xc5,0x9d,0xab,0xa5,0x60,0x32,0x63,0x29,0xf5,0xad,0xe4,0x29,0xc4,0x21,
0x26,0xb6,0xe5,0xa5,0xa4,0x95,0xc1,0x74,0xa6,0x5b,0x41,0x2a,0x9d,0xf7,0xff,0xff,
0xff,0xff,0xff,0xff,0xff,0xff,0xff,0xff,0xff,0xff,0x9e,0xf7,0x9d,0xf7,0x9e,0xf7,
0x00,0x00,0x00,0x00,0x00,0x00,0x00,0x00,0x00,0x00,0x00,0x00,0x00,0x00,0x00,0x00,
0x00,0x00,0x00,0x00,0x00,0x00,0x00,0x00,0x00,0x00,0x00,0x00,0x00,0x00,0xff,0xff,
0xff,0xff,0xff,0xff,0xdf,0xf7,0x7e,0xf7,0x9e,0xef,0x7e,0xf7,0x9e,0xef,0x7e,0xf7,
0xff,0xff,0xff,0xff,0xff,0xff,0xdf,0xff,0xdf,0xf7,0xbe,0xff,0x82,0x19,0xa2,0x21,
0x44,0x6c,0x27,0x8d,0xc6,0x95,0x23,0x85,0xc5,0x21,0xc4,0x21,0x67,0x74,0x87,0x7c,
0xa8,0x9d,0xa3,0x7c,0x09,0x6c,0xe0,0x29,0x86,0x29,0xde,0xf7,0x7e,0xef,0xdf,0xff,
0xff,0xff,0xff,0xff,0xff,0xff,0xff,0xff,0xff,0xff,0x7e,0xf7,0x9e,0xef,0x9e,0xf7,
0x00,0x00,0x00,0x00,0x00,0x00,0x00,0x00,0x00,0x00,0x00,0x00,0x00,0x00,0x00,0x00,
0x00,0x00,0x00,0x00,0x00,0x00,0x00,0x00,0x00,0x00,0x00,0x00,0x00,0x00,0x9e,0xf7,
0x9d,0xf7,0x9e,0xf7,0xbe,0xff,0xff,0xff,0xff,0xff,0xff,0xff,0xff,0xff,0xff,0xff,
0x7d,0xf7,0x9e,0xf7,0x7d,0xf7,0x7d,0xef,0x5d,0xf7,0x9e,0xf7,0xe9,0x5a,0xa5,0x31,
0xc2,0x63,0x48,0x8d,0xa6,0x9d,0x24,0x7d,0x45,0x3a,0xe4,0x21,0x66,0x74,0x87,0x74,
0x88,0x9d,0x43,0x6c,0x68,0x63,0x84,0x42,0xaa,0x5a,0xff,0xff,0xde,0xff,0x7d,0xef,
0x7d,0xf7,0xbe,0xf7,0x9e,0xff,0x9e,0xf7,0x7d,0xf7,0xff,0xff,0xff,0xff,0xff,0xff,
0x00,0x00,0x00,0x00,0x00,0x00,0x00,0x00,0x00,0x00,0x00,0x00,0x00,0x00,0x00,0x00,
0x00,0x00,0x00,0x00,0x00,0x00,0x00,0x00,0x00,0x00,0x00,0x00,0x00,0x00,0x7e,0xf7,
0x9e,0xef,0x7e,0xf7,0xbf,0xf7,0xdf,0xff,0xff,0xff,0xff,0xff,0xff,0xff,0xdf,0xff,
0x7e,0xef,0x7e,0xf7,0xbf,0xf7,0x7e,0xf7,0x7e,0xef,0x9e,0xf7,0xbf,0xf7,0x18,0xce,
0xa2,0x21,0xeb,0x73,0xc4,0x74,0xc4,0x7c,0x29,0x4b,0xc3,0x29,0x86,0x6c,0x86,0x74,
0x69,0x6c,0xa1,0x3a,0x45,0x21,0xbd,0xf7,0xbf,0xf7,0xbe,0xff,0xdf,0xf7,0x5d,0xef,
0x9e,0xf7,0x9e,0xf7,0xbf,0xf7,0x7e,0xf7,0x7e,0xef,0xdf,0xff,0xff,0xff,0xff,0xff,
0x00,0x00,0x00,0x00,0x00,0x00,0x00,0x00,0x00,0x00,0x00,0x00,0x00,0x00,0x00,0x00,
0x00,0x00,0x00,0x00,0x00,0x00,0x00,0x00,0x00,0x00,0x00,0x00,0x00,0x00,0x9e,0xf7,
0x9e,0xf7,0x9e,0xf7,0xbe,0xff,0xff,0xff,0xff,0xff,0xff,0xff,0xff,0xff,0xff,0xff,
0x5d,0xef,0x9e,0xef,0x7d,0xf7,0x86,0x29,0x03,0x29,0x24,0x29,0x03,0x29,0x04,0x21,
0x64,0x29,0x64,0x29,0x60,0x19,0x68,0x5b,0xc6,0x4a,0x85,0x32,0x84,0x53,0xa5,0x53,
0x03,0x21,0x44,0x21,0x44,0x39,0x44,0x31,0x45,0x31,0x65,0x31,0x00,0x08,0xc3,0x18,
0xff,0xff,0xbe,0xf7,0x9e,0xf7,0x7e,0xef,0x7d,0xf7,0xff,0xff,0xff,0xff,0xff,0xff,
0x00,0x00,0x00,0x00,0x00,0x00,0x00,0x00,0x00,0x00,0x00,0x00,0x00,0x00,0x00,0x00,
0x00,0x00,0x00,0x00,0x00,0x00,0x00,0x00,0x00,0x00,0x00,0x00,0x00,0x00,0x7e,0xf7,
0x9e,0xef,0x7e,0xf7,0xbf,0xf7,0xff,0xff,0xff,0xff,0xff,0xff,0xff,0xff,0xdf,0xff,
0x3d,0xef,0xc3,0x20,0x76,0xad,0x45,0x29,0x65,0x31,0x03,0x31,0x24,0x29,0x24,0x31,
0x65,0x31,0x64,0x31,0x80,0x19,0x47,0x5b,0x06,0x43,0x83,0x3a,0xa4,0x53,0x05,0x64,
0x44,0x29,0x64,0x31,0x65,0x31,0x03,0x31,0x45,0x31,0x44,0x39,0x45,0x39,0x65,0x41,
0xa7,0x31,0xbb,0xde,0xdb,0xd6,0x7e,0xf7,0x7e,0xef,0xff,0xff,0xff,0xff,0xff,0xff,
0x00,0x00,0x00,0x00,0x00,0x00,0x00,0x00,0x00,0x00,0x00,0x00,0x00,0x00,0x00,0x00,
0x00,0x00,0x00,0x00,0x00,0x00,0x00,0x00,0x00,0x00,0x00,0x00,0x00,0x00,0xbe,0xf7,
0x9d,0xf7,0x9e,0xf7,0xbe,0xff,0xff,0xff,0xdf,0xff,0xff,0xff,0xff,0xff,0xff,0xff,
0x5c,0xf7,0x24,0x29,0x44,0x39,0x07,0x4a,0xc4,0x61,0x87,0x72,0x86,0x82,0xe7,0x8a,
0x46,0x72,0xc4,0x61,0x64,0x31,0x23,0x29,0x60,0x53,0x85,0x6c,0x03,0x3a,0xa2,0x29,
0xa4,0x51,0x46,0x5a,0xe4,0x69,0x66,0x72,0x45,0x7a,0x05,0x6a,0xc4,0x59,0x06,0x62,
0x65,0x39,0x45,0x29,0x04,0x29,0xdf,0xff,0x7d,0xf7,0xff,0xff,0xff,0xff,0xff,0xff,
0x00,0x00,0x00,0x00,0x00,0x00,0x00,0x00,0x00,0x00,0x00,0x00,0x00,0x00,0x00,0x00,
0x00,0x00,0x00,0x00,0x00,0x00,0x00,0x00,0x00,0x00,0x00,0x00,0x00,0x00,0xdf,0xff,
0xff,0xff,0xdf,0xff,0xbf,0xf7,0x7e,0xf7,0x7e,0xef,0x7d,0xf7,0xbf,0xff,0x04,0x29,
0xe5,0x61,0x46,0x72,0x66,0x7a,0x08,0x9b,0x28,0x9b,0x85,0x8a,0xc5,0x59,0xe5,0x69,
0x46,0x72,0x45,0x7a,0x67,0x5a,0xc1,0x30,0x40,0x4b,0xc5,0x84,0xc3,0x29,0x61,0x29,
0x66,0x7a,0x86,0x82,0x67,0x72,0xc4,0x69,0x06,0x62,0x05,0x6a,0xc6,0x82,0xe7,0x92,
0x8a,0xa3,0x24,0x7a,0x68,0x62,0x60,0x28,0xe4,0x20,0x41,0x10,0x9e,0xf7,0x7e,0xf7,
0x00,0x00,0x00,0x00,0x00,0x00,0x00,0x00,0x00,0x00,0x00,0x00,0x00,0x00,0x00,0x00,
0x00,0x00,0x00,0x00,0x00,0x00,0x00,0x00,0x00,0x00,0x00,0x00,0x00,0x00,0xff,0xff,
0xff,0xff,0xff,0xff,0xde,0xff,0x7e,0xef,0x7d,0xf7,0xfb,0xde,0x8d,0x7b,0x24,0x29,
0x45,0x72,0x05,0x6a,0x03,0x72,0x49,0x93,0x27,0x9b,0xa5,0x8a,0xe4,0x69,0x46,0x6a,
0x65,0x7a,0x66,0x7a,0x87,0x6a,0x02,0x31,0x20,0x4b,0xa5,0x7c,0x62,0x29,0x42,0x21,
0x86,0x82,0x86,0x7a,0x66,0x7a,0x25,0x6a,0x04,0x6a,0x25,0x6a,0xc5,0x92,0x07,0x93,
0x07,0x93,0xe4,0x69,0x26,0x62,0x02,0x39,0x04,0x31,0x82,0x18,0x7d,0xf7,0x7e,0xef,
0x00,0x00,0x00,0x00,0x00,0x00,0x00,0x00,0x00,0x00,0x00,0x00,0x00,0x00,0x00,0x00,
0x00,0x00,0x00,0x00,0x00,0x00,0x00,0x00,0x00,0x00,0x00,0x00,0x00,0x00,0xff,0xff,
0xff,0xff,0xff,0xff,0xdf,0xf7,0x7e,0xf7,0x7e,0xef,0x59,0xd6,0x03,0x39,0x68,0x6a,
0x45,0x7a,0x65,0x82,0x86,0x7a,0x24,0x72,0x66,0x72,0xc4,0x61,0x46,0x6a,0xe5,0x61,
0xa5,0x51,0xe5,0x59,0x47,0x5a,0xe2,0x38,0x40,0x4b,0x85,0x7c,0x63,0x29,0x21,0x21,
0x06,0x62,0xc5,0x61,0x05,0x62,0x25,0x72,0x05,0x62,0xe4,0x69,0x05,0x62,0x05,0x72,
0x05,0x6a,0xa7,0x82,0x86,0x82,0x86,0x8a,0xc3,0x28,0xe3,0x30,0xdf,0xf7,0x7d,0xf7,
0x00,0x00,0x00,0x00,0x00,0x00,0x00,0x00,0x00,0x00,0x00,0x00,0x00,0x00,0x00,0x00,
0x00,0x00,0x00,0x00,0x00,0x00,0x00,0x00,0x00,0x00,0x00,0x00,0x00,0x00,0xff,0xff,
0xff,0xff,0xff,0xff,0xde,0xff,0xbe,0xf7,0xa2,0x20,0x65,0x31,0xe4,0x69,0x66,0x6a,
0x25,0x72,0x25,0x6a,0x25,0x72,0xc4,0x61,0xe4,0x61,0x05,0x62,0xc4,0x59,0xe5,0x59,
0x84,0x51,0xc5,0x49,0xc5,0x49,0x23,0x31,0x80,0x5b,0xe5,0x7c,0xa2,0x31,0x62,0x29,
0x43,0x49,0x84,0x41,0x63,0x51,0xe5,0x59,0xa4,0x51,0x64,0x49,0xe4,0x69,0x05,0x6a,
0x04,0x72,0x46,0x72,0x45,0x7a,0x66,0x7a,0xe5,0x59,0x46,0x5a,0x24,0x29,0x7d,0xef,
0x00,0x00,0x00,0x00,0x00,0x00,0x00,0x00,0x00,0x00,0x00,0x00,0x00,0x00,0x00,0x00,
0x00,0x00,0x00,0x00,0x00,0x00,0x00,0x00,0x00,0x00,0x00,0x00,0x00,0x00,0xff,0xff,
0xff,0xff,0xdf,0xff,0xdf,0xf7,0x7e,0xf7,0x82,0x10,0x04,0x29,0xe5,0x69,0x46,0x7a,
0x46,0x6a,0xe4,0x69,0x46,0x6a,0x83,0x59,0xe5,0x59,0xa4,0x59,0xa4,0x59,0xe5,0x61,
0xa5,0x49,0x84,0x49,0x85,0x39,0xe3,0x28,0xc1,0x5b,0xa5,0x7c,0xc3,0x31,0x41,0x29,
0x44,0x39,0x44,0x41,0x85,0x49,0xa5,0x51,0xa5,0x59,0xe5,0x61,0xe5,0x61,0xc4,0x61,
0x45,0x72,0x25,0x72,0x46,0x72,0x05,0x72,0x06,0x5a,0xe5,0x61,0x25,0x21,0x7e,0xf7,
0x00,0x00,0x00,0x00,0x00,0x00,0x00,0x00,0x00,0x00,0x00,0x00,0x00,0x00,0x00,0x00,
0x00,0x00,0x00,0x00,0x00,0x00,0x00,0x00,0x00,0x00,0x00,0x00,0x00,0x00,0xff,0xff,
0xff,0xff,0xff,0xff,0xbe,0xff,0x7e,0xef,0x41,0x10,0x04,0x29,0x43,0x41,0x64,0x41,
0x66,0x7a,0x05,0x6a,0xc5,0x59,0x43,0x41,0x43,0x49,0x06,0x5a,0x44,0x41,0x44,0x39,
0x44,0x41,0x44,0x39,0x03,0x29,0x03,0x21,0xe1,0x4a,0xa4,0x5b,0x83,0x31,0x62,0x29,
0x04,0x31,0x04,0x29,0xe3,0x28,0x65,0x31,0x23,0x41,0xa5,0x49,0x02,0x41,0x64,0x41,
0x05,0x6a,0xc5,0x59,0xa3,0x61,0x87,0x72,0x43,0x41,0x64,0x41,0x24,0x29,0xbe,0xf7,
0x00,0x00,0x00,0x00,0x00,0x00,0x00,0x00,0x00,0x00,0x00,0x00,0x00,0x00,0x00,0x00,
0x00,0x00,0x00,0x00,0x00,0x00,0x00,0x00,0x00,0x00,0x00,0x00,0x00,0x00,0x7d,0xf7,
0x9e,0xef,0x7e,0xf7,0x9e,0xef,0xbf,0xff,0x66,0x31,0xc3,0x20,0x24,0x31,0x65,0x41,
0x46,0x72,0xe5,0x71,0xc5,0x51,0x02,0x39,0x43,0x39,0xc5,0x51,0x44,0x39,0x64,0x41,
0x65,0x39,0x64,0x41,0x45,0x31,0x03,0x29,0x83,0x3a,0xe4,0x52,0x43,0x29,0x02,0x29,
0x24,0x29,0x24,0x31,0x04,0x29,0x44,0x39,0x65,0x41,0x64,0x49,0x23,0x39,0x84,0x51,
0x05,0x62,0xe5,0x61,0xa4,0x51,0x05,0x62,0x44,0x39,0x65,0x41,0x25,0x21,0xdf,0xff,
0x00,0x00,0x00,0x00,0x00,0x00,0x00,0x00,0x00,0x00,0x00,0x00,0x00,0x00,0x00,0x00,
0x00,0x00,0x00,0x00,0x00,0x00,0x00,0x00,0x00,0x00,0x00,0x00,0x00,0x00,0x9e,0xf7,
0x9d,0xf7,0xbe,0xf7,0x9e,0xff,0xdf,0xff,0x9e,0xff,0xa2,0x10,0x44,0x41,0xa5,0x41,
0x45,0x7a,0x66,0x72,0x45,0x72,0xa3,0x59,0x26,0x62,0x23,0x41,0x23,0x39,0x03,0x31,
0x64,0x49,0xa5,0x49,0xa5,0x49,0x23,0x31,0x24,0x31,0x04,0x29,0xe3,0x28,0xe3,0x20,
0x64,0x49,0xa5,0x49,0x64,0x49,0x43,0x39,0x44,0x39,0x24,0x31,0x45,0x72,0x45,0x72,
0x65,0x82,0x86,0x7a,0x67,0x72,0x22,0x41,0xe3,0x28,0x24,0x29,0xa6,0x41,0xff,0xff,
0x00,0x00,0x00,0x00,0x00,0x00,0x00,0x00,0x00,0x00,0x00,0x00,0x00,0x00,0x00,0x00,
0x00,0x00,0x00,0x00,0x00,0x00,0x00,0x00,0x00,0x00,0x00,0x00,0x00,0x00,0x7e,0xf7,
0x9e,0xef,0x7e,0xf7,0x9f,0xf7,0xdb,0xde,0x82,0x18,0x65,0x41,0x46,0x6a,0x46,0x6a,
0xe8,0x8a,0x85,0x82,0x26,0x6a,0xc4,0x61,0x07,0x5a,0x23,0x49,0xe4,0x20,0xe3,0x28,
0x04,0x29,0x24,0x31,0x24,0x31,0xa5,0x49,0xa6,0x49,0x64,0x49,0x64,0x41,0x44,0x41,
0x65,0x39,0x04,0x31,0x45,0x29,0xc3,0x28,0x03,0x29,0x65,0x39,0xa5,0x51,0xa5,0x59,
0x26,0x6a,0x05,0x6a,0xe6,0x59,0x84,0x51,0xc3,0x20,0x04,0x31,0xdf,0xf7,0xdf,0xff,
0x00,0x00,0x00,0x00,0x00,0x00,0x00,0x00,0x00,0x00,0x00,0x00,0x00,0x00,0x00,0x00,
0x00,0x00,0x00,0x00,0x00,0x00,0x00,0x00,0x00,0x00,0x00,0x00,0x00,0x00,0x9e,0xf7,
0x9d,0xf7,0x9e,0xf7,0x9e,0xff,0xfc,0xe6,0x03,0x39,0x65,0x41,0x05,0x6a,0x26,0x62,
0xc7,0x8a,0x65,0x72,0x45,0x7a,0x65,0x72,0x46,0x6a,0x63,0x49,0xe3,0x28,0xe3,0x20,
0xc2,0x28,0x24,0x31,0x23,0x39,0xa5,0x41,0xa4,0x49,0x64,0x41,0x64,0x49,0x64,0x41,
0x64,0x41,0x44,0x39,0x44,0x39,0x23,0x29,0x03,0x31,0x65,0x39,0x63,0x49,0x84,0x49,
0x25,0x72,0xe5,0x61,0xc5,0x59,0x64,0x49,0xc2,0x28,0x44,0x31,0x65,0x31,0xff,0xff,
0x00,0x00,0x00,0x00,0x00,0x00,0x00,0x00,0x00,0x00,0x00,0x00,0x00,0x00,0x00,0x00,
0x00,0x00,0x00,0x00,0x00,0x00,0x00,0x00,0x00,0x00,0x00,0x00,0x00,0x00,0x7e,0xf7,
0x9e,0xef,0x7d,0xf7,0xbf,0xf7,0x1c,0xef,0x03,0x39,0x07,0x62,0x66,0x7a,0x66,0x82,
0xe5,0x61,0xe5,0x69,0x26,0x62,0x01,0x49,0x24,0x31,0x04,0x31,0xc7,0x82,0x65,0x7a,
0x06,0x5a,0x02,0x41,0xe4,0x20,0x04,0x29,0x64,0x39,0x64,0x49,0x64,0x39,0x44,0x41,
0x03,0x29,0xa5,0x49,0x84,0x49,0x47,0x6a,0xc5,0x51,0x23,0x41,0x45,0x7a,0x04,0x7a,
0x86,0x82,0xe7,0x92,0x66,0x7a,0x66,0x82,0xa5,0x49,0xe6,0x59,0x65,0x29,0xdf,0xff,
0x00,0x00,0x00,0x00,0x00,0x00,0x00,0x00,0x00,0x00,0x00,0x00,0x00,0x00,0x00,0x00,
0x00,0x00,0x00,0x00,0x00,0x00,0x00,0x00,0x00,0x00,0x00,0x00,0x00,0x00,0x9e,0xf7,
0x7d,0xf7,0x9e,0xf7,0xbe,0xff,0x7d,0xef,0x24,0x39,0x85,0x39,0x84,0x51,0x84,0x49,
0x25,0x72,0x25,0x6a,0xa4,0x59,0xc5,0x51,0x62,0x59,0xe8,0x82,0x26,0xa3,0x06,0x93,
0x65,0x7a,0x45,0x72,0x46,0x6a,0x63,0x49,0x64,0x41,0x24,0x31,0x03,0x31,0x03,0x29,
0xc3,0x61,0xe7,0x82,0x27,0x9b,0xe6,0x92,0x86,0x82,0x04,0x6a,0x83,0x51,0x84,0x49,
0x45,0x7a,0x05,0x6a,0x45,0x72,0x46,0x6a,0x66,0x7a,0xc8,0x82,0xa5,0x49,0xa6,0x41,
0x00,0x00,0x00,0x00,0x00,0x00,0x00,0x00,0x00,0x00,0x00,0x00,0x00,0x00,0x00,0x00,
0x00,0x00,0x00,0x00,0x00,0x00,0x00,0x00,0x00,0x00,0x00,0x00,0x00,0x00,0xdf,0xff,
0xff,0xff,0xff,0xff,0xdf,0xf7,0x1c,0xe7,0x82,0x18,0xa6,0x49,0xa5,0x49,0x84,0x51,
0x26,0x6a,0x25,0x72,0x47,0x6a,0x84,0x59,0x84,0x51,0x46,0x72,0x07,0x93,0xe6,0x9a,
0xa7,0x7a,0x45,0x7a,0x27,0x5a,0x22,0x41,0x04,0x29,0xe3,0x28,0xe4,0x20,0xc3,0x28,
0xa4,0x59,0x86,0x7a,0xa6,0x82,0xc6,0x8a,0xa7,0x7a,0xe4,0x69,0x64,0x41,0x43,0x41,
0x46,0x72,0x46,0x7a,0x26,0x6a,0x46,0x7a,0x87,0x7a,0x66,0x7a,0xc6,0x49,0x03,0x31,
0x00,0x00,0x00,0x00,0x00,0x00,0x00,0x00,0x00,0x00,0x00,0x00,0x00,0x00,0x00,0x00,
0x00,0x00,0x00,0x00,0x00,0x00,0x00,0x00,0x00,0x00,0x00,0x00,0x00,0x00,0xff,0xff,
0xff,0xff,0xff,0xff,0xbe,0xff,0xdf,0xf7,0xdf,0xff,0x45,0x29,0x64,0x41,0xa5,0x41,
0x05,0x6a,0x26,0x6a,0x25,0x72,0x05,0x6a,0x04,0x72,0x66,0x72,0xe4,0x69,0x46,0x72,
0x25,0x72,0x25,0x6a,0x26,0x6a,0x43,0x41,0xa3,0x61,0x25,0x6a,0x45,0x7a,0x45,0x72,
0x04,0x72,0xa7,0x82,0xa6,0x8a,0xa6,0x82,0x65,0x82,0x65,0x7a,0xe4,0x69,0x25,0x6a,
0x83,0x51,0xc5,0x51,0xc4,0x61,0x46,0x6a,0x84,0x51,0xa4,0x49,0xa5,0x49,0x03,0x29,
0x00,0x00,0x00,0x00,0x00,0x00,0x00,0x00,0x00,0x00,0x00,0x00,0x00,0x00,0x00,0x00,
0x00,0x00,0x00,0x00,0x00,0x00,0x00,0x00,0x00,0x00,0x00,0x00,0x00,0x00,0xff,0xff,
0xff,0xff,0xff,0xff,0xbf,0xf7,0x9e,0xf7,0xff,0xff,0x25,0x29,0x85,0x41,0x85,0x49,
0x26,0x62,0x43,0x49,0x63,0x51,0x87,0x7a,0x87,0x7a,0xe4,0x71,0x05,0x62,0x25,0x6a,
0x46,0x72,0xe4,0x69,0x26,0x6a,0xc4,0x61,0x05,0x6a,0x25,0x72,0x46,0x7a,0x05,0x7a,
0x05,0x6a,0x05,0x6a,0x45,0x72,0x66,0x7a,0x66,0x72,0x25,0x72,0x06,0x62,0xc4,0x61,
0xe5,0x59,0xc4,0x59,0xe6,0x59,0x84,0x59,0x65,0x41,0x44,0x41,0x24,0x31,0xc2,0x28,
0x00,0x00,0x00,0x00,0x00,0x00,0x00,0x00,0x00,0x00,0x00,0x00,0x00,0x00,0x00,0x00,
0x00,0x00,0x00,0x00,0x00,0x00,0x00,0x00,0x00,0x00,0x00,0x00,0x00,0x00,0xff,0xff,
0xff,0xff,0xff,0xff,0xde,0xff,0x9a,0xd6,0x21,0x10,0x04,0x21,0x64,0x49,0x85,0x41,
0xe5,0x61,0x63,0x49,0x42,0x51,0xe8,0x82,0x86,0x82,0x45,0x72,0x25,0x72,0x05,0x6a,
0x05,0x6a,0x45,0x6a,0x05,0x72,0xe5,0x61,0x44,0x7a,0x85,0x7a,0xa5,0x92,0xa6,0x8a,
0x25,0x72,0x25,0x6a,0x05,0x72,0x46,0x72,0x25,0x72,0x45,0x72,0xe4,0x61,0xe5,0x61,
0x05,0x6a,0x05,0x62,0xe5,0x61,0xa4,0x51,0x64,0x49,0x84,0x41,0x24,0x31,0xae,0x7b,
0x00,0x00,0x00,0x00,0x00,0x00,0x00,0x00,0x00,0x00,0x00,0x00,0x00,0x00,0x00,0x00,
0x00,0x00,0x00,0x00,0x00,0x00,0x00,0x00,0x00,0x00,0x00,0x00,0x00,0x00,0xff,0xff,
0xff,0xff,0xff,0xff,0xdf,0xff,0x82,0x18,0xe3,0x28,0x44,0x39,0x88,0x7a,0x05,0x6a,
0x47,0x6a,0xa4,0x59,0xc4,0x59,0x87,0x7a,0xc8,0x8a,0xe4,0x71,0x26,0x6a,0x05,0x6a,
0x26,0x62,0xe4,0x61,0x46,0x6a,0x25,0x72,0x06,0x62,0xe5,0x69,0xe5,0x61,0x05,0x6a,
0x26,0x6a,0xe5,0x69,0x26,0x6a,0xe5,0x69,0xe5,0x61,0xe5,0x69,0xc7,0x8a,0xa6,0x8a,
0x26,0x6a,0xe5,0x69,0x05,0x6a,0x45,0x7a,0x64,0x41,0x64,0x49,0xe4,0x18,0x5d,0xef,
0x00,0x00,0x00,0x00,0x00,0x00,0x00,0x00,0x00,0x00,0x00,0x00,0x00,0x00,0x00,0x00,
0x00,0x00,0x00,0x00,0x00,0x00,0x00,0x00,0x00,0x00,0x00,0x00,0x00,0x00,0xff,0xff,
0xff,0xff,0xff,0xff,0xbe,0xff,0xa3,0x18,0xc1,0x38,0x06,0x5a,0x66,0x82,0xa7,0x7a,
0xe4,0x61,0x05,0x62,0xe4,0x69,0x46,0x6a,0x24,0x72,0x45,0x72,0x25,0x72,0x05,0x62,
0xe4,0x61,0xc4,0x51,0xc4,0x61,0x25,0x62,0x05,0x6a,0xe5,0x61,0xa4,0x59,0xe5,0x59,
0x26,0x6a,0xc4,0x59,0x83,0x51,0xe5,0x59,0xa4,0x61,0x05,0x62,0xe4,0x69,0x25,0x6a,
0x25,0x72,0xe5,0x61,0xe4,0x69,0x05,0x62,0x05,0x6a,0x05,0x62,0x85,0x41,0x81,0x18,
0x00,0x00,0x00,0x00,0x00,0x00,0x00,0x00,0x00,0x00,0x00,0x00,0x00,0x00,0x00,0x00,
0x00,0x00,0x00,0x00,0x00,0x00,0x00,0x00,0x00,0x00,0x00,0x00,0x00,0x00,0x7e,0xf7,
0x7e,0xef,0x7d,0xf7,0x9e,0xf7,0x82,0x10,0xa0,0x30,0x47,0x72,0x46,0x72,0x46,0x7a,
0x05,0x6a,0x66,0x7a,0xa7,0x7a,0xa3,0x61,0xe4,0x61,0x46,0x72,0x67,0x72,0x45,0x72,
0xc5,0x51,0x43,0x49,0x44,0x39,0xa5,0x51,0xe5,0x61,0x26,0x6a,0x84,0x49,0x64,0x49,
0xe6,0x59,0x64,0x51,0x23,0x39,0x85,0x49,0xc4,0x59,0x26,0x6a,0x05,0x62,0x05,0x6a,
0xe5,0x59,0xe5,0x69,0xc4,0x59,0x05,0x6a,0x06,0x62,0xe5,0x61,0x86,0x39,0x03,0x31,
0x00,0x00,0x00,0x00,0x00,0x00,0x00,0x00,0x00,0x00,0x00,0x00,0x00,0x00,0x00,0x00,
0x00,0x00,0x00,0x00,0x00,0x00,0x00,0x00,0x00,0x00,0x00,0x00,0x00,0x00,0xbe,0xf7,
0x9d,0xf7,0x9e,0xef,0x7d,0xf7,0x82,0x10,0xc1,0x30,0xc6,0x51,0xa4,0x51,0x64,0x49,
0x85,0x82,0x65,0x7a,0x25,0x72,0x45,0x72,0x45,0x72,0xe4,0x61,0x64,0x49,0x65,0x41,
0x43,0x41,0xc5,0x49,0x63,0x59,0x05,0x62,0x04,0x6a,0x25,0x6a,0xe4,0x69,0x25,0x6a,
0x44,0x41,0x64,0x41,0x43,0x41,0x64,0x41,0x64,0x49,0xa5,0x49,0x04,0x6a,0x05,0x6a,
0x25,0x72,0xc4,0x59,0xa5,0x59,0x43,0x41,0x64,0x49,0x85,0x49,0x85,0x49,0x24,0x31,
0x00,0x00,0x00,0x00,0x00,0x00,0x00,0x00,0x00,0x00,0x00,0x00,0x00,0x00,0x00,0x00,
0x00,0x00,0x00,0x00,0x00,0x00,0x00,0x00,0x00,0x00,0x00,0x00,0x00,0x00,0x7e,0xf7,
0x9e,0xef,0x7d,0xf7,0x9e,0xf7,0x62,0x10,0xe2,0x30,0x85,0x49,0xa5,0x49,0x64,0x49,
0x25,0x6a,0x45,0x72,0x26,0x6a,0xc4,0x61,0xe5,0x59,0x84,0x51,0x85,0x49,0x64,0x49,
0xc5,0x51,0xe5,0x61,0xc5,0x59,0xe5,0x69,0x25,0x6a,0x25,0x72,0x25,0x6a,0x05,0x6a,
0xc5,0x51,0x84,0x51,0x65,0x41,0x23,0x39,0x65,0x41,0x65,0x49,0xa4,0x51,0xa4,0x59,
0x26,0x6a,0xe5,0x61,0xc5,0x51,0x64,0x49,0x64,0x39,0x44,0x41,0x86,0x39,0x24,0x39,
0x00,0x00,0x00,0x00,0x00,0x00,0x00,0x00,0x00,0x00,0x00,0x00,0x00,0x00,0x00,0x00,
0x00,0x00,0x00,0x00,0x00,0x00,0x00,0x00,0x00,0x00,0x00,0x00,0x00,0x00,0x9e,0xf7,
0x7d,0xf7,0x9e,0xf7,0x9e,0xff,0xa3,0x18,0x03,0x39,0x85,0x41,0x84,0x51,0x85,0x49,
0xa4,0x59,0xe5,0x59,0x45,0x72,0x62,0x51,0x64,0x49,0x84,0x49,0xa4,0x51,0x63,0x41,
0xe4,0x69,0x66,0x72,0x65,0x7a,0x65,0x7a,0x45,0x7a,0x45,0x72,0x25,0x72,0x45,0x72,
0xc4,0x59,0xe5,0x59,0x84,0x49,0x03,0x31,0x23,0x39,0x85,0x41,0x63,0x49,0x84,0x49,
0x46,0x7a,0xe5,0x61,0xa5,0x59,0x64,0x49,0x44,0x41,0x44,0x39,0x64,0x41,0x65,0x39,
0x00,0x00,0x00,0x00,0x00,0x00,0x00,0x00,0x00,0x00,0x00,0x00,0x00,0x00,0x00,0x00,
0x00,0x00,0x00,0x00,0x00,0x00,0x00,0x00,0x00,0x00,0x00,0x00,0x00,0x00,0x7e,0xf7,
0x9e,0xef,0x7e,0xf7,0xbf,0xf7,0xff,0xff,0x3d,0xe7,0xe4,0x28,0x65,0x41,0x65,0x49,
0xa5,0x49,0xa5,0x51,0xa5,0x49,0x85,0x49,0xa5,0x41,0x23,0x39,0x46,0x6a,0x05,0x6a,
0x86,0x7a,0x45,0x7a,0x67,0x6a,0x63,0x51,0x65,0x41,0xa5,0x51,0xa5,0x49,0x44,0x49,
0x43,0x39,0xe6,0x59,0x06,0x5a,0x84,0x51,0x65,0x39,0x03,0x31,0x85,0x49,0x85,0x49,
0xa5,0x49,0xa5,0x51,0x65,0x41,0x44,0x41,0x44,0x31,0x65,0x41,0x04,0x21,0xff,0xff,
0x00,0x00,0x00,0x00,0x00,0x00,0x00,0x00,0x00,0x00,0x00,0x00,0x00,0x00,0x00,0x00,
0x00,0x00,0x00,0x00,0x00,0x00,0x00,0x00,0x00,0x00,0x00,0x00,0x00,0x00,0xdf,0xff,
0xbe,0xff,0xdf,0xff,0xbe,0xff,0xbf,0xf7,0xf3,0xa4,0x24,0x21,0x44,0x41,0x85,0x41,
0xa4,0x51,0xe5,0x51,0x84,0x49,0x84,0x49,0x64,0x49,0x64,0x41,0xe4,0x61,0x26,0x6a,
0x45,0x72,0x25,0x6a,0x05,0x6a,0xc4,0x59,0x84,0x51,0xa5,0x49,0x84,0x49,0x64,0x41,
0x63,0x49,0xe5,0x51,0x06,0x62,0x84,0x49,0x64,0x41,0x64,0x39,0x84,0x49,0xa5,0x49,
0xa4,0x51,0xc5,0x51,0xa4,0x51,0x85,0x49,0x24,0x39,0x85,0x39,0xe3,0x20,0xbf,0xf7,
0x00,0x00,0x00,0x00,0x00,0x00,0x00,0x00,0x00,0x00,0x00,0x00,0x00,0x00,0x00,0x00,
0x00,0x00,0x00,0x00,0x00,0x00,0x00,0x00,0x00,0x00,0x00,0x00,0x00,0x00,0xff,0xff,
0xff,0xff,0xff,0xff,0xdf,0xf7,0x9e,0xf7,0x9e,0xef,0x3c,0xef,0x04,0x21,0x04,0x29,
0xc6,0x49,0xa5,0x51,0x65,0x41,0x03,0x39,0x24,0x31,0xa5,0x49,0xa5,0x49,0xa4,0x51,
0x46,0x6a,0xc4,0x61,0x84,0x41,0xa4,0x51,0x85,0x49,0x44,0x49,0x04,0x29,0x04,0x31,
0x85,0x41,0x64,0x49,0xa5,0x49,0x85,0x51,0x85,0x41,0x84,0x49,0x45,0x31,0xe3,0x28,
0x85,0x49,0x84,0x49,0xa5,0x49,0x64,0x49,0x45,0x29,0x41,0x10,0xbf,0xf7,0x7d,0xf7,
0x00,0x00,0x00,0x00,0x00,0x00,0x00,0x00,0x00,0x00,0x00,0x00,0x00,0x00,0x00,0x00,
0x00,0x00,0x00,0x00,0x00,0x00,0x00,0x00,0x00,0x00,0x00,0x00,0x00,0x00,0xff,0xff,
0xff,0xff,0xff,0xff,0xde,0xff,0xbe,0xf7,0x7d,0xf7,0x7d,0xef,0xbe,0xff,0x9e,0xf7,
0x45,0x39,0x24,0x29,0xc3,0x28,0xe4,0x20,0x81,0x20,0x24,0x29,0x84,0x51,0xa5,0x51,
0xa5,0x51,0x64,0x49,0x84,0x49,0x44,0x39,0x44,0x31,0x04,0x29,0xe3,0x28,0x04,0x21,
0xe2,0x30,0x85,0x41,0xa4,0x51,0xa5,0x49,0x44,0x39,0x03,0x31,0xa2,0x20,0xc3,0x18,
0x04,0x29,0x04,0x29,0x04,0x31,0x45,0x29,0xb6,0xbd,0xff,0xff,0x9d,0xf7,0x9e,0xef,
0x00,0x00,0x00,0x00,0x00,0x00,0x00,0x00,0x00,0x00,0x00,0x00,0x00,0x00,0x00,0x00,
0x00,0x00,0x00,0x00,0x00,0x00,0x00,0x00,0x00,0x00,0x00,0x00,0x00,0x00,0xff,0xff,
0xff,0xff,0xff,0xff,0xdf,0xf7,0x9e,0xf7,0x9e,0xef,0x7d,0xf7,0x9e,0xef,0x7d,0xf7,
0xe4,0x20,0x82,0x18,0x82,0x10,0x20,0x10,0xdf,0xff,0xa3,0x18,0x65,0x39,0x65,0x41,
0x86,0x41,0x64,0x41,0x65,0x39,0x44,0x39,0xe4,0x20,0x8e,0x7b,0xdf,0xf7,0x59,0xce,
0x49,0x4a,0x04,0x29,0x04,0x29,0x24,0x31,0x04,0x29,0x65,0x39,0x7e,0xef,0xdf,0xff,
0xc3,0x18,0x82,0x18,0xa3,0x18,0xe3,0x28,0xdf,0xf7,0x9e,0xf7,0x7e,0xef,0x7e,0xf7,
0x00,0x00,0x00,0x00,0x00,0x00,0x00,0x00,0x00,0x00,0x00,0x00,0x00,0x00,0x00,0x00,
0x00,0x00,0x00,0x00,0x00,0x00,0x00,0x00,0x00,0x00,0x00,0x00,0x00,0x00,0xff,0xff,
0xff,0xff,0xff,0xff,0xbe,0xff,0x9e,0xf7,0x9d,0xf7,0x9e,0xf7,0x9e,0xff,0xbf,0xf7,
0xdf,0xff,0xdf,0xf7,0xbe,0xff,0xdf,0xff,0xff,0xff,0x7e,0xef,0x81,0x18,0x25,0x29,
0x44,0x31,0x65,0x31,0x44,0x31,0x82,0x10,0xbe,0xff,0xdf,0xf7,0xdf,0xff,0xff,0xff,
0x38,0xce,0xa3,0x10,0x61,0x18,0xa2,0x18,0x24,0x29,0x7d,0xef,0x7d,0xf7,0xff,0xff,
0xbe,0xff,0xdf,0xf7,0xbe,0xff,0xdf,0xf7,0xff,0xff,0xbe,0xf7,0x7d,0xf7,0x9e,0xf7,
0x00,0x00,0x00,0x00,0x00,0x00,0x00,0x00,0x00,0x00,0x00,0x00,0x00,0x00,0x00,0x00,
0x00,0x00,0x00,0x00,0x00,0x00,0x00,0x00,0x00,0x00,0x00,0x00,0x00,0x00,0xff,0xff,
0xff,0xff,0xff,0xff,0xbf,0xf7,0x7e,0xf7,0x9e,0xef,0x7e,0xf7,0xbf,0xf7,0x9e,0xf7,
0xff,0xff,0xbf,0xff,0xff,0xff,0xff,0xff,0xff,0xff,0xdf,0xff,0xdf,0xf7,0xbf,0xff,
0xff,0xff,0xff,0xff,0xff,0xff,0xdf,0xff,0xdf,0xf7,0xdf,0xff,0xff,0xff,0xff,0xff,
0xff,0xff,0x7e,0xf7,0x7e,0xef,0x7e,0xf7,0x7e,0xef,0x7d,0xf7,0x7e,0xef,0xdf,0xff,
0xff,0xff,0xbf,0xff,0xff,0xff,0xff,0xff,0xff,0xff,0x9e,0xf7,0x9e,0xef,0x7e,0xf7,
0x00,0x00,0x00,0x00,0x00,0x00,0x00,0x00,0x00,0x00,0x00,0x00,0x00,0x00,0x00,0x00,
0x00,0x00,0x00,0x00,0x00,0x00,0x00,0x00,0x00,0x00,0x00,0x00,0x00,0x00,0x9e,0xf7,
0x9d,0xf7,0x9e,0xef,0xbe,0xff,0xff,0xff,0xff,0xff,0xff,0xff,0xff,0xff,0xff,0xff,
0x7d,0xf7,0x7e,0xef,0x7d,0xf7,0x9e,0xf7,0x7d,0xf7,0x7e,0xef,0xff,0xff,0xff,0xff,
0xff,0xff,0xff,0xff,0xff,0xff,0xbf,0xf7,0x7d,0xf7,0x9e,0xef,0x7d,0xf7,0x9e,0xf7,
0x7d,0xf7,0xdf,0xf7,0xff,0xff,0xff,0xff,0xff,0xff,0xff,0xff,0xff,0xff,0x7e,0xef,
0x7d,0xf7,0x9e,0xef,0x7d,0xf7,0x9e,0xf7,0x7d,0xf7,0xff,0xff,0xff,0xff,0xff,0xff,
0x00,0x00,0x00,0x00,0x00,0x00,0x00,0x00,0x00,0x00,0x00,0x00,0x00,0x00,0x00,0x00,
0x00,0x00,0x00,0x00,0x00,0x00,0x00,0x00,0x00,0x00,0x00,0x00,0x00,0x00,0x9e,0xf7,
0x9e,0xf7,0x7e,0xf7,0xbf,0xf7,0xdf,0xff,0xff,0xff,0xff,0xff,0xff,0xff,0xff,0xff,
0x7e,0xef,0x7e,0xf7,0x9e,0xf7,0x7e,0xf7,0x9e,0xef,0x7e,0xf7,0xff,0xff,0xdf,0xff,
0xff,0xff,0xff,0xff,0xff,0xff,0xbe,0xff,0x9e,0xef,0x7e,0xf7,0x9e,0xf7,0x9e,0xf7,
0x9e,0xef,0xbe,0xff,0xff,0xff,0xdf,0xff,0xff,0xff,0xff,0xff,0xff,0xff,0x7d,0xf7,
0x9e,0xef,0x9e,0xf7,0x9e,0xef,0x7e,0xf7,0x7e,0xef,0xff,0xff,0xff,0xff,0xff,0xff,
0x00,0x00,0x00,0x00,0x00,0x00,0x00,0x00,0x00,0x00,0x00,0x00,0x00,0x00,0x00,0x00,
0x00,0x00,0x00,0x00,0x00,0x00,0x00,0x00,0x00,0x00,0x00,0x00,0x00,0x00,0x00,0x00,
0x00,0x00,0x00,0x00,0x00,0x00,0x00,0x00,0x00,0x00,0x00,0x00,0x00,0x00,0x00,0x00,
0x00,0x00,0x00,0x00,0x00,0x00,0x00,0x00,0x00,0x00,0x00,0x00,0x00,0x00,0x00,0x00,
0x00,0x00,0x00,0x00,0x00,0x00,0x00,0x00,0x00,0x00,0x00,0x00,0x00,0x00,0x00,0x00,
0x00,0x00,0x00,0x00,0x00,0x00,0x00,0x00,0x00,0x00,0x00,0x00,0x00,0x00,0x00,0x00,
0x00,0x00,0x00,0x00,0x00,0x00,0x00,0x00,0x00,0x00,0x00,0x00,0x00,0x00,0x00,0x00,
0x00,0x00,0x00,0x00,0x00,0x00,0x00,0x00,0x00,0x00,0x00,0x00,0x00,0x00,0x00,0x00,
0x00,0x00,0x00,0x00,0x00,0x00,0x00,0x00,0x00,0x00,0x00,0x00,0x00,0x00,0x00,0x00,
0x00,0x00,0x00,0x00,0x00,0x00,0x00,0x00,0x00,0x00,0x00,0x00,0x00,0x00,0x00,0x00,
0x00,0x00,0x00,0x00,0x00,0x00,0x00,0x00,0x00,0x00,0x00,0x00,0x00,0x00,0x00,0x00,
0x00,0x00,0x00,0x00,0x00,0x00,0x00,0x00,0x00,0x00,0x00,0x00,0x00,0x00,0x00,0x00,
0x00,0x00,0x00,0x00,0x00,0x00,0x00,0x00,0x00,0x00,0x00,0x00,0x00,0x00,0x00,0x00,
0x00,0x00,0x00,0x00,0x00,0x00,0x00,0x00,0x00,0x00,0x00,0x00,0x00,0x00,0x00,0x00,
0x00,0x00,0x00,0x00,0x00,0x00,0x00,0x00,0x00,0x00,0x00,0x00,0x00,0x00,0x00,0x00,
0x00,0x00,0x00,0x00,0x00,0x00,0x00,0x00,0x00,0x00,0x00,0x00,0x00,0x00,0x00,0x00,
0x00,0x00,0x00,0x00,0x00,0x00,0x00,0x00,0x00,0x00,0x00,0x00,0x00,0x00,0x00,0x00,
0x00,0x00,0x00,0x00,0x00,0x00,0x00,0x00,0x00,0x00,0x00,0x00,0x00,0x00,0x00,0x00,
0x00,0x00,0x00,0x00,0x00,0x00,0x00,0x00,0x00,0x00,0x00,0x00,0x00,0x00,0x00,0x00,
0x00,0x00,0x00,0x00,0x00,0x00,0x00,0x00,0x00,0x00,0x00,0x00,0x00,0x00,0x00,0x00,
0x00,0x00,0x00,0x00,0x00,0x00,0x00,0x00,0x00,0x00,0x00,0x00,0x00,0x00,0x00,0x00,
0x00,0x00,0x00,0x00,0x00,0x00,0x00,0x00,0x00,0x00,0x00,0x00,0x00,0x00,0x00,0x00,
0x00,0x00,0x00,0x00,0x00,0x00,0x00,0x00,0x00,0x00,0x00,0x00,0x00,0x00,0x00,0x00,
0x00,0x00,0x00,0x00,0x00,0x00,0x00,0x00,0x00,0x00,0x00,0x00,0x00,0x00,0x00,0x00,
0x00,0x00,0x00,0x00,0x00,0x00,0x00,0x00,0x00,0x00,0x00,0x00,0x00,0x00,0x00,0x00,
0x00,0x00,0x00,0x00,0x00,0x00,0x00,0x00,0x00,0x00,0x00,0x00,0x00,0x00,0x00,0x00,
0x00,0x00,0x00,0x00,0x00,0x00,0x00,0x00,0x00,0x00,0x00,0x00,0x00,0x00,0x00,0x00,
0x00,0x00,0x00,0x00,0x00,0x00,0x00,0x00,0x00,0x00,0x00,0x00,0x00,0x00,0x00,0x00,
0x00,0x00,0x00,0x00,0x00,0x00,0x00,0x00,0x00,0x00,0x00,0x00,0x00,0x00,0x00,0x00,
0x00,0x00,0x00,0x00,0x00,0x00,0x00,0x00,0x00,0x00,0x00,0x00,0x00,0x00,0x00,0x00,
0x00,0x00,0x00,0x00,0x00,0xff,0xff,0xff,0x00,0x00,0x00,0x00,0x00,0x00,0x00,0x00,
0x00,0x00,0xff,0xff,0xff,0xff,0x00,0x00,0x00,0x00,0x00,0x00,0x00,0x00,0x00,0x00,
0x00,0x00,0x00,0x00,0x00,0x00,0x00,0x00,0x00,0x00,0x00,0x00,0x00,0x00,0x00,0x00,
0x00,0x00,0x00,0x00,0x00,0x00,0x00,0x00,0x00,0x00,0x00,0x00,0x00,0xff,0xff,0xff,
0xff,0x00,0x00,0x00,0x00,0x00,0x00,0x00,0x00,0x00,0xff,0xff,0xff,0xff,0x00,0x00,
0x00,0x00,0x00,0x00,0x00,0x00,0x00,0x00,0x00,0x00,0x00,0x00,0x00,0x00,0x00,0x00,
0x00,0x00,0x00,0x00,0x00,0x00,0x00,0x00,0x00,0x00,0x00,0x00,0x00,0x00,0x00,0x00,
0x00,0x00,0x00,0x00,0x00,0xff,0xff,0xff,0xff,0xff,0xff,0x00,0x00,0x00,0x00,0x00,
0xff,0xff,0xff,0xff,0xff,0xff,0x00,0x00,0x00,0x00,0x00,0x00,0x00,0x00,0x00,0x00,
0x00,0x00,0x00,0x00,0x00,0x00,0x00,0x00,0x00,0x00,0x00,0x00,0x00,0x00,0x00,0x00,
0x00,0x00,0x00,0x00,0x00,0x00,0x00,0x00,0x00,0x00,0x00,0x00,0x00,0xff,0xff,0xff,
0xff,0xff,0xff,0x00,0x00,0x00,0x00,0xff,0xff,0xff,0xff,0xff,0xff,0xff,0x00,0x00,
0x00,0x00,0x00,0x00,0x00,0x00,0x00,0x00,0x00,0x00,0x00,0x00,0x00,0x00,0x00,0x00,
0x00,0x00,0x00,0x00,0x00,0x00,0x00,0x00,0x00,0x00,0x00,0x00,0x00,0x00,0x00,0x00,
0x00,0x00,0x00,0x00,0x00,0xff,0xff,0xff,0xff,0xff,0xff,0xff,0xff,0x00,0x00,0xff,
0xff,0xff,0xff,0xff,0xff,0xff,0x00,0x00,0x00,0x00,0x00,0x00,0x00,0x00,0x00,0x00,
0x00,0x00,0x00,0x00,0x00,0x00,0x00,0x00,0x00,0x00,0x00,0x00,0x00,0x00,0x00,0x00,
0x00,0x00,0x00,0x00,0x00,0x00,0x00,0x00,0x00,0x00,0x00,0x00,0x00,0xff,0xff,0xff,
0xff,0xff,0xff,0xff,0xff,0x00,0xff,0xff,0xff,0xff,0xff,0xff,0xff,0xff,0x00,0x00,
0x00,0x00,0x00,0x00,0x00,0x00,0x00,0x00,0x00,0x00,0x00,0x00,0x00,0x00,0x00,0x00,
0x00,0x00,0x00,0x00,0x00,0x00,0x00,0x00,0x00,0x00,0x00,0x00,0x00,0x00,0x00,0x00,
0x00,0x00,0x00,0x00,0x00,0x00,0xff,0xff,0xff,0xff,0xff,0xff,0xff,0xff,0xff,0xff,
0xff,0xff,0xff,0xff,0xff,0xff,0x00,0x00,0x00,0x00,0x00,0x00,0x00,0x00,0x00,0x00,
0x00,0x00,0x00,0x00,0x00,0x00,0x00,0x00,0x00,0x00,0x00,0x00,0x00,0x00,0x00,0x00,
0x00,0x00,0x00,0x00,0x00,0x00,0x00,0x00,0x00,0x00,0x00,0x00,0x00,0x00,0xff,0xff,
0xff,0xff,0xff,0xff,0xff,0xff,0xff,0xff,0xff,0xff,0xff,0xff,0xff,0x00,0x00,0x00,
0x00,0x00,0x00,0x00,0x00,0x00,0x00,0x00,0x00,0x00,0x00,0x00,0x00,0x00,0x00,0x00,
0x00,0x00,0x00,0x00,0x00,0x00,0x00,0x00,0x00,0x00,0x00,0x00,0x00,0x00,0x00,0x00,
0x00,0x00,0x00,0x00,0x00,0x00,0xff,0xff,0xff,0xff,0xff,0xff,0xff,0xff,0xff,0xff,
0xff,0xff,0xff,0xff,0xff,0x00,0x00,0x00,0x00,0x00,0x00,0x00,0x00,0x00,0x00,0x00,
0x00,0x00,0x00,0x00,0x00,0x00,0x00,0x00,0x00,0x00,0x00,0x00,0x00,0x00,0x00,0x00,
0x00,0x00,0x00,0x00,0x00,0x00,0x00,0x00,0x00,0x00,0x00,0x00,0x00,0x00,0x00,0xff,
0xff,0xff,0xff,0xff,0xff,0xff,0xff,0xff,0xff,0xff,0xff,0x00,0x00,0x00,0x00,0x00,
0x00,0x00,0x00,0x00,0x00,0x00,0x00,0x00,0x00,0x00,0x00,0x00,0x00,0x00,0x00,0x00,
0x00,0x00,0x00,0x00,0x00,0x00,0x00,0x00,0x00,0x00,0x00,0x00,0x00,0x00,0x00,0x00,
0x00,0x00,0x00,0xff,0xff,0xff,0xff,0xff,0xff,0xff,0xff,0xff,0xff,0xff,0xff,0xff,
0xff,0xff,0xff,0xff,0xff,0xff,0xff,0xff,0x00,0x00,0x00,0x00,0x00,0x00,0x00,0x00,
0x00,0x00,0x00,0x00,0x00,0x00,0x00,0x00,0x00,0x00,0x00,0x00,0x00,0x00,0x00,0x00,
0x00,0x00,0x00,0x00,0x00,0x00,0x00,0x00,0x00,0xff,0xff,0xff,0xff,0xff,0xff,0xff,
0xff,0xff,0xff,0xff,0xff,0xff,0xff,0xff,0xff,0xff,0xff,0xff,0xff,0xff,0xff,0xff,
0xff,0x00,0x00,0x00,0x00,0x00,0x00,0x00,0x00,0x00,0x00,0x00,0x00,0x00,0x00,0x00,
0x00,0x00,0x00,0x00,0x00,0x00,0x00,0x00,0x00,0x00,0x00,0x00,0x00,0x00,0x00,0x00,
0x00,0xff,0xff,0xff,0xff,0xff,0xff,0xff,0xff,0xff,0xff,0xff,0xff,0xff,0xff,0xff,
0xff,0xff,0xff,0xff,0xff,0xff,0xff,0xff,0xff,0xff,0xff,0x00,0x00,0x00,0x00,0x00,
0x00,0x00,0x00,0x00,0x00,0x00,0x00,0x00,0x00,0x00,0x00,0x00,0x00,0x00,0x00,0x00,
0x00,0x00,0x00,0x00,0x00,0x00,0x00,0xff,0xff,0xff,0xff,0xff,0xff,0xff,0xff,0xff,
0xff,0xff,0xff,0xff,0xff,0xff,0xff,0xff,0xff,0xff,0xff,0xff,0xff,0xff,0xff,0xff,
0xff,0xff,0xff,0xff,0xff,0xff,0x00,0x00,0x00,0x00,0x00,0x00,0x00,0x00,0x00,0x00,
0x00,0x00,0x00,0x00,0x00,0x00,0x00,0x00,0x00,0x00,0x00,0x00,0x00,0x00,0xff,0xff,
0xff,0xff,0xff,0xff,0xff,0xff,0xff,0xff,0xff,0xff,0xff,0xff,0xff,0xff,0xff,0xff,
0xff,0xff,0xff,0xff,0xff,0xff,0xff,0xff,0xff,0xff,0xff,0xff,0xff,0xff,0x00,0x00,
0x00,0x00,0x00,0x00,0x00,0x00,0x00,0x00,0x00,0x00,0x00,0x00,0x00,0x00,0x00,0x00,
0x00,0x00,0x00,0x00,0x00,0xff,0xff,0xff,0xff,0xff,0xff,0xff,0xff,0xff,0xff,0xff,
0xff,0xff,0xff,0xff,0xff,0xff,0xff,0xff,0xff,0xff,0xff,0xff,0xff,0xff,0xff,0xff,
0xff,0xff,0xff,0xff,0xff,0xff,0x00,0x00,0x00,0x00,0x00,0x00,0x00,0x00,0x00,0x00,
0x00,0x00,0x00,0x00,0x00,0x00,0x00,0x00,0x00,0x00,0x00,0x00,0xff,0xff,0xff,0xff,
0xff,0xff,0xff,0xff,0xff,0xff,0xff,0xff,0xff,0xff,0xff,0xff,0xff,0xff,0xff,0xff,
0xff,0xff,0xff,0xff,0xff,0xff,0xff,0xff,0xff,0xff,0xff,0xff,0xff,0xff,0xff,0x00,
0x00,0x00,0x00,0x00,0x00,0x00,0x00,0x00,0x00,0x00,0x00,0x00,0x00,0x00,0x00,0x00,
0x00,0x00,0x00,0x00,0xff,0xff,0xff,0xff,0xff,0xff,0xff,0xff,0xff,0xff,0xff,0xff,
0xff,0xff,0xff,0xff,0xff,0xff,0xff,0xff,0xff,0xff,0xff,0xff,0xff,0xff,0xff,0xff,
0xff,0xff,0xff,0xff,0xff,0xff,0xff,0x00,0x00,0x00,0x00,0x00,0x00,0x00,0x00,0x00,
0x00,0x00,0x00,0x00,0x00,0x00,0x00,0x00,0x00,0x00,0x00,0x00,0xff,0xff,0xff,0xff,
0xff,0xff,0xff,0xff,0xff,0xff,0xff,0xff,0xff,0xff,0xff,0xff,0xff,0xff,0xff,0xff,
0xff,0xff,0xff,0xff,0xff,0xff,0xff,0xff,0xff,0xff,0xff,0xff,0xff,0xff,0xff,0x00,
0x00,0x00,0x00,0x00,0x00,0x00,0x00,0x00,0x00,0x00,0x00,0x00,0x00,0x00,0x00,0x00,
0x00,0x00,0x00,0x00,0xff,0xff,0xff,0xff,0xff,0xff,0xff,0xff,0xff,0xff,0xff,0xff,
0xff,0xff,0xff,0xff,0xff,0xff,0xff,0xff,0xff,0xff,0xff,0xff,0xff,0xff,0xff,0xff,
0xff,0xff,0xff,0xff,0xff,0xff,0xff,0x00,0x00,0x00,0x00,0x00,0x00,0x00,0x00,0x00,
0x00,0x00,0x00,0x00,0x00,0x00,0x00,0x00,0x00,0x00,0x00,0x00,0x00,0xff,0xff,0xff,
0xff,0xff,0xff,0xff,0xff,0xff,0xff,0xff,0xff,0xff,0xff,0xff,0xff,0xff,0xff,0xff,
0xff,0xff,0xff,0xff,0xff,0xff,0xff,0xff,0xff,0xff,0xff,0xff,0xff,0xff,0xff,0x00,
0x00,0x00,0x00,0x00,0x00,0x00,0x00,0x00,0x00,0x00,0x00,0x00,0x00,0x00,0x00,0x00,
0x00,0x00,0x00,0x00,0xff,0xff,0xff,0xff,0xff,0xff,0xff,0xff,0xff,0xff,0xff,0xff,
0xff,0xff,0xff,0xff,0xff,0xff,0xff,0xff,0xff,0xff,0xff,0xff,0xff,0xff,0xff,0xff,
0xff,0xff,0xff,0xff,0xff,0xff,0x00,0x00,0x00,0x00,0x00,0x00,0x00,0x00,0x00,0x00,
0x00,0x00,0x00,0x00,0x00,0x00,0x00,0x00,0x00,0x00,0x00,0x00,0xff,0xff,0xff,0xff,
0xff,0xff,0xff,0xff,0xff,0xff,0xff,0xff,0xff,0xff,0xff,0xff,0xff,0xff,0xff,0xff,
0xff,0xff,0xff,0xff,0xff,0xff,0xff,0xff,0xff,0xff,0xff,0xff,0xff,0xff,0xff,0x00,
0x00,0x00,0x00,0x00,0x00,0x00,0x00,0x00,0x00,0x00,0x00,0x00,0x00,0x00,0x00,0x00,
0x00,0x00,0x00,0x00,0xff,0xff,0xff,0xff,0xff,0xff,0xff,0xff,0xff,0xff,0xff,0xff,
0xff,0xff,0xff,0xff,0xff,0xff,0xff,0xff,0xff,0xff,0xff,0xff,0xff,0xff,0xff,0xff,
0xff,0xff,0xff,0xff,0xff,0xff,0xff,0x00,0x00,0x00,0x00,0x00,0x00,0x00,0x00,0x00,
0x00,0x00,0x00,0x00,0x00,0x00,0x00,0x00,0x00,0x00,0x00,0x00,0xff,0xff,0xff,0xff,
0xff,0xff,0xff,0xff,0xff,0xff,0xff,0xff,0xff,0xff,0xff,0xff,0xff,0xff,0xff,0xff,
0xff,0xff,0xff,0xff,0xff,0xff,0xff,0xff,0xff,0xff,0xff,0xff,0xff,0xff,0xff,0xff,
0x00,0x00,0x00,0x00,0x00,0x00,0x00,0x00,0x00,0x00,0x00,0x00,0x00,0x00,0x00,0x00,
0x00,0x00,0x00,0x00,0xff,0xff,0xff,0xff,0xff,0xff,0xff,0xff,0xff,0xff,0xff,0xff,
0xff,0xff,0xff,0xff,0xff,0xff,0xff,0xff,0xff,0xff,0xff,0xff,0xff,0xff,0xff,0xff,
0xff,0xff,0xff,0xff,0xff,0xff,0xff,0xff,0x00,0x00,0x00,0x00,0x00,0x00,0x00,0x00,
0x00,0x00,0x00,0x00,0x00,0x00,0x00,0x00,0x00,0x00,0x00,0x00,0x00,0xff,0xff,0xff,
0xff,0xff,0xff,0xff,0xff,0xff,0xff,0xff,0xff,0xff,0xff,0xff,0xff,0xff,0xff,0xff,
0xff,0xff,0xff,0xff,0xff,0xff,0xff,0xff,0xff,0xff,0xff,0xff,0xff,0xff,0xff,0xff,
0x00,0x00,0x00,0x00,0x00,0x00,0x00,0x00,0x00,0x00,0x00,0x00,0x00,0x00,0x00,0x00,
0x00,0x00,0x00,0x00,0x00,0xff,0xff,0xff,0xff,0xff,0xff,0xff,0xff,0xff,0xff,0xff,
0xff,0xff,0xff,0xff,0xff,0xff,0xff,0xff,0xff,0xff,0xff,0xff,0xff,0xff,0xff,0xff,
0xff,0xff,0xff,0xff,0xff,0xff,0xff,0xff,0x00,0x00,0x00,0x00,0x00,0x00,0x00,0x00,
0x00,0x00,0x00,0x00,0x00,0x00,0x00,0x00,0x00,0x00,0x00,0xff,0xff,0xff,0xff,0xff,
0xff,0xff,0xff,0xff,0xff,0xff,0xff,0xff,0xff,0xff,0xff,0xff,0xff,0xff,0xff,0xff,
0xff,0xff,0xff,0xff,0xff,0xff,0xff,0xff,0xff,0xff,0xff,0xff,0xff,0xff,0xff,0xff,
0x00,0x00,0x00,0x00,0x00,0x00,0x00,0x00,0x00,0x00,0x00,0x00,0x00,0x00,0x00,0x00,
0x00,0x00,0x00,0xff,0xff,0xff,0xff,0xff,0xff,0xff,0xff,0xff,0xff,0xff,0xff,0xff,
0xff,0xff,0xff,0xff,0xff,0xff,0xff,0xff,0xff,0xff,0xff,0xff,0xff,0xff,0xff,0xff,
0xff,0xff,0xff,0xff,0xff,0xff,0xff,0x00,0x00,0x00,0x00,0x00,0x00,0x00,0x00,0x00,
0x00,0x00,0x00,0x00,0x00,0x00,0x00,0x00,0x00,0x00,0x00,0xff,0xff,0xff,0xff,0xff,
0xff,0xff,0xff,0xff,0xff,0xff,0xff,0xff,0xff,0xff,0xff,0xff,0xff,0xff,0xff,0xff,
0xff,0xff,0xff,0xff,0xff,0xff,0xff,0xff,0xff,0xff,0xff,0xff,0xff,0xff,0xff,0xff,
0x00,0x00,0x00,0x00,0x00,0x00,0x00,0x00,0x00,0x00,0x00,0x00,0x00,0x00,0x00,0x00,
0x00,0x00,0x00,0xff,0xff,0xff,0xff,0xff,0xff,0xff,0xff,0xff,0xff,0xff,0xff,0xff,
0xff,0xff,0xff,0xff,0xff,0xff,0xff,0xff,0xff,0xff,0xff,0xff,0xff,0xff,0xff,0xff,
0xff,0xff,0xff,0xff,0xff,0xff,0xff,0xff,0x00,0x00,0x00,0x00,0x00,0x00,0x00,0x00,
0x00,0x00,0x00,0x00,0x00,0x00,0x00,0x00,0x00,0x00,0x00,0xff,0xff,0xff,0xff,0xff,
0xff,0xff,0xff,0xff,0xff,0xff,0xff,0xff,0xff,0xff,0xff,0xff,0xff,0xff,0xff,0xff,
0xff,0xff,0xff,0xff,0xff,0xff,0xff,0xff,0xff,0xff,0xff,0xff,0xff,0xff,0xff,0xff,
0x00,0x00,0x00,0x00,0x00,0x00,0x00,0x00,0x00,0x00,0x00,0x00,0x00,0x00,0x00,0x00,
0x00,0x00,0x00,0xff,0xff,0xff,0xff,0xff,0xff,0xff,0xff,0xff,0xff,0xff,0xff,0xff,
0xff,0xff,0xff,0xff,0xff,0xff,0xff,0xff,0xff,0xff,0xff,0xff,0xff,0xff,0xff,0xff,
0xff,0xff,0xff,0xff,0xff,0xff,0xff,0xff,0x00,0x00,0x00,0x00,0x00,0x00,0x00,0x00,
0x00,0x00,0x00,0x00,0x00,0x00,0x00,0x00,0x00,0x00,0x00,0xff,0xff,0xff,0xff,0xff,
0xff,0xff,0xff,0xff,0xff,0xff,0xff,0xff,0xff,0xff,0xff,0xff,0xff,0xff,0xff,0xff,
0xff,0xff,0xff,0xff,0xff,0xff,0xff,0xff,0xff,0xff,0xff,0xff,0xff,0xff,0xff,0xff,
0x00,0x00,0x00,0x00,0x00,0x00,0x00,0x00,0x00,0x00,0x00,0x00,0x00,0x00,0x00,0x00,
0x00,0x00,0x00,0x00,0x00,0xff,0xff,0xff,0xff,0xff,0xff,0xff,0xff,0xff,0xff,0xff,
0xff,0xff,0xff,0xff,0xff,0xff,0xff,0xff,0xff,0xff,0xff,0xff,0xff,0xff,0xff,0xff,
0xff,0xff,0xff,0xff,0xff,0xff,0xff,0x00,0x00,0x00,0x00,0x00,0x00,0x00,0x00,0x00,
0x00,0x00,0x00,0x00,0x00,0x00,0x00,0x00,0x00,0x00,0x00,0x00,0xff,0xff,0xff,0xff,
0xff,0xff,0xff,0xff,0xff,0xff,0xff,0xff,0xff,0xff,0xff,0xff,0xff,0xff,0xff,0xff,
0xff,0xff,0xff,0xff,0xff,0xff,0xff,0xff,0xff,0xff,0xff,0xff,0xff,0xff,0xff,0x00,
0x00,0x00,0x00,0x00,0x00,0x00,0x00,0x00,0x00,0x00,0x00,0x00,0x00,0x00,0x00,0x00,
0x00,0x00,0x00,0x00,0x00,0x00,0xff,0xff,0xff,0xff,0xff,0xff,0xff,0xff,0xff,0xff,
0xff,0xff,0xff,0xff,0xff,0xff,0xff,0xff,0xff,0xff,0xff,0xff,0xff,0xff,0xff,0xff,
0xff,0xff,0xff,0xff,0xff,0xff,0x00,0x00,0x00,0x00,0x00,0x00,0x00,0x00,0x00,0x00,
0x00,0x00,0x00,0x00,0x00,0x00,0x00,0x00,0x00,0x00,0x00,0x00,0x00,0x00,0x00,0x00,
0xff,0xff,0xff,0xff,0xff,0xff,0xff,0xff,0xff,0xff,0xff,0xff,0xff,0xff,0xff,0xff,
0xff,0xff,0xff,0xff,0xff,0xff,0xff,0xff,0xff,0xff,0xff,0xff,0xff,0x00,0x00,0x00,
0x00,0x00,0x00,0x00,0x00,0x00,0x00,0x00,0x00,0x00,0x00,0x00,0x00,0x00,0x00,0x00,
0x00,0x00,0x00,0x00,0x00,0x00,0x00,0x00,0xff,0xff,0xff,0xff,0x00,0xff,0xff,0xff,
0xff,0xff,0xff,0xff,0xff,0xff,0x00,0xff,0xff,0xff,0xff,0xff,0xff,0xff,0x00,0x00,
0xff,0xff,0xff,0xff,0x00,0x00,0x00,0x00,0x00,0x00,0x00,0x00,0x00,0x00,0x00,0x00,
0x00,0x00,0x00,0x00,0x00,0x00,0x00,0x00,0x00,0x00,0x00,0x00,0x00,0x00,0x00,0x00,
0x00,0x00,0x00,0x00,0x00,0x00,0xff,0xff,0xff,0xff,0xff,0xff,0x00,0x00,0x00,0x00,
0xff,0xff,0xff,0xff,0xff,0x00,0x00,0x00,0x00,0x00,0x00,0x00,0x00,0x00,0x00,0x00,
0x00,0x00,0x00,0x00,0x00,0x00,0x00,0x00,0x00,0x00,0x00,0x00,0x00,0x00,0x00,0x00,
0x00,0x00,0x00,0x00,0x00,0x00,0x00,0x00,0x00,0x00,0x00,0x00,0x00,0x00,0x00,0x00,
0x00,0x00,0x00,0x00,0x00,0x00,0x00,0x00,0x00,0x00,0x00,0x00,0x00,0x00,0x00,0x00,
0x00,0x00,0x00,0x00,0x00,0x00,0x00,0x00,0x00,0x00,0x00,0x00,0x00,0x00,0x00,0x00,
0x00,0x00,0x00,0x00,0x00,0x00,0x00,0x00,0x00,0x00,0x00,0x00,0x00,0x00,0x00,0x00,
0x00,0x00,0x00,0x00,0x00,0x00,0x00,0x00,0x00,0x00,0x00,0x00,0x00,0x00,0x00,0x00,
0x00,0x00,0x00,0x00,0x00,0x00,0x00,0x00,0x00,0x00,0x00,0x00,0x00,0x00,0x00,0x00,
0x00,0x00,0x00,0x00,0x00,0x00,0x00,0x00,0x00,0x00,0x00,0x00,0x00,0x00,0x00,0x00,
0x00,0x00,0x00,0x00,0x00,0x00,0x00,0x00,0x00,0x00,0x00,0x00,0x00,0x00,0x00,0x00,
0x00,0x00,0x00,0x00,0x00,0x00,0x00,0x00,0x00,0x00,0x00,0x00,0x00,0x00,0x00,0x00,
0x00,0x00,0x00,0x00,0x00,0x00,0x00,0x00,0x00,0x00,0x00,0x00,0x00,0x00,0x00,0x00,

};
static const lv_image_dsc_t s_farm_wheat_1 = {
    .header.magic = LV_IMAGE_HEADER_MAGIC,
    .header.cf = LV_COLOR_FORMAT_RGB565A8,
    .header.flags = 0,
    .header.w = 56,
    .header.h = 52,
    .header.stride = 112,
    .data_size = sizeof(s_farm_wheat_1_map),
    .data = s_farm_wheat_1_map,
};

static const LV_ATTRIBUTE_MEM_ALIGN LV_ATTRIBUTE_LARGE_CONST uint8_t s_farm_wheat_2_map[] = {
0x00,0x00,0x00,0x00,0x00,0x00,0x00,0x00,0x00,0x00,0x00,0x00,0x00,0x00,0xbe,0xf7,
0x9e,0xff,0xff,0xff,0xff,0xff,0xff,0xff,0xdf,0xff,0xff,0xff,0x9e,0xf7,0xbe,0xf7,
0x9e,0xf7,0xbe,0xf7,0xbe,0xff,0xff,0xff,0xfe,0xff,0xc6,0x29,0x89,0x52,0x7d,0xef,
0xe3,0x59,0x49,0x7b,0x43,0xe5,0x27,0xf6,0xa6,0xcc,0x61,0x9b,0xa0,0x61,0x4e,0xee,
0x0a,0xff,0x23,0xcd,0x24,0x29,0xdf,0xff,0x9e,0xf7,0xff,0xff,0xff,0xff,0xff,0xff,
0xff,0xff,0xff,0xff,0x9e,0xf7,0xbe,0xf7,0x9e,0xff,0xbe,0xf7,0xdf,0xff,0xff,0xff,
0x00,0x00,0x00,0x00,0x00,0x00,0x00,0x00,0x00,0x00,0x00,0x00,0x00,0x00,0x00,0x00,
0x00,0x00,0x00,0x00,0x00,0x00,0x00,0x00,0x00,0x00,0x00,0x00,0x00,0x00,0xff,0xff,
0xff,0xff,0x7e,0xf7,0x9e,0xef,0x7e,0xf7,0x9e,0xef,0x7e,0xf7,0xff,0xff,0xff,0xff,
0xff,0xff,0xff,0xff,0xbf,0xf7,0x7e,0xf7,0xdd,0xef,0xc5,0x31,0x85,0x21,0x74,0xad,
0x25,0x52,0xc7,0x72,0x04,0xd5,0x66,0xe5,0x48,0xac,0xc0,0x61,0x89,0xf6,0xca,0xfe,
0xef,0xdd,0x20,0x49,0x45,0x29,0xbe,0xff,0xff,0xff,0x9e,0xf7,0x9e,0xf7,0x9e,0xf7,
0x9e,0xf7,0x9e,0xf7,0xff,0xff,0xff,0xff,0xff,0xff,0xff,0xff,0x9e,0xef,0x7e,0xf7,
0x00,0x00,0x00,0x00,0x00,0x00,0x00,0x00,0x00,0x00,0x00,0x00,0x00,0x00,0x00,0x00,
0x00,0x00,0x00,0x00,0x00,0x00,0x00,0x00,0x00,0x00,0x00,0x00,0x00,0x00,0xff,0xff,
0xff,0xff,0x9e,0xf7,0x9d,0xf7,0x9e,0xf7,0x9e,0xf7,0xbe,0xf7,0xff,0xff,0xff,0xff,
0xff,0xff,0xff,0xff,0xbe,0xff,0x9e,0xf7,0xbc,0xf7,0x06,0x32,0xee,0xbd,0x40,0x3a,
0x00,0x39,0xa7,0x62,0xa3,0xcc,0x26,0xdd,0x03,0x93,0xa2,0x82,0x44,0xe5,0x65,0xe5,
0xe9,0x9b,0x60,0x49,0xff,0xff,0xff,0xff,0xdf,0xff,0x9e,0xf7,0x9e,0xf7,0xbe,0xf7,
0x9e,0xf7,0xbe,0xf7,0xff,0xff,0xff,0xff,0xff,0xff,0xff,0xff,0x7d,0xf7,0x9e,0xf7,
0x00,0x00,0x00,0x00,0x00,0x00,0x00,0x00,0x00,0x00,0x00,0x00,0x00,0x00,0x00,0x00,
0x00,0x00,0x00,0x00,0x00,0x00,0x00,0x00,0x00,0x00,0x00,0x00,0x00,0x00,0xff,0xff,
0xff,0xff,0x7e,0xf7,0x9e,0xef,0x7e,0xf7,0xbf,0xf7,0x9e,0xf7,0xff,0xff,0xff,0xff,
0xff,0xff,0xff,0xff,0xbf,0xf7,0x7e,0xf7,0xdd,0xef,0xc5,0x31,0x6f,0xc6,0x60,0x29,
0x22,0x31,0x46,0x5a,0x63,0xc4,0x05,0xdd,0xc3,0x82,0x41,0x7a,0xa5,0xe5,0x06,0xfe,
0x4b,0x9c,0xe0,0x38,0x34,0x9d,0xff,0xff,0xff,0xff,0x7e,0xf7,0x9e,0xef,0x9e,0xf7,
0x9e,0xef,0x7e,0xf7,0xff,0xff,0xff,0xff,0xff,0xff,0xff,0xff,0x9e,0xef,0x7e,0xf7,
0x00,0x00,0x00,0x00,0x00,0x00,0x00,0x00,0x00,0x00,0x00,0x00,0x00,0x00,0x00,0x00,
0x00,0x00,0x00,0x00,0x00,0x00,0x00,0x00,0x00,0x00,0x00,0x00,0x00,0x00,0xff,0xff,
0xff,0xff,0x9e,0xf7,0x9d,0xf7,0xbe,0xf7,0x9e,0xf7,0x9e,0xf7,0xff,0xff,0xff,0xff,
0xff,0xff,0xff,0xff,0xbe,0xff,0xbe,0xf7,0xbd,0xf7,0x85,0x29,0x46,0xc6,0xa4,0xad,
0xc3,0x41,0xe4,0x39,0x40,0x72,0x2c,0xe6,0xa2,0xd4,0x24,0xe5,0xc0,0x92,0xc4,0xab,
0x00,0x5b,0x08,0x95,0xa5,0x31,0xff,0xff,0xff,0xff,0xbe,0xf7,0x9d,0xf7,0x9e,0xf7,
0x9d,0xf7,0x9e,0xf7,0xff,0xff,0xff,0xff,0xff,0xff,0xff,0xff,0x7d,0xf7,0x9e,0xf7,
0x00,0x00,0x00,0x00,0x00,0x00,0x00,0x00,0x00,0x00,0x00,0x00,0x00,0x00,0x00,0x00,
0x00,0x00,0x00,0x00,0x00,0x00,0x00,0x00,0x00,0x00,0x00,0x00,0x00,0x00,0x7e,0xf7,
0x9e,0xef,0xdf,0xff,0xff,0xff,0xff,0xff,0xff,0xff,0xdf,0xff,0x9e,0xef,0x7e,0xf7,
0x9e,0xf7,0x7e,0xf7,0xdf,0xf7,0xff,0xff,0xff,0xff,0x64,0x29,0xc5,0xa5,0x06,0xb6,
0x8b,0x7c,0x60,0x21,0xc0,0x28,0x2c,0xc5,0x64,0xc4,0xe2,0xbb,0x67,0xfe,0x26,0xf6,
0x6a,0xce,0x60,0x73,0xc6,0x31,0xbd,0xf7,0x9e,0xef,0xdf,0xff,0xff,0xff,0xdf,0xff,
0xff,0xff,0xdf,0xff,0x9e,0xf7,0x9e,0xf7,0x9e,0xf7,0x7e,0xf7,0xff,0xff,0xdf,0xff,
0x00,0x00,0x00,0x00,0x00,0x00,0x00,0x00,0x00,0x00,0x00,0x00,0x00,0x00,0x00,0x00,
0x00,0x00,0x00,0x00,0x00,0x00,0x00,0x00,0x00,0x00,0x00,0x00,0x00,0x00,0xbe,0xf7,
0x9d,0xf7,0xff,0xff,0xff,0xff,0xff,0xff,0xff,0xff,0xff,0xff,0x7d,0xf7,0x9e,0xf7,
0x9d,0xf7,0x9e,0xf7,0xdf,0xff,0xff,0xff,0xfe,0xff,0x85,0x29,0x61,0x7c,0x08,0xae,
0x6b,0xa5,0x80,0x19,0xe0,0x38,0x8a,0xac,0x26,0xf6,0x87,0xfe,0x03,0xcd,0x04,0xc5,
0x46,0x5b,0x02,0x2a,0x7d,0xf7,0xbe,0xf7,0x9d,0xf7,0xff,0xff,0xdf,0xff,0xdf,0xff,
0xbe,0xff,0xff,0xff,0x9d,0xf7,0xbe,0xf7,0x9e,0xff,0x9e,0xf7,0xff,0xff,0xff,0xff,
0x00,0x00,0x00,0x00,0x00,0x00,0x00,0x00,0x00,0x00,0x00,0x00,0x00,0x00,0x00,0x00,
0x00,0x00,0x00,0x00,0x00,0x00,0x00,0x00,0x00,0x00,0x00,0x00,0x00,0x00,0x7e,0xf7,
0x9e,0xef,0xff,0xff,0xff,0xff,0xff,0xff,0xff,0xff,0xdf,0xff,0xbf,0xf7,0x9e,0xf7,
0x7e,0xef,0x9e,0xf7,0xff,0xff,0xdf,0xff,0xff,0xf7,0xdb,0xde,0x40,0x32,0x8a,0xa5,
0x09,0x8d,0x80,0x42,0x80,0x49,0x09,0xa4,0xa5,0xe5,0xc5,0xed,0x83,0xa4,0x63,0xac,
0x63,0x21,0x4e,0x84,0xbf,0xf7,0x9e,0xf7,0x9e,0xf7,0xdf,0xff,0xd6,0xad,0xf6,0xb5,
0xf7,0xb5,0xfe,0xff,0x9e,0xef,0x9e,0xf7,0x9e,0xf7,0x9e,0xf7,0xff,0xff,0xff,0xff,
0x00,0x00,0x00,0x00,0x00,0x00,0x00,0x00,0x00,0x00,0x00,0x00,0x00,0x00,0x00,0x00,
0x00,0x00,0x00,0x00,0x00,0x00,0x00,0x00,0x00,0x00,0x00,0x00,0x00,0x00,0x9e,0xf7,
0x9e,0xf7,0xff,0xff,0xff,0xff,0xff,0xff,0xff,0xff,0xff,0xff,0xde,0xff,0x17,0xbe,
0x37,0xce,0xde,0xf7,0xff,0xff,0xff,0xff,0xdf,0xff,0xbe,0xf7,0xc0,0x29,0x0b,0x8d,
0x06,0x8d,0xa1,0x5b,0x40,0x5a,0xc7,0x8b,0xe2,0xd4,0x24,0xdd,0x83,0xa4,0x63,0x9c,
0xc1,0x10,0xbd,0xef,0x7d,0xf7,0xbe,0xf7,0x99,0xd6,0xf7,0xbd,0x21,0x11,0x83,0x19,
0xa4,0x29,0xfe,0xef,0x7d,0xf7,0x9e,0xf7,0x9e,0xf7,0xbe,0xf7,0xff,0xff,0xff,0xff,
0x00,0x00,0x00,0x00,0x00,0x00,0x00,0x00,0x00,0x00,0x00,0x00,0x00,0x00,0x00,0x00,
0x00,0x00,0x00,0x00,0x00,0x00,0x00,0x00,0x00,0x00,0x00,0x00,0x00,0x00,0x7e,0xf7,
0x9e,0xef,0xdf,0xff,0xff,0xff,0xdf,0xff,0xff,0xff,0xff,0xff,0xfe,0xef,0xc5,0x29,
0xe5,0x21,0xc5,0x29,0xff,0xff,0xbf,0xff,0xdf,0xff,0xdf,0xff,0x41,0x11,0xc6,0x4a,
0xa4,0x74,0x83,0x74,0x04,0x63,0x44,0x73,0x64,0xac,0x02,0xa4,0xa4,0x3a,0xa4,0x42,
0xe3,0x10,0xbe,0xf7,0x9e,0xef,0x7e,0xf7,0x43,0x11,0x84,0x21,0x04,0x8d,0x48,0xb6,
0xa5,0x21,0xbd,0xf7,0x7e,0xef,0x7e,0xf7,0x9e,0xf7,0x9e,0xf7,0xff,0xff,0xff,0xff,
0x00,0x00,0x00,0x00,0x00,0x00,0x00,0x00,0x00,0x00,0x00,0x00,0x00,0x00,0x00,0x00,
0x00,0x00,0x00,0x00,0x00,0x00,0x00,0x00,0x00,0x00,0x00,0x00,0x00,0x00,0xff,0xff,
0xff,0xff,0x9e,0xf7,0x7d,0xf7,0x9e,0xf7,0x9d,0xf7,0x9e,0xef,0xfe,0xff,0xc5,0x29,
0xc5,0xad,0x64,0x9d,0xc2,0x10,0x68,0x3a,0xda,0xd6,0xff,0xf7,0xff,0xff,0xa2,0x08,
0x40,0x32,0x88,0x7c,0x49,0x74,0xc0,0x21,0xa3,0x73,0x62,0x63,0x65,0x3a,0x41,0x11,
0xbe,0xff,0xbf,0xf7,0xc8,0x52,0xa4,0x21,0x85,0xa5,0xc6,0xa5,0x06,0xb6,0xc5,0xa5,
0xc5,0x31,0xbd,0xef,0xff,0xff,0xff,0xff,0xff,0xff,0xff,0xff,0x7d,0xf7,0x9e,0xf7,
0x00,0x00,0x00,0x00,0x00,0x00,0x00,0x00,0x00,0x00,0x00,0x00,0x00,0x00,0x00,0x00,
0x00,0x00,0x00,0x00,0x00,0x00,0x00,0x00,0x00,0x00,0x00,0x00,0x00,0x00,0xff,0xff,
0xff,0xff,0x7e,0xf7,0x9e,0xef,0x7e,0xf7,0x9e,0xef,0x7d,0xf7,0xff,0xf7,0x84,0x29,
0xc3,0x84,0xa9,0xc6,0xed,0xa5,0x60,0x19,0xa5,0x29,0x80,0x08,0xdf,0xf7,0xbf,0xff,
0x6f,0x7c,0x46,0x3a,0xc8,0x5b,0xc0,0x21,0x88,0x7c,0x80,0x4a,0xc5,0x19,0x88,0x3a,
0xff,0xf7,0x24,0x21,0x60,0x19,0xed,0xb5,0x89,0xc6,0xa5,0xad,0xa8,0x5b,0xa0,0x21,
0xff,0xff,0xbe,0xff,0xff,0xff,0xdf,0xff,0xff,0xff,0xff,0xff,0x9e,0xef,0x7e,0xf7,
0x00,0x00,0x00,0x00,0x00,0x00,0x00,0x00,0x00,0x00,0x00,0x00,0x00,0x00,0x00,0x00,
0x00,0x00,0x00,0x00,0x00,0x00,0x00,0x00,0x00,0x00,0x00,0x00,0x00,0x00,0xff,0xff,
0xff,0xff,0x9e,0xf7,0x9d,0xf7,0x9e,0xf7,0x9d,0xf7,0x9e,0xf7,0xff,0xff,0xdb,0xd6,
0xa0,0x21,0x6b,0x9d,0x04,0xb6,0x87,0xbe,0x48,0x95,0x81,0x5b,0xa5,0x31,0xfe,0xf7,
0xde,0xf7,0x65,0x21,0xe2,0x29,0x44,0x32,0xeb,0xb5,0x60,0x3a,0xce,0x7b,0xff,0xff,
0x83,0x21,0x05,0x2a,0x05,0xb6,0x88,0xc6,0xeb,0xb5,0xc0,0x42,0x43,0x21,0x37,0xbe,
0xbe,0xff,0xbf,0xf7,0xff,0xff,0xff,0xff,0xff,0xff,0xff,0xff,0x7d,0xf7,0x9e,0xf7,
0x00,0x00,0x00,0x00,0x00,0x00,0x00,0x00,0x00,0x00,0x00,0x00,0x00,0x00,0x00,0x00,
0x00,0x00,0x00,0x00,0x00,0x00,0x00,0x00,0x00,0x00,0x00,0x00,0x00,0x00,0xff,0xff,
0xff,0xff,0x7e,0xf7,0x9e,0xf7,0x7e,0xf7,0x9e,0xef,0x7e,0xf7,0xff,0xff,0xbf,0xff,
0x87,0x63,0x4a,0x7c,0x05,0xae,0x86,0xc6,0x0a,0xae,0xe1,0x6b,0x05,0x32,0x6e,0x84,
0xff,0xf7,0x2c,0x63,0xa2,0x21,0x85,0x42,0x0c,0xae,0x40,0x3a,0x2f,0x7c,0x7c,0xef,
0xc2,0x19,0x65,0x32,0xc5,0xa5,0x67,0xbe,0x6b,0x9d,0xc0,0x52,0xe4,0x18,0x7d,0xef,
0x9e,0xef,0x7e,0xf7,0xff,0xff,0xff,0xff,0xff,0xff,0xff,0xff,0x9e,0xef,0x7e,0xf7,
0x00,0x00,0x00,0x00,0x00,0x00,0x00,0x00,0x00,0x00,0x00,0x00,0x00,0x00,0x00,0x00,
0x00,0x00,0x00,0x00,0x00,0x00,0x00,0x00,0x00,0x00,0x00,0x00,0x00,0x00,0xff,0xff,
0xff,0xff,0x9e,0xf7,0x9e,0xf7,0x9e,0xf7,0x9e,0xf7,0x9e,0xf7,0xdf,0xff,0xff,0xff,
0xfe,0xff,0x64,0x21,0xa4,0xad,0x87,0xbe,0x46,0xbe,0x05,0xae,0x0a,0x8d,0x20,0x2a,
0xff,0xff,0xbe,0xf7,0x80,0x21,0x88,0x5b,0x0c,0xbe,0x60,0x3a,0x2f,0x7c,0xee,0x6b,
0xe0,0x21,0x8b,0x95,0xc4,0xad,0x46,0xb6,0xa3,0x29,0xe4,0x29,0x7d,0xf7,0x7e,0xef,
0x7d,0xf7,0x9e,0xef,0xff,0xff,0xff,0xff,0xff,0xff,0xff,0xff,0x7d,0xf7,0x9e,0xf7,
0x00,0x00,0x00,0x00,0x00,0x00,0x00,0x00,0x00,0x00,0x00,0x00,0x00,0x00,0x00,0x00,
0x00,0x00,0x00,0x00,0x00,0x00,0x00,0x00,0x00,0x00,0x00,0x00,0x00,0x00,0x9e,0xf7,
0x9e,0xef,0xff,0xff,0xff,0xff,0xff,0xff,0xff,0xff,0xff,0xff,0x7e,0xef,0x7d,0xf7,
0x9e,0xef,0x34,0xa5,0xc0,0x21,0x4a,0x9d,0x66,0xb6,0x25,0xb6,0x86,0xb6,0xe3,0xa5,
0x65,0x21,0x9d,0xef,0xa0,0x19,0xe8,0x6b,0xeb,0xa5,0x40,0x3a,0xa5,0x21,0xa4,0x29,
0xa4,0x9d,0x26,0xae,0xe9,0xa5,0xc0,0x63,0x45,0x11,0x6d,0x63,0xff,0xff,0xdf,0xff,
0xff,0xff,0xdf,0xff,0x9e,0xef,0x9e,0xf7,0x9e,0xef,0x9e,0xf7,0xff,0xff,0xff,0xff,
0x00,0x00,0x00,0x00,0x00,0x00,0x00,0x00,0x00,0x00,0x00,0x00,0x00,0x00,0x00,0x00,
0x00,0x00,0x00,0x00,0x00,0x00,0x00,0x00,0x00,0x00,0x00,0x00,0x00,0x00,0xbe,0xf7,
0x9d,0xf7,0xff,0xff,0xff,0xff,0xff,0xff,0xff,0xff,0xff,0xff,0x7d,0xf7,0x9e,0xf7,
0x9d,0xf7,0xbe,0xf7,0x7b,0xe7,0x84,0x21,0xa3,0xa5,0x05,0xae,0x04,0xae,0x04,0xa6,
0x42,0x19,0xc1,0x08,0xe0,0x29,0x69,0x74,0x69,0x9d,0xa0,0x3a,0xc1,0x29,0x26,0x53,
0x85,0xa5,0xe3,0x84,0xcb,0x8c,0xe0,0x08,0xdf,0xff,0xff,0xff,0xff,0xff,0xff,0xff,
0xff,0xff,0xff,0xff,0x9d,0xf7,0x9e,0xf7,0x9e,0xf7,0x9e,0xf7,0xff,0xff,0xff,0xff,
0x00,0x00,0x00,0x00,0x00,0x00,0x00,0x00,0x00,0x00,0x00,0x00,0x00,0x00,0x00,0x00,
0x00,0x00,0x00,0x00,0x00,0x00,0x00,0x00,0x00,0x00,0x00,0x00,0x00,0x00,0x7e,0xf7,
0x9e,0xf7,0xff,0xff,0xff,0xff,0xff,0xff,0xff,0xff,0xdf,0xff,0x9e,0xef,0x7e,0xf7,
0x9e,0xef,0x5d,0xef,0xdd,0xef,0xa4,0x29,0x23,0x8d,0x27,0xb6,0x26,0xae,0x63,0x9d,
0x87,0x3a,0x62,0x21,0x20,0x22,0xac,0xa5,0x69,0x6c,0x40,0x2a,0x22,0x53,0x26,0x74,
0xc5,0x9d,0x64,0x9d,0x4a,0x74,0x60,0x19,0xdf,0xf7,0xdf,0xff,0xff,0xff,0xdf,0xff,
0xff,0xff,0xff,0xff,0x9e,0xef,0x9e,0xf7,0x9e,0xf7,0x7e,0xf7,0xff,0xff,0xdf,0xff,
0x00,0x00,0x00,0x00,0x00,0x00,0x00,0x00,0x00,0x00,0x00,0x00,0x00,0x00,0x00,0x00,
0x00,0x00,0x00,0x00,0x00,0x00,0x00,0x00,0x00,0x00,0x00,0x00,0x00,0x00,0x9e,0xf7,
0x9e,0xf7,0xff,0xff,0xff,0xff,0xff,0xff,0xff,0xff,0xff,0xff,0x9d,0xf7,0x9e,0xf7,
0x7d,0xf7,0x7d,0xef,0xfe,0xff,0xa5,0x29,0x61,0x7c,0x69,0xb6,0x05,0xae,0x83,0x95,
0xc7,0x63,0xa0,0x19,0x00,0x2a,0xec,0xa5,0x28,0x6c,0x20,0x2a,0x61,0x5b,0xa6,0x7c,
0xa4,0xa5,0xe5,0xa5,0xc8,0x63,0x40,0x09,0xff,0xff,0xff,0xff,0xff,0xff,0xff,0xff,
0xff,0xff,0xff,0xff,0x9d,0xf7,0x9e,0xf7,0x9e,0xf7,0x9e,0xf7,0xff,0xff,0xff,0xff,
0x00,0x00,0x00,0x00,0x00,0x00,0x00,0x00,0x00,0x00,0x00,0x00,0x00,0x00,0x00,0x00,
0x00,0x00,0x00,0x00,0x00,0x00,0x00,0x00,0x00,0x00,0x00,0x00,0x00,0x00,0xff,0xff,
0xff,0xff,0x9e,0xf7,0x9e,0xef,0x7e,0xf7,0x9e,0xf7,0x7d,0xf7,0xff,0xff,0xff,0xff,
0xff,0xff,0xdf,0xff,0xbf,0xf7,0xdf,0xff,0x40,0x11,0x8a,0x7c,0xa4,0x74,0x63,0x74,
0x0b,0x8d,0xa0,0x21,0x00,0x2a,0x4d,0xbe,0x26,0x4b,0xc1,0x21,0xa2,0x5b,0x07,0x8d,
0x62,0x6c,0xe4,0x84,0x85,0x29,0xff,0xff,0xdf,0xf7,0x9e,0xf7,0x7e,0xef,0x7e,0xf7,
0x9e,0xf7,0x7e,0xf7,0xff,0xff,0xff,0xff,0xff,0xff,0xff,0xff,0x9e,0xef,0x9e,0xf7,
0x00,0x00,0x00,0x00,0x00,0x00,0x00,0x00,0x00,0x00,0x00,0x00,0x00,0x00,0x00,0x00,
0x00,0x00,0x00,0x00,0x00,0x00,0x00,0x00,0x00,0x00,0x00,0x00,0x00,0x00,0xff,0xff,
0xff,0xff,0xbe,0xf7,0x7d,0xf7,0xbe,0xf7,0x9e,0xf7,0x9e,0xef,0xff,0xff,0xff,0xff,
0xff,0xff,0xff,0xff,0x9e,0xf7,0xdf,0xf7,0xbd,0xef,0xe2,0x10,0x80,0x19,0xca,0x7c,
0xa5,0x7c,0x44,0x6c,0xc0,0x29,0x4d,0xb6,0x02,0x11,0xc4,0x21,0xe3,0x63,0x86,0x74,
0xa8,0x84,0xe0,0x29,0x44,0x31,0x65,0x29,0xa5,0x39,0x9d,0xf7,0x7d,0xf7,0xbe,0xf7,
0x9e,0xf7,0x7e,0xef,0xff,0xff,0xff,0xff,0xff,0xff,0xff,0xff,0x9d,0xf7,0xbe,0xf7,
0x00,0x00,0x00,0x00,0x00,0x00,0x00,0x00,0x00,0x00,0x00,0x00,0x00,0x00,0x00,0x00,
0x00,0x00,0x00,0x00,0x00,0x00,0x00,0x00,0x00,0x00,0x00,0x00,0x00,0x00,0xdf,0xff,
0xff,0xff,0x7e,0xf7,0x9e,0xf7,0x9e,0xf7,0x9e,0xf7,0x7d,0xf7,0xff,0xff,0xff,0xff,
0xff,0xff,0xdf,0xff,0xbe,0xf7,0x03,0x29,0xc2,0x10,0x23,0x21,0x61,0x11,0x07,0x53,
0xa4,0x74,0x84,0x74,0xc0,0x21,0x0c,0xb6,0xe1,0x08,0x25,0x32,0xc4,0x7c,0xc4,0x84,
0x88,0x5b,0x60,0x21,0x06,0x62,0xe5,0x61,0x48,0x5a,0xc2,0x30,0xe4,0x18,0xff,0xff,
0x9e,0xef,0x7e,0xf7,0xff,0xff,0xff,0xff,0xff,0xff,0xff,0xff,0x9e,0xef,0x9e,0xf7,
0x00,0x00,0x00,0x00,0x00,0x00,0x00,0x00,0x00,0x00,0x00,0x00,0x00,0x00,0x00,0x00,
0x00,0x00,0x00,0x00,0x00,0x00,0x00,0x00,0x00,0x00,0x00,0x00,0x00,0x00,0xff,0xff,
0xff,0xff,0x9e,0xf7,0x9e,0xf7,0xbe,0xf7,0x9e,0xf7,0x7e,0xef,0xdf,0xff,0xff,0xff,
0xde,0xff,0xf3,0x9c,0x13,0xad,0xc3,0x20,0x44,0x39,0x23,0x29,0x60,0x21,0x67,0x5b,
0xe4,0x7c,0xa3,0x6c,0x60,0x21,0xac,0xa5,0xe0,0x10,0x25,0x2a,0xc3,0x84,0x45,0x8d,
0xa7,0x6b,0xa0,0x21,0x05,0x62,0xe5,0x59,0x06,0x5a,0x43,0x31,0x24,0x29,0xae,0x7b,
0xda,0xe6,0x5d,0xef,0xff,0xff,0xff,0xff,0xff,0xff,0xff,0xff,0x9d,0xf7,0xbe,0xf7,
0x00,0x00,0x00,0x00,0x00,0x00,0x00,0x00,0x00,0x00,0x00,0x00,0x00,0x00,0x00,0x00,
0x00,0x00,0x00,0x00,0x00,0x00,0x00,0x00,0x00,0x00,0x00,0x00,0x00,0x00,0xff,0xff,
0xff,0xff,0x7e,0xf7,0x9e,0xf7,0x9e,0xf7,0x9e,0xf7,0x7d,0xf7,0xdf,0xff,0xbf,0xff,
0xa3,0x10,0xe4,0x20,0x65,0x31,0x03,0x29,0x05,0x29,0xc4,0x28,0x23,0x19,0x85,0x29,
0xc5,0x74,0x43,0x6c,0x80,0x32,0x09,0x8d,0x01,0x09,0xe5,0x29,0xc4,0x7c,0xa3,0x7c,
0x44,0x29,0x85,0x39,0x06,0x62,0xc4,0x59,0x04,0x21,0xe4,0x20,0x04,0x21,0x45,0x31,
0x86,0x31,0xc2,0x20,0xbf,0xf7,0xdf,0xff,0xff,0xff,0xff,0xff,0x9e,0xef,0x9e,0xf7,
0x00,0x00,0x00,0x00,0x00,0x00,0x00,0x00,0x00,0x00,0x00,0x00,0x00,0x00,0x00,0x00,
0x00,0x00,0x00,0x00,0x00,0x00,0x00,0x00,0x00,0x00,0x00,0x00,0x00,0x00,0xbe,0xf7,
0x9d,0xf7,0xff,0xff,0xff,0xff,0xff,0xff,0xff,0xff,0xff,0xff,0x5d,0xf7,0x72,0x8c,
0xe2,0x30,0xe6,0x51,0xe0,0x31,0xcb,0x8c,0xc4,0xad,0xe5,0xad,0xab,0xad,0x00,0x32,
0x20,0x32,0x08,0x6c,0x40,0x53,0xe7,0x84,0x20,0x19,0x68,0x5b,0x67,0x95,0x22,0x6c,
0xe3,0x30,0x85,0x41,0x64,0x31,0x23,0x29,0x22,0xad,0x06,0xc6,0x63,0xd6,0x27,0xe7,
0x63,0x39,0x06,0x4a,0x24,0x29,0xbe,0xff,0x7d,0xf7,0x9e,0xf7,0xff,0xff,0xff,0xff,
0x00,0x00,0x00,0x00,0x00,0x00,0x00,0x00,0x00,0x00,0x00,0x00,0x00,0x00,0x00,0x00,
0x00,0x00,0x00,0x00,0x00,0x00,0x00,0x00,0x00,0x00,0x00,0x00,0x00,0x00,0x7e,0xf7,
0x9e,0xf7,0xff,0xff,0xff,0xff,0xdf,0xff,0xff,0xff,0xff,0xff,0x9f,0xf7,0xa3,0x18,
0xa1,0x28,0x88,0x72,0x47,0x52,0x22,0x39,0xc0,0x3a,0xe8,0x8c,0x67,0xb6,0x22,0x95,
0x61,0x19,0x07,0x53,0x82,0x53,0xa6,0x7c,0x60,0x11,0x29,0x74,0x89,0x7c,0xc0,0x29,
0x44,0x29,0x03,0x29,0x84,0xad,0x05,0xbe,0x66,0xce,0xa3,0xbd,0xc6,0x9c,0x64,0x94,
0x03,0x31,0x67,0x62,0x04,0x21,0xbf,0xff,0xbf,0xf7,0x9e,0xf7,0xff,0xff,0xff,0xff,
0x00,0x00,0x00,0x00,0x00,0x00,0x00,0x00,0x00,0x00,0x00,0x00,0x00,0x00,0x00,0x00,
0x00,0x00,0x00,0x00,0x00,0x00,0x00,0x00,0x00,0x00,0x00,0x00,0x00,0x00,0x9e,0xf7,
0x9d,0xf7,0xff,0xff,0xff,0xff,0xff,0xff,0xff,0xff,0xff,0xff,0x40,0x10,0xc7,0x41,
0x42,0x49,0x47,0x6a,0x25,0x6a,0x25,0x62,0x64,0x42,0x85,0x42,0xc3,0x8c,0x04,0x8d,
0xa5,0x4a,0xe2,0x29,0xe2,0x63,0xa5,0x7c,0x80,0x21,0x89,0x7c,0x8a,0x8c,0x80,0x21,
0xa0,0x31,0x4a,0x84,0xc3,0xb5,0x04,0xb6,0xa9,0xbd,0xa1,0x6b,0xc5,0x62,0x43,0x4a,
0x83,0x51,0x47,0x62,0x06,0x52,0x03,0x31,0xff,0xff,0xbe,0xf7,0xff,0xff,0xff,0xff,
0x00,0x00,0x00,0x00,0x00,0x00,0x00,0x00,0x00,0x00,0x00,0x00,0x00,0x00,0x00,0x00,
0x00,0x00,0x00,0x00,0x00,0x00,0x00,0x00,0x00,0x00,0x00,0x00,0x00,0x00,0x7e,0xf7,
0x9e,0xef,0xff,0xff,0xff,0xff,0xdf,0xff,0xff,0xff,0xdf,0xff,0x81,0x20,0x27,0x5a,
0x46,0x6a,0xe4,0x61,0x05,0x62,0xc4,0x61,0xe6,0x39,0x03,0x29,0x01,0x6c,0xe5,0x8c,
0x4a,0x74,0xa0,0x21,0x02,0x64,0xc5,0x84,0xa0,0x21,0xc9,0x8c,0x28,0x53,0x40,0x21,
0xc0,0x29,0x4a,0xa5,0xa5,0xc6,0x23,0xbe,0x2d,0x9d,0xe0,0x18,0x66,0x29,0x24,0x29,
0x25,0x6a,0x46,0x72,0x27,0x5a,0xc1,0x30,0xff,0xff,0x9e,0xf7,0xff,0xff,0xdf,0xff,
0x00,0x00,0x00,0x00,0x00,0x00,0x00,0x00,0x00,0x00,0x00,0x00,0x00,0x00,0x00,0x00,
0x00,0x00,0x00,0x00,0x00,0x00,0x00,0x00,0x00,0x00,0x00,0x00,0x00,0x00,0x9e,0xf7,
0x7d,0xf7,0xff,0xff,0xff,0xff,0xff,0xff,0xff,0xff,0xff,0xff,0xa1,0x20,0xc6,0x41,
0xc4,0x59,0xc5,0x51,0x62,0x51,0x46,0x6a,0x26,0x62,0x84,0x41,0x60,0x29,0xe8,0x6b,
0xe9,0x8c,0xe0,0x21,0x41,0x53,0x66,0x74,0x80,0x42,0x49,0x95,0x23,0x19,0x23,0x19,
0x41,0x7c,0x86,0x9d,0x03,0x95,0xc2,0x84,0xe1,0x30,0x47,0x5a,0xa6,0x82,0x86,0x7a,
0x25,0x72,0x46,0x72,0xa5,0x49,0xe3,0x28,0xff,0xff,0x9e,0xf7,0xff,0xff,0xff,0xff,
0x00,0x00,0x00,0x00,0x00,0x00,0x00,0x00,0x00,0x00,0x00,0x00,0x00,0x00,0x00,0x00,
0x00,0x00,0x00,0x00,0x00,0x00,0x00,0x00,0x00,0x00,0x00,0x00,0x00,0x00,0xff,0xff,
0xff,0xff,0x9e,0xf7,0x9e,0xf7,0x9e,0xf7,0x9e,0xf7,0x9e,0xf7,0x9e,0xf7,0x04,0x21,
0xa4,0x51,0x46,0x6a,0x25,0x6a,0x05,0x72,0xa5,0x49,0x64,0x49,0xa5,0x39,0x23,0x31,
0x24,0x64,0x82,0x5b,0x00,0x22,0x89,0x7c,0xc1,0x42,0xa8,0x84,0x44,0x19,0x03,0x19,
0xa4,0x7c,0x63,0x7c,0x25,0x21,0x24,0x29,0x84,0x49,0x06,0x62,0x87,0x7a,0x25,0x72,
0x46,0x72,0xe4,0x69,0x45,0x31,0x04,0x31,0xff,0xff,0xdf,0xff,0x9e,0xef,0x7e,0xf7,
0x00,0x00,0x00,0x00,0x00,0x00,0x00,0x00,0x00,0x00,0x00,0x00,0x00,0x00,0x00,0x00,
0x00,0x00,0x00,0x00,0x00,0x00,0x00,0x00,0x00,0x00,0x00,0x00,0x00,0x00,0xff,0xff,
0xff,0xff,0xbe,0xf7,0x9e,0xff,0xbe,0xf7,0x9e,0xff,0xbe,0xf7,0xbe,0xff,0x04,0x21,
0x65,0x82,0xc7,0x8a,0x45,0x7a,0x66,0x7a,0xa5,0x51,0x64,0x41,0x84,0x41,0x23,0x31,
0x60,0x19,0x67,0x5b,0x00,0x2a,0xa9,0x7c,0xa0,0x42,0xc9,0x7c,0x80,0x21,0x09,0x6c,
0x27,0x5b,0x20,0x19,0x03,0x29,0x44,0x29,0x63,0x49,0xe6,0x51,0xe5,0x61,0xa4,0x51,
0x66,0x72,0x63,0x51,0x24,0x31,0xbe,0xff,0xff,0xff,0xff,0xff,0x9d,0xf7,0xbe,0xf7,
0x00,0x00,0x00,0x00,0x00,0x00,0x00,0x00,0x00,0x00,0x00,0x00,0x00,0x00,0x00,0x00,
0x00,0x00,0x00,0x00,0x00,0x00,0x00,0x00,0x00,0x00,0x00,0x00,0x00,0x00,0xdf,0xff,
0xff,0xff,0x7e,0xf7,0x9e,0xef,0x9e,0xf7,0x9e,0xf7,0xdf,0xff,0x03,0x29,0xc6,0x49,
0x65,0x7a,0xc7,0x8a,0xa7,0x7a,0xa3,0x61,0x65,0x41,0x44,0x41,0x65,0x31,0x03,0x31,
0x61,0x19,0xc6,0x52,0x20,0x2a,0x68,0x7c,0xa2,0x3a,0xc6,0x63,0xa0,0x19,0x87,0x63,
0x44,0x21,0x23,0x21,0x04,0x29,0x04,0x31,0x24,0x31,0x64,0x41,0xa5,0x49,0x64,0x49,
0x46,0x6a,0x25,0x6a,0x07,0x52,0x23,0x39,0xbf,0xf7,0xdf,0xff,0x7e,0xef,0x7e,0xf7,
0x00,0x00,0x00,0x00,0x00,0x00,0x00,0x00,0x00,0x00,0x00,0x00,0x00,0x00,0x00,0x00,
0x00,0x00,0x00,0x00,0x00,0x00,0x00,0x00,0x00,0x00,0x00,0x00,0x00,0x00,0xff,0xff,
0xff,0xff,0x9e,0xf7,0x9d,0xf7,0x9e,0xf7,0x9d,0xf7,0xff,0xff,0x02,0x39,0x27,0x5a,
0x65,0x82,0xa6,0x82,0xc7,0x82,0x83,0x51,0x44,0x41,0x64,0x39,0x64,0x41,0x44,0x31,
0x40,0x21,0x28,0x5b,0x20,0x3a,0x69,0x7c,0xa1,0x42,0xa6,0x5b,0x60,0x21,0x87,0x5b,
0x03,0x29,0x24,0x29,0x24,0x39,0x24,0x31,0x24,0x39,0x24,0x31,0x43,0x39,0x64,0x39,
0x04,0x6a,0x05,0x62,0xe6,0x59,0x23,0x39,0xdf,0xff,0xff,0xff,0x7d,0xf7,0x9e,0xf7,
0x00,0x00,0x00,0x00,0x00,0x00,0x00,0x00,0x00,0x00,0x00,0x00,0x00,0x00,0x00,0x00,
0x00,0x00,0x00,0x00,0x00,0x00,0x00,0x00,0x00,0x00,0x00,0x00,0x00,0x00,0xff,0xff,
0x7e,0xef,0xdf,0xff,0xff,0xff,0xdf,0xff,0xff,0xff,0xff,0xff,0x45,0x31,0x85,0x49,
0x84,0x49,0x84,0x51,0xe5,0x61,0x25,0x6a,0x07,0x5a,0x23,0x41,0x04,0x29,0xc3,0x28,
0x04,0x29,0x03,0x29,0x23,0x21,0x06,0x4a,0x43,0x32,0xc4,0x42,0x04,0x21,0x04,0x29,
0xe4,0x20,0x04,0x29,0x04,0x29,0x65,0x39,0x64,0x49,0xc5,0x59,0x26,0x62,0x05,0x6a,
0x05,0x6a,0xe5,0x69,0x67,0x6a,0x63,0x51,0x04,0x21,0xbe,0xff,0xff,0xff,0xdf,0xff,
0x00,0x00,0x00,0x00,0x00,0x00,0x00,0x00,0x00,0x00,0x00,0x00,0x00,0x00,0x00,0x00,
0x00,0x00,0x00,0x00,0x00,0x00,0x00,0x00,0x00,0x00,0x00,0x00,0x00,0x00,0xff,0xff,
0x7d,0xf7,0xff,0xff,0xff,0xff,0xff,0xff,0xff,0xff,0xff,0xff,0x7d,0xff,0x04,0x21,
0x43,0x51,0x26,0x62,0xe4,0x69,0x25,0x62,0xa5,0x51,0x44,0x39,0xc1,0x30,0x06,0x5a,
0x65,0x49,0x24,0x39,0x24,0x39,0x24,0x31,0x04,0x31,0x44,0x31,0xe3,0x30,0x04,0x29,
0x44,0x41,0xe3,0x30,0x63,0x59,0x87,0x72,0x46,0x72,0xc4,0x61,0x45,0x7a,0x66,0x72,
0x05,0x6a,0xe5,0x61,0x64,0x49,0x64,0x41,0x03,0x29,0xff,0xff,0xff,0xff,0xff,0xff,
0x00,0x00,0x00,0x00,0x00,0x00,0x00,0x00,0x00,0x00,0x00,0x00,0x00,0x00,0x00,0x00,
0x00,0x00,0x00,0x00,0x00,0x00,0x00,0x00,0x00,0x00,0x00,0x00,0x00,0x00,0xbf,0xff,
0x9e,0xf7,0xff,0xff,0xff,0xff,0xff,0xff,0xff,0xff,0xdf,0xff,0xbf,0xf7,0xa3,0x18,
0x25,0x6a,0x86,0x7a,0x27,0x62,0x43,0x49,0xe4,0x61,0xa7,0x82,0xe7,0x92,0xe7,0x9a,
0xa8,0x72,0x83,0x59,0xa6,0x49,0xe3,0x38,0x64,0x39,0x85,0x41,0xa6,0x41,0x03,0x31,
0xc2,0x28,0x07,0x5a,0x86,0x7a,0x86,0x82,0x67,0x6a,0x63,0x51,0xe5,0x61,0x05,0x6a,
0xa5,0x49,0x23,0x41,0x65,0x39,0xe3,0x30,0x04,0x21,0xbe,0xff,0xff,0xff,0xff,0xff,
0x00,0x00,0x00,0x00,0x00,0x00,0x00,0x00,0x00,0x00,0x00,0x00,0x00,0x00,0x00,0x00,
0x00,0x00,0x00,0x00,0x00,0x00,0x00,0x00,0x00,0x00,0x00,0x00,0x00,0x00,0x9e,0xef,
0xbe,0xff,0xff,0xff,0xff,0xff,0xff,0xff,0xff,0xff,0x34,0xa5,0xc2,0x28,0x85,0x39,
0x45,0x7a,0x86,0x7a,0x46,0x72,0xc4,0x59,0x24,0x72,0xc7,0x82,0xc6,0x8a,0x65,0x7a,
0x46,0x72,0xa4,0x59,0xa5,0x51,0x23,0x39,0x63,0x49,0xe5,0x51,0xe6,0x59,0x23,0x39,
0x22,0x49,0x47,0x62,0x86,0x82,0x65,0x7a,0x25,0x72,0xc4,0x59,0xc4,0x59,0x05,0x62,
0xe5,0x61,0xa4,0x51,0x65,0x41,0xa2,0x20,0xbe,0xff,0x9e,0xef,0xff,0xff,0xff,0xff,
0x00,0x00,0x00,0x00,0x00,0x00,0x00,0x00,0x00,0x00,0x00,0x00,0x00,0x00,0x00,0x00,
0x00,0x00,0x00,0x00,0x00,0x00,0x00,0x00,0x00,0x00,0x00,0x00,0x00,0x00,0xbe,0xff,
0xbf,0xf7,0xff,0xff,0xff,0xff,0xdf,0xff,0xff,0xff,0xb3,0x9c,0xe3,0x28,0xc6,0x51,
0x66,0x72,0x66,0x7a,0x06,0x62,0xe5,0x69,0x05,0x62,0x45,0x72,0xe8,0x8a,0x04,0x72,
0x45,0x72,0x66,0x7a,0x26,0x62,0x43,0x49,0x46,0x72,0x46,0x72,0x68,0x62,0xe2,0x38,
0x83,0x51,0x46,0x72,0x86,0x7a,0x86,0x7a,0xc7,0x82,0xe4,0x69,0x44,0x39,0x65,0x49,
0x67,0x72,0x84,0x59,0x65,0x39,0xe2,0x30,0xa7,0x31,0x5d,0xf7,0xff,0xff,0xff,0xff,
0x00,0x00,0x00,0x00,0x00,0x00,0x00,0x00,0x00,0x00,0x00,0x00,0x00,0x00,0x00,0x00,
0x00,0x00,0x00,0x00,0x00,0x00,0x00,0x00,0x00,0x00,0x00,0x00,0x00,0x00,0xff,0xff,
0xff,0xff,0xbe,0xf7,0x9d,0xf7,0x9e,0xf7,0x9e,0xf7,0xd3,0x9c,0x02,0x41,0x47,0x62,
0x25,0x72,0xa4,0x59,0x83,0x59,0x47,0x6a,0xa6,0x8a,0x25,0x72,0x04,0x6a,0x45,0x6a,
0x06,0x6a,0x63,0x49,0xc4,0x61,0x87,0x72,0x25,0x7a,0x45,0x72,0xe4,0x69,0x46,0x72,
0x05,0x6a,0x63,0x49,0x05,0x6a,0x05,0x62,0xe4,0x69,0x46,0x6a,0xe5,0x69,0x26,0x6a,
0xe4,0x69,0x46,0x6a,0x05,0x6a,0xa4,0x59,0x03,0x29,0xdf,0xff,0x7d,0xf7,0x9e,0xf7,
0x00,0x00,0x00,0x00,0x00,0x00,0x00,0x00,0x00,0x00,0x00,0x00,0x00,0x00,0x00,0x00,
0x00,0x00,0x00,0x00,0x00,0x00,0x00,0x00,0x00,0x00,0x00,0x00,0x00,0x00,0xff,0xff,
0xff,0xff,0x7e,0xf7,0x9e,0xef,0x7e,0xf7,0xbf,0xf7,0xd3,0x9c,0x03,0x31,0xc6,0x51,
0x06,0x5a,0x23,0x41,0xc5,0x59,0x26,0x6a,0x05,0x62,0x05,0x6a,0x46,0x6a,0xa4,0x59,
0x64,0x41,0x64,0x49,0x84,0x49,0x46,0x6a,0x46,0x72,0x45,0x7a,0x26,0x6a,0x46,0x7a,
0x46,0x6a,0xc4,0x61,0x85,0x49,0xa5,0x51,0xc5,0x59,0x05,0x6a,0x26,0x6a,0x05,0x6a,
0x47,0x6a,0xa4,0x59,0xa5,0x49,0xa5,0x51,0x04,0x21,0xdf,0xff,0x9e,0xef,0x7e,0xf7,
0x00,0x00,0x00,0x00,0x00,0x00,0x00,0x00,0x00,0x00,0x00,0x00,0x00,0x00,0x00,0x00,
0x00,0x00,0x00,0x00,0x00,0x00,0x00,0x00,0x00,0x00,0x00,0x00,0x00,0x00,0xff,0xff,
0xff,0xff,0x9e,0xf7,0x9e,0xf7,0xbe,0xf7,0x7d,0xf7,0xd3,0x9c,0xe3,0x30,0x65,0x39,
0x64,0x49,0x84,0x41,0x83,0x51,0x26,0x62,0x66,0x72,0xa4,0x59,0x64,0x49,0x23,0x39,
0x62,0x59,0xc8,0x7a,0x66,0x7a,0xa4,0x59,0xc5,0x59,0xa4,0x51,0xe4,0x61,0xe5,0x61,
0xa5,0x59,0x64,0x49,0x65,0x41,0x03,0x31,0x43,0x49,0xa5,0x49,0x25,0x72,0x25,0x6a,
0x64,0x49,0xa5,0x49,0x84,0x49,0x84,0x49,0x24,0x31,0xff,0xff,0x7d,0xf7,0x9e,0xf7,
0x00,0x00,0x00,0x00,0x00,0x00,0x00,0x00,0x00,0x00,0x00,0x00,0x00,0x00,0x00,0x00,
0x00,0x00,0x00,0x00,0x00,0x00,0x00,0x00,0x00,0x00,0x00,0x00,0x00,0x00,0xdf,0xff,
0xff,0xff,0x9e,0xf7,0x9e,0xf7,0x9e,0xf7,0x9e,0xef,0x96,0xb5,0x6e,0x6b,0xc3,0x20,
0x65,0x41,0x64,0x49,0x85,0x49,0x85,0x51,0xa5,0x49,0x44,0x41,0x85,0x41,0x44,0x41,
0xa4,0x59,0x05,0x6a,0x46,0x72,0x25,0x72,0xa5,0x49,0x64,0x51,0xa5,0x49,0xa5,0x51,
0xa5,0x49,0x64,0x49,0x65,0x39,0x44,0x41,0x64,0x41,0x85,0x49,0xa5,0x49,0x84,0x49,
0x85,0x49,0x84,0x49,0x45,0x31,0xe3,0x30,0xcb,0x5a,0xdf,0xff,0x9e,0xef,0x7e,0xf7,
0x00,0x00,0x00,0x00,0x00,0x00,0x00,0x00,0x00,0x00,0x00,0x00,0x00,0x00,0x00,0x00,
0x00,0x00,0x00,0x00,0x00,0x00,0x00,0x00,0x00,0x00,0x00,0x00,0x00,0x00,0xdf,0xf7,
0xbe,0xff,0xdf,0xf7,0xde,0xff,0xdf,0xff,0xde,0xff,0xbe,0xf7,0xbe,0xff,0x82,0x10,
0xa4,0x51,0x85,0x49,0x64,0x49,0xa5,0x49,0x84,0x49,0x44,0x39,0x64,0x49,0xa5,0x49,
0x05,0x6a,0x25,0x6a,0x24,0x72,0x86,0x7a,0xa4,0x51,0x84,0x49,0x64,0x49,0x84,0x41,
0x64,0x49,0x84,0x41,0xa4,0x49,0x64,0x41,0x23,0x39,0xa5,0x49,0xa4,0x51,0xa5,0x49,
0x84,0x51,0xa5,0x49,0x44,0x39,0xc2,0x20,0x9e,0xf7,0xdf,0xf7,0xbe,0xff,0xdf,0xff,
0x00,0x00,0x00,0x00,0x00,0x00,0x00,0x00,0x00,0x00,0x00,0x00,0x00,0x00,0x00,0x00,
0x00,0x00,0x00,0x00,0x00,0x00,0x00,0x00,0x00,0x00,0x00,0x00,0x00,0x00,0x7e,0xf7,
0x9e,0xef,0xff,0xff,0xff,0xff,0xff,0xff,0xff,0xff,0xdf,0xff,0x7e,0xef,0x7e,0xf7,
0x44,0x39,0x85,0x41,0x84,0x41,0xa4,0x51,0xa6,0x41,0xa2,0x28,0xe3,0x28,0xa6,0x49,
0xa4,0x51,0x46,0x6a,0xe5,0x59,0xa4,0x59,0xa5,0x49,0x64,0x49,0x45,0x31,0x24,0x39,
0x85,0x41,0x64,0x49,0xa5,0x49,0x44,0x41,0x65,0x39,0x03,0x39,0xc5,0x49,0x64,0x49,
0x85,0x41,0x24,0x41,0x62,0x08,0x5d,0xf7,0xbf,0xf7,0x7e,0xf7,0xff,0xff,0xff,0xff,
0x00,0x00,0x00,0x00,0x00,0x00,0x00,0x00,0x00,0x00,0x00,0x00,0x00,0x00,0x00,0x00,
0x00,0x00,0x00,0x00,0x00,0x00,0x00,0x00,0x00,0x00,0x00,0x00,0x00,0x00,0x9e,0xf7,
0x9e,0xf7,0xff,0xff,0xff,0xff,0xff,0xff,0xff,0xff,0xff,0xff,0x7d,0xf7,0xbe,0xf7,
0x9d,0xff,0xa2,0x10,0x24,0x31,0x45,0x29,0x24,0x29,0xbe,0xf7,0xfb,0xee,0x45,0x29,
0x84,0x51,0x64,0x41,0x43,0x41,0xa5,0x49,0xa6,0x49,0xe3,0x28,0x24,0x31,0x65,0x31,
0x03,0x39,0x85,0x41,0x84,0x51,0x64,0x41,0x04,0x29,0xff,0xff,0xa2,0x20,0x04,0x29,
0x45,0x31,0x9a,0xd6,0x7d,0xf7,0x7e,0xef,0x9d,0xf7,0x9e,0xf7,0xff,0xff,0xff,0xff,
0x00,0x00,0x00,0x00,0x00,0x00,0x00,0x00,0x00,0x00,0x00,0x00,0x00,0x00,0x00,0x00,
0x00,0x00,0x00,0x00,0x00,0x00,0x00,0x00,0x00,0x00,0x00,0x00,0x00,0x00,0x7e,0xf7,
0x9e,0xef,0xff,0xff,0xff,0xff,0xdf,0xff,0xff,0xff,0xff,0xff,0x9e,0xef,0x9e,0xf7,
0x9e,0xef,0x9e,0xf7,0xff,0xff,0xdf,0xff,0xdf,0xff,0xbf,0xff,0xff,0xff,0xff,0xff,
0x45,0x31,0xe3,0x28,0x04,0x29,0x24,0x31,0x04,0x21,0xdb,0xe6,0xdf,0xf7,0xbf,0xff,
0xbf,0xff,0x04,0x29,0x25,0x29,0x04,0x29,0x3d,0xe7,0xbe,0xff,0xff,0xff,0xdf,0xff,
0xdf,0xff,0xff,0xff,0x9e,0xef,0x7e,0xf7,0x9e,0xef,0x9e,0xf7,0xff,0xff,0xff,0xff,
0x00,0x00,0x00,0x00,0x00,0x00,0x00,0x00,0x00,0x00,0x00,0x00,0x00,0x00,0x00,0x00,
0x00,0x00,0x00,0x00,0x00,0x00,0x00,0x00,0x00,0x00,0x00,0x00,0x00,0x00,0x9e,0xf7,
0x9d,0xf7,0xff,0xff,0xdf,0xff,0xff,0xff,0xff,0xff,0xff,0xff,0x9e,0xf7,0xbe,0xf7,
0x7d,0xf7,0x7e,0xef,0xbe,0xff,0xdf,0xff,0xff,0xff,0xff,0xff,0xff,0xff,0x9e,0xf7,
0xff,0xff,0xff,0xff,0xbe,0xff,0xff,0xff,0xff,0xff,0xff,0xff,0xff,0xff,0xff,0xff,
0x7d,0xf7,0x7d,0xef,0xbe,0xff,0x9e,0xf7,0x7d,0xf7,0xff,0xff,0xff,0xff,0xff,0xff,
0xdf,0xff,0xff,0xff,0x9d,0xf7,0x9e,0xf7,0x9d,0xf7,0x9e,0xf7,0xff,0xff,0xff,0xff,
0x00,0x00,0x00,0x00,0x00,0x00,0x00,0x00,0x00,0x00,0x00,0x00,0x00,0x00,0x00,0x00,
0x00,0x00,0x00,0x00,0x00,0x00,0x00,0x00,0x00,0x00,0x00,0x00,0x00,0x00,0xff,0xff,
0xff,0xff,0x7e,0xf7,0x9e,0xef,0x7e,0xf7,0x9e,0xef,0x7d,0xf7,0xff,0xff,0xff,0xff,
0xff,0xff,0xdf,0xff,0xbf,0xf7,0x7d,0xf7,0x7e,0xef,0x7e,0xf7,0x7e,0xef,0xdf,0xff,
0xff,0xff,0xff,0xff,0xff,0xff,0xff,0xff,0x7e,0xef,0x9e,0xf7,0x9e,0xef,0x7e,0xf7,
0xff,0xff,0xdf,0xff,0xff,0xff,0xff,0xff,0xff,0xff,0x7e,0xf7,0x9e,0xef,0x7e,0xf7,
0x7e,0xef,0x7d,0xf7,0xff,0xff,0xdf,0xff,0xff,0xff,0xff,0xff,0x7e,0xef,0x7e,0xf7,
0x00,0x00,0x00,0x00,0x00,0x00,0x00,0x00,0x00,0x00,0x00,0x00,0x00,0x00,0x00,0x00,
0x00,0x00,0x00,0x00,0x00,0x00,0x00,0x00,0x00,0x00,0x00,0x00,0x00,0x00,0xff,0xff,
0xff,0xff,0x9e,0xf7,0x9e,0xf7,0xbe,0xf7,0x9e,0xf7,0x9e,0xf7,0xff,0xff,0xff,0xff,
0xff,0xff,0xff,0xff,0xbe,0xff,0x9e,0xf7,0x9d,0xf7,0xbe,0xf7,0x7d,0xf7,0xff,0xff,
0xff,0xff,0xff,0xff,0xff,0xff,0xff,0xff,0x9e,0xf7,0xbe,0xf7,0x9e,0xf7,0xbe,0xf7,
0xff,0xff,0xff,0xff,0xff,0xff,0xff,0xff,0xff,0xff,0xbe,0xf7,0x9e,0xf7,0xbe,0xf7,
0x7d,0xf7,0x9e,0xf7,0xff,0xff,0xff,0xff,0xff,0xff,0xff,0xff,0x7d,0xf7,0x9e,0xf7,
0x00,0x00,0x00,0x00,0x00,0x00,0x00,0x00,0x00,0x00,0x00,0x00,0x00,0x00,0x00,0x00,
0x00,0x00,0x00,0x00,0x00,0x00,0x00,0x00,0x00,0x00,0x00,0x00,0x00,0x00,0xdf,0xff,
0xff,0xff,0x7e,0xf7,0x9e,0xf7,0x9e,0xf7,0x9e,0xf7,0x7e,0xf7,0xff,0xff,0xff,0xff,
0xff,0xff,0xdf,0xff,0xbf,0xf7,0x9e,0xf7,0x9e,0xef,0x7e,0xf7,0x9e,0xef,0xdf,0xff,
0xff,0xff,0xff,0xff,0xff,0xff,0xdf,0xff,0x9e,0xf7,0x7e,0xf7,0x9e,0xef,0x9e,0xf7,
0xff,0xff,0xdf,0xff,0xff,0xff,0xff,0xff,0xff,0xff,0x9e,0xf7,0x9e,0xef,0x9e,0xf7,
0x9e,0xef,0x7e,0xf7,0xff,0xff,0xff,0xff,0xff,0xff,0xdf,0xff,0x9e,0xef,0x7e,0xf7,
0x00,0x00,0x00,0x00,0x00,0x00,0x00,0x00,0x00,0x00,0x00,0x00,0x00,0x00,0x00,0x00,
0x00,0x00,0x00,0x00,0x00,0x00,0x00,0x00,0x00,0x00,0x00,0x00,0x00,0x00,0xff,0xff,
0xff,0xff,0x9e,0xf7,0x9d,0xf7,0xbe,0xf7,0x9d,0xf7,0x9e,0xf7,0xff,0xff,0xff,0xff,
0xff,0xff,0xff,0xff,0xbe,0xff,0xbe,0xf7,0x9d,0xf7,0x9e,0xf7,0x9d,0xf7,0xff,0xff,
0xff,0xff,0xff,0xff,0xff,0xff,0xff,0xff,0x9d,0xf7,0x9e,0xf7,0x9d,0xf7,0xbe,0xf7,
0xff,0xff,0xff,0xff,0xff,0xff,0xff,0xff,0xff,0xff,0xbe,0xf7,0x9e,0xf7,0x9e,0xf7,
0x9e,0xf7,0x9e,0xef,0xff,0xff,0xff,0xff,0xff,0xff,0xff,0xff,0x9d,0xf7,0x9e,0xf7,
0x00,0x00,0x00,0x00,0x00,0x00,0x00,0x00,0x00,0x00,0x00,0x00,0x00,0x00,0x00,0x00,
0x00,0x00,0x00,0x00,0x00,0x00,0x00,0x00,0x00,0x00,0x00,0x00,0x00,0x00,0xff,0xff,
0xff,0xff,0x7e,0xf7,0x9e,0xef,0x7e,0xf7,0x9e,0xef,0x7e,0xf7,0xff,0xff,0xff,0xff,
0xff,0xff,0xff,0xff,0xbf,0xf7,0x9e,0xf7,0x9e,0xf7,0x7e,0xf7,0x9e,0xf7,0xff,0xff,
0xff,0xff,0xff,0xff,0xff,0xff,0xff,0xff,0x9e,0xef,0x7e,0xf7,0x9e,0xef,0x9e,0xf7,
0xff,0xff,0xff,0xff,0xff,0xff,0xff,0xff,0xff,0xff,0x7e,0xf7,0x9e,0xf7,0x7e,0xf7,
0x9e,0xef,0x7e,0xf7,0xff,0xff,0xff,0xff,0xff,0xff,0xff,0xff,0x9e,0xef,0x9e,0xf7,
0x00,0x00,0x00,0x00,0x00,0x00,0x00,0x00,0x00,0x00,0x00,0x00,0x00,0x00,0x00,0x00,
0x00,0x00,0x00,0x00,0x00,0x00,0x00,0x00,0x00,0x00,0x00,0x00,0x00,0x00,0x00,0x00,
0x00,0x00,0x00,0x00,0x00,0xff,0xff,0x00,0xff,0xff,0xff,0xff,0xff,0xff,0xff,0xff,
0xff,0xff,0xff,0x00,0x00,0x00,0x00,0x00,0x00,0x00,0x00,0x00,0x00,0x00,0x00,0x00,
0x00,0x00,0x00,0x00,0x00,0x00,0x00,0x00,0x00,0x00,0x00,0x00,0x00,0x00,0x00,0x00,
0x00,0x00,0x00,0x00,0x00,0x00,0x00,0x00,0x00,0x00,0x00,0x00,0x00,0xff,0xff,0xff,
0xff,0xff,0xff,0xff,0xff,0xff,0xff,0xff,0xff,0xff,0xff,0x00,0x00,0x00,0x00,0x00,
0x00,0x00,0x00,0x00,0x00,0x00,0x00,0x00,0x00,0x00,0x00,0x00,0x00,0x00,0x00,0x00,
0x00,0x00,0x00,0x00,0x00,0x00,0x00,0x00,0x00,0x00,0x00,0x00,0x00,0x00,0x00,0x00,
0x00,0x00,0x00,0x00,0x00,0xff,0xff,0xff,0xff,0xff,0xff,0xff,0xff,0xff,0xff,0xff,
0xff,0xff,0x00,0x00,0x00,0x00,0x00,0x00,0x00,0x00,0x00,0x00,0x00,0x00,0x00,0x00,
0x00,0x00,0x00,0x00,0x00,0x00,0x00,0x00,0x00,0x00,0x00,0x00,0x00,0x00,0x00,0x00,
0x00,0x00,0x00,0x00,0x00,0x00,0x00,0x00,0x00,0x00,0x00,0x00,0x00,0xff,0xff,0xff,
0xff,0xff,0xff,0xff,0xff,0xff,0xff,0xff,0xff,0xff,0xff,0x00,0x00,0x00,0x00,0x00,
0x00,0x00,0x00,0x00,0x00,0x00,0x00,0x00,0x00,0x00,0x00,0x00,0x00,0x00,0x00,0x00,
0x00,0x00,0x00,0x00,0x00,0x00,0x00,0x00,0x00,0x00,0x00,0x00,0x00,0x00,0x00,0x00,
0x00,0x00,0x00,0x00,0x00,0xff,0xff,0xff,0xff,0xff,0xff,0xff,0xff,0xff,0xff,0xff,
0xff,0xff,0xff,0x00,0x00,0x00,0x00,0x00,0x00,0x00,0x00,0x00,0x00,0x00,0x00,0x00,
0x00,0x00,0x00,0x00,0x00,0x00,0x00,0x00,0x00,0x00,0x00,0x00,0x00,0x00,0x00,0x00,
0x00,0x00,0x00,0x00,0x00,0x00,0x00,0x00,0x00,0x00,0x00,0x00,0x00,0xff,0xff,0xff,
0xff,0xff,0xff,0xff,0xff,0xff,0xff,0xff,0xff,0xff,0xff,0x00,0x00,0x00,0x00,0x00,
0x00,0x00,0x00,0x00,0x00,0x00,0x00,0x00,0x00,0x00,0x00,0x00,0x00,0x00,0x00,0x00,
0x00,0x00,0x00,0x00,0x00,0x00,0x00,0x00,0x00,0x00,0x00,0x00,0x00,0x00,0x00,0x00,
0x00,0x00,0x00,0x00,0x00,0xff,0xff,0xff,0xff,0xff,0xff,0xff,0xff,0xff,0xff,0xff,
0xff,0xff,0x00,0x00,0x00,0x00,0x00,0x00,0x00,0x00,0x00,0x00,0x00,0x00,0x00,0x00,
0x00,0x00,0x00,0x00,0x00,0x00,0x00,0x00,0x00,0x00,0x00,0x00,0x00,0x00,0x00,0x00,
0x00,0x00,0x00,0x00,0x00,0x00,0x00,0x00,0x00,0x00,0x00,0x00,0x00,0x00,0xff,0xff,
0xff,0xff,0xff,0xff,0xff,0xff,0xff,0xff,0xff,0xff,0x00,0x00,0x00,0x00,0xff,0xff,
0xff,0x00,0x00,0x00,0x00,0x00,0x00,0x00,0x00,0x00,0x00,0x00,0x00,0x00,0x00,0x00,
0x00,0x00,0x00,0x00,0x00,0x00,0x00,0x00,0x00,0x00,0x00,0x00,0x00,0x00,0x00,0xff,
0xff,0x00,0x00,0x00,0x00,0x00,0xff,0xff,0xff,0xff,0xff,0xff,0xff,0xff,0xff,0xff,
0xff,0x00,0x00,0x00,0xff,0xff,0xff,0xff,0xff,0x00,0x00,0x00,0x00,0x00,0x00,0x00,
0x00,0x00,0x00,0x00,0x00,0x00,0x00,0x00,0x00,0x00,0x00,0x00,0x00,0x00,0x00,0x00,
0x00,0x00,0x00,0x00,0x00,0x00,0x00,0xff,0xff,0xff,0x00,0x00,0x00,0x00,0xff,0xff,
0xff,0xff,0xff,0xff,0xff,0xff,0xff,0xff,0xff,0x00,0x00,0x00,0xff,0xff,0xff,0xff,
0xff,0x00,0x00,0x00,0x00,0x00,0x00,0x00,0x00,0x00,0x00,0x00,0x00,0x00,0x00,0x00,
0x00,0x00,0x00,0x00,0x00,0x00,0x00,0x00,0x00,0x00,0x00,0x00,0x00,0x00,0x00,0xff,
0xff,0xff,0xff,0xff,0xff,0x00,0x00,0xff,0xff,0xff,0xff,0xff,0xff,0xff,0xff,0xff,
0x00,0x00,0xff,0xff,0xff,0xff,0xff,0xff,0xff,0x00,0x00,0x00,0x00,0x00,0x00,0x00,
0x00,0x00,0x00,0x00,0x00,0x00,0x00,0x00,0x00,0x00,0x00,0x00,0x00,0x00,0x00,0x00,
0x00,0x00,0x00,0x00,0x00,0x00,0x00,0xff,0xff,0xff,0xff,0xff,0xff,0xff,0x00,0x00,
0xff,0xff,0xff,0xff,0xff,0xff,0xff,0xff,0x00,0xff,0xff,0xff,0xff,0xff,0xff,0xff,
0x00,0x00,0x00,0x00,0x00,0x00,0x00,0x00,0x00,0x00,0x00,0x00,0x00,0x00,0x00,0x00,
0x00,0x00,0x00,0x00,0x00,0x00,0x00,0x00,0x00,0x00,0x00,0x00,0x00,0x00,0x00,0x00,
0xff,0xff,0xff,0xff,0xff,0xff,0xff,0x00,0x00,0xff,0xff,0xff,0xff,0xff,0xff,0x00,
0xff,0xff,0xff,0xff,0xff,0xff,0xff,0xff,0x00,0x00,0x00,0x00,0x00,0x00,0x00,0x00,
0x00,0x00,0x00,0x00,0x00,0x00,0x00,0x00,0x00,0x00,0x00,0x00,0x00,0x00,0x00,0x00,
0x00,0x00,0x00,0x00,0x00,0x00,0x00,0x00,0xff,0xff,0xff,0xff,0xff,0xff,0xff,0xff,
0x00,0xff,0xff,0xff,0xff,0xff,0xff,0x00,0xff,0xff,0xff,0xff,0xff,0xff,0xff,0x00,
0x00,0x00,0x00,0x00,0x00,0x00,0x00,0x00,0x00,0x00,0x00,0x00,0x00,0x00,0x00,0x00,
0x00,0x00,0x00,0x00,0x00,0x00,0x00,0x00,0x00,0x00,0x00,0x00,0x00,0x00,0x00,0x00,
0x00,0xff,0xff,0xff,0xff,0xff,0xff,0xff,0x00,0x00,0xff,0xff,0xff,0xff,0xff,0xff,
0xff,0xff,0xff,0xff,0xff,0xff,0x00,0x00,0x00,0x00,0x00,0x00,0x00,0x00,0x00,0x00,
0x00,0x00,0x00,0x00,0x00,0x00,0x00,0x00,0x00,0x00,0x00,0x00,0x00,0x00,0x00,0x00,
0x00,0x00,0x00,0x00,0x00,0x00,0x00,0x00,0x00,0xff,0xff,0xff,0xff,0xff,0xff,0xff,
0xff,0x00,0xff,0xff,0xff,0xff,0xff,0xff,0xff,0xff,0xff,0xff,0xff,0xff,0x00,0x00,
0x00,0x00,0x00,0x00,0x00,0x00,0x00,0x00,0x00,0x00,0x00,0x00,0x00,0x00,0x00,0x00,
0x00,0x00,0x00,0x00,0x00,0x00,0x00,0x00,0x00,0x00,0x00,0x00,0x00,0x00,0x00,0x00,
0x00,0x00,0x00,0xff,0xff,0xff,0xff,0xff,0xff,0xff,0xff,0xff,0xff,0xff,0xff,0xff,
0xff,0xff,0xff,0xff,0x00,0x00,0x00,0x00,0x00,0x00,0x00,0x00,0x00,0x00,0x00,0x00,
0x00,0x00,0x00,0x00,0x00,0x00,0x00,0x00,0x00,0x00,0x00,0x00,0x00,0x00,0x00,0x00,
0x00,0x00,0x00,0x00,0x00,0x00,0x00,0x00,0x00,0x00,0x00,0xff,0xff,0xff,0xff,0xff,
0xff,0xff,0xff,0xff,0xff,0xff,0xff,0xff,0xff,0xff,0xff,0xff,0x00,0x00,0x00,0x00,
0x00,0x00,0x00,0x00,0x00,0x00,0x00,0x00,0x00,0x00,0x00,0x00,0x00,0x00,0x00,0x00,
0x00,0x00,0x00,0x00,0x00,0x00,0x00,0x00,0x00,0x00,0x00,0x00,0x00,0x00,0x00,0x00,
0x00,0x00,0x00,0xff,0xff,0xff,0xff,0xff,0xff,0xff,0xff,0xff,0xff,0xff,0xff,0xff,
0xff,0xff,0xff,0xff,0x00,0x00,0x00,0x00,0x00,0x00,0x00,0x00,0x00,0x00,0x00,0x00,
0x00,0x00,0x00,0x00,0x00,0x00,0x00,0x00,0x00,0x00,0x00,0x00,0x00,0x00,0x00,0x00,
0x00,0x00,0x00,0x00,0x00,0x00,0x00,0x00,0x00,0x00,0x00,0x00,0xff,0xff,0xff,0xff,
0xff,0xff,0xff,0xff,0xff,0xff,0xff,0xff,0xff,0xff,0xff,0x00,0x00,0x00,0x00,0x00,
0x00,0x00,0x00,0x00,0x00,0x00,0x00,0x00,0x00,0x00,0x00,0x00,0x00,0x00,0x00,0x00,
0x00,0x00,0x00,0x00,0x00,0x00,0x00,0x00,0x00,0x00,0x00,0x00,0x00,0x00,0x00,0x00,
0x00,0x00,0x00,0x00,0x00,0xff,0xff,0xff,0xff,0xff,0xff,0xff,0xff,0xff,0xff,0xff,
0xff,0xff,0xff,0xff,0xff,0x00,0x00,0x00,0x00,0x00,0x00,0x00,0x00,0x00,0x00,0x00,
0x00,0x00,0x00,0x00,0x00,0x00,0x00,0x00,0x00,0x00,0x00,0x00,0x00,0x00,0x00,0x00,
0x00,0x00,0x00,0x00,0x00,0x00,0x00,0x00,0x00,0x00,0x00,0xff,0xff,0xff,0xff,0xff,
0xff,0xff,0xff,0xff,0xff,0xff,0xff,0xff,0xff,0xff,0xff,0xff,0xff,0xff,0xff,0x00,
0x00,0x00,0x00,0x00,0x00,0x00,0x00,0x00,0x00,0x00,0x00,0x00,0x00,0x00,0x00,0x00,
0x00,0x00,0x00,0x00,0x00,0x00,0x00,0x00,0x00,0x00,0x00,0x00,0x00,0x00,0x00,0x00,
0x00,0xff,0xff,0xff,0xff,0xff,0xff,0xff,0xff,0xff,0xff,0xff,0xff,0xff,0xff,0xff,
0xff,0xff,0xff,0xff,0xff,0xff,0xff,0xff,0x00,0x00,0x00,0x00,0x00,0x00,0x00,0x00,
0x00,0x00,0x00,0x00,0x00,0x00,0x00,0x00,0x00,0x00,0x00,0x00,0x00,0x00,0x00,0x00,
0x00,0x00,0x00,0x00,0x00,0x00,0x00,0x00,0xff,0xff,0xff,0xff,0xff,0xff,0xff,0xff,
0xff,0xff,0xff,0xff,0xff,0xff,0xff,0xff,0xff,0xff,0xff,0xff,0xff,0xff,0xff,0xff,
0xff,0xff,0x00,0x00,0x00,0x00,0x00,0x00,0x00,0x00,0x00,0x00,0x00,0x00,0x00,0x00,
0x00,0x00,0x00,0x00,0x00,0x00,0x00,0x00,0x00,0x00,0x00,0x00,0x00,0x00,0x00,0xff,
0xff,0xff,0xff,0xff,0xff,0xff,0xff,0xff,0xff,0xff,0xff,0xff,0xff,0xff,0xff,0xff,
0xff,0xff,0xff,0xff,0xff,0xff,0xff,0xff,0xff,0xff,0xff,0x00,0x00,0x00,0x00,0x00,
0x00,0x00,0x00,0x00,0x00,0x00,0x00,0x00,0x00,0x00,0x00,0x00,0x00,0x00,0x00,0x00,
0x00,0x00,0x00,0x00,0x00,0x00,0x00,0xff,0xff,0xff,0xff,0xff,0xff,0xff,0xff,0xff,
0xff,0xff,0xff,0xff,0xff,0xff,0xff,0xff,0xff,0xff,0xff,0xff,0xff,0xff,0xff,0xff,
0xff,0xff,0xff,0x00,0x00,0x00,0x00,0x00,0x00,0x00,0x00,0x00,0x00,0x00,0x00,0x00,
0x00,0x00,0x00,0x00,0x00,0x00,0x00,0x00,0x00,0x00,0x00,0x00,0x00,0x00,0xff,0xff,
0xff,0xff,0xff,0xff,0xff,0xff,0xff,0xff,0xff,0xff,0xff,0xff,0xff,0xff,0xff,0xff,
0xff,0xff,0xff,0xff,0xff,0xff,0xff,0xff,0xff,0xff,0xff,0xff,0x00,0x00,0x00,0x00,
0x00,0x00,0x00,0x00,0x00,0x00,0x00,0x00,0x00,0x00,0x00,0x00,0x00,0x00,0x00,0x00,
0x00,0x00,0x00,0x00,0x00,0x00,0xff,0xff,0xff,0xff,0xff,0xff,0xff,0xff,0xff,0xff,
0xff,0xff,0xff,0xff,0xff,0xff,0xff,0xff,0xff,0xff,0xff,0xff,0xff,0xff,0xff,0xff,
0xff,0xff,0xff,0xff,0x00,0x00,0x00,0x00,0x00,0x00,0x00,0x00,0x00,0x00,0x00,0x00,
0x00,0x00,0x00,0x00,0x00,0x00,0x00,0x00,0x00,0x00,0x00,0x00,0x00,0x00,0xff,0xff,
0xff,0xff,0xff,0xff,0xff,0xff,0xff,0xff,0xff,0xff,0xff,0xff,0xff,0xff,0xff,0xff,
0xff,0xff,0xff,0xff,0xff,0xff,0xff,0xff,0xff,0xff,0xff,0xff,0x00,0x00,0x00,0x00,
0x00,0x00,0x00,0x00,0x00,0x00,0x00,0x00,0x00,0x00,0x00,0x00,0x00,0x00,0x00,0x00,
0x00,0x00,0x00,0x00,0x00,0x00,0x00,0xff,0xff,0xff,0xff,0xff,0xff,0xff,0xff,0xff,
0xff,0xff,0xff,0xff,0xff,0xff,0xff,0xff,0xff,0xff,0xff,0xff,0xff,0xff,0xff,0xff,
0xff,0xff,0xff,0xff,0x00,0x00,0x00,0x00,0x00,0x00,0x00,0x00,0x00,0x00,0x00,0x00,
0x00,0x00,0x00,0x00,0x00,0x00,0x00,0x00,0x00,0x00,0x00,0x00,0x00,0x00,0x00,0xff,
0xff,0xff,0xff,0xff,0xff,0xff,0xff,0xff,0xff,0xff,0xff,0xff,0xff,0xff,0xff,0xff,
0xff,0xff,0xff,0xff,0xff,0xff,0xff,0xff,0xff,0xff,0xff,0x00,0x00,0x00,0x00,0x00,
0x00,0x00,0x00,0x00,0x00,0x00,0x00,0x00,0x00,0x00,0x00,0x00,0x00,0x00,0x00,0x00,
0x00,0x00,0x00,0x00,0x00,0x00,0xff,0xff,0xff,0xff,0xff,0xff,0xff,0xff,0xff,0xff,
0xff,0xff,0xff,0xff,0xff,0xff,0xff,0xff,0xff,0xff,0xff,0xff,0xff,0xff,0xff,0xff,
0xff,0xff,0xff,0xff,0x00,0x00,0x00,0x00,0x00,0x00,0x00,0x00,0x00,0x00,0x00,0x00,
0x00,0x00,0x00,0x00,0x00,0x00,0x00,0x00,0x00,0x00,0x00,0x00,0x00,0x00,0xff,0xff,
0xff,0xff,0xff,0xff,0xff,0xff,0xff,0xff,0xff,0xff,0xff,0xff,0xff,0xff,0xff,0xff,
0xff,0xff,0xff,0xff,0xff,0xff,0xff,0xff,0xff,0xff,0xff,0xff,0x00,0x00,0x00,0x00,
0x00,0x00,0x00,0x00,0x00,0x00,0x00,0x00,0x00,0x00,0x00,0x00,0x00,0x00,0x00,0x00,
0x00,0x00,0x00,0x00,0x00,0x00,0xff,0xff,0xff,0xff,0xff,0xff,0xff,0xff,0xff,0xff,
0xff,0xff,0xff,0xff,0xff,0xff,0xff,0xff,0xff,0xff,0xff,0xff,0xff,0xff,0xff,0xff,
0xff,0xff,0xff,0xff,0xff,0x00,0x00,0x00,0x00,0x00,0x00,0x00,0x00,0x00,0x00,0x00,
0x00,0x00,0x00,0x00,0x00,0x00,0x00,0x00,0x00,0x00,0x00,0x00,0x00,0x00,0x00,0xff,
0xff,0xff,0xff,0xff,0xff,0xff,0xff,0xff,0xff,0xff,0xff,0xff,0xff,0xff,0xff,0xff,
0xff,0xff,0xff,0xff,0xff,0xff,0xff,0xff,0xff,0xff,0xff,0xff,0xff,0x00,0x00,0x00,
0x00,0x00,0x00,0x00,0x00,0x00,0x00,0x00,0x00,0x00,0x00,0x00,0x00,0x00,0x00,0x00,
0x00,0x00,0x00,0x00,0x00,0x00,0x00,0xff,0xff,0xff,0xff,0xff,0xff,0xff,0xff,0xff,
0xff,0xff,0xff,0xff,0xff,0xff,0xff,0xff,0xff,0xff,0xff,0xff,0xff,0xff,0xff,0xff,
0xff,0xff,0xff,0xff,0xff,0x00,0x00,0x00,0x00,0x00,0x00,0x00,0x00,0x00,0x00,0x00,
0x00,0x00,0x00,0x00,0x00,0x00,0x00,0x00,0x00,0x00,0x00,0x00,0x00,0xff,0xff,0xff,
0xff,0xff,0xff,0xff,0xff,0xff,0xff,0xff,0xff,0xff,0xff,0xff,0xff,0xff,0xff,0xff,
0xff,0xff,0xff,0xff,0xff,0xff,0xff,0xff,0xff,0xff,0xff,0xff,0x00,0x00,0x00,0x00,
0x00,0x00,0x00,0x00,0x00,0x00,0x00,0x00,0x00,0x00,0x00,0x00,0x00,0x00,0x00,0x00,
0x00,0x00,0x00,0x00,0x00,0xff,0xff,0xff,0xff,0xff,0xff,0xff,0xff,0xff,0xff,0xff,
0xff,0xff,0xff,0xff,0xff,0xff,0xff,0xff,0xff,0xff,0xff,0xff,0xff,0xff,0xff,0xff,
0xff,0xff,0xff,0xff,0xff,0x00,0x00,0x00,0x00,0x00,0x00,0x00,0x00,0x00,0x00,0x00,
0x00,0x00,0x00,0x00,0x00,0x00,0x00,0x00,0x00,0x00,0x00,0x00,0x00,0xff,0xff,0xff,
0xff,0xff,0xff,0xff,0xff,0xff,0xff,0xff,0xff,0xff,0xff,0xff,0xff,0xff,0xff,0xff,
0xff,0xff,0xff,0xff,0xff,0xff,0xff,0xff,0xff,0xff,0xff,0xff,0xff,0x00,0x00,0x00,
0x00,0x00,0x00,0x00,0x00,0x00,0x00,0x00,0x00,0x00,0x00,0x00,0x00,0x00,0x00,0x00,
0x00,0x00,0x00,0x00,0x00,0xff,0xff,0xff,0xff,0xff,0xff,0xff,0xff,0xff,0xff,0xff,
0xff,0xff,0xff,0xff,0xff,0xff,0xff,0xff,0xff,0xff,0xff,0xff,0xff,0xff,0xff,0xff,
0xff,0xff,0xff,0xff,0xff,0x00,0x00,0x00,0x00,0x00,0x00,0x00,0x00,0x00,0x00,0x00,
0x00,0x00,0x00,0x00,0x00,0x00,0x00,0x00,0x00,0x00,0x00,0x00,0x00,0xff,0xff,0xff,
0xff,0xff,0xff,0xff,0xff,0xff,0xff,0xff,0xff,0xff,0xff,0xff,0xff,0xff,0xff,0xff,
0xff,0xff,0xff,0xff,0xff,0xff,0xff,0xff,0xff,0xff,0xff,0xff,0xff,0x00,0x00,0x00,
0x00,0x00,0x00,0x00,0x00,0x00,0x00,0x00,0x00,0x00,0x00,0x00,0x00,0x00,0x00,0x00,
0x00,0x00,0x00,0x00,0x00,0xff,0xff,0xff,0xff,0xff,0xff,0xff,0xff,0xff,0xff,0xff,
0xff,0xff,0xff,0xff,0xff,0xff,0xff,0xff,0xff,0xff,0xff,0xff,0xff,0xff,0xff,0xff,
0xff,0xff,0xff,0xff,0xff,0x00,0x00,0x00,0x00,0x00,0x00,0x00,0x00,0x00,0x00,0x00,
0x00,0x00,0x00,0x00,0x00,0x00,0x00,0x00,0x00,0x00,0x00,0x00,0x00,0x00,0x00,0xff,
0xff,0xff,0xff,0xff,0xff,0xff,0xff,0xff,0xff,0xff,0xff,0xff,0xff,0xff,0xff,0xff,
0xff,0xff,0xff,0xff,0xff,0xff,0xff,0xff,0xff,0xff,0xff,0xff,0x00,0x00,0x00,0x00,
0x00,0x00,0x00,0x00,0x00,0x00,0x00,0x00,0x00,0x00,0x00,0x00,0x00,0x00,0x00,0x00,
0x00,0x00,0x00,0x00,0x00,0x00,0x00,0x00,0xff,0xff,0xff,0xff,0xff,0xff,0xff,0xff,
0xff,0xff,0xff,0xff,0xff,0xff,0xff,0xff,0xff,0xff,0xff,0xff,0xff,0xff,0xff,0xff,
0xff,0xff,0xff,0x00,0x00,0x00,0x00,0x00,0x00,0x00,0x00,0x00,0x00,0x00,0x00,0x00,
0x00,0x00,0x00,0x00,0x00,0x00,0x00,0x00,0x00,0x00,0x00,0x00,0x00,0x00,0x00,0x00,
0x00,0xff,0xff,0xff,0xff,0x00,0x00,0xff,0xff,0xff,0xff,0xff,0xff,0xff,0xff,0xff,
0xff,0xff,0xff,0xff,0xff,0x00,0xff,0xff,0xff,0xff,0x00,0x00,0x00,0x00,0x00,0x00,
0x00,0x00,0x00,0x00,0x00,0x00,0x00,0x00,0x00,0x00,0x00,0x00,0x00,0x00,0x00,0x00,
0x00,0x00,0x00,0x00,0x00,0x00,0x00,0x00,0x00,0x00,0x00,0x00,0x00,0x00,0x00,0x00,
0xff,0xff,0xff,0xff,0xff,0x00,0x00,0x00,0x00,0xff,0xff,0xff,0x00,0x00,0x00,0x00,
0x00,0x00,0x00,0x00,0x00,0x00,0x00,0x00,0x00,0x00,0x00,0x00,0x00,0x00,0x00,0x00,
0x00,0x00,0x00,0x00,0x00,0x00,0x00,0x00,0x00,0x00,0x00,0x00,0x00,0x00,0x00,0x00,
0x00,0x00,0x00,0x00,0x00,0x00,0x00,0x00,0x00,0x00,0x00,0x00,0x00,0x00,0x00,0x00,
0x00,0x00,0x00,0x00,0x00,0x00,0x00,0x00,0x00,0x00,0x00,0x00,0x00,0x00,0x00,0x00,
0x00,0x00,0x00,0x00,0x00,0x00,0x00,0x00,0x00,0x00,0x00,0x00,0x00,0x00,0x00,0x00,
0x00,0x00,0x00,0x00,0x00,0x00,0x00,0x00,0x00,0x00,0x00,0x00,0x00,0x00,0x00,0x00,
0x00,0x00,0x00,0x00,0x00,0x00,0x00,0x00,0x00,0x00,0x00,0x00,0x00,0x00,0x00,0x00,
0x00,0x00,0x00,0x00,0x00,0x00,0x00,0x00,0x00,0x00,0x00,0x00,0x00,0x00,0x00,0x00,
0x00,0x00,0x00,0x00,0x00,0x00,0x00,0x00,0x00,0x00,0x00,0x00,0x00,0x00,0x00,0x00,
0x00,0x00,0x00,0x00,0x00,0x00,0x00,0x00,0x00,0x00,0x00,0x00,0x00,0x00,0x00,0x00,
0x00,0x00,0x00,0x00,0x00,0x00,0x00,0x00,0x00,0x00,0x00,0x00,0x00,0x00,0x00,0x00,
0x00,0x00,0x00,0x00,0x00,0x00,0x00,0x00,0x00,0x00,0x00,0x00,0x00,0x00,0x00,0x00,
0x00,0x00,0x00,0x00,0x00,0x00,0x00,0x00,0x00,0x00,0x00,0x00,0x00,0x00,0x00,0x00,
0x00,0x00,0x00,0x00,0x00,0x00,0x00,0x00,0x00,0x00,0x00,0x00,0x00,0x00,0x00,0x00,
0x00,0x00,0x00,0x00,0x00,0x00,0x00,0x00,0x00,0x00,0x00,0x00,0x00,0x00,0x00,0x00,
0x00,0x00,0x00,0x00,0x00,0x00,0x00,0x00,0x00,0x00,0x00,0x00,0x00,0x00,0x00,0x00,
0x00,0x00,0x00,0x00,0x00,0x00,0x00,0x00,0x00,0x00,0x00,0x00,0x00,0x00,0x00,0x00,
0x00,0x00,0x00,0x00,0x00,0x00,0x00,0x00,0x00,0x00,0x00,0x00,0x00,0x00,0x00,0x00,
0x00,0x00,0x00,0x00,0x00,0x00,0x00,0x00,0x00,0x00,0x00,0x00,0x00,0x00,0x00,0x00,
0x00,0x00,0x00,0x00,0x00,0x00,0x00,0x00,0x00,0x00,0x00,0x00,0x00,0x00,0x00,0x00,
0x00,0x00,0x00,0x00,0x00,0x00,0x00,0x00,0x00,0x00,0x00,0x00,0x00,0x00,0x00,0x00,
0x00,0x00,0x00,0x00,0x00,0x00,0x00,0x00,0x00,0x00,0x00,0x00,0x00,0x00,0x00,0x00,

};
static const lv_image_dsc_t s_farm_wheat_2 = {
    .header.magic = LV_IMAGE_HEADER_MAGIC,
    .header.cf = LV_COLOR_FORMAT_RGB565A8,
    .header.flags = 0,
    .header.w = 56,
    .header.h = 52,
    .header.stride = 112,
    .data_size = sizeof(s_farm_wheat_2_map),
    .data = s_farm_wheat_2_map,
};

static const LV_ATTRIBUTE_MEM_ALIGN LV_ATTRIBUTE_LARGE_CONST uint8_t s_farm_wheat_3_map[] = {
0x00,0x00,0x00,0x00,0x00,0x00,0x00,0x00,0x00,0x00,0x00,0x00,0x00,0x00,0xff,0xff,
0xde,0xff,0x9e,0xf7,0x7d,0xf7,0x9e,0xf7,0xff,0xff,0xff,0xff,0xff,0xff,0xff,0xff,
0x7d,0xf7,0x9e,0xf7,0x7d,0xf7,0x9e,0xf7,0xff,0xff,0xdf,0xff,0x23,0x39,0x23,0x31,
0x00,0x41,0x71,0xee,0xc9,0xfe,0xca,0xfe,0xe9,0x72,0xcd,0x8b,0xff,0xff,0x7e,0xef,
0x7d,0xf7,0x9e,0xf7,0x7d,0xf7,0xff,0xff,0xdf,0xff,0xff,0xff,0xdf,0xff,0xbe,0xf7,
0x9d,0xf7,0x9e,0xf7,0xff,0xff,0xff,0xff,0xff,0xff,0xff,0xff,0x9d,0xf7,0x9e,0xf7,
0x00,0x00,0x00,0x00,0x00,0x00,0x00,0x00,0x00,0x00,0x00,0x00,0x00,0x00,0x00,0x00,
0x00,0x00,0x00,0x00,0x00,0x00,0x00,0x00,0x00,0x00,0x00,0x00,0x00,0x00,0x7e,0xf7,
0xbf,0xf7,0xdf,0xff,0xff,0xff,0xff,0xff,0x9e,0xef,0x7e,0xf7,0x9e,0xef,0x7e,0xf7,
0xff,0xff,0xff,0xff,0xff,0xff,0xff,0xff,0x9e,0xef,0x7e,0xf7,0xa0,0x49,0x4f,0xe6,
0xe0,0x8a,0x86,0xc4,0x89,0xf6,0xa8,0xfe,0xe5,0x51,0xe5,0x59,0x44,0x31,0x9d,0xff,
0xff,0xff,0xff,0xff,0xff,0xff,0x7e,0xf7,0x9e,0xef,0x7e,0xf7,0xbf,0xf7,0xff,0xff,
0xff,0xff,0xff,0xff,0x9e,0xef,0x7e,0xf7,0x9e,0xf7,0x9e,0xf7,0xff,0xff,0xff,0xff,
0x00,0x00,0x00,0x00,0x00,0x00,0x00,0x00,0x00,0x00,0x00,0x00,0x00,0x00,0x00,0x00,
0x00,0x00,0x00,0x00,0x00,0x00,0x00,0x00,0x00,0x00,0x00,0x00,0x00,0x00,0x9e,0xf7,
0xbe,0xff,0xff,0xff,0xff,0xff,0xff,0xff,0x7d,0xf7,0x9e,0xf7,0x9d,0xf7,0x9e,0xef,
0xdf,0xff,0xff,0xff,0xff,0xff,0xff,0xff,0x7d,0xf7,0xbe,0xf7,0xa0,0x51,0x70,0xee,
0xd0,0xfe,0xc1,0x72,0xa5,0xed,0x07,0xf6,0x20,0x72,0xeb,0xe5,0xc1,0x28,0xbd,0xff,
0xff,0xff,0xff,0xff,0xff,0xff,0x9e,0xf7,0x7d,0xf7,0xbe,0xf7,0x9d,0xf7,0xff,0xff,
0xff,0xff,0xbf,0xf7,0x7d,0xf7,0xbe,0xf7,0x9e,0xf7,0xbe,0xf7,0xff,0xff,0xff,0xff,
0x00,0x00,0x00,0x00,0x00,0x00,0x00,0x00,0x00,0x00,0x00,0x00,0x00,0x00,0x00,0x00,
0x00,0x00,0x00,0x00,0x00,0x00,0x00,0x00,0x00,0x00,0x00,0x00,0x00,0x00,0x9e,0xf7,
0xbf,0xf7,0xff,0xff,0xff,0xff,0xff,0xff,0x7e,0xef,0x7e,0xf7,0x9e,0xef,0x59,0xd6,
0x2d,0x6b,0xff,0xff,0xff,0xff,0xff,0xff,0x9e,0xef,0x7d,0xf7,0xa0,0x30,0xe6,0x82,
0x0c,0xff,0xc6,0xe5,0xa4,0xab,0x80,0x8a,0xc9,0xe5,0x67,0xdd,0xc2,0x20,0xbd,0xff,
0xff,0xff,0xdf,0xff,0xff,0xff,0x9e,0xf7,0xbf,0xf7,0xdf,0xff,0x7e,0xef,0xdf,0xff,
0xff,0xff,0x65,0x39,0x75,0xad,0x9e,0xf7,0x9e,0xf7,0x9e,0xf7,0xff,0xff,0xff,0xff,
0x00,0x00,0x00,0x00,0x00,0x00,0x00,0x00,0x00,0x00,0x00,0x00,0x00,0x00,0x00,0x00,
0x00,0x00,0x00,0x00,0x00,0x00,0x00,0x00,0x00,0x00,0x00,0x00,0x00,0x00,0xff,0xff,
0xbe,0xff,0x9e,0xf7,0x7d,0xf7,0x9e,0xf7,0xff,0xff,0xff,0xff,0xbe,0xff,0x44,0x29,
0xee,0xe5,0x20,0x41,0xbe,0xff,0x7d,0xef,0xff,0xff,0xdf,0xf7,0x3c,0xf7,0xe3,0x20,
0xa4,0xf5,0xe5,0xf5,0x85,0xa3,0xc3,0x82,0xed,0xfe,0x43,0xb4,0x40,0x18,0x7d,0xf7,
0x7d,0xf7,0x9e,0xf7,0x7d,0xf7,0xff,0xff,0x89,0x62,0x23,0x29,0x8d,0x7b,0xdf,0xff,
0x40,0x49,0x92,0xee,0x02,0x31,0x1a,0xef,0xff,0xff,0xff,0xff,0x9d,0xf7,0x9e,0xf7,
0x00,0x00,0x00,0x00,0x00,0x00,0x00,0x00,0x00,0x00,0x00,0x00,0x00,0x00,0x00,0x00,
0x00,0x00,0x00,0x00,0x00,0x00,0x00,0x00,0x00,0x00,0x00,0x00,0x00,0x00,0xff,0xff,
0xbf,0xf7,0x9e,0xf7,0x9e,0xf7,0x7e,0xf7,0xff,0xff,0xdf,0xff,0xdf,0xff,0x85,0x39,
0x50,0xe6,0x40,0x49,0x1c,0xe7,0x5d,0xef,0xff,0xff,0xff,0xff,0x80,0x49,0x0e,0xc5,
0xa0,0x59,0xe7,0xab,0x60,0x72,0x2e,0xf6,0xf3,0xfe,0xa0,0x51,0x6d,0x73,0x5c,0xf7,
0x9e,0xef,0x7e,0xf7,0x9e,0xf7,0xbe,0xff,0x80,0x49,0xcf,0xdd,0x04,0x29,0x03,0x31,
0x8b,0xee,0x2d,0xff,0xe2,0x28,0x99,0xe6,0xff,0xff,0xff,0xff,0x9e,0xef,0x7e,0xf7,
0x00,0x00,0x00,0x00,0x00,0x00,0x00,0x00,0x00,0x00,0x00,0x00,0x00,0x00,0x00,0x00,
0x00,0x00,0x00,0x00,0x00,0x00,0x00,0x00,0x00,0x00,0x00,0x00,0x00,0x00,0xff,0xff,
0xbe,0xff,0x9e,0xf7,0x9d,0xf7,0x9e,0xf7,0xff,0xff,0xff,0xff,0xde,0xff,0x85,0x39,
0x0c,0xff,0x8b,0xf6,0x24,0x31,0xdf,0xff,0xff,0xff,0xff,0xff,0xa0,0x49,0x91,0xe6,
0x0d,0xf6,0x60,0x72,0x41,0x93,0xf0,0xfe,0x2f,0xee,0x20,0x41,0xff,0xff,0xff,0xff,
0x7d,0xf7,0x9e,0xef,0x9d,0xf7,0xff,0xff,0xe0,0x30,0xd4,0xee,0x20,0x51,0x89,0xb4,
0x2b,0xff,0x89,0xf6,0xe1,0x30,0x78,0xde,0xff,0xff,0xff,0xff,0x9d,0xf7,0x9e,0xf7,
0x00,0x00,0x00,0x00,0x00,0x00,0x00,0x00,0x00,0x00,0x00,0x00,0x00,0x00,0x00,0x00,
0x00,0x00,0x00,0x00,0x00,0x00,0x00,0x00,0x00,0x00,0x00,0x00,0x00,0x00,0xff,0xff,
0xbf,0xf7,0x7e,0xf7,0x9e,0xf7,0x7e,0xf7,0xff,0xff,0xdf,0xff,0xdf,0xff,0x45,0x31,
0x49,0xf6,0x89,0xfe,0x6b,0x7b,0x63,0x41,0xab,0x5a,0xff,0xff,0x40,0x41,0x29,0xac,
0x2d,0xff,0xab,0xf6,0xc0,0x82,0x2b,0xf6,0x6e,0xcd,0x20,0x49,0x85,0x49,0x85,0x49,
0x7e,0xef,0x7d,0xf7,0x5d,0xef,0x85,0x39,0xc4,0xc4,0xcc,0xfe,0xa0,0xa3,0x87,0xed,
0xa6,0xed,0x24,0xe5,0x59,0xce,0xbf,0xff,0xff,0xff,0xff,0xff,0x9e,0xef,0x9e,0xf7,
0x00,0x00,0x00,0x00,0x00,0x00,0x00,0x00,0x00,0x00,0x00,0x00,0x00,0x00,0x00,0x00,
0x00,0x00,0x00,0x00,0x00,0x00,0x00,0x00,0x00,0x00,0x00,0x00,0x00,0x00,0x9e,0xf7,
0xbe,0xff,0xff,0xff,0xff,0xff,0xff,0xff,0x7d,0xf7,0x6e,0x73,0x23,0x31,0x44,0x31,
0x62,0xc4,0x6a,0xfe,0x02,0xbc,0xea,0xed,0x85,0x72,0xda,0xff,0xe5,0x59,0x42,0x39,
0x06,0xf6,0xca,0xfe,0x43,0xc4,0x63,0xc4,0xe7,0xab,0xc4,0x7a,0x8c,0xdd,0xe0,0x59,
0xff,0xff,0xff,0xff,0x7d,0xff,0x85,0x31,0xe4,0xd4,0x6a,0xfe,0x88,0xed,0x26,0xd5,
0x09,0xac,0x40,0x49,0x64,0x39,0xc2,0x20,0x55,0xad,0x9e,0xf7,0xff,0xff,0xff,0xff,
0x00,0x00,0x00,0x00,0x00,0x00,0x00,0x00,0x00,0x00,0x00,0x00,0x00,0x00,0x00,0x00,
0x00,0x00,0x00,0x00,0x00,0x00,0x00,0x00,0x00,0x00,0x00,0x00,0x00,0x00,0x7e,0xf7,
0xbf,0xf7,0xdf,0xff,0xff,0xff,0xff,0xff,0x9e,0xf7,0xae,0x7b,0x88,0xdd,0x64,0xc4,
0x20,0x49,0xcb,0xc4,0xc0,0x82,0x8d,0xfe,0xe6,0x72,0xb9,0xff,0x44,0x31,0x64,0x41,
0x63,0xc4,0x26,0xe5,0xc9,0xc4,0x80,0x61,0x03,0xac,0xad,0xfe,0xe9,0xa3,0xa0,0x59,
0xff,0xff,0xff,0xff,0x03,0x29,0x24,0x39,0xa2,0xab,0xa9,0xed,0x87,0xc4,0xa4,0xab,
0x60,0x49,0x50,0xee,0x0d,0xe6,0xc8,0xc4,0x76,0xad,0x7e,0xf7,0xff,0xff,0xff,0xff,
0x00,0x00,0x00,0x00,0x00,0x00,0x00,0x00,0x00,0x00,0x00,0x00,0x00,0x00,0x00,0x00,
0x00,0x00,0x00,0x00,0x00,0x00,0x00,0x00,0x00,0x00,0x00,0x00,0x00,0x00,0x9e,0xf7,
0xbe,0xff,0xff,0xff,0xff,0xff,0xff,0xff,0x7d,0xff,0xae,0x73,0x45,0xdd,0xcb,0xfe,
0x89,0xe5,0x40,0x7a,0xc3,0xcc,0xab,0xfe,0xc5,0x7a,0xb9,0xff,0x60,0x49,0xd3,0xf6,
0xe1,0x69,0x63,0x72,0x63,0xab,0xe5,0xb3,0x2b,0xff,0x27,0xee,0xc1,0x28,0xdd,0xff,
0xff,0xff,0xff,0xff,0x60,0x51,0x6b,0xcd,0xa0,0x69,0x4a,0xdd,0xa0,0x8a,0x87,0xc4,
0xcb,0xfe,0xec,0xfe,0x49,0xb4,0x60,0x49,0x3c,0xef,0x9e,0xf7,0xff,0xff,0xff,0xff,
0x00,0x00,0x00,0x00,0x00,0x00,0x00,0x00,0x00,0x00,0x00,0x00,0x00,0x00,0x00,0x00,
0x00,0x00,0x00,0x00,0x00,0x00,0x00,0x00,0x00,0x00,0x00,0x00,0x00,0x00,0x7e,0xf7,
0xbf,0xf7,0xff,0xff,0xff,0xff,0xff,0xff,0x9e,0xef,0xd7,0xbd,0x00,0x39,0xd1,0xdd,
0x8a,0xf6,0x89,0xfe,0x20,0x9b,0xa5,0xd4,0x45,0x5a,0xba,0xff,0x60,0x49,0xae,0xdd,
0x2e,0xff,0x67,0xdd,0xe0,0x59,0xd1,0xfe,0x6b,0xfe,0x83,0xc4,0xa2,0x18,0x7d,0xff,
0xdf,0xff,0x85,0x39,0x49,0xee,0xaa,0xfe,0xc1,0x82,0x64,0x9b,0x25,0xcd,0xcb,0xfe,
0x28,0xfe,0xa6,0xed,0xe4,0x51,0xcf,0xb4,0x7e,0xef,0x7e,0xf7,0xff,0xff,0xff,0xff,
0x00,0x00,0x00,0x00,0x00,0x00,0x00,0x00,0x00,0x00,0x00,0x00,0x00,0x00,0x00,0x00,
0x00,0x00,0x00,0x00,0x00,0x00,0x00,0x00,0x00,0x00,0x00,0x00,0x00,0x00,0xff,0xff,
0xbe,0xff,0x9e,0xf7,0x9d,0xf7,0x9e,0xf7,0xff,0xff,0xff,0xff,0x81,0x20,0x65,0x39,
0x62,0xcc,0x4a,0xfe,0x05,0xbc,0xc4,0xab,0x03,0x62,0x40,0x41,0x96,0xff,0x86,0x8b,
0x48,0xfe,0xca,0xfe,0xa3,0xd4,0x4a,0xfe,0x68,0xed,0x80,0xa3,0xc2,0x28,0x44,0x31,
0x7d,0xff,0xe7,0x41,0x27,0xee,0x0b,0xff,0x0b,0xee,0x20,0x6a,0x43,0xed,0x84,0xed,
0x27,0xc4,0x20,0x7a,0x24,0x29,0x92,0x94,0xff,0xff,0xff,0xff,0x9d,0xf7,0x9e,0xf7,
0x00,0x00,0x00,0x00,0x00,0x00,0x00,0x00,0x00,0x00,0x00,0x00,0x00,0x00,0x00,0x00,
0x00,0x00,0x00,0x00,0x00,0x00,0x00,0x00,0x00,0x00,0x00,0x00,0x00,0x00,0xff,0xff,
0xbf,0xf7,0x9e,0xf7,0x9e,0xef,0x7e,0xf7,0xff,0xff,0xff,0xff,0xff,0xff,0xa3,0x18,
0x00,0x49,0x8a,0xbc,0xa7,0xa3,0x41,0x7a,0x6b,0xe5,0xe5,0xb3,0xe7,0x49,0x24,0x39,
0x03,0xdd,0xc6,0xf5,0xc4,0xd4,0x65,0xed,0xe9,0xa3,0x20,0x51,0x2e,0xc5,0x00,0x49,
0x75,0xb5,0x03,0x29,0xe3,0xcc,0x48,0xfe,0xa8,0xed,0x62,0xcc,0xe4,0x8a,0x82,0x82,
0x03,0x29,0x60,0x20,0xdf,0xff,0xdf,0xff,0xff,0xff,0xff,0xff,0x9e,0xef,0x9e,0xf7,
0x00,0x00,0x00,0x00,0x00,0x00,0x00,0x00,0x00,0x00,0x00,0x00,0x00,0x00,0x00,0x00,
0x00,0x00,0x00,0x00,0x00,0x00,0x00,0x00,0x00,0x00,0x00,0x00,0x00,0x00,0xff,0xff,
0xbe,0xff,0x9e,0xf7,0x9d,0xf7,0x9e,0xf7,0xdf,0xff,0xff,0xff,0xa0,0x49,0x55,0xf7,
0xa7,0xa3,0xc0,0x61,0xe0,0x69,0x2e,0xee,0x89,0xfe,0xa6,0xe5,0x01,0x41,0x87,0x6a,
0x40,0x59,0x49,0xac,0x46,0xc4,0x01,0x93,0x00,0x39,0x54,0xff,0xad,0xdd,0x40,0x49,
0x20,0x41,0x70,0xe6,0xa0,0x61,0xac,0xdd,0x83,0xb3,0x01,0x9b,0x08,0xee,0x2c,0xff,
0x8a,0xfe,0x45,0xdd,0xb6,0xc5,0xff,0xff,0xff,0xff,0xff,0xff,0x9e,0xf7,0x9e,0xf7,
0x00,0x00,0x00,0x00,0x00,0x00,0x00,0x00,0x00,0x00,0x00,0x00,0x00,0x00,0x00,0x00,
0x00,0x00,0x00,0x00,0x00,0x00,0x00,0x00,0x00,0x00,0x00,0x00,0x00,0x00,0xdf,0xff,
0xdf,0xf7,0x7e,0xf7,0x9e,0xef,0x7e,0xf7,0xff,0xff,0xff,0xff,0x80,0x51,0x8c,0xb4,
0xac,0xf6,0x8b,0xfe,0xe4,0xa3,0x69,0xdd,0xc8,0xed,0xe4,0xd4,0x00,0x41,0x2b,0xcd,
0x0c,0xee,0xc0,0x8a,0x84,0x72,0x20,0x51,0xc7,0xdd,0xaa,0xfe,0x29,0xa4,0x40,0x49,
0x60,0x41,0x91,0xee,0x40,0x7a,0xa5,0xab,0x20,0x93,0x6d,0xfe,0x2c,0xff,0xe7,0xe5,
0x2a,0xac,0x00,0x49,0xf8,0xbd,0xdf,0xff,0xff,0xff,0xff,0xff,0x9e,0xef,0x7e,0xf7,
0x00,0x00,0x00,0x00,0x00,0x00,0x00,0x00,0x00,0x00,0x00,0x00,0x00,0x00,0x00,0x00,
0x00,0x00,0x00,0x00,0x00,0x00,0x00,0x00,0x00,0x00,0x00,0x00,0x00,0x00,0x9e,0xf7,
0xbe,0xff,0xff,0xff,0xff,0xff,0xff,0xff,0x7d,0xf7,0x9e,0xf7,0x9d,0xff,0x65,0x29,
0x83,0xd4,0xe8,0xf5,0xe8,0xf5,0x22,0xbc,0xe6,0xdc,0x81,0xa3,0xc0,0x38,0x48,0x83,
0xeb,0xfe,0xcb,0xf6,0x64,0xa3,0xa9,0xc4,0xc9,0xfe,0x84,0xd5,0x82,0x51,0x82,0x49,
0x80,0xa3,0x8d,0xfe,0x09,0xd5,0x20,0x72,0x42,0xed,0xa4,0xed,0x47,0xe5,0xa1,0xab,
0x03,0x31,0x24,0x29,0x7d,0xf7,0x9e,0xf7,0x9d,0xf7,0x9e,0xf7,0xff,0xff,0xff,0xff,
0x00,0x00,0x00,0x00,0x00,0x00,0x00,0x00,0x00,0x00,0x00,0x00,0x00,0x00,0x00,0x00,
0x00,0x00,0x00,0x00,0x00,0x00,0x00,0x00,0x00,0x00,0x00,0x00,0x00,0x00,0x7e,0xf7,
0xbf,0xf7,0xff,0xff,0xff,0xff,0xff,0xff,0x9e,0xef,0x7e,0xf7,0x7e,0xef,0xa3,0x18,
0x00,0x41,0xe9,0xa3,0x88,0xed,0xe1,0xbb,0xa8,0x93,0x40,0x51,0xc8,0x5a,0xe1,0x28,
0x44,0xd5,0x89,0xfe,0x4c,0xf6,0x0b,0xf6,0x49,0xf6,0x21,0xbc,0xe2,0x28,0x02,0x39,
0x03,0xdd,0x85,0xed,0x6d,0xf6,0x80,0x7a,0xa5,0xab,0x02,0x9b,0x46,0x5a,0x22,0x41,
0xff,0xff,0xbf,0xff,0x7e,0xef,0x9e,0xf7,0x9e,0xf7,0x9e,0xf7,0xff,0xff,0xff,0xff,
0x00,0x00,0x00,0x00,0x00,0x00,0x00,0x00,0x00,0x00,0x00,0x00,0x00,0x00,0x00,0x00,
0x00,0x00,0x00,0x00,0x00,0x00,0x00,0x00,0x00,0x00,0x00,0x00,0x00,0x00,0x9e,0xf7,
0xbe,0xff,0xff,0xff,0xff,0xff,0xff,0xff,0x7d,0xf7,0x9e,0xf7,0x7d,0xf7,0x5d,0xef,
0x07,0x4a,0x44,0x29,0x82,0xab,0xc4,0xab,0x82,0x7a,0xa6,0x9b,0x4f,0xe6,0xe0,0x30,
0xc0,0x92,0x89,0xe5,0xe7,0xfd,0x08,0xf6,0x8c,0xdd,0xe0,0x61,0xe2,0x28,0x03,0x29,
0xa2,0xd4,0x45,0xe5,0x45,0xc4,0xc0,0x8a,0x66,0xdd,0xec,0xfe,0x89,0xfe,0xc3,0xcc,
0x65,0x39,0xff,0xff,0x7d,0xf7,0x9e,0xf7,0x9e,0xf7,0x9e,0xf7,0xff,0xff,0xff,0xff,
0x00,0x00,0x00,0x00,0x00,0x00,0x00,0x00,0x00,0x00,0x00,0x00,0x00,0x00,0x00,0x00,
0x00,0x00,0x00,0x00,0x00,0x00,0x00,0x00,0x00,0x00,0x00,0x00,0x00,0x00,0x7e,0xf7,
0xbf,0xf7,0xff,0xff,0xff,0xff,0xdf,0xff,0x9e,0xef,0x7e,0xf7,0x9e,0xef,0x5d,0xef,
0x20,0x39,0xd2,0xf6,0xaf,0xf6,0x40,0x72,0x60,0x72,0x6d,0xfe,0x0d,0xde,0x00,0x62,
0xc0,0x38,0x46,0x93,0x06,0xdd,0xc5,0xdc,0x4a,0xac,0xc0,0x40,0x45,0x29,0xc3,0x28,
0xe2,0xb3,0xa5,0xd4,0x60,0x7a,0x49,0xdd,0xcb,0xfe,0xc6,0xe5,0x8a,0xb4,0x40,0x51,
0xd4,0x9c,0xdf,0xff,0x9e,0xef,0x7e,0xf7,0x9e,0xf7,0x7e,0xf7,0xff,0xff,0xdf,0xff,
0x00,0x00,0x00,0x00,0x00,0x00,0x00,0x00,0x00,0x00,0x00,0x00,0x00,0x00,0x00,0x00,
0x00,0x00,0x00,0x00,0x00,0x00,0x00,0x00,0x00,0x00,0x00,0x00,0x00,0x00,0xff,0xff,
0xbe,0xff,0x9e,0xf7,0x9e,0xf7,0xbe,0xf7,0xff,0xff,0xff,0xff,0xff,0xff,0xff,0xff,
0x20,0x51,0xab,0xbc,0xaa,0xfe,0x07,0xee,0x80,0x8a,0x2b,0xf6,0xc9,0xcc,0x80,0x7a,
0x03,0x29,0x24,0x29,0x03,0xbc,0xa2,0xab,0x03,0x31,0x85,0x39,0xff,0xff,0x24,0x29,
0x41,0xa3,0xa3,0xa3,0xc0,0xab,0x8c,0xfe,0x66,0xed,0x21,0xbc,0x03,0x31,0xbe,0xff,
0x7d,0xf7,0xbe,0xf7,0xff,0xff,0xff,0xff,0xff,0xff,0xff,0xff,0x9e,0xf7,0x9e,0xf7,
0x00,0x00,0x00,0x00,0x00,0x00,0x00,0x00,0x00,0x00,0x00,0x00,0x00,0x00,0x00,0x00,
0x00,0x00,0x00,0x00,0x00,0x00,0x00,0x00,0x00,0x00,0x00,0x00,0x00,0x00,0xff,0xff,
0xdf,0xf7,0x7e,0xf7,0x9e,0xf7,0x7e,0xf7,0xff,0xff,0xff,0xff,0xff,0xff,0xff,0xff,
0x44,0x29,0x03,0x29,0x61,0xc4,0xe7,0xfd,0x60,0xa3,0xa4,0xd4,0xc9,0x93,0x00,0x41,
0xdf,0xff,0x65,0x31,0x05,0x4a,0xc4,0x49,0x04,0x21,0xdf,0xff,0xff,0xff,0x04,0x29,
0x00,0x39,0x48,0x8b,0xe8,0xf5,0xc3,0xdc,0xca,0x9b,0xc0,0x40,0xbf,0xf7,0xbe,0xf7,
0x9e,0xef,0x7e,0xf7,0xff,0xff,0xdf,0xff,0xff,0xff,0xff,0xff,0x9e,0xf7,0x9e,0xf7,
0x00,0x00,0x00,0x00,0x00,0x00,0x00,0x00,0x00,0x00,0x00,0x00,0x00,0x00,0x00,0x00,
0x00,0x00,0x00,0x00,0x00,0x00,0x00,0x00,0x00,0x00,0x00,0x00,0x00,0x00,0xff,0xff,
0xbe,0xff,0x9e,0xf7,0x9d,0xf7,0x9e,0xf7,0xff,0xff,0xff,0xff,0xff,0xff,0xff,0xff,
0xbe,0xff,0xff,0xff,0xc0,0x69,0xc9,0xcc,0xe3,0xbb,0x82,0xa3,0x04,0x29,0x39,0xc6,
0xff,0xff,0xbb,0xd6,0x82,0x72,0x25,0x83,0x44,0x31,0xdf,0xff,0xff,0xff,0x7d,0xef,
0x20,0x49,0xa9,0x93,0x83,0xab,0x22,0x9b,0x64,0x41,0xc6,0x49,0x9d,0xf7,0x9e,0xf7,
0x9e,0xf7,0x9e,0xf7,0xff,0xff,0xff,0xff,0xff,0xff,0xff,0xff,0x9e,0xf7,0xbe,0xf7,
0x00,0x00,0x00,0x00,0x00,0x00,0x00,0x00,0x00,0x00,0x00,0x00,0x00,0x00,0x00,0x00,
0x00,0x00,0x00,0x00,0x00,0x00,0x00,0x00,0x00,0x00,0x00,0x00,0x00,0x00,0x7e,0xf7,
0xbf,0xf7,0xff,0xff,0xff,0xff,0xff,0xff,0x9e,0xef,0x7d,0xef,0x9e,0xf7,0x5d,0xef,
0xdf,0xff,0xbf,0xff,0x86,0x31,0x85,0x39,0x07,0x7b,0x84,0x72,0x45,0x29,0x7d,0xf7,
0xbf,0xf7,0xd7,0xbd,0x45,0x83,0x65,0x93,0x65,0x29,0x5d,0xf7,0x3d,0xe7,0x9e,0xf7,
0x21,0x8b,0x66,0xbc,0x65,0x39,0x64,0x39,0x25,0x29,0xff,0xff,0x9e,0xf7,0xbf,0xff,
0xff,0xff,0xbf,0xff,0x7e,0xef,0x7e,0xf7,0x9e,0xf7,0x7e,0xf7,0xff,0xff,0xff,0xff,
0x00,0x00,0x00,0x00,0x00,0x00,0x00,0x00,0x00,0x00,0x00,0x00,0x00,0x00,0x00,0x00,
0x00,0x00,0x00,0x00,0x00,0x00,0x00,0x00,0x00,0x00,0x00,0x00,0x00,0x00,0x9e,0xf7,
0xbe,0xff,0xff,0xff,0xff,0xff,0xff,0xff,0x9d,0xff,0xa6,0x39,0xc5,0x49,0x64,0x39,
0xde,0xff,0xff,0xff,0xff,0xff,0xff,0xff,0x00,0x41,0xaa,0xb4,0x6c,0xd5,0x00,0x39,
0xbe,0xff,0xb6,0xb5,0x84,0x9b,0xa5,0x9b,0x44,0x31,0x5c,0xef,0x3c,0xef,0xc3,0x18,
0x85,0xe5,0xa0,0x9b,0x24,0x29,0xff,0xff,0xff,0xff,0xff,0xff,0x7d,0xff,0xa2,0x18,
0xc1,0x30,0xa1,0x20,0xbe,0xff,0xbe,0xf7,0x9e,0xf7,0xbe,0xf7,0xff,0xff,0xff,0xff,
0x00,0x00,0x00,0x00,0x00,0x00,0x00,0x00,0x00,0x00,0x00,0x00,0x00,0x00,0x00,0x00,
0x00,0x00,0x00,0x00,0x00,0x00,0x00,0x00,0x00,0x00,0x00,0x00,0x00,0x00,0x7e,0xf7,
0xbf,0xf7,0xff,0xff,0xff,0xff,0xff,0xff,0xbc,0xff,0x22,0x31,0xc3,0xe5,0x44,0xfe,
0xa4,0x49,0x84,0x49,0x3d,0xe7,0xdf,0xff,0xf7,0xc5,0x86,0x39,0x0d,0xde,0x20,0x41,
0xdf,0xf7,0xb6,0xbd,0x45,0xac,0xc7,0xc4,0x24,0x29,0x5d,0xf7,0x7d,0xf7,0x24,0x29,
0xed,0xd5,0x40,0x49,0xdf,0xf7,0xdf,0xff,0xdf,0xff,0x86,0x39,0xa0,0x51,0x4b,0xcd,
0xe6,0xed,0x22,0xdd,0x03,0x29,0x94,0xc5,0x9e,0xef,0x9e,0xf7,0xff,0xff,0xdf,0xff,
0x00,0x00,0x00,0x00,0x00,0x00,0x00,0x00,0x00,0x00,0x00,0x00,0x00,0x00,0x00,0x00,
0x00,0x00,0x00,0x00,0x00,0x00,0x00,0x00,0x00,0x00,0x00,0x00,0x00,0x00,0x9e,0xf7,
0xbe,0xff,0xff,0xff,0xff,0xff,0xff,0xff,0xbe,0xff,0xdb,0xde,0x80,0x28,0x8c,0xac,
0x48,0xff,0xc6,0xee,0xe6,0x49,0x50,0x94,0x9d,0xff,0x65,0x31,0x4a,0xf6,0x05,0xcd,
0xa2,0x18,0xf7,0xbd,0x45,0xb4,0xa7,0xbc,0x03,0x29,0xbe,0xf7,0xe0,0x38,0xcd,0xd5,
0x0d,0xe6,0x80,0x49,0xbe,0xff,0xbe,0xf7,0x80,0x38,0x8b,0xb4,0x05,0xf6,0xa8,0xfe,
0x67,0xfe,0x06,0xee,0xaa,0xc4,0x80,0x51,0xbe,0xff,0xbe,0xf7,0xff,0xff,0xff,0xff,
0x00,0x00,0x00,0x00,0x00,0x00,0x00,0x00,0x00,0x00,0x00,0x00,0x00,0x00,0x00,0x00,
0x00,0x00,0x00,0x00,0x00,0x00,0x00,0x00,0x00,0x00,0x00,0x00,0x00,0x00,0xff,0xff,
0xdf,0xf7,0x7e,0xf7,0x9e,0xf7,0x9e,0xf7,0xff,0xff,0xff,0xff,0xdf,0xff,0xc3,0x20,
0xa1,0xc4,0x47,0xfe,0xcf,0xee,0x80,0x49,0xd7,0xc5,0x44,0x31,0xe6,0xe5,0x07,0xee,
0xa2,0x10,0x99,0xde,0x46,0xac,0x25,0xac,0x24,0x21,0xbe,0xff,0x80,0x49,0x0d,0xe6,
0xa8,0x8b,0x00,0x39,0x7e,0xf7,0xc3,0x20,0x22,0xd5,0x87,0xfe,0x2c,0xff,0x04,0xd5,
0xc9,0x9b,0xc0,0x38,0xc3,0x20,0x24,0x31,0xdf,0xff,0xff,0xff,0x9e,0xef,0x7e,0xf7,
0x00,0x00,0x00,0x00,0x00,0x00,0x00,0x00,0x00,0x00,0x00,0x00,0x00,0x00,0x00,0x00,
0x00,0x00,0x00,0x00,0x00,0x00,0x00,0x00,0x00,0x00,0x00,0x00,0x00,0x00,0xff,0xff,
0xbe,0xff,0x9e,0xf7,0x9e,0xf7,0xbe,0xf7,0xff,0xff,0xff,0xff,0xbe,0xff,0xdb,0xd6,
0x20,0x6a,0x8a,0xd5,0x28,0xee,0x82,0xb4,0x84,0x6a,0x60,0x41,0xc0,0xab,0x09,0xee,
0x40,0x10,0xdb,0xde,0xe4,0xab,0x46,0xac,0x24,0x31,0xdb,0xde,0x60,0x49,0x4d,0xde,
0xc5,0x49,0x32,0xad,0x40,0x49,0xab,0xac,0xe4,0xed,0x04,0xee,0xa9,0xcc,0x60,0x7a,
0xe5,0x51,0x73,0xbd,0x75,0xb5,0x34,0xa5,0xff,0xff,0xff,0xff,0x9d,0xf7,0x9e,0xf7,
0x00,0x00,0x00,0x00,0x00,0x00,0x00,0x00,0x00,0x00,0x00,0x00,0x00,0x00,0x00,0x00,
0x00,0x00,0x00,0x00,0x00,0x00,0x00,0x00,0x00,0x00,0x00,0x00,0x00,0x00,0xff,0xff,
0xdf,0xf7,0x9e,0xf7,0x9e,0xf7,0x7e,0xf7,0xff,0xff,0xdf,0xff,0xff,0xff,0xdf,0xff,
0x3c,0xef,0x23,0x29,0x62,0xdd,0x04,0xf6,0xcd,0xd5,0x60,0x51,0x00,0x39,0xcd,0xd5,
0xe3,0x20,0x68,0x5a,0x25,0xa4,0x86,0xb4,0x24,0x29,0x03,0x31,0x02,0xcd,0xc5,0xed,
0x85,0x39,0x07,0x52,0x40,0x93,0x0a,0xee,0x06,0xee,0x80,0xc4,0x85,0x39,0x58,0xde,
0xbb,0xd6,0xbe,0xf7,0xff,0xff,0xdf,0xff,0xff,0xff,0xdf,0xff,0x9e,0xef,0x7e,0xf7,
0x00,0x00,0x00,0x00,0x00,0x00,0x00,0x00,0x00,0x00,0x00,0x00,0x00,0x00,0x00,0x00,
0x00,0x00,0x00,0x00,0x00,0x00,0x00,0x00,0x00,0x00,0x00,0x00,0x00,0x00,0xff,0xff,
0xbe,0xff,0x9e,0xf7,0x9e,0xff,0xbe,0xf7,0xff,0xff,0xff,0xff,0xff,0xff,0xff,0xff,
0x9d,0xff,0x24,0x29,0xe1,0xdc,0x22,0xd5,0x2b,0xee,0x00,0x62,0x20,0x41,0xac,0xd5,
0x2e,0xc5,0xa1,0x51,0x25,0xb4,0x66,0xb4,0x03,0x31,0x23,0x29,0xc7,0xe5,0x82,0xb4,
0x63,0x39,0x84,0x39,0x45,0xfe,0x04,0xee,0x89,0xb4,0xc0,0x30,0xdf,0xff,0x9e,0xef,
0x7d,0xf7,0x9e,0xf7,0xff,0xff,0xff,0xff,0xff,0xff,0xff,0xff,0x9d,0xf7,0x9e,0xf7,
0x00,0x00,0x00,0x00,0x00,0x00,0x00,0x00,0x00,0x00,0x00,0x00,0x00,0x00,0x00,0x00,
0x00,0x00,0x00,0x00,0x00,0x00,0x00,0x00,0x00,0x00,0x00,0x00,0x00,0x00,0x7e,0xf7,
0xbf,0xf7,0xff,0xff,0xff,0xff,0xff,0xff,0x9e,0xef,0x9e,0xf7,0x7e,0xef,0x7d,0xf7,
0xff,0xff,0xae,0x7b,0xe0,0xb3,0xa5,0xf5,0xa6,0xdd,0x60,0x9b,0x60,0x41,0x6c,0xcd,
0x11,0xd6,0x80,0x49,0x25,0xac,0x66,0xbc,0x03,0x29,0x24,0x31,0x2b,0xe6,0xa0,0x9b,
0x43,0x31,0xa4,0x49,0x46,0xf6,0x42,0xdd,0x4a,0x73,0xc7,0x6a,0xdf,0xf7,0xff,0xff,
0xff,0xff,0xff,0xff,0x9e,0xef,0x9e,0xf7,0x9e,0xef,0x7e,0xf7,0xff,0xff,0xff,0xff,
0x00,0x00,0x00,0x00,0x00,0x00,0x00,0x00,0x00,0x00,0x00,0x00,0x00,0x00,0x00,0x00,
0x00,0x00,0x00,0x00,0x00,0x00,0x00,0x00,0x00,0x00,0x00,0x00,0x00,0x00,0x9e,0xf7,
0xbe,0xff,0xff,0xff,0xff,0xff,0xff,0xff,0x7d,0xf7,0x9e,0xf7,0x9e,0xff,0x08,0x42,
0xc7,0x41,0x25,0x29,0xa0,0x59,0x0d,0xde,0xa0,0xcc,0x22,0xd5,0x60,0x49,0x49,0x9c,
0x31,0xe6,0xa0,0x49,0xc4,0xa3,0x25,0xa4,0x22,0x31,0xc5,0x41,0xb0,0xee,0xc0,0x41,
0x80,0x49,0x6c,0xc5,0x64,0xdd,0x81,0xb4,0xa6,0x41,0x69,0x5a,0x65,0x39,0xff,0xff,
0xff,0xff,0xff,0xff,0x7d,0xf7,0xbe,0xf7,0x9d,0xf7,0xbe,0xf7,0xff,0xff,0xff,0xff,
0x00,0x00,0x00,0x00,0x00,0x00,0x00,0x00,0x00,0x00,0x00,0x00,0x00,0x00,0x00,0x00,
0x00,0x00,0x00,0x00,0x00,0x00,0x00,0x00,0x00,0x00,0x00,0x00,0x00,0x00,0x9e,0xf7,
0xbf,0xf7,0xff,0xff,0xff,0xff,0xff,0xff,0x7e,0xef,0x7e,0xf7,0x69,0x52,0x04,0x29,
0x65,0x31,0x24,0x31,0x80,0x49,0xcd,0xdd,0xc1,0xc4,0x43,0xdd,0x80,0x41,0x8a,0xac,
0x32,0xd6,0x40,0x39,0xa4,0x93,0x05,0xac,0x23,0x29,0xc5,0x49,0x90,0xde,0x80,0x41,
0xa0,0x49,0xab,0xd5,0x86,0xac,0x60,0x72,0x85,0x41,0x64,0x41,0x25,0x21,0x38,0xce,
0x7a,0xce,0x5d,0xef,0x9e,0xef,0x9e,0xf7,0x9e,0xef,0x9e,0xf7,0xff,0xff,0xff,0xff,
0x00,0x00,0x00,0x00,0x00,0x00,0x00,0x00,0x00,0x00,0x00,0x00,0x00,0x00,0x00,0x00,
0x00,0x00,0x00,0x00,0x00,0x00,0x00,0x00,0x00,0x00,0x00,0x00,0x00,0x00,0x9e,0xf7,
0xbe,0xff,0xff,0xff,0xff,0xff,0xff,0xff,0x3d,0xef,0xaf,0x73,0x43,0x39,0xc5,0x41,
0xa3,0x59,0x26,0x6a,0xa4,0x49,0x02,0x31,0x82,0xc4,0x86,0xdd,0x22,0x4a,0xc5,0x5a,
0x2a,0xc5,0x40,0x39,0xe4,0xa3,0x05,0xa4,0x60,0x39,0xaa,0xa4,0xcd,0xcd,0x40,0x31,
0xe0,0x82,0xa8,0xdd,0x08,0x94,0x40,0x31,0x43,0x41,0xc5,0x49,0x27,0x62,0x02,0x31,
0x24,0x31,0x86,0x39,0x30,0x8c,0x9e,0xf7,0x7d,0xf7,0x9e,0xf7,0xff,0xff,0xff,0xff,
0x00,0x00,0x00,0x00,0x00,0x00,0x00,0x00,0x00,0x00,0x00,0x00,0x00,0x00,0x00,0x00,
0x00,0x00,0x00,0x00,0x00,0x00,0x00,0x00,0x00,0x00,0x00,0x00,0x00,0x00,0xff,0xff,
0xbf,0xf7,0x7e,0xf7,0x9e,0xef,0x7e,0xf7,0xff,0xff,0x82,0x18,0xe5,0x61,0x66,0x72,
0x66,0x72,0xe4,0x69,0xa6,0x41,0xc2,0x28,0xe2,0x9b,0x67,0xd5,0x29,0x8c,0x60,0x39,
0x6b,0xbd,0x00,0x39,0xc4,0x9b,0x26,0xac,0x80,0x39,0x6b,0xbd,0x8a,0x9c,0x00,0x29,
0x60,0xb4,0x43,0xdd,0x03,0x21,0x23,0x29,0xc3,0x10,0x82,0x10,0xa1,0x28,0x26,0x5a,
0x27,0x62,0x23,0x49,0xe8,0x39,0xdf,0xff,0xff,0xff,0xff,0xff,0x9e,0xef,0x7e,0xf7,
0x00,0x00,0x00,0x00,0x00,0x00,0x00,0x00,0x00,0x00,0x00,0x00,0x00,0x00,0x00,0x00,
0x00,0x00,0x00,0x00,0x00,0x00,0x00,0x00,0x00,0x00,0x00,0x00,0x00,0x00,0xff,0xff,
0xbe,0xff,0xbe,0xf7,0x9e,0xf7,0x9e,0xef,0xce,0x83,0x44,0x29,0x85,0x7a,0x86,0x7a,
0x62,0x41,0xc4,0x49,0x45,0x5a,0xc0,0x20,0x20,0x41,0x2a,0xbd,0x69,0x9c,0x40,0x29,
0x28,0xc5,0x60,0x41,0x05,0xa4,0xe4,0x9b,0x60,0x41,0x4b,0xb5,0x06,0x6b,0x60,0x29,
0x64,0xd5,0x20,0xa4,0x43,0x31,0x03,0x21,0x60,0xbc,0x67,0xf6,0x2b,0xc5,0xa0,0x28,
0x44,0x7a,0xc7,0x82,0xc2,0x20,0xa2,0x18,0xff,0xff,0xff,0xff,0x7d,0xf7,0x9e,0xf7,
0x00,0x00,0x00,0x00,0x00,0x00,0x00,0x00,0x00,0x00,0x00,0x00,0x00,0x00,0x00,0x00,
0x00,0x00,0x00,0x00,0x00,0x00,0x00,0x00,0x00,0x00,0x00,0x00,0x00,0x00,0xff,0xff,
0xdf,0xf7,0x7e,0xf7,0x9e,0xef,0x7d,0xf7,0x0b,0x73,0x27,0x62,0x29,0x83,0x42,0x51,
0x42,0xcd,0x87,0xfe,0x89,0xf6,0xe1,0xcc,0x41,0x5a,0xe3,0x72,0x4a,0x8c,0x20,0x29,
0x29,0xbd,0x80,0x49,0xe5,0x9b,0x84,0x93,0x20,0x31,0xaa,0xac,0x84,0x31,0x43,0x29,
0xc8,0xcd,0x40,0x83,0x60,0x39,0x89,0xac,0x04,0xee,0xe3,0xed,0x66,0xf6,0x24,0xf6,
0xe2,0x30,0x88,0x6a,0x64,0x39,0x23,0x39,0xff,0xff,0xff,0xff,0x9e,0xef,0x7e,0xf7,
0x00,0x00,0x00,0x00,0x00,0x00,0x00,0x00,0x00,0x00,0x00,0x00,0x00,0x00,0x00,0x00,
0x00,0x00,0x00,0x00,0x00,0x00,0x00,0x00,0x00,0x00,0x00,0x00,0x00,0x00,0xbe,0xf7,
0xbe,0xff,0xff,0xff,0xdf,0xff,0xff,0xff,0xc9,0x62,0xc6,0x41,0xc4,0x59,0x63,0x49,
0x43,0xdd,0xe2,0xcc,0x44,0xfe,0x64,0xf6,0x6a,0xc5,0x60,0x39,0xc7,0x83,0x40,0x29,
0x06,0xbd,0xc0,0x49,0xe6,0x9b,0x23,0x7b,0x00,0x31,0xca,0xa4,0x41,0x31,0x46,0x4a,
0x09,0xb5,0x80,0x39,0x60,0xbc,0xc4,0xe5,0x24,0xdd,0x20,0xb4,0x23,0x31,0x03,0x29,
0xe2,0x38,0x06,0x52,0x03,0x31,0x24,0x31,0x9e,0xff,0xbe,0xf7,0xdf,0xff,0xff,0xff,
0x00,0x00,0x00,0x00,0x00,0x00,0x00,0x00,0x00,0x00,0x00,0x00,0x00,0x00,0x00,0x00,
0x00,0x00,0x00,0x00,0x00,0x00,0x00,0x00,0x00,0x00,0x00,0x00,0x00,0x00,0x7e,0xf7,
0xbf,0xf7,0xdf,0xff,0xff,0xff,0xff,0xff,0xbf,0xf7,0x04,0x29,0x44,0x39,0xa5,0x51,
0x44,0x29,0x03,0x31,0x60,0x72,0x47,0xd5,0xe5,0xe5,0x02,0xd5,0xa7,0x4a,0x41,0x29,
0xa7,0x9c,0xa0,0x41,0xe7,0x8b,0xa2,0x6a,0x20,0x31,0x49,0x9c,0x43,0x21,0xa4,0x31,
0x89,0x8c,0xa0,0x31,0xe2,0xbc,0x81,0xbc,0x04,0x21,0x44,0x31,0xa4,0x51,0xe5,0x61,
0x67,0x6a,0xa3,0x59,0x21,0x00,0x7e,0xff,0xbf,0xf7,0x9e,0xf7,0xff,0xff,0xff,0xff,
0x00,0x00,0x00,0x00,0x00,0x00,0x00,0x00,0x00,0x00,0x00,0x00,0x00,0x00,0x00,0x00,
0x00,0x00,0x00,0x00,0x00,0x00,0x00,0x00,0x00,0x00,0x00,0x00,0x00,0x00,0x9e,0xf7,
0x9e,0xff,0xff,0xff,0xff,0xff,0xff,0xff,0x04,0x29,0xe3,0x20,0x46,0x72,0xc4,0x59,
0x05,0x62,0xa4,0x51,0x20,0x41,0x6a,0xa4,0x62,0xb4,0xc4,0xb4,0x66,0x52,0x62,0x29,
0x46,0x94,0xa0,0x39,0xc5,0x8b,0x23,0x73,0x40,0x31,0x6a,0x94,0x00,0x29,0x87,0x7b,
0x61,0x6b,0x04,0x7c,0xe8,0x93,0x40,0x31,0x23,0x39,0xa5,0x49,0xa3,0x59,0x46,0x62,
0xa4,0x51,0x64,0x41,0x61,0x10,0xb2,0x94,0xbe,0xff,0xbe,0xf7,0xff,0xff,0xff,0xff,
0x00,0x00,0x00,0x00,0x00,0x00,0x00,0x00,0x00,0x00,0x00,0x00,0x00,0x00,0x00,0x00,
0x00,0x00,0x00,0x00,0x00,0x00,0x00,0x00,0x00,0x00,0x00,0x00,0x00,0x00,0x7e,0xf7,
0xbf,0xf7,0xdf,0xff,0xff,0xff,0xdf,0xff,0x03,0x31,0x68,0x6a,0x86,0x7a,0x45,0x7a,
0x46,0x62,0x83,0x51,0x65,0x31,0xe3,0x28,0xc2,0x6a,0xa9,0xac,0x49,0x94,0x60,0x39,
0x66,0x6b,0x40,0x29,0x66,0x73,0xc3,0x62,0x60,0x29,0xa9,0x7b,0x00,0x21,0x87,0x7b,
0x22,0x5b,0x83,0x6b,0x04,0x21,0x24,0x31,0x44,0x39,0x64,0x49,0xc4,0x61,0x66,0x7a,
0x46,0x72,0x66,0x7a,0x45,0x31,0x04,0x31,0x9e,0xf7,0x7e,0xf7,0xff,0xff,0xff,0xff,
0x00,0x00,0x00,0x00,0x00,0x00,0x00,0x00,0x00,0x00,0x00,0x00,0x00,0x00,0x00,0x00,
0x00,0x00,0x00,0x00,0x00,0x00,0x00,0x00,0x00,0x00,0x00,0x00,0x00,0x00,0xff,0xff,
0xbe,0xff,0x9e,0xf7,0x7d,0xf7,0x9e,0xef,0x81,0x28,0xc6,0x49,0x63,0x51,0x87,0x72,
0xa4,0x59,0x63,0x49,0x03,0x29,0x04,0x29,0x20,0x31,0xad,0xa4,0x87,0x7b,0x60,0x29,
0xe4,0x5a,0x40,0x21,0x65,0x73,0xe3,0x5a,0x41,0x29,0x46,0x4a,0x40,0x31,0xa7,0x7b,
0xe3,0x5a,0x04,0x53,0xe3,0x28,0x04,0x29,0xe3,0x28,0xe3,0x28,0xe1,0x40,0x06,0x5a,
0x44,0x7a,0xc7,0x82,0x64,0x41,0xa5,0x49,0xdf,0xff,0xff,0xff,0x9d,0xf7,0x9e,0xf7,
0x00,0x00,0x00,0x00,0x00,0x00,0x00,0x00,0x00,0x00,0x00,0x00,0x00,0x00,0x00,0x00,
0x00,0x00,0x00,0x00,0x00,0x00,0x00,0x00,0x00,0x00,0x00,0x00,0x00,0x00,0xdf,0xff,
0xdf,0xf7,0x7e,0xf7,0x9e,0xef,0x5d,0xef,0xdf,0xff,0x24,0x29,0xe5,0x61,0x46,0x72,
0x85,0x41,0xe2,0x38,0x85,0x39,0xe3,0x30,0x24,0x29,0x04,0x29,0x48,0x63,0x20,0x29,
0x04,0x29,0x04,0x29,0x04,0x29,0xe3,0x28,0x25,0x29,0x04,0x29,0x42,0x21,0x46,0x52,
0x66,0x4a,0x01,0x21,0x04,0x29,0xe3,0x28,0x44,0x41,0x64,0x49,0x05,0x62,0xe4,0x69,
0xe5,0x61,0x05,0x72,0xa6,0x41,0xc2,0x30,0xdf,0xf7,0xdf,0xff,0x9e,0xf7,0x7e,0xf7,
0x00,0x00,0x00,0x00,0x00,0x00,0x00,0x00,0x00,0x00,0x00,0x00,0x00,0x00,0x00,0x00,
0x00,0x00,0x00,0x00,0x00,0x00,0x00,0x00,0x00,0x00,0x00,0x00,0x00,0x00,0xff,0xff,
0xbe,0xff,0x9e,0xf7,0x7d,0xf7,0xdb,0xde,0x06,0x52,0xa6,0x41,0xc4,0x61,0xa4,0x51,
0x63,0x51,0x06,0x62,0x64,0x41,0x24,0x31,0xc5,0x59,0x06,0x5a,0xe2,0x28,0x44,0x31,
0x85,0x41,0xc3,0x20,0x23,0x39,0x03,0x31,0x44,0x39,0x03,0x29,0xe3,0x28,0x04,0x21,
0x03,0x39,0xa6,0x41,0x02,0x41,0xc5,0x51,0xe5,0x59,0x02,0x39,0x64,0x49,0x43,0x39,
0x25,0x6a,0xe4,0x61,0x26,0x62,0xa4,0x51,0xe7,0x49,0xff,0xff,0x9d,0xf7,0xbe,0xf7,
0x00,0x00,0x00,0x00,0x00,0x00,0x00,0x00,0x00,0x00,0x00,0x00,0x00,0x00,0x00,0x00,
0x00,0x00,0x00,0x00,0x00,0x00,0x00,0x00,0x00,0x00,0x00,0x00,0x00,0x00,0xff,0xff,
0xdf,0xf7,0x7d,0xf7,0x7e,0xef,0xd7,0xc5,0x02,0x39,0x67,0x6a,0xe8,0x8a,0x04,0x7a,
0x45,0x72,0xa6,0x82,0xc4,0x59,0xa7,0x82,0x66,0x72,0xe4,0x71,0x67,0x72,0xe5,0x69,
0xc5,0x51,0x84,0x51,0x04,0x31,0x44,0x39,0x24,0x31,0x44,0x39,0x43,0x41,0xc5,0x59,
0x45,0x39,0x65,0x41,0xe4,0x69,0x66,0x7a,0x25,0x6a,0xe4,0x69,0x84,0x49,0xe6,0x61,
0x06,0x5a,0x84,0x59,0xa6,0x49,0xa5,0x49,0x08,0x3a,0xdf,0xff,0x9e,0xef,0x9e,0xf7,
0x00,0x00,0x00,0x00,0x00,0x00,0x00,0x00,0x00,0x00,0x00,0x00,0x00,0x00,0x00,0x00,
0x00,0x00,0x00,0x00,0x00,0x00,0x00,0x00,0x00,0x00,0x00,0x00,0x00,0x00,0xbe,0xf7,
0xbe,0xff,0xff,0xff,0xff,0xff,0x79,0xce,0x22,0x49,0x26,0x62,0x25,0x72,0x45,0x6a,
0x63,0x59,0x47,0x6a,0xc7,0x8a,0x24,0x72,0x45,0x7a,0x05,0x6a,0x24,0x72,0x45,0x72,
0x46,0x72,0xa4,0x59,0x63,0x51,0x26,0x62,0xa3,0x59,0xc8,0x7a,0x86,0x82,0x04,0x6a,
0x87,0x7a,0x63,0x49,0x22,0x49,0x47,0x6a,0x05,0x6a,0x25,0x6a,0x28,0x93,0x24,0x6a,
0xc4,0x61,0xc4,0x59,0x64,0x41,0x44,0x39,0x71,0x94,0x9e,0xf7,0xff,0xff,0xff,0xff,
0x00,0x00,0x00,0x00,0x00,0x00,0x00,0x00,0x00,0x00,0x00,0x00,0x00,0x00,0x00,0x00,
0x00,0x00,0x00,0x00,0x00,0x00,0x00,0x00,0x00,0x00,0x00,0x00,0x00,0x00,0x9e,0xf7,
0xbf,0xf7,0xff,0xff,0xff,0xff,0x59,0xce,0x03,0x39,0xa5,0x51,0xc6,0x49,0xe2,0x38,
0x43,0x41,0xa5,0x59,0x05,0x6a,0x05,0x72,0x06,0x62,0xc4,0x61,0x26,0x62,0x84,0x59,
0x64,0x41,0x64,0x49,0xe5,0x69,0xe4,0x69,0x26,0x6a,0xc4,0x61,0xe4,0x69,0x66,0x7a,
0x87,0x7a,0x04,0x72,0x44,0x39,0x85,0x51,0xe5,0x61,0x05,0x6a,0x06,0x62,0xa4,0x61,
0xa4,0x51,0xe5,0x61,0x45,0x31,0xc2,0x20,0xbf,0xf7,0x9e,0xf7,0xff,0xff,0xff,0xff,
0x00,0x00,0x00,0x00,0x00,0x00,0x00,0x00,0x00,0x00,0x00,0x00,0x00,0x00,0x00,0x00,
0x00,0x00,0x00,0x00,0x00,0x00,0x00,0x00,0x00,0x00,0x00,0x00,0x00,0x00,0xbe,0xf7,
0xbe,0xff,0xff,0xff,0xff,0xff,0x59,0xce,0xa1,0x28,0xa6,0x41,0x84,0x51,0x64,0x41,
0x62,0x59,0x87,0x72,0x05,0x72,0x25,0x72,0x83,0x51,0x84,0x49,0x64,0x49,0x64,0x41,
0x62,0x59,0x46,0x72,0x65,0x7a,0x04,0x6a,0xe4,0x61,0xe5,0x61,0x42,0x49,0x26,0x62,
0xe5,0x61,0x63,0x49,0x43,0x41,0x64,0x41,0x43,0x51,0xe5,0x59,0x46,0x6a,0x83,0x51,
0xc4,0x59,0x84,0x49,0x44,0x39,0x24,0x31,0xff,0xff,0xbe,0xf7,0xff,0xff,0xff,0xff,
0x00,0x00,0x00,0x00,0x00,0x00,0x00,0x00,0x00,0x00,0x00,0x00,0x00,0x00,0x00,0x00,
0x00,0x00,0x00,0x00,0x00,0x00,0x00,0x00,0x00,0x00,0x00,0x00,0x00,0x00,0x7e,0xf7,
0xbf,0xf7,0xff,0xff,0xff,0xff,0xff,0xff,0xbe,0xff,0x65,0x39,0xa5,0x49,0x64,0x49,
0x64,0x49,0x06,0x62,0xc5,0x59,0xc5,0x59,0xa5,0x49,0x43,0x49,0x03,0x31,0x65,0x49,
0x05,0x6a,0xe5,0x69,0x05,0x62,0x25,0x6a,0x65,0x41,0x64,0x49,0x85,0x49,0x64,0x49,
0x64,0x41,0x64,0x49,0x65,0x41,0x44,0x41,0x44,0x39,0x64,0x49,0x64,0x41,0xc5,0x59,
0x64,0x41,0x85,0x49,0x65,0x39,0xc2,0x28,0xff,0xff,0x7d,0xf7,0xff,0xff,0xff,0xff,
0x00,0x00,0x00,0x00,0x00,0x00,0x00,0x00,0x00,0x00,0x00,0x00,0x00,0x00,0x00,0x00,
0x00,0x00,0x00,0x00,0x00,0x00,0x00,0x00,0x00,0x00,0x00,0x00,0x00,0x00,0xff,0xff,
0xbe,0xff,0xbe,0xf7,0x9e,0xf7,0xbe,0xf7,0x7d,0xff,0x04,0x29,0x23,0x39,0x64,0x39,
0x84,0x49,0x64,0x41,0xa5,0x51,0xa5,0x49,0x43,0x41,0x64,0x41,0x24,0x39,0x03,0x29,
0xa4,0x51,0x84,0x49,0x64,0x49,0x85,0x49,0x64,0x49,0x64,0x41,0xe2,0x38,0xa5,0x49,
0x64,0x49,0x85,0x49,0x84,0x51,0x64,0x41,0xc2,0x30,0xa5,0x41,0x64,0x49,0x84,0x41,
0x64,0x49,0x44,0x39,0xae,0x7b,0xdf,0xff,0xff,0xff,0xff,0xff,0x7d,0xf7,0x9e,0xf7,
0x00,0x00,0x00,0x00,0x00,0x00,0x00,0x00,0x00,0x00,0x00,0x00,0x00,0x00,0x00,0x00,
0x00,0x00,0x00,0x00,0x00,0x00,0x00,0x00,0x00,0x00,0x00,0x00,0x00,0x00,0xdf,0xff,
0xdf,0xf7,0x7e,0xf7,0x9e,0xef,0x7e,0xf7,0xff,0xff,0xff,0xff,0xbf,0xf7,0xc7,0x39,
0x03,0x29,0x85,0x41,0xa5,0x49,0x85,0x49,0x04,0x29,0xc2,0x28,0x04,0x21,0x28,0x52,
0x64,0x41,0x64,0x49,0x84,0x41,0xa4,0x51,0xc7,0x49,0x03,0x31,0xc3,0x18,0x04,0x29,
0x44,0x39,0xa5,0x51,0xc6,0x41,0xa2,0x28,0xbf,0xf7,0x62,0x10,0xa5,0x41,0xa5,0x49,
0xc4,0x18,0xf7,0xc5,0xff,0xff,0xdf,0xff,0xff,0xff,0xff,0xff,0x9e,0xef,0x7e,0xf7,
0x00,0x00,0x00,0x00,0x00,0x00,0x00,0x00,0x00,0x00,0x00,0x00,0x00,0x00,0x00,0x00,
0x00,0x00,0x00,0x00,0x00,0x00,0x00,0x00,0x00,0x00,0x00,0x00,0x00,0x00,0x00,0x00,
0x00,0x00,0x00,0x00,0x00,0x00,0xff,0xff,0xff,0xff,0xff,0xff,0xff,0xff,0x00,0x00,
0x00,0x00,0x00,0x00,0x00,0x00,0x00,0x00,0x00,0x00,0x00,0x00,0x00,0x00,0x00,0x00,
0x00,0x00,0x00,0x00,0x00,0x00,0x00,0x00,0x00,0x00,0x00,0x00,0x00,0x00,0x00,0x00,
0x00,0x00,0x00,0x00,0x00,0x00,0x00,0x00,0x00,0x00,0x00,0x00,0x00,0x00,0xff,0xff,
0xff,0xff,0xff,0xff,0xff,0xff,0xff,0x00,0x00,0x00,0x00,0x00,0x00,0x00,0x00,0x00,
0x00,0x00,0x00,0x00,0x00,0x00,0x00,0x00,0x00,0x00,0x00,0x00,0x00,0x00,0x00,0x00,
0x00,0x00,0x00,0x00,0x00,0x00,0x00,0x00,0x00,0x00,0x00,0x00,0x00,0x00,0x00,0x00,
0x00,0x00,0x00,0x00,0x00,0x00,0xff,0xff,0xff,0xff,0xff,0xff,0xff,0xff,0xff,0x00,
0x00,0x00,0x00,0x00,0x00,0x00,0x00,0x00,0x00,0x00,0x00,0x00,0x00,0x00,0x00,0x00,
0x00,0x00,0x00,0x00,0x00,0x00,0x00,0x00,0x00,0x00,0x00,0x00,0x00,0x00,0x00,0x00,
0x00,0x00,0x00,0x00,0x00,0x00,0x00,0xff,0xff,0x00,0x00,0x00,0x00,0x00,0xff,0xff,
0xff,0xff,0xff,0xff,0xff,0xff,0xff,0x00,0x00,0x00,0x00,0x00,0x00,0x00,0x00,0x00,
0x00,0xff,0xff,0x00,0x00,0x00,0x00,0x00,0x00,0x00,0x00,0x00,0x00,0x00,0x00,0x00,
0x00,0x00,0x00,0x00,0x00,0x00,0x00,0x00,0x00,0x00,0x00,0x00,0x00,0x00,0x00,0xff,
0xff,0xff,0x00,0x00,0x00,0x00,0x00,0xff,0xff,0xff,0xff,0xff,0xff,0xff,0xff,0x00,
0x00,0x00,0x00,0x00,0xff,0xff,0xff,0x00,0xff,0xff,0xff,0x00,0x00,0x00,0x00,0x00,
0x00,0x00,0x00,0x00,0x00,0x00,0x00,0x00,0x00,0x00,0x00,0x00,0x00,0x00,0x00,0x00,
0x00,0x00,0x00,0x00,0x00,0x00,0x00,0xff,0xff,0xff,0x00,0x00,0x00,0x00,0xff,0xff,
0xff,0xff,0xff,0xff,0xff,0xff,0xff,0x00,0x00,0x00,0x00,0x00,0xff,0xff,0xff,0xff,
0xff,0xff,0xff,0x00,0x00,0x00,0x00,0x00,0x00,0x00,0x00,0x00,0x00,0x00,0x00,0x00,
0x00,0x00,0x00,0x00,0x00,0x00,0x00,0x00,0x00,0x00,0x00,0x00,0x00,0x00,0x00,0xff,
0xff,0xff,0xff,0x00,0x00,0x00,0xff,0xff,0xff,0xff,0xff,0xff,0xff,0xff,0x00,0x00,
0x00,0x00,0x00,0x00,0xff,0xff,0xff,0xff,0xff,0xff,0xff,0xff,0x00,0x00,0x00,0x00,
0x00,0x00,0x00,0x00,0x00,0x00,0x00,0x00,0x00,0x00,0x00,0x00,0x00,0x00,0x00,0x00,
0x00,0x00,0x00,0x00,0x00,0x00,0x00,0xff,0xff,0xff,0xff,0xff,0xff,0x00,0xff,0xff,
0xff,0xff,0xff,0xff,0xff,0xff,0xff,0xff,0x00,0x00,0x00,0xff,0xff,0xff,0xff,0xff,
0xff,0xff,0xff,0x00,0x00,0x00,0x00,0x00,0x00,0x00,0x00,0x00,0x00,0x00,0x00,0x00,
0x00,0x00,0x00,0x00,0x00,0x00,0x00,0x00,0x00,0x00,0x00,0x00,0x00,0xff,0xff,0xff,
0xff,0xff,0xff,0xff,0xff,0x00,0xff,0xff,0xff,0xff,0xff,0xff,0xff,0xff,0xff,0xff,
0x00,0x00,0x00,0xff,0xff,0xff,0xff,0xff,0xff,0xff,0xff,0xff,0xff,0x00,0x00,0x00,
0x00,0x00,0x00,0x00,0x00,0x00,0x00,0x00,0x00,0x00,0x00,0x00,0x00,0x00,0x00,0x00,
0x00,0x00,0x00,0x00,0x00,0xff,0xff,0xff,0xff,0xff,0xff,0xff,0xff,0x00,0xff,0xff,
0xff,0xff,0xff,0xff,0xff,0xff,0xff,0xff,0x00,0x00,0xff,0xff,0xff,0xff,0xff,0xff,
0xff,0xff,0xff,0xff,0xff,0x00,0x00,0x00,0x00,0x00,0x00,0x00,0x00,0x00,0x00,0x00,
0x00,0x00,0x00,0x00,0x00,0x00,0x00,0x00,0x00,0x00,0x00,0x00,0x00,0xff,0xff,0xff,
0xff,0xff,0xff,0xff,0xff,0x00,0xff,0xff,0xff,0xff,0xff,0xff,0xff,0xff,0xff,0x00,
0x00,0x00,0xff,0xff,0xff,0xff,0xff,0xff,0xff,0xff,0xff,0xff,0x00,0x00,0x00,0x00,
0x00,0x00,0x00,0x00,0x00,0x00,0x00,0x00,0x00,0x00,0x00,0x00,0x00,0x00,0x00,0x00,
0x00,0x00,0x00,0x00,0x00,0xff,0xff,0xff,0xff,0xff,0xff,0xff,0xff,0x00,0xff,0xff,
0xff,0xff,0xff,0xff,0xff,0xff,0xff,0x00,0x00,0xff,0xff,0xff,0xff,0xff,0xff,0xff,
0xff,0xff,0xff,0xff,0x00,0x00,0x00,0x00,0x00,0x00,0x00,0x00,0x00,0x00,0x00,0x00,
0x00,0x00,0x00,0x00,0x00,0x00,0x00,0x00,0x00,0x00,0x00,0x00,0x00,0x00,0xff,0xff,
0xff,0xff,0xff,0xff,0xff,0xff,0x00,0xff,0xff,0xff,0xff,0xff,0xff,0xff,0xff,0xff,
0x00,0xff,0xff,0xff,0xff,0xff,0xff,0xff,0xff,0xff,0xff,0xff,0x00,0x00,0x00,0x00,
0x00,0x00,0x00,0x00,0x00,0x00,0x00,0x00,0x00,0x00,0x00,0x00,0x00,0x00,0x00,0x00,
0x00,0x00,0x00,0x00,0x00,0x00,0x00,0xff,0xff,0xff,0xff,0xff,0xff,0xff,0xff,0xff,
0xff,0xff,0xff,0xff,0xff,0xff,0xff,0xff,0xff,0xff,0xff,0xff,0xff,0xff,0xff,0xff,
0xff,0xff,0x00,0x00,0x00,0x00,0x00,0x00,0x00,0x00,0x00,0x00,0x00,0x00,0x00,0x00,
0x00,0x00,0x00,0x00,0x00,0x00,0x00,0x00,0x00,0x00,0x00,0x00,0x00,0x00,0xff,0xff,
0xff,0xff,0xff,0xff,0xff,0xff,0xff,0xff,0xff,0xff,0xff,0xff,0xff,0xff,0xff,0xff,
0xff,0xff,0xff,0xff,0xff,0xff,0xff,0xff,0xff,0xff,0xff,0x00,0x00,0x00,0x00,0x00,
0x00,0x00,0x00,0x00,0x00,0x00,0x00,0x00,0x00,0x00,0x00,0x00,0x00,0x00,0x00,0x00,
0x00,0x00,0x00,0x00,0x00,0x00,0xff,0xff,0xff,0xff,0xff,0xff,0xff,0xff,0xff,0xff,
0xff,0xff,0xff,0xff,0xff,0xff,0xff,0xff,0xff,0xff,0xff,0xff,0xff,0xff,0xff,0xff,
0xff,0xff,0xff,0x00,0x00,0x00,0x00,0x00,0x00,0x00,0x00,0x00,0x00,0x00,0x00,0x00,
0x00,0x00,0x00,0x00,0x00,0x00,0x00,0x00,0x00,0x00,0x00,0x00,0x00,0x00,0x00,0xff,
0xff,0xff,0xff,0xff,0xff,0xff,0xff,0xff,0xff,0xff,0xff,0xff,0xff,0xff,0xff,0xff,
0xff,0xff,0xff,0xff,0xff,0xff,0xff,0xff,0xff,0xff,0x00,0x00,0x00,0x00,0x00,0x00,
0x00,0x00,0x00,0x00,0x00,0x00,0x00,0x00,0x00,0x00,0x00,0x00,0x00,0x00,0x00,0x00,
0x00,0x00,0x00,0x00,0x00,0x00,0x00,0xff,0xff,0xff,0xff,0xff,0xff,0xff,0xff,0xff,
0xff,0xff,0xff,0xff,0xff,0xff,0xff,0xff,0xff,0xff,0xff,0xff,0xff,0xff,0xff,0xff,
0x00,0x00,0x00,0x00,0x00,0x00,0x00,0x00,0x00,0x00,0x00,0x00,0x00,0x00,0x00,0x00,
0x00,0x00,0x00,0x00,0x00,0x00,0x00,0x00,0x00,0x00,0x00,0x00,0x00,0x00,0x00,0x00,
0xff,0xff,0xff,0xff,0xff,0xff,0xff,0xff,0xff,0xff,0xff,0xff,0xff,0xff,0xff,0xff,
0xff,0xff,0xff,0xff,0xff,0xff,0xff,0xff,0xff,0x00,0x00,0x00,0x00,0x00,0x00,0x00,
0x00,0x00,0x00,0x00,0x00,0x00,0x00,0x00,0x00,0x00,0x00,0x00,0x00,0x00,0x00,0x00,
0x00,0x00,0x00,0x00,0x00,0x00,0x00,0x00,0xff,0xff,0xff,0xff,0xff,0xff,0xff,0xff,
0xff,0xff,0xff,0xff,0xff,0xff,0xff,0xff,0xff,0xff,0xff,0xff,0xff,0xff,0xff,0xff,
0xff,0x00,0x00,0x00,0x00,0x00,0x00,0x00,0x00,0x00,0x00,0x00,0x00,0x00,0x00,0x00,
0x00,0x00,0x00,0x00,0x00,0x00,0x00,0x00,0x00,0x00,0x00,0x00,0x00,0x00,0x00,0x00,
0xff,0xff,0xff,0xff,0xff,0xff,0xff,0xff,0xff,0xff,0xff,0xff,0xff,0xff,0x00,0xff,
0xff,0xff,0xff,0xff,0xff,0xff,0xff,0x00,0x00,0x00,0x00,0x00,0x00,0x00,0x00,0x00,
0x00,0x00,0x00,0x00,0x00,0x00,0x00,0x00,0x00,0x00,0x00,0x00,0x00,0x00,0x00,0x00,
0x00,0x00,0x00,0x00,0x00,0x00,0x00,0x00,0xff,0xff,0xff,0xff,0xff,0xff,0xff,0xff,
0x00,0xff,0xff,0xff,0xff,0x00,0x00,0xff,0xff,0xff,0xff,0xff,0xff,0xff,0x00,0x00,
0x00,0x00,0x00,0x00,0x00,0x00,0x00,0x00,0x00,0x00,0x00,0x00,0x00,0x00,0x00,0x00,
0x00,0x00,0x00,0x00,0x00,0x00,0x00,0x00,0x00,0x00,0x00,0x00,0x00,0x00,0x00,0x00,
0x00,0x00,0xff,0xff,0xff,0xff,0xff,0xff,0x00,0xff,0xff,0xff,0xff,0x00,0x00,0x00,
0xff,0xff,0xff,0xff,0xff,0xff,0x00,0x00,0x00,0x00,0x00,0x00,0x00,0x00,0x00,0x00,
0x00,0x00,0x00,0x00,0x00,0x00,0x00,0x00,0x00,0x00,0x00,0x00,0x00,0x00,0x00,0x00,
0x00,0x00,0x00,0x00,0x00,0x00,0x00,0x00,0x00,0x00,0xff,0xff,0xff,0xff,0xff,0x00,
0x00,0xff,0xff,0xff,0xff,0x00,0x00,0x00,0xff,0xff,0xff,0xff,0xff,0x00,0x00,0x00,
0x00,0x00,0x00,0x00,0x00,0x00,0x00,0x00,0x00,0x00,0x00,0x00,0x00,0x00,0x00,0x00,
0x00,0x00,0x00,0x00,0x00,0x00,0x00,0x00,0x00,0x00,0x00,0x00,0x00,0xff,0xff,0xff,
0x00,0x00,0x00,0x00,0xff,0xff,0xff,0xff,0x00,0xff,0xff,0xff,0xff,0x00,0x00,0xff,
0xff,0xff,0xff,0x00,0x00,0x00,0x00,0xff,0xff,0xff,0x00,0x00,0x00,0x00,0x00,0x00,
0x00,0x00,0x00,0x00,0x00,0x00,0x00,0x00,0x00,0x00,0x00,0x00,0x00,0x00,0x00,0x00,
0x00,0x00,0x00,0x00,0x00,0xff,0xff,0xff,0xff,0xff,0x00,0x00,0xff,0xff,0xff,0xff,
0x00,0xff,0xff,0xff,0xff,0x00,0x00,0xff,0xff,0xff,0x00,0x00,0x00,0xff,0xff,0xff,
0xff,0xff,0xff,0xff,0x00,0x00,0x00,0x00,0x00,0x00,0x00,0x00,0x00,0x00,0x00,0x00,
0x00,0x00,0x00,0x00,0x00,0x00,0x00,0x00,0x00,0x00,0x00,0x00,0x00,0x00,0xff,0xff,
0xff,0xff,0xff,0xff,0x00,0xff,0xff,0xff,0xff,0xff,0xff,0xff,0xff,0x00,0xff,0xff,
0xff,0xff,0x00,0x00,0xff,0xff,0xff,0xff,0xff,0xff,0xff,0xff,0x00,0x00,0x00,0x00,
0x00,0x00,0x00,0x00,0x00,0x00,0x00,0x00,0x00,0x00,0x00,0x00,0x00,0x00,0x00,0x00,
0x00,0x00,0x00,0x00,0x00,0x00,0x00,0xff,0xff,0xff,0xff,0xff,0xff,0xff,0xff,0xff,
0xff,0xff,0xff,0xff,0xff,0x00,0xff,0xff,0xff,0xff,0x00,0xff,0xff,0xff,0xff,0xff,
0xff,0xff,0xff,0xff,0x00,0x00,0x00,0x00,0x00,0x00,0x00,0x00,0x00,0x00,0x00,0x00,
0x00,0x00,0x00,0x00,0x00,0x00,0x00,0x00,0x00,0x00,0x00,0x00,0x00,0x00,0x00,0x00,
0xff,0xff,0xff,0xff,0xff,0xff,0xff,0xff,0xff,0xff,0xff,0xff,0xff,0x00,0xff,0xff,
0xff,0xff,0xff,0xff,0xff,0xff,0xff,0xff,0xff,0xff,0xff,0xff,0x00,0x00,0x00,0x00,
0x00,0x00,0x00,0x00,0x00,0x00,0x00,0x00,0x00,0x00,0x00,0x00,0x00,0x00,0x00,0x00,
0x00,0x00,0x00,0x00,0x00,0x00,0x00,0x00,0x00,0xff,0xff,0xff,0xff,0xff,0xff,0xff,
0xff,0xff,0xff,0xff,0xff,0xff,0xff,0xff,0xff,0xff,0xff,0xff,0xff,0xff,0xff,0xff,
0xff,0x00,0x00,0x00,0x00,0x00,0x00,0x00,0x00,0x00,0x00,0x00,0x00,0x00,0x00,0x00,
0x00,0x00,0x00,0x00,0x00,0x00,0x00,0x00,0x00,0x00,0x00,0x00,0x00,0x00,0x00,0x00,
0x00,0xff,0xff,0xff,0xff,0xff,0xff,0xff,0xff,0xff,0xff,0xff,0xff,0xff,0xff,0xff,
0xff,0xff,0xff,0xff,0xff,0xff,0x00,0x00,0x00,0x00,0x00,0x00,0x00,0x00,0x00,0x00,
0x00,0x00,0x00,0x00,0x00,0x00,0x00,0x00,0x00,0x00,0x00,0x00,0x00,0x00,0x00,0x00,
0x00,0x00,0x00,0x00,0x00,0x00,0x00,0x00,0x00,0xff,0xff,0xff,0xff,0xff,0xff,0xff,
0xff,0xff,0xff,0xff,0xff,0xff,0xff,0xff,0xff,0xff,0xff,0xff,0xff,0xff,0x00,0x00,
0x00,0x00,0x00,0x00,0x00,0x00,0x00,0x00,0x00,0x00,0x00,0x00,0x00,0x00,0x00,0x00,
0x00,0x00,0x00,0x00,0x00,0x00,0x00,0x00,0x00,0x00,0x00,0x00,0x00,0x00,0x00,0xff,
0xff,0xff,0xff,0xff,0xff,0xff,0xff,0xff,0xff,0xff,0xff,0xff,0xff,0xff,0xff,0xff,
0xff,0xff,0xff,0xff,0xff,0xff,0xff,0x00,0x00,0x00,0x00,0x00,0x00,0x00,0x00,0x00,
0x00,0x00,0x00,0x00,0x00,0x00,0x00,0x00,0x00,0x00,0x00,0x00,0x00,0x00,0x00,0x00,
0x00,0x00,0x00,0x00,0x00,0x00,0xff,0xff,0xff,0xff,0xff,0xff,0xff,0xff,0xff,0xff,
0xff,0xff,0xff,0xff,0xff,0xff,0xff,0xff,0xff,0xff,0xff,0xff,0xff,0xff,0xff,0xff,
0xff,0x00,0x00,0x00,0x00,0x00,0x00,0x00,0x00,0x00,0x00,0x00,0x00,0x00,0x00,0x00,
0x00,0x00,0x00,0x00,0x00,0x00,0x00,0x00,0x00,0x00,0x00,0x00,0x00,0xff,0xff,0xff,
0xff,0xff,0xff,0xff,0xff,0xff,0xff,0xff,0xff,0xff,0xff,0xff,0xff,0xff,0xff,0xff,
0xff,0xff,0xff,0xff,0xff,0xff,0xff,0xff,0xff,0xff,0xff,0x00,0x00,0x00,0x00,0x00,
0x00,0x00,0x00,0x00,0x00,0x00,0x00,0x00,0x00,0x00,0x00,0x00,0x00,0x00,0x00,0x00,
0x00,0x00,0x00,0x00,0x00,0xff,0xff,0xff,0xff,0xff,0xff,0xff,0xff,0xff,0xff,0xff,
0xff,0xff,0xff,0xff,0xff,0xff,0xff,0xff,0xff,0xff,0xff,0xff,0xff,0xff,0xff,0xff,
0xff,0xff,0xff,0x00,0x00,0x00,0x00,0x00,0x00,0x00,0x00,0x00,0x00,0x00,0x00,0x00,
0x00,0x00,0x00,0x00,0x00,0x00,0x00,0x00,0x00,0x00,0x00,0x00,0xff,0xff,0xff,0xff,
0xff,0xff,0xff,0xff,0xff,0xff,0xff,0xff,0xff,0xff,0xff,0xff,0xff,0xff,0xff,0xff,
0xff,0xff,0xff,0xff,0xff,0xff,0xff,0xff,0xff,0xff,0xff,0xff,0x00,0x00,0x00,0x00,
0x00,0x00,0x00,0x00,0x00,0x00,0x00,0x00,0x00,0x00,0x00,0x00,0x00,0x00,0x00,0x00,
0x00,0x00,0x00,0x00,0xff,0xff,0xff,0xff,0xff,0xff,0xff,0xff,0xff,0xff,0xff,0xff,
0xff,0xff,0xff,0xff,0xff,0xff,0xff,0xff,0xff,0xff,0xff,0xff,0xff,0xff,0xff,0xff,
0xff,0xff,0xff,0xff,0x00,0x00,0x00,0x00,0x00,0x00,0x00,0x00,0x00,0x00,0x00,0x00,
0x00,0x00,0x00,0x00,0x00,0x00,0x00,0x00,0x00,0x00,0x00,0x00,0xff,0xff,0xff,0xff,
0xff,0xff,0xff,0xff,0xff,0xff,0xff,0xff,0xff,0xff,0xff,0xff,0xff,0xff,0xff,0xff,
0xff,0xff,0xff,0xff,0xff,0xff,0xff,0xff,0xff,0xff,0xff,0xff,0x00,0x00,0x00,0x00,
0x00,0x00,0x00,0x00,0x00,0x00,0x00,0x00,0x00,0x00,0x00,0x00,0x00,0x00,0x00,0x00,
0x00,0x00,0x00,0x00,0x00,0xff,0xff,0xff,0xff,0xff,0xff,0xff,0xff,0xff,0xff,0xff,
0xff,0xff,0xff,0xff,0xff,0xff,0xff,0xff,0xff,0xff,0xff,0xff,0xff,0xff,0xff,0xff,
0xff,0xff,0xff,0x00,0x00,0x00,0x00,0x00,0x00,0x00,0x00,0x00,0x00,0x00,0x00,0x00,
0x00,0x00,0x00,0x00,0x00,0x00,0x00,0x00,0x00,0x00,0x00,0x00,0xff,0xff,0xff,0xff,
0xff,0xff,0xff,0xff,0xff,0xff,0xff,0xff,0xff,0xff,0xff,0xff,0xff,0xff,0xff,0xff,
0xff,0xff,0xff,0xff,0xff,0xff,0xff,0xff,0xff,0xff,0xff,0xff,0x00,0x00,0x00,0x00,
0x00,0x00,0x00,0x00,0x00,0x00,0x00,0x00,0x00,0x00,0x00,0x00,0x00,0x00,0x00,0x00,
0x00,0x00,0x00,0x00,0xff,0xff,0xff,0xff,0xff,0xff,0xff,0xff,0xff,0xff,0xff,0xff,
0xff,0xff,0xff,0xff,0xff,0xff,0xff,0xff,0xff,0xff,0xff,0xff,0xff,0xff,0xff,0xff,
0xff,0xff,0xff,0xff,0x00,0x00,0x00,0x00,0x00,0x00,0x00,0x00,0x00,0x00,0x00,0x00,
0x00,0x00,0x00,0x00,0x00,0x00,0x00,0x00,0x00,0x00,0x00,0x00,0xff,0xff,0xff,0xff,
0xff,0xff,0xff,0xff,0xff,0xff,0xff,0xff,0xff,0xff,0xff,0xff,0xff,0xff,0xff,0xff,
0xff,0xff,0xff,0xff,0xff,0xff,0xff,0xff,0xff,0xff,0xff,0xff,0x00,0x00,0x00,0x00,
0x00,0x00,0x00,0x00,0x00,0x00,0x00,0x00,0x00,0x00,0x00,0x00,0x00,0x00,0x00,0x00,
0x00,0x00,0x00,0x00,0x00,0xff,0xff,0xff,0xff,0xff,0xff,0xff,0xff,0xff,0xff,0xff,
0xff,0xff,0xff,0xff,0xff,0xff,0xff,0xff,0xff,0xff,0xff,0xff,0xff,0xff,0xff,0xff,
0xff,0xff,0xff,0xff,0x00,0x00,0x00,0x00,0x00,0x00,0x00,0x00,0x00,0x00,0x00,0x00,
0x00,0x00,0x00,0x00,0x00,0x00,0x00,0x00,0x00,0x00,0x00,0x00,0xff,0xff,0xff,0xff,
0xff,0xff,0xff,0xff,0xff,0xff,0xff,0xff,0xff,0xff,0xff,0xff,0xff,0xff,0xff,0xff,
0xff,0xff,0xff,0xff,0xff,0xff,0xff,0xff,0xff,0xff,0xff,0xff,0xff,0x00,0x00,0x00,
0x00,0x00,0x00,0x00,0x00,0x00,0x00,0x00,0x00,0x00,0x00,0x00,0x00,0x00,0x00,0x00,
0x00,0x00,0x00,0xff,0xff,0xff,0xff,0xff,0xff,0xff,0xff,0xff,0xff,0xff,0xff,0xff,
0xff,0xff,0xff,0xff,0xff,0xff,0xff,0xff,0xff,0xff,0xff,0xff,0xff,0xff,0xff,0xff,
0xff,0xff,0xff,0xff,0xff,0x00,0x00,0x00,0x00,0x00,0x00,0x00,0x00,0x00,0x00,0x00,
0x00,0x00,0x00,0x00,0x00,0x00,0x00,0x00,0x00,0x00,0x00,0xff,0xff,0xff,0xff,0xff,
0xff,0xff,0xff,0xff,0xff,0xff,0xff,0xff,0xff,0xff,0xff,0xff,0xff,0xff,0xff,0xff,
0xff,0xff,0xff,0xff,0xff,0xff,0xff,0xff,0xff,0xff,0xff,0xff,0xff,0x00,0x00,0x00,
0x00,0x00,0x00,0x00,0x00,0x00,0x00,0x00,0x00,0x00,0x00,0x00,0x00,0x00,0x00,0x00,
0x00,0x00,0x00,0xff,0xff,0xff,0xff,0xff,0xff,0xff,0xff,0xff,0xff,0xff,0xff,0xff,
0xff,0xff,0xff,0xff,0xff,0xff,0xff,0xff,0xff,0xff,0xff,0xff,0xff,0xff,0xff,0xff,
0xff,0xff,0xff,0xff,0x00,0x00,0x00,0x00,0x00,0x00,0x00,0x00,0x00,0x00,0x00,0x00,
0x00,0x00,0x00,0x00,0x00,0x00,0x00,0x00,0x00,0x00,0x00,0xff,0xff,0xff,0xff,0xff,
0xff,0xff,0xff,0xff,0xff,0xff,0xff,0xff,0xff,0xff,0xff,0xff,0xff,0xff,0xff,0xff,
0xff,0xff,0xff,0xff,0xff,0xff,0xff,0xff,0xff,0xff,0xff,0xff,0x00,0x00,0x00,0x00,
0x00,0x00,0x00,0x00,0x00,0x00,0x00,0x00,0x00,0x00,0x00,0x00,0x00,0x00,0x00,0x00,
0x00,0x00,0x00,0x00,0x00,0xff,0xff,0xff,0xff,0xff,0xff,0xff,0xff,0xff,0xff,0xff,
0xff,0xff,0xff,0xff,0xff,0xff,0xff,0xff,0xff,0xff,0xff,0xff,0xff,0xff,0xff,0xff,
0xff,0xff,0xff,0xff,0x00,0x00,0x00,0x00,0x00,0x00,0x00,0x00,0x00,0x00,0x00,0x00,
0x00,0x00,0x00,0x00,0x00,0x00,0x00,0x00,0x00,0x00,0x00,0x00,0x00,0xff,0xff,0xff,
0xff,0xff,0xff,0xff,0xff,0xff,0xff,0xff,0xff,0xff,0xff,0xff,0xff,0xff,0xff,0xff,
0xff,0xff,0xff,0xff,0xff,0xff,0xff,0xff,0xff,0xff,0xff,0x00,0x00,0x00,0x00,0x00,
0x00,0x00,0x00,0x00,0x00,0x00,0x00,0x00,0x00,0x00,0x00,0x00,0x00,0x00,0x00,0x00,
0x00,0x00,0x00,0x00,0x00,0x00,0x00,0xff,0xff,0xff,0xff,0xff,0xff,0xff,0xff,0xff,
0xff,0xff,0xff,0xff,0xff,0xff,0xff,0xff,0xff,0xff,0xff,0xff,0x00,0xff,0xff,0xff,
0xff,0xff,0x00,0x00,0x00,0x00,0x00,0x00,0x00,0x00,0x00,0x00,0x00,0x00,0x00,0x00,

};
static const lv_image_dsc_t s_farm_wheat_3 = {
    .header.magic = LV_IMAGE_HEADER_MAGIC,
    .header.cf = LV_COLOR_FORMAT_RGB565A8,
    .header.flags = 0,
    .header.w = 56,
    .header.h = 52,
    .header.stride = 112,
    .data_size = sizeof(s_farm_wheat_3_map),
    .data = s_farm_wheat_3_map,
};

static const LV_ATTRIBUTE_MEM_ALIGN LV_ATTRIBUTE_LARGE_CONST uint8_t s_farm_carrot_0_map[] = {
0x00,0x00,0x00,0x00,0x00,0x00,0x00,0x00,0x00,0x00,0x00,0x00,0xff,0xff,0xff,0xff,
0xff,0xff,0xff,0xff,0x7d,0xf7,0xbe,0xf7,0x9d,0xf7,0x9e,0xf7,0x9e,0xf7,0xbe,0xf7,
0xff,0xff,0xff,0xff,0xff,0xff,0xff,0xff,0xdf,0xff,0x9e,0xf7,0x9d,0xf7,0x9e,0xf7,
0x9e,0xf7,0x9e,0xf7,0xff,0xff,0xff,0xff,0xff,0xff,0xff,0xff,0xff,0xff,0x9e,0xf7,
0x9d,0xf7,0x9e,0xf7,0x7d,0xf7,0xbe,0xf7,0xff,0xff,0xff,0xff,0xff,0xff,0xff,0xff,
0xff,0xff,0x9e,0xf7,0x9e,0xf7,0xbe,0xf7,0x9d,0xf7,0xbe,0xf7,0x9d,0xf7,0xff,0xff,
0xff,0xff,0x00,0x00,0x00,0x00,0x00,0x00,0x00,0x00,0x00,0x00,0x00,0x00,0x00,0x00,
0x00,0x00,0x00,0x00,0x00,0x00,0x00,0x00,0x00,0x00,0x00,0x00,0xff,0xff,0xff,0xff,
0xff,0xff,0xff,0xff,0x9e,0xef,0x7e,0xf7,0x9e,0xef,0x7e,0xf7,0x9e,0xf7,0x9e,0xf7,
0xff,0xff,0xff,0xff,0xff,0xff,0xff,0xff,0xdf,0xf7,0x7e,0xf7,0x9e,0xef,0x7e,0xf7,
0x9e,0xf7,0x7e,0xf7,0xff,0xff,0xff,0xff,0xff,0xff,0xff,0xff,0xff,0xff,0x7e,0xf7,
0x9e,0xef,0x7e,0xf7,0x9e,0xef,0x9e,0xf7,0xff,0xff,0xff,0xff,0xff,0xff,0xff,0xff,
0xff,0xff,0x7e,0xf7,0x9e,0xef,0x7e,0xf7,0x9e,0xef,0x7e,0xf7,0x9e,0xf7,0xdf,0xff,
0xff,0xff,0x00,0x00,0x00,0x00,0x00,0x00,0x00,0x00,0x00,0x00,0x00,0x00,0x00,0x00,
0x00,0x00,0x00,0x00,0x00,0x00,0x00,0x00,0x00,0x00,0x00,0x00,0xff,0xff,0xff,0xff,
0xff,0xff,0xff,0xff,0x7d,0xf7,0x9e,0xf7,0x7d,0xf7,0x9e,0xf7,0x9e,0xf7,0xbe,0xf7,
0xff,0xff,0xff,0xff,0xff,0xff,0xff,0xff,0xde,0xff,0xbe,0xf7,0x9d,0xf7,0x9e,0xf7,
0x9d,0xf7,0x9e,0xf7,0xff,0xff,0xff,0xff,0xff,0xff,0xff,0xff,0xff,0xff,0xbe,0xf7,
0x9d,0xf7,0x9e,0xf7,0x7d,0xf7,0xbe,0xf7,0xff,0xff,0xff,0xff,0xff,0xff,0xff,0xff,
0xff,0xff,0x9e,0xf7,0x9d,0xf7,0x9e,0xf7,0x9d,0xf7,0xbe,0xf7,0x9d,0xf7,0xff,0xff,
0xff,0xff,0x00,0x00,0x00,0x00,0x00,0x00,0x00,0x00,0x00,0x00,0x00,0x00,0x00,0x00,
0x00,0x00,0x00,0x00,0x00,0x00,0x00,0x00,0x00,0x00,0x00,0x00,0xff,0xff,0xff,0xff,
0xff,0xff,0xff,0xff,0x9e,0xef,0x7e,0xf7,0x9e,0xef,0x7e,0xf7,0x9e,0xef,0x9e,0xf7,
0xff,0xff,0xff,0xff,0xff,0xff,0xff,0xff,0xdf,0xf7,0x7e,0xf7,0x9e,0xf7,0x7e,0xf7,
0x9e,0xef,0x7e,0xf7,0xff,0xff,0xdf,0xff,0xff,0xff,0xff,0xff,0xff,0xff,0x7e,0xf7,
0x9e,0xf7,0x7e,0xf7,0x9e,0xf7,0x7e,0xf7,0xff,0xff,0xff,0xff,0xff,0xff,0xdf,0xff,
0xff,0xff,0x7e,0xf7,0x9e,0xef,0x7e,0xf7,0x9e,0xef,0x7e,0xf7,0x9e,0xef,0xff,0xff,
0xff,0xff,0x00,0x00,0x00,0x00,0x00,0x00,0x00,0x00,0x00,0x00,0x00,0x00,0x00,0x00,
0x00,0x00,0x00,0x00,0x00,0x00,0x00,0x00,0x00,0x00,0x00,0x00,0xff,0xff,0xff,0xff,
0xff,0xff,0xff,0xff,0x7d,0xf7,0x9e,0xf7,0x7d,0xf7,0x9e,0xf7,0x9e,0xf7,0xbe,0xf7,
0xff,0xff,0xff,0xff,0xff,0xff,0xff,0xff,0xde,0xff,0x9e,0xf7,0x9d,0xf7,0x9e,0xf7,
0x9d,0xf7,0x9e,0xf7,0xff,0xff,0xff,0xff,0xff,0xff,0xff,0xff,0xff,0xff,0x9e,0xf7,
0x9d,0xf7,0x9e,0xf7,0x9d,0xf7,0x9e,0xf7,0xff,0xff,0xff,0xff,0xff,0xff,0xff,0xff,
0xff,0xff,0x9e,0xf7,0x9d,0xf7,0x9e,0xf7,0x9d,0xf7,0x9e,0xf7,0x7d,0xf7,0xff,0xff,
0xff,0xff,0x00,0x00,0x00,0x00,0x00,0x00,0x00,0x00,0x00,0x00,0x00,0x00,0x00,0x00,
0x00,0x00,0x00,0x00,0x00,0x00,0x00,0x00,0x00,0x00,0x00,0x00,0x9e,0xef,0x7e,0xf7,
0x9e,0xef,0x7e,0xf7,0xff,0xff,0xff,0xff,0xff,0xff,0xff,0xff,0xff,0xff,0xbf,0xff,
0x9e,0xef,0x7e,0xf7,0x9e,0xef,0x7e,0xf7,0xbf,0xf7,0xff,0xff,0xff,0xff,0xff,0xff,
0xff,0xff,0xff,0xff,0x9e,0xef,0x7e,0xf7,0x9e,0xef,0x7e,0xf7,0x9e,0xef,0xff,0xff,
0xff,0xff,0xff,0xff,0xff,0xff,0xdf,0xff,0x9e,0xf7,0x7e,0xf7,0x9e,0xef,0x7e,0xf7,
0x9e,0xef,0xff,0xff,0xff,0xff,0xff,0xff,0xff,0xff,0xff,0xff,0xff,0xff,0x7e,0xf7,
0x9e,0xef,0x00,0x00,0x00,0x00,0x00,0x00,0x00,0x00,0x00,0x00,0x00,0x00,0x00,0x00,
0x00,0x00,0x00,0x00,0x00,0x00,0x00,0x00,0x00,0x00,0x00,0x00,0x9d,0xf7,0x9e,0xf7,
0x9d,0xf7,0xbe,0xf7,0xff,0xff,0xff,0xff,0xff,0xff,0xff,0xff,0xff,0xff,0xff,0xff,
0x9d,0xf7,0x9e,0xf7,0x9d,0xf7,0xbe,0xf7,0x9e,0xff,0xff,0xff,0xff,0xff,0xff,0xff,
0xff,0xff,0xff,0xff,0x9d,0xf7,0x9e,0xf7,0x9d,0xf7,0x9e,0xf7,0x7d,0xf7,0xff,0xff,
0xff,0xff,0xff,0xff,0xff,0xff,0xff,0xff,0x7d,0xf7,0xbe,0xf7,0x9d,0xf7,0x9e,0xf7,
0x9d,0xf7,0xff,0xff,0xff,0xff,0xff,0xff,0xff,0xff,0xff,0xff,0xdf,0xff,0x9e,0xf7,
0x7d,0xf7,0x00,0x00,0x00,0x00,0x00,0x00,0x00,0x00,0x00,0x00,0x00,0x00,0x00,0x00,
0x00,0x00,0x00,0x00,0x00,0x00,0x00,0x00,0x00,0x00,0x00,0x00,0x9e,0xef,0x7e,0xf7,
0x9e,0xef,0x9e,0xf7,0xff,0xff,0xff,0xff,0xff,0xff,0xff,0xff,0xff,0xff,0xdf,0xff,
0x9e,0xef,0x7e,0xf7,0x9e,0xef,0x9e,0xf7,0xbf,0xf7,0xdf,0xff,0xff,0xff,0xff,0xff,
0xff,0xff,0xff,0xff,0x9e,0xf7,0x7e,0xf7,0x9e,0xef,0x7e,0xf7,0x9e,0xf7,0xff,0xff,
0xff,0xff,0xff,0xff,0xff,0xff,0xff,0xff,0x9e,0xef,0x9e,0xf7,0x9e,0xef,0x7e,0xf7,
0x9e,0xf7,0xff,0xff,0xff,0xff,0xff,0xff,0xff,0xff,0xdf,0xff,0xff,0xff,0x7e,0xf7,
0x9e,0xef,0x00,0x00,0x00,0x00,0x00,0x00,0x00,0x00,0x00,0x00,0x00,0x00,0x00,0x00,
0x00,0x00,0x00,0x00,0x00,0x00,0x00,0x00,0x00,0x00,0x00,0x00,0x9d,0xf7,0x9e,0xf7,
0x9d,0xf7,0xbe,0xf7,0xff,0xff,0xff,0xff,0xff,0xff,0xff,0xff,0xff,0xff,0xff,0xff,
0x9d,0xf7,0x9e,0xf7,0x7d,0xf7,0x9e,0xf7,0xbe,0xff,0xff,0xff,0xff,0xff,0xff,0xff,
0xff,0xff,0xff,0xff,0x9d,0xf7,0xbe,0xf7,0x9d,0xf7,0x9e,0xf7,0x9d,0xf7,0xff,0xff,
0xff,0xff,0xff,0xff,0xff,0xff,0xff,0xff,0x9d,0xf7,0x9e,0xf7,0x7d,0xf7,0x9e,0xf7,
0x9d,0xf7,0xff,0xff,0xff,0xff,0xff,0xff,0xff,0xff,0xff,0xff,0xff,0xff,0xbe,0xf7,
0x9d,0xf7,0x00,0x00,0x00,0x00,0x00,0x00,0x00,0x00,0x00,0x00,0x00,0x00,0x00,0x00,
0x00,0x00,0x00,0x00,0x00,0x00,0x00,0x00,0x00,0x00,0x00,0x00,0x9e,0xef,0x7e,0xf7,
0x9e,0xef,0x7e,0xf7,0xff,0xff,0xff,0xff,0xff,0xff,0xff,0xff,0xff,0xff,0xbf,0xff,
0x9e,0xef,0x7e,0xf7,0x9e,0xef,0x7e,0xf7,0xbf,0xf7,0xff,0xff,0xff,0xff,0xff,0xff,
0xff,0xff,0xff,0xff,0x9e,0xef,0x9e,0xf7,0x9e,0xef,0x7e,0xf7,0x9e,0xef,0xff,0xff,
0xff,0xff,0xff,0xff,0xff,0xff,0xff,0xff,0x9e,0xef,0x7e,0xf7,0x9e,0xef,0x7e,0xf7,
0x9e,0xef,0xff,0xff,0xff,0xff,0xff,0xff,0xff,0xff,0xdf,0xff,0xff,0xff,0x7e,0xf7,
0x9e,0xf7,0x00,0x00,0x00,0x00,0x00,0x00,0x00,0x00,0x00,0x00,0x00,0x00,0x00,0x00,
0x00,0x00,0x00,0x00,0x00,0x00,0x00,0x00,0x00,0x00,0x00,0x00,0xff,0xff,0xff,0xff,
0xff,0xff,0xff,0xff,0x9d,0xf7,0xbe,0xf7,0x9e,0xf7,0xbe,0xf7,0x9e,0xff,0xbe,0xf7,
0xff,0xff,0xff,0xff,0xff,0xff,0xff,0xff,0xde,0xff,0xbe,0xf7,0x7d,0xf7,0xbe,0xf7,
0x9e,0xff,0x9e,0xf7,0xff,0xff,0xff,0xff,0xff,0xff,0xff,0xff,0xff,0xff,0x9e,0xf7,
0x9e,0xf7,0xbe,0xf7,0x9e,0xf7,0xbe,0xf7,0xff,0xff,0xff,0xff,0xdf,0xff,0xff,0xff,
0xff,0xff,0x9e,0xf7,0x9e,0xf7,0xbe,0xf7,0x9e,0xf7,0xbe,0xf7,0x9e,0xf7,0xff,0xff,
0xff,0xff,0x00,0x00,0x00,0x00,0x00,0x00,0x00,0x00,0x00,0x00,0x00,0x00,0x00,0x00,
0x00,0x00,0x00,0x00,0x00,0x00,0x00,0x00,0x00,0x00,0x00,0x00,0xff,0xff,0xff,0xff,
0xff,0xff,0xff,0xff,0x9e,0xef,0x9e,0xf7,0x9e,0xef,0x9e,0xf7,0x9e,0xef,0x9e,0xf7,
0xff,0xff,0xff,0xff,0xff,0xff,0xff,0xff,0xdf,0xff,0x7e,0xf7,0x9e,0xef,0x9e,0xf7,
0x9e,0xf7,0x7d,0xf7,0xff,0xff,0xff,0xff,0xff,0xff,0xdf,0xff,0xff,0xff,0x7e,0xf7,
0x9e,0xef,0x7e,0xf7,0x9e,0xef,0x9e,0xf7,0xff,0xff,0xdf,0xff,0xff,0xff,0xff,0xff,
0xff,0xff,0x7e,0xf7,0x9e,0xef,0x9e,0xf7,0x9e,0xef,0x9e,0xf7,0x9e,0xf7,0xff,0xff,
0xff,0xff,0x00,0x00,0x00,0x00,0x00,0x00,0x00,0x00,0x00,0x00,0x00,0x00,0x00,0x00,
0x00,0x00,0x00,0x00,0x00,0x00,0x00,0x00,0x00,0x00,0x00,0x00,0xff,0xff,0xff,0xff,
0xff,0xff,0xff,0xff,0x7d,0xf7,0xbe,0xf7,0x9d,0xf7,0xbe,0xf7,0x9e,0xff,0xbe,0xf7,
0xff,0xff,0xff,0xff,0xff,0xff,0xff,0xff,0xdf,0xff,0xbe,0xf7,0x9d,0xf7,0xbe,0xf7,
0x9e,0xf7,0x9e,0xef,0xff,0xff,0xff,0xff,0xff,0xff,0xff,0xff,0xff,0xff,0xbe,0xf7,
0x9d,0xf7,0x9e,0xf7,0x7d,0xf7,0xbe,0xf7,0xff,0xff,0xff,0xff,0xff,0xff,0xff,0xff,
0xff,0xff,0x9e,0xf7,0x9e,0xf7,0x9e,0xf7,0x9d,0xf7,0xbe,0xf7,0x9e,0xff,0xff,0xff,
0xff,0xff,0x00,0x00,0x00,0x00,0x00,0x00,0x00,0x00,0x00,0x00,0x00,0x00,0x00,0x00,
0x00,0x00,0x00,0x00,0x00,0x00,0x00,0x00,0x00,0x00,0x00,0x00,0xff,0xff,0xff,0xff,
0xff,0xff,0xff,0xff,0x9e,0xef,0x9e,0xf7,0x9e,0xef,0x7e,0xf7,0xbf,0xf7,0x9e,0xf7,
0xff,0xff,0xff,0xff,0xff,0xff,0xdf,0xff,0xdf,0xff,0x9e,0xf7,0x9e,0xef,0x9e,0xf7,
0x9e,0xf7,0x7e,0xf7,0xff,0xff,0xdf,0xff,0xff,0xff,0xff,0xff,0xff,0xff,0x9e,0xf7,
0x9e,0xf7,0x7e,0xf7,0x9e,0xef,0x7e,0xf7,0xff,0xff,0xff,0xff,0xff,0xff,0xff,0xff,
0xff,0xff,0x7e,0xf7,0x9e,0xef,0x7e,0xf7,0x9e,0xef,0x7e,0xf7,0xbf,0xf7,0xdf,0xff,
0xff,0xff,0x00,0x00,0x00,0x00,0x00,0x00,0x00,0x00,0x00,0x00,0x00,0x00,0x00,0x00,
0x00,0x00,0x00,0x00,0x00,0x00,0x00,0x00,0x00,0x00,0x00,0x00,0xff,0xff,0xff,0xff,
0xff,0xff,0xff,0xff,0x7d,0xf7,0x9e,0xf7,0x9d,0xf7,0xbe,0xf7,0x9e,0xf7,0xbe,0xf7,
0xff,0xff,0xff,0xff,0xff,0xff,0xff,0xff,0xde,0xff,0x9e,0xf7,0x9d,0xf7,0xbe,0xf7,
0x9e,0xf7,0x9e,0xf7,0xff,0xff,0xff,0xff,0xff,0xff,0xff,0xff,0xff,0xff,0xbe,0xf7,
0x9e,0xf7,0x9e,0xf7,0x7d,0xf7,0x7e,0xef,0xff,0xff,0xff,0xff,0xff,0xff,0xff,0xff,
0xff,0xff,0x9e,0xf7,0x9d,0xf7,0x9e,0xf7,0x7d,0xf7,0x9e,0xf7,0x9d,0xf7,0xff,0xff,
0xff,0xff,0x00,0x00,0x00,0x00,0x00,0x00,0x00,0x00,0x00,0x00,0x00,0x00,0x00,0x00,
0x00,0x00,0x00,0x00,0x00,0x00,0x00,0x00,0x00,0x00,0x00,0x00,0xff,0xff,0xff,0xff,
0xff,0xff,0xff,0xff,0x7e,0xef,0x7e,0xf7,0x9e,0xef,0x7e,0xf7,0x9e,0xf7,0x9e,0xf7,
0xff,0xff,0xff,0xff,0xff,0xff,0xff,0xff,0xdf,0xff,0x7e,0xf7,0x9e,0xef,0x9e,0xf7,
0x9e,0xf7,0x5d,0xef,0xff,0xff,0xff,0xff,0xff,0xff,0xdf,0xff,0xff,0xff,0x7e,0xf7,
0xbf,0xf7,0x9e,0xf7,0x7e,0xef,0x5d,0xef,0xff,0xff,0xff,0xff,0xff,0xff,0xff,0xff,
0xff,0xff,0x7e,0xf7,0x9e,0xef,0x7e,0xf7,0x9e,0xef,0x7e,0xf7,0x9e,0xef,0xff,0xff,
0xff,0xff,0x00,0x00,0x00,0x00,0x00,0x00,0x00,0x00,0x00,0x00,0x00,0x00,0x00,0x00,
0x00,0x00,0x00,0x00,0x00,0x00,0x00,0x00,0x00,0x00,0x00,0x00,0x9d,0xf7,0x9e,0xf7,
0x7d,0xf7,0x9e,0xf7,0xff,0xff,0xff,0xff,0xff,0xff,0xff,0xff,0xff,0xff,0xff,0xff,
0x7d,0xf7,0x9e,0xf7,0x9d,0xf7,0xbe,0xf7,0xbe,0xff,0xff,0xff,0xff,0xff,0xff,0xff,
0xff,0xff,0xdf,0xf7,0x5d,0xef,0x9e,0xf7,0x9e,0xff,0x7d,0xef,0x7d,0xf7,0xff,0xff,
0xff,0xff,0xff,0xff,0xbe,0xff,0xdf,0xf7,0x5c,0xf7,0x9e,0xf7,0x7d,0xf7,0x9e,0xf7,
0x7d,0xf7,0xff,0xff,0xff,0xff,0xff,0xff,0xff,0xff,0xff,0xff,0xff,0xff,0x9e,0xf7,
0x9d,0xf7,0x00,0x00,0x00,0x00,0x00,0x00,0x00,0x00,0x00,0x00,0x00,0x00,0x00,0x00,
0x00,0x00,0x00,0x00,0x00,0x00,0x00,0x00,0x00,0x00,0x00,0x00,0x9e,0xef,0x7e,0xf7,
0x9e,0xef,0x9e,0xf7,0xff,0xff,0xff,0xff,0xff,0xff,0xff,0xff,0xff,0xff,0xdf,0xff,
0x9e,0xef,0x7e,0xf7,0x9e,0xf7,0x9e,0xf7,0xbf,0xf7,0xdf,0xff,0xff,0xff,0xff,0xff,
0xff,0xf7,0xc5,0x29,0x24,0x22,0x44,0x2a,0xbf,0xf7,0x5d,0xef,0x5d,0xef,0xdf,0xff,
0xff,0xff,0xff,0xff,0x45,0x22,0x24,0x2a,0xa5,0x21,0xbc,0xef,0x7e,0xef,0x7e,0xf7,
0x9e,0xef,0xff,0xff,0xff,0xff,0xdf,0xff,0xff,0xff,0xdf,0xff,0xff,0xff,0x7e,0xf7,
0x9e,0xef,0x00,0x00,0x00,0x00,0x00,0x00,0x00,0x00,0x00,0x00,0x00,0x00,0x00,0x00,
0x00,0x00,0x00,0x00,0x00,0x00,0x00,0x00,0x00,0x00,0x00,0x00,0x7d,0xf7,0x9e,0xf7,
0x9d,0xf7,0xbe,0xf7,0xff,0xff,0xff,0xff,0xff,0xff,0xff,0xff,0xff,0xff,0xff,0xff,
0x9d,0xf7,0x9e,0xf7,0x9e,0xf7,0xbe,0xf7,0xbe,0xff,0xff,0xff,0xdf,0xff,0xff,0xff,
0xfd,0xf7,0xc5,0x29,0x87,0xbe,0x46,0xae,0x63,0x19,0xc1,0x00,0x7d,0xf7,0xff,0xff,
0x60,0x00,0x02,0x11,0x44,0x95,0x69,0xae,0xa4,0x29,0xbd,0xe7,0x7d,0xf7,0x9e,0xf7,
0x9d,0xf7,0xff,0xff,0xff,0xff,0xff,0xff,0xff,0xff,0xff,0xff,0xff,0xff,0xbe,0xf7,
0x9d,0xf7,0x00,0x00,0x00,0x00,0x00,0x00,0x00,0x00,0x00,0x00,0x00,0x00,0x00,0x00,
0x00,0x00,0x00,0x00,0x00,0x00,0x00,0x00,0x00,0x00,0x00,0x00,0x9e,0xef,0x9e,0xf7,
0x9e,0xf7,0x7e,0xf7,0xff,0xff,0xff,0xff,0xff,0xff,0xff,0xff,0xff,0xff,0xdf,0xff,
0x9e,0xef,0x7e,0xf7,0x9e,0xef,0x9e,0xf7,0xbf,0xf7,0xff,0xff,0xff,0xff,0xdf,0xff,
0xfe,0xef,0xc5,0x29,0x87,0xb6,0x05,0xae,0x84,0x11,0x02,0x11,0xbe,0xf7,0xff,0xff,
0xc2,0x00,0xc2,0x08,0xe3,0x7c,0x48,0xae,0xa5,0x21,0xbc,0xef,0x7e,0xef,0x7e,0xf7,
0x9e,0xf7,0xff,0xff,0xff,0xff,0xff,0xff,0xff,0xff,0xff,0xff,0xff,0xff,0x9e,0xf7,
0xbf,0xf7,0x00,0x00,0x00,0x00,0x00,0x00,0x00,0x00,0x00,0x00,0x00,0x00,0x00,0x00,
0x00,0x00,0x00,0x00,0x00,0x00,0x00,0x00,0x00,0x00,0x00,0x00,0x9d,0xf7,0x9e,0xf7,
0x9e,0xff,0x9e,0xf7,0xff,0xff,0xff,0xff,0xff,0xff,0xff,0xff,0xff,0xff,0xff,0xff,
0x9d,0xf7,0x9e,0xf7,0x9d,0xf7,0x9e,0xf7,0x9e,0xff,0xff,0xff,0xff,0xff,0xff,0xff,
0xfe,0xff,0xe5,0x29,0x85,0xbe,0x45,0xb6,0x6c,0x9d,0x60,0x11,0x64,0x19,0x84,0x19,
0x45,0x95,0x04,0x85,0x46,0xae,0x83,0x8d,0xc4,0x29,0xfd,0xef,0x7d,0xf7,0x9e,0xef,
0x9e,0xf7,0xff,0xff,0xff,0xff,0xff,0xff,0xff,0xff,0xff,0xff,0xff,0xff,0x9e,0xf7,
0x9e,0xf7,0x00,0x00,0x00,0x00,0x00,0x00,0x00,0x00,0x00,0x00,0x00,0x00,0x00,0x00,
0x00,0x00,0x00,0x00,0x00,0x00,0x00,0x00,0x00,0x00,0x00,0x00,0xff,0xff,0xff,0xff,
0xff,0xff,0xff,0xff,0x9e,0xef,0x9e,0xf7,0x9e,0xf7,0x7e,0xf7,0x9e,0xef,0x9e,0xf7,
0xff,0xff,0xff,0xff,0xff,0xff,0xdf,0xff,0xdf,0xf7,0x9e,0xf7,0xbf,0xf7,0x7d,0xf7,
0xde,0xef,0x84,0x29,0x86,0x8d,0xe4,0x84,0x87,0x95,0x21,0x6c,0x24,0x2a,0x03,0x2a,
0xe8,0xbe,0x04,0xae,0xe7,0x7c,0x61,0x53,0xc6,0x29,0xde,0xf7,0xff,0xff,0xdf,0xff,
0xff,0xff,0x7d,0xf7,0x7e,0xef,0x7e,0xf7,0x9e,0xf7,0x9e,0xf7,0x9e,0xef,0xdf,0xff,
0xff,0xff,0x00,0x00,0x00,0x00,0x00,0x00,0x00,0x00,0x00,0x00,0x00,0x00,0x00,0x00,
0x00,0x00,0x00,0x00,0x00,0x00,0x00,0x00,0x00,0x00,0x00,0x00,0xff,0xff,0xff,0xff,
0xff,0xff,0xff,0xff,0x7d,0xf7,0x9e,0xf7,0x9d,0xf7,0x9e,0xf7,0x9d,0xf7,0xbe,0xf7,
0xdf,0xff,0xff,0xff,0xff,0xff,0xff,0xff,0xde,0xff,0x14,0x9d,0xd3,0xa4,0xf3,0x9c,
0x13,0xa5,0x64,0x29,0x64,0x74,0x84,0x74,0x65,0x9d,0xa3,0x7c,0xe2,0x31,0xa5,0x3a,
0x25,0xae,0xe4,0x9d,0x67,0x7c,0x40,0x2a,0x2b,0x63,0x38,0xbe,0x58,0xce,0xff,0xff,
0xdf,0xff,0x7d,0xef,0x7d,0xf7,0x7e,0xef,0x9e,0xf7,0xbe,0xf7,0x7d,0xf7,0xff,0xff,
0xff,0xff,0x00,0x00,0x00,0x00,0x00,0x00,0x00,0x00,0x00,0x00,0x00,0x00,0x00,0x00,
0x00,0x00,0x00,0x00,0x00,0x00,0x00,0x00,0x00,0x00,0x00,0x00,0xff,0xff,0xff,0xff,
0xff,0xff,0xff,0xff,0x9e,0xef,0x9e,0xf7,0x9e,0xef,0x7e,0xf7,0x7e,0xef,0x9e,0xf7,
0xdf,0xff,0xdf,0xff,0xff,0xff,0xdf,0xff,0xdf,0xff,0x04,0x29,0x25,0x29,0x24,0x31,
0x24,0x29,0x04,0x29,0xc3,0x21,0x44,0x3a,0xe3,0x74,0xa5,0x95,0x01,0x22,0x25,0x53,
0x44,0x8d,0x23,0x8d,0xe8,0x6b,0x60,0x19,0x04,0x29,0x03,0x29,0xec,0x5a,0xbf,0xff,
0x5d,0xef,0x5d,0xf7,0xff,0xff,0x7e,0xf7,0xbf,0xf7,0x9e,0xf7,0x7e,0xef,0xdf,0xff,
0xff,0xff,0x00,0x00,0x00,0x00,0x00,0x00,0x00,0x00,0x00,0x00,0x00,0x00,0x00,0x00,
0x00,0x00,0x00,0x00,0x00,0x00,0x00,0x00,0x00,0x00,0x00,0x00,0xff,0xff,0xff,0xff,
0xff,0xff,0xff,0xff,0x9d,0xf7,0x9e,0xf7,0x9e,0xff,0x9e,0xef,0x7d,0xf7,0xf3,0x9c,
0x64,0x31,0x65,0x29,0xff,0xff,0xff,0xff,0x24,0x31,0x04,0x29,0x04,0x6a,0x66,0x72,
0x05,0x6a,0x25,0x6a,0x63,0x21,0x64,0x19,0x20,0x2a,0x0a,0x85,0x02,0x4b,0x26,0x6c,
0x83,0x53,0xc4,0x53,0x63,0x39,0x67,0x5a,0x25,0x6a,0xc4,0x59,0x64,0x39,0x24,0x31,
0x03,0x29,0x44,0x29,0x69,0x52,0xbe,0xf7,0x9e,0xf7,0x9e,0xf7,0x7d,0xf7,0xff,0xff,
0xff,0xff,0x00,0x00,0x00,0x00,0x00,0x00,0x00,0x00,0x00,0x00,0x00,0x00,0x00,0x00,
0x00,0x00,0x00,0x00,0x00,0x00,0x00,0x00,0x00,0x00,0x00,0x00,0xff,0xff,0xdf,0xff,
0xff,0xff,0xff,0xff,0x9e,0xef,0x7e,0xf7,0xbf,0xf7,0x5d,0xef,0x82,0x18,0x25,0x31,
0x47,0x6a,0x26,0x72,0x04,0x29,0x44,0x39,0x46,0x72,0x86,0x82,0x46,0x7a,0xa7,0x8a,
0xc7,0x82,0x65,0x7a,0x26,0x6a,0xe5,0x71,0xa0,0x19,0x67,0x5b,0x45,0x64,0xe3,0x63,
0xc3,0x08,0x03,0x11,0x05,0x62,0x25,0x6a,0x46,0x6a,0x25,0x6a,0x66,0x72,0x86,0x7a,
0x87,0x7a,0x66,0x7a,0x45,0x31,0x24,0x31,0x49,0x4a,0xe3,0x20,0xe4,0x18,0xdf,0xff,
0xdf,0xff,0x00,0x00,0x00,0x00,0x00,0x00,0x00,0x00,0x00,0x00,0x00,0x00,0x00,0x00,
0x00,0x00,0x00,0x00,0x00,0x00,0x00,0x00,0x00,0x00,0x00,0x00,0x7d,0xf7,0x9e,0xf7,
0x9d,0xf7,0x9e,0xf7,0xff,0xff,0xff,0xff,0xbe,0xff,0x8e,0x73,0xe3,0x30,0x85,0x41,
0x45,0x7a,0x25,0x72,0x44,0x41,0x64,0x41,0xe4,0x69,0x66,0x7a,0x25,0x72,0x86,0x7a,
0x45,0x7a,0x65,0x72,0xe4,0x61,0xe4,0x59,0xa3,0x31,0x86,0x42,0x44,0x74,0xc2,0x5b,
0xe3,0x18,0x03,0x19,0xc4,0x61,0xe5,0x61,0x04,0x72,0x45,0x6a,0x25,0x72,0x45,0x72,
0x65,0x7a,0x45,0x72,0xe5,0x59,0xc5,0x51,0x83,0x49,0x06,0x52,0x47,0x62,0xc1,0x28,
0x20,0x08,0x00,0x00,0x00,0x00,0x00,0x00,0x00,0x00,0x00,0x00,0x00,0x00,0x00,0x00,
0x00,0x00,0x00,0x00,0x00,0x00,0x00,0x00,0x00,0x00,0x00,0x00,0x9e,0xef,0x7e,0xf7,
0x9e,0xef,0x7e,0xf7,0xff,0xff,0xdf,0xff,0x21,0x08,0x24,0x29,0xe2,0x38,0x88,0x72,
0x66,0x82,0xa6,0x8a,0x05,0x6a,0x46,0x7a,0x26,0x6a,0xc4,0x61,0xe5,0x61,0x46,0x72,
0x25,0x6a,0x45,0x72,0xa5,0x51,0xc5,0x59,0x65,0x21,0x64,0x29,0x07,0x7d,0xa1,0x5b,
0x24,0x21,0x03,0x21,0xa5,0x51,0xa4,0x59,0x26,0x6a,0xe4,0x69,0xe5,0x61,0x46,0x72,
0x26,0x6a,0x25,0x72,0xe5,0x59,0xa4,0x59,0xe5,0x61,0x46,0x72,0xc9,0x72,0x01,0x41,
0xe4,0x18,0x00,0x00,0x00,0x00,0x00,0x00,0x00,0x00,0x00,0x00,0x00,0x00,0x00,0x00,
0x00,0x00,0x00,0x00,0x00,0x00,0x00,0x00,0x00,0x00,0x00,0x00,0x9e,0xf7,0x9e,0xf7,
0x9d,0xf7,0x9e,0xf7,0xff,0xff,0xff,0xff,0x82,0x18,0x45,0x29,0xc6,0x9a,0xe6,0x92,
0xe7,0x92,0x04,0x72,0x05,0x72,0x25,0x6a,0x25,0x72,0x25,0x72,0x05,0x62,0xa4,0x51,
0xa4,0x59,0xa4,0x51,0x24,0x29,0x04,0x21,0xe7,0x92,0xc0,0x40,0x24,0x53,0xa3,0x3a,
0xc1,0x91,0x64,0xa2,0xe2,0x30,0xa5,0x41,0x83,0x59,0x46,0x6a,0x05,0x72,0xe4,0x61,
0x25,0x6a,0xa4,0x51,0x86,0x82,0x66,0x7a,0x65,0x82,0x86,0x7a,0xc6,0x8a,0x65,0x72,
0x88,0x6a,0x00,0x10,0x00,0x00,0x00,0x00,0x00,0x00,0x00,0x00,0x00,0x00,0x00,0x00,
0x00,0x00,0x00,0x00,0x00,0x00,0x00,0x00,0x00,0x00,0x00,0x00,0x9e,0xf7,0x7e,0xf7,
0x9e,0xef,0x7e,0xf7,0xbf,0xf7,0x45,0x31,0x43,0x41,0x67,0x72,0x26,0x6a,0xe5,0x69,
0x25,0x6a,0x25,0x72,0x85,0x49,0xa4,0x51,0xe5,0x61,0x05,0x6a,0x85,0x41,0x65,0x49,
0xa6,0x41,0x03,0x31,0xe3,0xc2,0x24,0xd3,0xe6,0xeb,0x80,0xc2,0x42,0x9a,0x63,0xaa,
0xe3,0xf3,0x03,0xfc,0xca,0xbb,0x60,0x50,0xa5,0x49,0x64,0x49,0xa5,0x51,0xe5,0x59,
0xa4,0x59,0x05,0x6a,0xc5,0x59,0xa4,0x59,0xe5,0x61,0x46,0x72,0x46,0x72,0x45,0x7a,
0x88,0x62,0x00,0x10,0x00,0x00,0x00,0x00,0x00,0x00,0x00,0x00,0x00,0x00,0x00,0x00,
0x00,0x00,0x00,0x00,0x00,0x00,0x00,0x00,0x00,0x00,0x00,0x00,0x7d,0xf7,0x9e,0xf7,
0x7d,0xf7,0x9e,0xf7,0x9d,0xff,0x45,0x29,0x22,0x49,0xa8,0x72,0x45,0x72,0x46,0x72,
0x25,0x72,0x46,0x72,0x64,0x51,0xa5,0x51,0x04,0x6a,0x45,0x6a,0x84,0x49,0x85,0x49,
0xa5,0x41,0x03,0x29,0x61,0xba,0xc3,0xc2,0xa5,0xeb,0xa0,0xa1,0xc0,0xa1,0x21,0xa2,
0xa2,0xeb,0xa3,0xe3,0x27,0xab,0x80,0x50,0xa4,0x51,0xa4,0x49,0x84,0x51,0xa4,0x51,
0xc4,0x61,0x66,0x6a,0xe4,0x61,0x26,0x62,0xe4,0x69,0x87,0x7a,0x45,0x7a,0x45,0x72,
0x88,0x6a,0x00,0x10,0x00,0x00,0x00,0x00,0x00,0x00,0x00,0x00,0x00,0x00,0x00,0x00,
0x00,0x00,0x00,0x00,0x00,0x00,0x00,0x00,0x00,0x00,0x00,0x00,0xff,0xff,0xff,0xff,
0xff,0xff,0xff,0xff,0x1c,0xe7,0x04,0x29,0x03,0x31,0xa5,0x51,0x66,0x7a,0x04,0x72,
0xc6,0x49,0x02,0x39,0x24,0x39,0x44,0x41,0xc5,0x51,0xa4,0x59,0x85,0x41,0x64,0x49,
0x04,0x21,0xc3,0x20,0x41,0xd3,0x45,0xf4,0x87,0xf5,0x87,0xfd,0x67,0xfd,0x22,0xe4,
0xc3,0xe3,0x82,0xe3,0xe5,0xba,0xc0,0x99,0x03,0x29,0x44,0x39,0x24,0x31,0x24,0x39,
0x03,0x39,0x64,0x49,0xa5,0x49,0xa5,0x51,0x25,0x6a,0x25,0x72,0x05,0x62,0x05,0x6a,
0x65,0x31,0x00,0x08,0x00,0x00,0x00,0x00,0x00,0x00,0x00,0x00,0x00,0x00,0x00,0x00,
0x00,0x00,0x00,0x00,0x00,0x00,0x00,0x00,0x00,0x00,0x00,0x00,0xff,0xff,0xff,0xff,
0xff,0xff,0xff,0xff,0x1b,0xef,0xe3,0x20,0xc2,0x28,0x65,0x31,0xe5,0x61,0xe5,0x61,
0x04,0x72,0x45,0x72,0x63,0x49,0xa5,0x51,0xa4,0x59,0xc5,0x59,0x65,0x41,0x24,0x31,
0x24,0x31,0xe3,0x20,0xc0,0xca,0x25,0xf4,0x85,0xfc,0x81,0xd3,0xa2,0xeb,0x03,0xec,
0xa3,0xca,0x83,0xc2,0xc4,0xba,0xe1,0x99,0xe2,0x28,0x24,0x31,0x23,0x39,0x44,0x39,
0xa4,0x59,0xc5,0x59,0x46,0x72,0x26,0x6a,0xe5,0x59,0x64,0x41,0x43,0x41,0x64,0x41,
0xa5,0x41,0x00,0x08,0x00,0x00,0x00,0x00,0x00,0x00,0x00,0x00,0x00,0x00,0x00,0x00,
0x00,0x00,0x00,0x00,0x00,0x00,0x00,0x00,0x00,0x00,0x00,0x00,0xff,0xff,0xff,0xff,
0xff,0xff,0xff,0xff,0x7e,0xef,0xdf,0xff,0xc3,0x20,0x44,0x31,0x05,0x62,0x26,0x72,
0x46,0x72,0x05,0x72,0x84,0x49,0x64,0x49,0x85,0x41,0x44,0x41,0x65,0x39,0x23,0x39,
0x65,0x31,0xe3,0x28,0x41,0xb2,0xe3,0xca,0x44,0xec,0xc2,0xe3,0xe4,0xe3,0x62,0xdb,
0xa3,0xc2,0x82,0xc2,0xc6,0xa2,0x60,0x79,0x04,0x29,0x24,0x31,0x24,0x31,0x44,0x41,
0xc5,0x51,0x84,0x51,0xe6,0x59,0xa4,0x59,0xe6,0x59,0x84,0x51,0xe6,0x59,0x84,0x51,
0xa6,0x39,0x00,0x08,0x00,0x00,0x00,0x00,0x00,0x00,0x00,0x00,0x00,0x00,0x00,0x00,
0x00,0x00,0x00,0x00,0x00,0x00,0x00,0x00,0x00,0x00,0x00,0x00,0xff,0xff,0xff,0xff,
0xff,0xff,0xff,0xff,0xff,0xff,0xff,0xff,0xa0,0x28,0x06,0x52,0x65,0x82,0x66,0x7a,
0x86,0x82,0x25,0x72,0x84,0x49,0xa4,0x49,0x23,0x31,0x03,0x29,0x64,0x49,0x44,0x39,
0x64,0x39,0x24,0x29,0x00,0xb2,0xc3,0xc2,0x81,0xdb,0xc3,0xe3,0xc3,0xeb,0x01,0xcb,
0xa1,0xd2,0xe2,0xca,0x65,0x92,0xe0,0x58,0x04,0x31,0xe3,0x20,0xe2,0x30,0x64,0x39,
0x63,0x51,0xe5,0x59,0xa4,0x51,0x84,0x49,0x25,0x72,0x05,0x6a,0x45,0x72,0x05,0x62,
0x65,0x39,0x00,0x00,0x00,0x00,0x00,0x00,0x00,0x00,0x00,0x00,0x00,0x00,0x00,0x00,
0x00,0x00,0x00,0x00,0x00,0x00,0x00,0x00,0x00,0x00,0x00,0x00,0xff,0xff,0xdf,0xff,
0xff,0xff,0xdf,0xff,0x65,0x29,0x45,0x31,0xc5,0x61,0x46,0x72,0x86,0x7a,0x45,0x7a,
0x87,0x7a,0x04,0x72,0x66,0x7a,0x45,0x7a,0xa5,0x51,0x03,0x41,0x24,0x29,0x03,0x29,
0x04,0x29,0x03,0x29,0x04,0x21,0xc3,0x20,0xa0,0x91,0x25,0xcb,0x04,0xcb,0x81,0xc2,
0x03,0x9a,0x23,0xa2,0xe4,0x20,0xe4,0x28,0x04,0x29,0x65,0x41,0x24,0x29,0xe3,0x28,
0x25,0x31,0xe3,0x30,0x24,0x31,0xe3,0x30,0xc4,0x59,0x66,0x7a,0x87,0x7a,0x45,0x7a,
0x27,0x5a,0x00,0x10,0x00,0x00,0x00,0x00,0x00,0x00,0x00,0x00,0x00,0x00,0x00,0x00,
0x00,0x00,0x00,0x00,0x00,0x00,0x00,0x00,0x00,0x00,0x00,0x00,0x9e,0xf7,0xbe,0xf7,
0x9e,0xf7,0xbe,0xf7,0x45,0x31,0x65,0x31,0x64,0x49,0x44,0x39,0xa3,0x61,0x46,0x6a,
0xa6,0x8a,0x45,0x7a,0xa4,0x59,0xc4,0x59,0x64,0x41,0xe3,0x28,0xe2,0x30,0xc6,0x49,
0x84,0x49,0x64,0x41,0xe3,0x28,0xe4,0x20,0xc3,0x28,0xe4,0x20,0x04,0x31,0x04,0x29,
0x03,0x31,0x24,0x31,0x64,0x49,0x64,0x39,0x85,0x49,0x03,0x31,0x23,0x39,0x64,0x39,
0xe2,0x30,0xe6,0x49,0xc4,0x61,0xe5,0x61,0xa4,0x61,0xe5,0x61,0x65,0x82,0xa7,0x82,
0xa8,0x72,0x00,0x10,0x00,0x00,0x00,0x00,0x00,0x00,0x00,0x00,0x00,0x00,0x00,0x00,
0x00,0x00,0x00,0x00,0x00,0x00,0x00,0x00,0x00,0x00,0x00,0x00,0x9e,0xef,0x7e,0xf7,
0x9e,0xef,0x7e,0xf7,0x04,0x21,0xe4,0x28,0x64,0x41,0x85,0x49,0x25,0x6a,0x05,0x72,
0xc7,0x82,0x45,0x7a,0xe6,0x61,0xa4,0x59,0x85,0x39,0xa2,0x28,0xa3,0x18,0x04,0x31,
0x64,0x39,0x23,0x39,0x04,0x21,0xc3,0x28,0x04,0x29,0x04,0x31,0x25,0x29,0xe3,0x28,
0xe4,0x20,0xe3,0x28,0xa5,0x41,0x43,0x41,0x65,0x39,0xc2,0x28,0x03,0x29,0x24,0x31,
0xc3,0x28,0x65,0x41,0xa4,0x51,0xa4,0x59,0xe5,0x61,0x26,0x72,0x46,0x72,0x66,0x82,
0xc9,0x6a,0x00,0x10,0x00,0x00,0x00,0x00,0x00,0x00,0x00,0x00,0x00,0x00,0x00,0x00,
0x00,0x00,0x00,0x00,0x00,0x00,0x00,0x00,0x00,0x00,0x00,0x00,0x9e,0xf7,0x9e,0xf7,
0x7d,0xf7,0x9e,0xef,0xbe,0xff,0xff,0xff,0x03,0x39,0x65,0x39,0x84,0x51,0xc5,0x51,
0xe4,0x69,0x46,0x72,0x23,0x41,0x85,0x49,0x03,0x39,0x65,0x39,0x44,0x82,0x08,0x93,
0xc6,0x92,0x65,0x7a,0x44,0x41,0x44,0x39,0xe3,0x30,0xa6,0x41,0xa5,0x51,0x84,0x49,
0x43,0x41,0x44,0x39,0x03,0x31,0x44,0x31,0xe1,0x40,0xc8,0x72,0x85,0x8a,0x28,0x93,
0x05,0x6a,0xc4,0x59,0xe5,0x61,0xc5,0x59,0x44,0x82,0x86,0x8a,0xc7,0x8a,0x04,0x6a,
0x26,0x5a,0x00,0x08,0x00,0x00,0x00,0x00,0x00,0x00,0x00,0x00,0x00,0x00,0x00,0x00,
0x00,0x00,0x00,0x00,0x00,0x00,0x00,0x00,0x00,0x00,0x00,0x00,0x9e,0xf7,0x7e,0xf7,
0x7e,0xef,0x7d,0xf7,0xb7,0xbd,0x04,0x29,0x03,0x31,0x07,0x5a,0x67,0x72,0xa4,0x61,
0x65,0x41,0x44,0x41,0x45,0x39,0x24,0x39,0xc4,0x61,0x87,0x82,0xc6,0x8a,0xa6,0x8a,
0xc7,0x8a,0x24,0x7a,0x46,0x6a,0xe5,0x69,0xa6,0x49,0x03,0x39,0x44,0x39,0x85,0x49,
0x04,0x29,0xe3,0x28,0x83,0x51,0xe8,0x8a,0xe7,0x92,0xc6,0x92,0xc7,0x8a,0x86,0x8a,
0xa7,0x82,0x45,0x82,0xe5,0x61,0xe5,0x61,0x26,0x62,0x84,0x59,0xa4,0x51,0xe5,0x61,
0x47,0x52,0x00,0x10,0x00,0x00,0x00,0x00,0x00,0x00,0x00,0x00,0x00,0x00,0x00,0x00,
0x00,0x00,0x00,0x00,0x00,0x00,0x00,0x00,0x00,0x00,0x00,0x00,0x7d,0xf7,0x9e,0xf7,
0x7d,0xf7,0xdf,0xff,0xc3,0x20,0x25,0x29,0x02,0x39,0x07,0x5a,0x66,0x7a,0xe4,0x61,
0x84,0x51,0xa4,0x49,0x44,0x41,0x64,0x39,0xe4,0x69,0x87,0x7a,0xe6,0x92,0xc6,0x8a,
0xe7,0x92,0x44,0x7a,0x05,0x6a,0xe4,0x61,0x84,0x49,0x64,0x41,0x43,0x41,0xe6,0x51,
0xe3,0x28,0xe3,0x20,0x83,0x59,0x87,0x72,0x65,0x82,0x07,0x93,0xc6,0x92,0x86,0x82,
0x86,0x82,0x25,0x72,0x05,0x6a,0xe4,0x61,0xc5,0x61,0xc5,0x51,0x83,0x51,0x06,0x62,
0x47,0x62,0x00,0x08,0x00,0x00,0x00,0x00,0x00,0x00,0x00,0x00,0x00,0x00,0x00,0x00,
0x00,0x00,0x00,0x00,0x00,0x00,0x00,0x00,0x00,0x00,0x00,0x00,0x9e,0xef,0x7d,0xf7,
0x7e,0xef,0xbf,0xff,0x24,0x29,0x24,0x31,0xc4,0x61,0x87,0x82,0x86,0x7a,0x25,0x72,
0x26,0x6a,0xc4,0x61,0xc5,0x59,0xc5,0x61,0x05,0x6a,0x05,0x6a,0x26,0x6a,0xe5,0x69,
0x25,0x6a,0x05,0x6a,0x05,0x62,0xc4,0x61,0xe5,0x61,0x66,0x7a,0x66,0x7a,0xa6,0x8a,
0xe5,0x61,0xe5,0x69,0xe5,0x59,0xc5,0x61,0x25,0x6a,0x45,0x72,0x87,0x7a,0xe4,0x69,
0xe5,0x61,0xc4,0x61,0x05,0x62,0xe5,0x69,0x64,0x51,0x26,0x6a,0x46,0x62,0xa4,0x59,
0x85,0x31,0x00,0x08,0x00,0x00,0x00,0x00,0x00,0x00,0x00,0x00,0x00,0x00,0x00,0x00,
0x00,0x00,0x00,0x00,0x00,0x00,0x00,0x00,0x00,0x00,0x00,0x00,0xff,0xff,0xff,0xff,
0xdf,0xff,0xff,0xff,0x24,0x31,0x45,0x29,0xa6,0x8a,0x25,0x72,0xe5,0x69,0x46,0x72,
0xc3,0x69,0xc7,0x82,0xa5,0x8a,0xa6,0x82,0xe4,0x69,0x05,0x6a,0x05,0x72,0x05,0x6a,
0xe4,0x69,0x46,0x6a,0x85,0x82,0x28,0x93,0xe4,0x69,0x25,0x6a,0x24,0x7a,0xc7,0x82,
0xa5,0x92,0xc6,0x8a,0x25,0x72,0xe4,0x61,0xc4,0x61,0x05,0x62,0xe4,0x69,0x05,0x6a,
0x05,0x72,0x05,0x6a,0x04,0x72,0x66,0x7a,0x86,0x82,0xe4,0x69,0xe4,0x69,0x05,0x6a,
0x06,0x5a,0x00,0x10,0x00,0x00,0x00,0x00,0x00,0x00,0x00,0x00,0x00,0x00,0x00,0x00,
0x00,0x00,0x00,0x00,0x00,0x00,0x00,0x00,0x00,0x00,0x00,0x00,0xff,0xff,0xdf,0xff,
0xff,0xff,0xff,0xff,0xef,0x7b,0x04,0x29,0x46,0x72,0x04,0x72,0xa5,0x51,0x84,0x51,
0x64,0x49,0xa4,0x59,0x45,0x72,0x45,0x7a,0x05,0x6a,0x05,0x6a,0x26,0x6a,0xe5,0x69,
0x05,0x62,0x05,0x6a,0xe5,0x59,0xa4,0x59,0x05,0x62,0x25,0x72,0x26,0x72,0x25,0x72,
0x46,0x72,0x25,0x72,0x46,0x6a,0xc4,0x61,0x47,0x62,0x63,0x49,0xa4,0x51,0xe5,0x61,
0x46,0x72,0x25,0x72,0x25,0x72,0x45,0x7a,0x46,0x6a,0x63,0x51,0x84,0x51,0x05,0x6a,
0x27,0x5a,0x00,0x10,0x00,0x00,0x00,0x00,0x00,0x00,0x00,0x00,0x00,0x00,0x00,0x00,
0x00,0x00,0x00,0x00,0x00,0x00,0x00,0x00,0x00,0x00,0x00,0x00,0xff,0xff,0xff,0xff,
0xff,0xff,0xa3,0x18,0xa2,0x20,0x04,0x21,0xe4,0x69,0x25,0x72,0x84,0x51,0x84,0x49,
0x63,0x49,0xe6,0x59,0x24,0x72,0x45,0x72,0x45,0x72,0x05,0x6a,0x25,0x72,0x25,0x6a,
0x05,0x6a,0x46,0x6a,0xa4,0x59,0xa4,0x51,0x25,0x72,0x25,0x6a,0x25,0x72,0x25,0x6a,
0x05,0x72,0x25,0x6a,0x25,0x72,0x25,0x6a,0x46,0x6a,0x63,0x49,0x63,0x51,0x46,0x62,
0x45,0x7a,0x45,0x72,0x05,0x72,0x45,0x72,0x46,0x6a,0x83,0x51,0x63,0x51,0x26,0x62,
0x47,0x62,0x00,0x10,0x00,0x00,0x00,0x00,0x00,0x00,0x00,0x00,0x00,0x00,0x00,0x00,
0x00,0x00,0x00,0x00,0x00,0x00,0x00,0x00,0x00,0x00,0x00,0x00,0xff,0xff,0xff,0xff,
0xff,0xff,0x82,0x18,0xe3,0x28,0x65,0x41,0x65,0x41,0x64,0x49,0x44,0x41,0x85,0x51,
0x05,0x6a,0xa7,0x82,0x05,0x62,0xe5,0x69,0x26,0x6a,0x05,0x6a,0x06,0x62,0x84,0x51,
0xc5,0x49,0x84,0x49,0x44,0x39,0x44,0x41,0xa4,0x51,0x26,0x6a,0x05,0x62,0x25,0x6a,
0x26,0x6a,0x05,0x6a,0x06,0x62,0x63,0x51,0x85,0x41,0x23,0x39,0x24,0x31,0x64,0x41,
0xe4,0x61,0xc7,0x8a,0x26,0x6a,0xc4,0x69,0x84,0x51,0xe5,0x69,0x47,0x62,0x63,0x51,
0xa6,0x39,0x00,0x08,0x00,0x00,0x00,0x00,0x00,0x00,0x00,0x00,0x00,0x00,0x00,0x00,
0x00,0x00,0x00,0x00,0x00,0x00,0x00,0x00,0x00,0x00,0x00,0x00,0xff,0xff,0xff,0xff,
0xff,0xff,0xa2,0x10,0xe3,0x30,0x65,0x39,0x03,0x39,0x64,0x39,0xc4,0x59,0xe5,0x59,
0xe4,0x71,0x86,0x7a,0x25,0x72,0x05,0x6a,0x46,0x6a,0x83,0x49,0x63,0x41,0x64,0x41,
0x64,0x49,0xa5,0x49,0x25,0x72,0x46,0x72,0x86,0x82,0x25,0x72,0xe4,0x69,0x05,0x6a,
0x04,0x6a,0x25,0x6a,0xe4,0x61,0x84,0x51,0x64,0x49,0x44,0x39,0x24,0x39,0x24,0x31,
0x84,0x51,0x84,0x49,0xc4,0x61,0xc5,0x59,0xe4,0x69,0x25,0x6a,0x25,0x6a,0xc4,0x59,
0x85,0x41,0x00,0x08,0x00,0x00,0x00,0x00,0x00,0x00,0x00,0x00,0x00,0x00,0x00,0x00,
0x00,0x00,0x00,0x00,0x00,0x00,0x00,0x00,0x00,0x00,0x00,0x00,0x7e,0xef,0x7e,0xf7,
0x7e,0xef,0x82,0x18,0x04,0x29,0x65,0x39,0xe3,0x28,0x65,0x41,0x26,0x6a,0xe5,0x69,
0x26,0x6a,0xe5,0x69,0x25,0x6a,0x25,0x72,0x47,0x62,0x63,0x51,0x64,0x41,0x64,0x49,
0xa5,0x49,0x64,0x49,0x45,0x72,0x45,0x7a,0x87,0x7a,0xe4,0x69,0x05,0x62,0xe5,0x69,
0xe5,0x61,0x05,0x6a,0x26,0x6a,0xe5,0x69,0xa5,0x49,0x84,0x51,0x65,0x39,0x03,0x31,
0xa5,0x49,0x44,0x41,0x06,0x62,0xa4,0x59,0x46,0x6a,0x05,0x72,0x26,0x6a,0x84,0x59,
0x86,0x39,0x00,0x08,0x00,0x00,0x00,0x00,0x00,0x00,0x00,0x00,0x00,0x00,0x00,0x00,
0x00,0x00,0x00,0x00,0x00,0x00,0x00,0x00,0x00,0x00,0x00,0x00,0x9d,0xf7,0x9e,0xf7,
0x7d,0xf7,0xdf,0xff,0xb6,0xc5,0x25,0x29,0xa4,0x51,0xa4,0x49,0x64,0x51,0x85,0x49,
0x43,0x41,0xa5,0x49,0x05,0x6a,0xe5,0x61,0x84,0x51,0xa4,0x51,0x03,0x39,0x85,0x41,
0x63,0x59,0x46,0x6a,0x44,0x82,0xc6,0x8a,0x65,0x82,0x86,0x82,0x25,0x6a,0x63,0x49,
0xe4,0x69,0x25,0x6a,0x63,0x51,0x84,0x49,0xa4,0x59,0x64,0x49,0x64,0x49,0xa5,0x49,
0x03,0x39,0x64,0x39,0x43,0x41,0x64,0x41,0x43,0x41,0x84,0x49,0x64,0x49,0x84,0x49,
0xa5,0x49,0x00,0x08,0x00,0x00,0x00,0x00,0x00,0x00,0x00,0x00,0x00,0x00,0x00,0x00,
0x00,0x00,0x00,0x00,0x00,0x00,0x00,0x00,0x00,0x00,0x00,0x00,0x9e,0xef,0x7e,0xf7,
0x7e,0xef,0x7d,0xf7,0x76,0xb5,0x04,0x29,0xc5,0x51,0x64,0x49,0x64,0x41,0x64,0x49,
0x85,0x41,0x64,0x49,0xa5,0x49,0x23,0x41,0x85,0x49,0x84,0x51,0x24,0x31,0x85,0x49,
0xa4,0x51,0x06,0x62,0xe5,0x61,0x05,0x6a,0xa8,0x7a,0xa3,0x61,0xa5,0x49,0x64,0x49,
0xc5,0x59,0xc5,0x61,0xa5,0x49,0x44,0x41,0x85,0x49,0xa4,0x51,0xe6,0x51,0x64,0x49,
0x45,0x31,0x03,0x31,0x44,0x31,0x24,0x39,0x64,0x41,0x64,0x49,0xa5,0x49,0x64,0x49,
0x65,0x31,0x00,0x08,0x00,0x00,0x00,0x00,0x00,0x00,0x00,0x00,0x00,0x00,0x00,0x00,
0x00,0x00,0x00,0x00,0x00,0x00,0x00,0x00,0x00,0x00,0x00,0x00,0x7d,0xf7,0x9e,0xf7,
0x7d,0xf7,0x9e,0xef,0x75,0xb5,0x04,0x21,0x64,0x49,0xa5,0x49,0x64,0x49,0x84,0x41,
0x64,0x49,0x85,0x49,0x44,0x41,0x44,0x39,0x64,0x49,0x64,0x41,0x03,0x39,0xa5,0x41,
0xa4,0x51,0x64,0x41,0xe4,0x71,0x45,0x72,0x06,0x62,0x63,0x49,0x64,0x49,0x64,0x41,
0x43,0x41,0x85,0x49,0xa5,0x51,0x43,0x39,0x43,0x41,0x85,0x49,0x84,0x51,0x64,0x41,
0x64,0x41,0x03,0x29,0xe3,0x30,0x44,0x39,0x64,0x49,0x64,0x41,0x84,0x49,0x64,0x39,
0x64,0x39,0x00,0x08,0x00,0x00,0x00,0x00,0x00,0x00,0x00,0x00,0x00,0x00,0x00,0x00,
0x00,0x00,0x00,0x00,0x00,0x00,0x00,0x00,0x00,0x00,0x00,0x00,0x9e,0xef,0x9e,0xf7,
0x9e,0xef,0x7d,0xf7,0xdf,0xff,0xff,0xff,0xc7,0x39,0x04,0x29,0xc2,0x28,0x85,0x41,
0x85,0x41,0x64,0x49,0x44,0x39,0x44,0x41,0x45,0x31,0x24,0x31,0x04,0x29,0x04,0x31,
0x04,0x29,0x65,0x39,0x85,0x41,0x85,0x49,0xa5,0x41,0x44,0x41,0x25,0x29,0x04,0x31,
0xe4,0x20,0x04,0x31,0x45,0x31,0xe3,0x28,0x65,0x41,0x85,0x49,0x65,0x41,0x44,0x41,
0x85,0x39,0xc3,0x30,0x04,0x29,0xe4,0x28,0xe3,0x28,0x85,0x49,0x65,0x41,0x44,0x41,
0xe4,0x20,0x00,0x00,0x00,0x00,0x00,0x00,0x00,0x00,0x00,0x00,0x00,0x00,0x00,0x00,
0x00,0x00,0x00,0x00,0x00,0x00,0x00,0x00,0x00,0x00,0x00,0x00,0x00,0x00,0x00,0x00,
0x00,0x00,0x00,0x00,0x00,0x00,0x00,0x00,0x00,0x00,0x00,0x00,0x00,0x00,0x00,0x00,
0x00,0x00,0x00,0x00,0x00,0x00,0x00,0x00,0x00,0x00,0x00,0x00,0x00,0x00,0x00,0x00,
0x00,0x00,0x00,0x00,0x00,0x00,0x00,0x00,0x00,0x00,0x00,0x00,0x00,0x00,0x00,0x00,
0x00,0x00,0x00,0x00,0x00,0x00,0x00,0x00,0x00,0x00,0x00,0x00,0x00,0x00,0x00,0x00,
0x00,0x00,0x00,0x00,0x00,0x00,0x00,0x00,0x00,0x00,0x00,0x00,0x00,0x00,0x00,0x00,
0x00,0x00,0x00,0x00,0x00,0x00,0x00,0x00,0x00,0x00,0x00,0x00,0x00,0x00,0x00,0x00,
0x00,0x00,0x00,0x00,0x00,0x00,0x00,0x00,0x00,0x00,0x00,0x00,0x00,0x00,0x00,0x00,
0x00,0x00,0x00,0x00,0x00,0x00,0x00,0x00,0x00,0x00,0x00,0x00,0x00,0x00,0x00,0x00,
0x00,0x00,0x00,0x00,0x00,0x00,0x00,0x00,0x00,0x00,0x00,0x00,0x00,0x00,0x00,0x00,
0x00,0x00,0x00,0x00,0x00,0x00,0x00,0x00,0x00,0x00,0x00,0x00,0x00,0x00,0x00,0x00,
0x00,0x00,0x00,0x00,0x00,0x00,0x00,0x00,0x00,0x00,0x00,0x00,0x00,0x00,0x00,0x00,
0x00,0x00,0x00,0x00,0x00,0x00,0x00,0x00,0x00,0x00,0x00,0x00,0x00,0x00,0x00,0x00,
0x00,0x00,0x00,0x00,0x00,0x00,0x00,0x00,0x00,0x00,0x00,0x00,0x00,0x00,0x00,0x00,
0x00,0x00,0x00,0x00,0x00,0x00,0x00,0x00,0x00,0x00,0x00,0x00,0x00,0x00,0x00,0x00,
0x00,0x00,0x00,0x00,0x00,0x00,0x00,0x00,0x00,0x00,0x00,0x00,0x00,0x00,0x00,0x00,
0x00,0x00,0x00,0x00,0x00,0x00,0x00,0x00,0x00,0x00,0x00,0x00,0x00,0x00,0x00,0x00,
0x00,0x00,0x00,0x00,0x00,0x00,0x00,0x00,0x00,0x00,0x00,0x00,0x00,0x00,0x00,0x00,
0x00,0x00,0x00,0x00,0x00,0x00,0x00,0x00,0x00,0x00,0x00,0x00,0x00,0x00,0x00,0x00,
0x00,0x00,0x00,0x00,0x00,0x00,0x00,0x00,0x00,0x00,0x00,0x00,0x00,0x00,0x00,0x00,
0x00,0x00,0x00,0x00,0x00,0x00,0x00,0x00,0x00,0x00,0x00,0x00,0x00,0x00,0x00,0x00,
0x00,0x00,0x00,0x00,0x00,0x00,0x00,0x00,0x00,0x00,0x00,0x00,0x00,0x00,0x00,0x00,
0x00,0x00,0x00,0x00,0x00,0x00,0x00,0x00,0x00,0x00,0x00,0x00,0x00,0x00,0x00,0x00,
0x00,0x00,0x00,0x00,0x00,0x00,0x00,0x00,0x00,0x00,0x00,0x00,0x00,0x00,0x00,0x00,
0x00,0x00,0x00,0x00,0x00,0x00,0x00,0x00,0x00,0x00,0x00,0x00,0x00,0x00,0x00,0x00,
0x00,0x00,0x00,0x00,0x00,0x00,0x00,0x00,0x00,0x00,0x00,0x00,0x00,0x00,0x00,0x00,
0x00,0x00,0x00,0x00,0x00,0x00,0x00,0x00,0x00,0x00,0x00,0x00,0x00,0x00,0x00,0x00,
0x00,0x00,0x00,0x00,0x00,0x00,0x00,0x00,0x00,0x00,0x00,0x00,0x00,0x00,0x00,0x00,
0x00,0x00,0x00,0x00,0x00,0x00,0x00,0x00,0x00,0x00,0x00,0x00,0x00,0x00,0x00,0x00,
0x00,0x00,0x00,0x00,0x00,0x00,0x00,0x00,0x00,0x00,0x00,0x00,0x00,0x00,0x00,0x00,
0x00,0x00,0x00,0x00,0x00,0x00,0x00,0x00,0x00,0x00,0x00,0x00,0x00,0x00,0x00,0x00,
0x00,0x00,0x00,0x00,0x00,0x00,0x00,0x00,0x00,0x00,0x00,0x00,0x00,0x00,0x00,0x00,
0x00,0x00,0x00,0x00,0x00,0x00,0x00,0x00,0x00,0x00,0x00,0x00,0x00,0x00,0x00,0x00,
0x00,0x00,0x00,0x00,0x00,0x00,0x00,0x00,0x00,0x00,0x00,0x00,0x00,0x00,0x00,0x00,
0x00,0x00,0x00,0x00,0x00,0x00,0x00,0x00,0x00,0x00,0x00,0x00,0x00,0x00,0x00,0x00,
0x00,0x00,0x00,0x00,0x00,0x00,0x00,0x00,0x00,0x00,0x00,0x00,0x00,0x00,0x00,0x00,
0x00,0x00,0x00,0x00,0x00,0x00,0x00,0x00,0x00,0x00,0x00,0x00,0x00,0x00,0x00,0x00,
0x00,0x00,0x00,0x00,0x00,0x00,0x00,0x00,0x00,0x00,0x00,0x00,0x00,0x00,0x00,0x00,
0x00,0x00,0x00,0x00,0x00,0x00,0x00,0x00,0x00,0x00,0x00,0x00,0x00,0x00,0x00,0x00,
0x00,0x00,0x00,0x00,0x00,0x00,0x00,0x00,0x00,0x00,0x00,0x00,0x00,0x00,0x00,0x00,
0x00,0x00,0x00,0x00,0x00,0x00,0x00,0x00,0x00,0x00,0x00,0x00,0x00,0x00,0x00,0x00,
0x00,0x00,0x00,0x00,0x00,0x00,0x00,0x00,0x00,0x00,0x00,0x00,0x00,0x00,0x00,0x00,
0x00,0x00,0x00,0x00,0x00,0x00,0x00,0x00,0x00,0x00,0x00,0x00,0x00,0x00,0x00,0x00,
0x00,0x00,0x00,0x00,0x00,0x00,0x00,0x00,0x00,0x00,0x00,0x00,0x00,0x00,0x00,0x00,
0x00,0x00,0x00,0x00,0x00,0x00,0x00,0x00,0x00,0x00,0x00,0x00,0x00,0x00,0x00,0x00,
0x00,0x00,0x00,0x00,0x00,0x00,0x00,0x00,0x00,0x00,0x00,0x00,0x00,0x00,0x00,0x00,
0x00,0x00,0x00,0x00,0x00,0x00,0x00,0x00,0x00,0x00,0x00,0x00,0x00,0x00,0x00,0x00,
0x00,0x00,0x00,0x00,0x00,0x00,0x00,0x00,0x00,0x00,0x00,0x00,0x00,0x00,0x00,0x00,
0x00,0x00,0x00,0x00,0x00,0x00,0x00,0x00,0x00,0x00,0x00,0x00,0x00,0x00,0x00,0x00,
0x00,0x00,0x00,0x00,0x00,0x00,0x00,0x00,0x00,0x00,0x00,0x00,0x00,0x00,0x00,0x00,
0x00,0x00,0x00,0x00,0x00,0x00,0x00,0x00,0x00,0x00,0x00,0x00,0x00,0x00,0x00,0x00,
0x00,0x00,0x00,0x00,0x00,0x00,0x00,0x00,0x00,0x00,0x00,0x00,0x00,0x00,0x00,0x00,
0x00,0x00,0x00,0x00,0x00,0x00,0x00,0x00,0x00,0x00,0x00,0x00,0x00,0x00,0x00,0x00,
0x00,0x00,0x00,0x00,0x00,0x00,0x00,0x00,0x00,0x00,0x00,0x00,0x00,0x00,0x00,0x00,
0x00,0x00,0x00,0x00,0x00,0x00,0x00,0x00,0x00,0x00,0x00,0x00,0x00,0x00,0x00,0x00,
0x00,0x00,0x00,0x00,0x00,0x00,0x00,0x00,0x00,0x00,0x00,0x00,0x00,0x00,0x00,0x00,
0x00,0x00,0x00,0x00,0x00,0x00,0x00,0x00,0x00,0x00,0x00,0x00,0x00,0x00,0x00,0x00,
0x00,0x00,0x00,0x00,0x00,0x00,0x00,0x00,0x00,0x00,0x00,0x00,0x00,0x00,0x00,0x00,
0x00,0x00,0x00,0x00,0x00,0x00,0x00,0x00,0x00,0x00,0x00,0x00,0x00,0x00,0x00,0x00,
0x00,0x00,0x00,0x00,0x00,0x00,0x00,0x00,0x00,0x00,0x00,0x00,0x00,0x00,0x00,0x00,
0x00,0x00,0x00,0x00,0x00,0x00,0x00,0x00,0x00,0x00,0x00,0x00,0x00,0x00,0x00,0x00,
0x00,0xff,0xff,0xff,0x00,0x00,0x00,0x00,0x00,0x00,0xff,0xff,0xff,0x00,0x00,0x00,
0x00,0x00,0x00,0x00,0x00,0x00,0x00,0x00,0x00,0x00,0x00,0x00,0x00,0x00,0x00,0x00,
0x00,0x00,0x00,0x00,0x00,0x00,0x00,0x00,0x00,0x00,0x00,0x00,0x00,0x00,0x00,0x00,
0x00,0x00,0x00,0x00,0x00,0x00,0x00,0x00,0x00,0xff,0xff,0xff,0xff,0xff,0x00,0x00,
0xff,0xff,0xff,0xff,0xff,0x00,0x00,0x00,0x00,0x00,0x00,0x00,0x00,0x00,0x00,0x00,
0x00,0x00,0x00,0x00,0x00,0x00,0x00,0x00,0x00,0x00,0x00,0x00,0x00,0x00,0x00,0x00,
0x00,0x00,0x00,0x00,0x00,0x00,0x00,0x00,0x00,0x00,0x00,0x00,0x00,0x00,0x00,0x00,
0x00,0xff,0xff,0xff,0xff,0xff,0x00,0x00,0xff,0xff,0xff,0xff,0xff,0x00,0x00,0x00,
0x00,0x00,0x00,0x00,0x00,0x00,0x00,0x00,0x00,0x00,0x00,0x00,0x00,0x00,0x00,0x00,
0x00,0x00,0x00,0x00,0x00,0x00,0x00,0x00,0x00,0x00,0x00,0x00,0x00,0x00,0x00,0x00,
0x00,0x00,0x00,0x00,0x00,0x00,0x00,0x00,0x00,0xff,0xff,0xff,0xff,0xff,0xff,0xff,
0xff,0xff,0xff,0xff,0xff,0x00,0x00,0x00,0x00,0x00,0x00,0x00,0x00,0x00,0x00,0x00,
0x00,0x00,0x00,0x00,0x00,0x00,0x00,0x00,0x00,0x00,0x00,0x00,0x00,0x00,0x00,0x00,
0x00,0x00,0x00,0x00,0x00,0x00,0x00,0x00,0x00,0x00,0x00,0x00,0x00,0x00,0x00,0x00,
0x00,0xff,0xff,0xff,0xff,0xff,0xff,0xff,0xff,0xff,0xff,0xff,0xff,0x00,0x00,0x00,
0x00,0x00,0x00,0x00,0x00,0x00,0x00,0x00,0x00,0x00,0x00,0x00,0x00,0x00,0x00,0x00,
0x00,0x00,0x00,0x00,0x00,0x00,0x00,0x00,0x00,0x00,0x00,0x00,0x00,0x00,0x00,0x00,
0x00,0x00,0x00,0x00,0x00,0xff,0xff,0xff,0xff,0xff,0xff,0xff,0xff,0xff,0xff,0xff,
0xff,0xff,0xff,0xff,0xff,0xff,0xff,0x00,0x00,0x00,0x00,0x00,0x00,0x00,0x00,0x00,
0x00,0x00,0x00,0x00,0x00,0x00,0x00,0x00,0x00,0x00,0x00,0x00,0x00,0x00,0x00,0x00,
0x00,0x00,0x00,0x00,0x00,0x00,0x00,0x00,0x00,0x00,0x00,0x00,0x00,0xff,0xff,0xff,
0xff,0xff,0xff,0xff,0xff,0xff,0xff,0xff,0xff,0xff,0xff,0xff,0xff,0xff,0xff,0x00,
0x00,0x00,0x00,0x00,0x00,0x00,0x00,0x00,0x00,0x00,0x00,0x00,0x00,0x00,0x00,0x00,
0x00,0x00,0x00,0x00,0x00,0x00,0x00,0x00,0x00,0x00,0x00,0x00,0x00,0x00,0x00,0xff,
0xff,0xff,0x00,0x00,0xff,0xff,0xff,0xff,0xff,0xff,0xff,0xff,0xff,0xff,0xff,0xff,
0xff,0xff,0xff,0xff,0xff,0xff,0xff,0xff,0xff,0xff,0xff,0x00,0x00,0x00,0x00,0x00,
0x00,0x00,0x00,0x00,0x00,0x00,0x00,0x00,0x00,0x00,0x00,0x00,0x00,0x00,0x00,0x00,
0x00,0x00,0x00,0x00,0x00,0x00,0xff,0xff,0xff,0xff,0xff,0xff,0xff,0xff,0xff,0xff,
0xff,0xff,0xff,0xff,0xff,0xff,0xff,0xff,0xff,0xff,0xff,0xff,0xff,0xff,0xff,0xff,
0xff,0xff,0xff,0xff,0xff,0xff,0xff,0x00,0x00,0x00,0x00,0x00,0x00,0x00,0x00,0x00,
0x00,0x00,0x00,0x00,0x00,0x00,0x00,0x00,0x00,0x00,0x00,0x00,0x00,0xff,0xff,0xff,
0xff,0xff,0xff,0xff,0xff,0xff,0xff,0xff,0xff,0xff,0xff,0xff,0xff,0xff,0xff,0xff,
0xff,0xff,0xff,0xff,0xff,0xff,0xff,0xff,0xff,0xff,0xff,0xff,0xff,0xff,0xff,0xff,
0xff,0x00,0x00,0x00,0x00,0x00,0x00,0x00,0x00,0x00,0x00,0x00,0x00,0x00,0x00,0x00,
0x00,0x00,0x00,0x00,0xff,0xff,0xff,0xff,0xff,0xff,0xff,0xff,0xff,0xff,0xff,0xff,
0xff,0xff,0xff,0xff,0xff,0xff,0xff,0xff,0xff,0xff,0xff,0xff,0xff,0xff,0xff,0xff,
0xff,0xff,0xff,0xff,0xff,0xff,0xff,0xff,0xff,0x00,0x00,0x00,0x00,0x00,0x00,0x00,
0x00,0x00,0x00,0x00,0x00,0x00,0x00,0x00,0x00,0x00,0x00,0x00,0xff,0xff,0xff,0xff,
0xff,0xff,0xff,0xff,0xff,0xff,0xff,0xff,0xff,0xff,0xff,0xff,0xff,0xff,0xff,0xff,
0xff,0xff,0xff,0xff,0xff,0xff,0xff,0xff,0xff,0xff,0xff,0xff,0xff,0xff,0xff,0xff,
0xff,0x00,0x00,0x00,0x00,0x00,0x00,0x00,0x00,0x00,0x00,0x00,0x00,0x00,0x00,0x00,
0x00,0x00,0x00,0xff,0xff,0xff,0xff,0xff,0xff,0xff,0xff,0xff,0xff,0xff,0xff,0xff,
0xff,0xff,0xff,0xff,0xff,0xff,0xff,0xff,0xff,0xff,0xff,0xff,0xff,0xff,0xff,0xff,
0xff,0xff,0xff,0xff,0xff,0xff,0xff,0xff,0xff,0x00,0x00,0x00,0x00,0x00,0x00,0x00,
0x00,0x00,0x00,0x00,0x00,0x00,0x00,0x00,0x00,0x00,0x00,0xff,0xff,0xff,0xff,0xff,
0xff,0xff,0xff,0xff,0xff,0xff,0xff,0xff,0xff,0xff,0xff,0xff,0xff,0xff,0xff,0xff,
0xff,0xff,0xff,0xff,0xff,0xff,0xff,0xff,0xff,0xff,0xff,0xff,0xff,0xff,0xff,0xff,
0xff,0x00,0x00,0x00,0x00,0x00,0x00,0x00,0x00,0x00,0x00,0x00,0x00,0x00,0x00,0x00,
0x00,0x00,0x00,0xff,0xff,0xff,0xff,0xff,0xff,0xff,0xff,0xff,0xff,0xff,0xff,0xff,
0xff,0xff,0xff,0xff,0xff,0xff,0xff,0xff,0xff,0xff,0xff,0xff,0xff,0xff,0xff,0xff,
0xff,0xff,0xff,0xff,0xff,0xff,0xff,0xff,0xff,0x00,0x00,0x00,0x00,0x00,0x00,0x00,
0x00,0x00,0x00,0x00,0x00,0x00,0x00,0x00,0x00,0x00,0x00,0xff,0xff,0xff,0xff,0xff,
0xff,0xff,0xff,0xff,0xff,0xff,0xff,0xff,0xff,0xff,0xff,0xff,0xff,0xff,0xff,0xff,
0xff,0xff,0xff,0xff,0xff,0xff,0xff,0xff,0xff,0xff,0xff,0xff,0xff,0xff,0xff,0xff,
0xff,0x00,0x00,0x00,0x00,0x00,0x00,0x00,0x00,0x00,0x00,0x00,0x00,0x00,0x00,0x00,
0x00,0x00,0x00,0x00,0xff,0xff,0xff,0xff,0xff,0xff,0xff,0xff,0xff,0xff,0xff,0xff,
0xff,0xff,0xff,0xff,0xff,0xff,0xff,0xff,0xff,0xff,0xff,0xff,0xff,0xff,0xff,0xff,
0xff,0xff,0xff,0xff,0xff,0xff,0xff,0xff,0xff,0x00,0x00,0x00,0x00,0x00,0x00,0x00,
0x00,0x00,0x00,0x00,0x00,0x00,0x00,0x00,0x00,0x00,0x00,0x00,0xff,0xff,0xff,0xff,
0xff,0xff,0xff,0xff,0xff,0xff,0xff,0xff,0xff,0xff,0xff,0xff,0xff,0xff,0xff,0xff,
0xff,0xff,0xff,0xff,0xff,0xff,0xff,0xff,0xff,0xff,0xff,0xff,0xff,0xff,0xff,0xff,
0xff,0x00,0x00,0x00,0x00,0x00,0x00,0x00,0x00,0x00,0x00,0x00,0x00,0x00,0x00,0x00,
0x00,0x00,0xff,0xff,0xff,0xff,0xff,0xff,0xff,0xff,0xff,0xff,0xff,0xff,0xff,0xff,
0xff,0xff,0xff,0xff,0xff,0xff,0xff,0xff,0xff,0xff,0xff,0xff,0xff,0xff,0xff,0xff,
0xff,0xff,0xff,0xff,0xff,0xff,0xff,0xff,0xff,0x00,0x00,0x00,0x00,0x00,0x00,0x00,
0x00,0x00,0x00,0x00,0x00,0x00,0x00,0x00,0x00,0x00,0xff,0xff,0xff,0xff,0xff,0xff,
0xff,0xff,0xff,0xff,0xff,0xff,0xff,0xff,0xff,0xff,0xff,0xff,0xff,0xff,0xff,0xff,
0xff,0xff,0xff,0xff,0xff,0xff,0xff,0xff,0xff,0xff,0xff,0xff,0xff,0xff,0xff,0xff,
0xff,0x00,0x00,0x00,0x00,0x00,0x00,0x00,0x00,0x00,0x00,0x00,0x00,0x00,0x00,0x00,
0x00,0x00,0xff,0xff,0xff,0xff,0xff,0xff,0xff,0xff,0xff,0xff,0xff,0xff,0xff,0xff,
0xff,0xff,0xff,0xff,0xff,0xff,0xff,0xff,0xff,0xff,0xff,0xff,0xff,0xff,0xff,0xff,
0xff,0xff,0xff,0xff,0xff,0xff,0xff,0xff,0xff,0x00,0x00,0x00,0x00,0x00,0x00,0x00,
0x00,0x00,0x00,0x00,0x00,0x00,0x00,0x00,0x00,0x00,0x00,0x00,0xff,0xff,0xff,0xff,
0xff,0xff,0xff,0xff,0xff,0xff,0xff,0xff,0xff,0xff,0xff,0xff,0xff,0xff,0xff,0xff,
0xff,0xff,0xff,0xff,0xff,0xff,0xff,0xff,0xff,0xff,0xff,0xff,0xff,0xff,0xff,0xff,
0xff,0x00,0x00,0x00,0x00,0x00,0x00,0x00,0x00,0x00,0x00,0x00,0x00,0x00,0x00,0x00,
0x00,0x00,0xff,0xff,0xff,0xff,0xff,0xff,0xff,0xff,0xff,0xff,0xff,0xff,0xff,0xff,
0xff,0xff,0xff,0xff,0xff,0xff,0xff,0xff,0xff,0xff,0xff,0xff,0xff,0xff,0xff,0xff,
0xff,0xff,0xff,0xff,0xff,0xff,0xff,0xff,0xff,0x00,0x00,0x00,0x00,0x00,0x00,0x00,
0x00,0x00,0x00,0x00,0x00,0x00,0x00,0x00,0x00,0x00,0xff,0xff,0xff,0xff,0xff,0xff,
0xff,0xff,0xff,0xff,0xff,0xff,0xff,0xff,0xff,0xff,0xff,0xff,0xff,0xff,0xff,0xff,
0xff,0xff,0xff,0xff,0xff,0xff,0xff,0xff,0xff,0xff,0xff,0xff,0xff,0xff,0xff,0xff,
0xff,0x00,0x00,0x00,0x00,0x00,0x00,0x00,0x00,0x00,0x00,0x00,0x00,0x00,0x00,0x00,
0x00,0x00,0xff,0xff,0xff,0xff,0xff,0xff,0xff,0xff,0xff,0xff,0xff,0xff,0xff,0xff,
0xff,0xff,0xff,0xff,0xff,0xff,0xff,0xff,0xff,0xff,0xff,0xff,0xff,0xff,0xff,0xff,
0xff,0xff,0xff,0xff,0xff,0xff,0xff,0xff,0xff,0x00,0x00,0x00,0x00,0x00,0x00,0x00,
0x00,0x00,0x00,0x00,0x00,0x00,0x00,0x00,0x00,0x00,0xff,0xff,0xff,0xff,0xff,0xff,
0xff,0xff,0xff,0xff,0xff,0xff,0xff,0xff,0xff,0xff,0xff,0xff,0xff,0xff,0xff,0xff,
0xff,0xff,0xff,0xff,0xff,0xff,0xff,0xff,0xff,0xff,0xff,0xff,0xff,0xff,0xff,0xff,
0xff,0x00,0x00,0x00,0x00,0x00,0x00,0x00,0x00,0x00,0x00,0x00,0x00,0x00,0x00,0x00,
0x00,0x00,0xff,0xff,0xff,0xff,0xff,0xff,0xff,0xff,0xff,0xff,0xff,0xff,0xff,0xff,
0xff,0xff,0xff,0xff,0xff,0xff,0xff,0xff,0xff,0xff,0xff,0xff,0xff,0xff,0xff,0xff,
0xff,0xff,0xff,0xff,0xff,0xff,0xff,0xff,0xff,0x00,0x00,0x00,0x00,0x00,0x00,0x00,
0x00,0x00,0x00,0x00,0x00,0x00,0x00,0x00,0x00,0xff,0xff,0xff,0xff,0xff,0xff,0xff,
0xff,0xff,0xff,0xff,0xff,0xff,0xff,0xff,0xff,0xff,0xff,0xff,0xff,0xff,0xff,0xff,
0xff,0xff,0xff,0xff,0xff,0xff,0xff,0xff,0xff,0xff,0xff,0xff,0xff,0xff,0xff,0xff,
0xff,0x00,0x00,0x00,0x00,0x00,0x00,0x00,0x00,0x00,0x00,0x00,0x00,0x00,0x00,0x00,
0x00,0xff,0xff,0xff,0xff,0xff,0xff,0xff,0xff,0xff,0xff,0xff,0xff,0xff,0xff,0xff,
0xff,0xff,0xff,0xff,0xff,0xff,0xff,0xff,0xff,0xff,0xff,0xff,0xff,0xff,0xff,0xff,
0xff,0xff,0xff,0xff,0xff,0xff,0xff,0xff,0xff,0x00,0x00,0x00,0x00,0x00,0x00,0x00,
0x00,0x00,0x00,0x00,0x00,0x00,0x00,0x00,0x00,0xff,0xff,0xff,0xff,0xff,0xff,0xff,
0xff,0xff,0xff,0xff,0xff,0xff,0xff,0xff,0xff,0xff,0xff,0xff,0xff,0xff,0xff,0xff,
0xff,0xff,0xff,0xff,0xff,0xff,0xff,0xff,0xff,0xff,0xff,0xff,0xff,0xff,0xff,0xff,
0xff,0x00,0x00,0x00,0x00,0x00,0x00,0x00,0x00,0x00,0x00,0x00,0x00,0x00,0x00,0x00,
0x00,0xff,0xff,0xff,0xff,0xff,0xff,0xff,0xff,0xff,0xff,0xff,0xff,0xff,0xff,0xff,
0xff,0xff,0xff,0xff,0xff,0xff,0xff,0xff,0xff,0xff,0xff,0xff,0xff,0xff,0xff,0xff,
0xff,0xff,0xff,0xff,0xff,0xff,0xff,0xff,0xff,0x00,0x00,0x00,0x00,0x00,0x00,0x00,
0x00,0x00,0x00,0x00,0x00,0x00,0x00,0x00,0x00,0x00,0xff,0xff,0xff,0xff,0xff,0xff,
0xff,0xff,0xff,0xff,0xff,0xff,0xff,0xff,0xff,0xff,0xff,0xff,0xff,0xff,0xff,0xff,
0xff,0xff,0xff,0xff,0xff,0xff,0xff,0xff,0xff,0xff,0xff,0xff,0xff,0xff,0xff,0xff,
0xff,0x00,0x00,0x00,0x00,0x00,0x00,0x00,0x00,0x00,0x00,0x00,0x00,0x00,0x00,0x00,
0x00,0x00,0xff,0xff,0xff,0xff,0xff,0xff,0xff,0xff,0xff,0xff,0xff,0xff,0xff,0xff,
0xff,0xff,0xff,0xff,0xff,0xff,0xff,0xff,0xff,0xff,0xff,0xff,0xff,0xff,0xff,0xff,
0xff,0xff,0xff,0xff,0xff,0xff,0xff,0xff,0xff,0x00,0x00,0x00,0x00,0x00,0x00,0x00,
0x00,0x00,0x00,0x00,0x00,0x00,0x00,0x00,0x00,0x00,0xff,0xff,0xff,0xff,0xff,0xff,
0xff,0xff,0xff,0xff,0xff,0xff,0xff,0xff,0xff,0xff,0xff,0xff,0xff,0xff,0xff,0xff,
0xff,0xff,0xff,0xff,0xff,0xff,0xff,0xff,0xff,0xff,0xff,0xff,0xff,0xff,0xff,0xff,
0xff,0x00,0x00,0x00,0x00,0x00,0x00,0x00,0x00,0x00,0x00,0x00,0x00,0x00,0x00,0x00,
0x00,0x00,0x00,0x00,0xff,0xff,0xff,0xff,0xff,0xff,0xff,0xff,0xff,0xff,0xff,0xff,
0xff,0xff,0xff,0xff,0xff,0xff,0xff,0xff,0xff,0xff,0xff,0xff,0xff,0xff,0xff,0xff,
0xff,0xff,0xff,0xff,0xff,0xff,0xff,0xff,0xff,0x00,0x00,0x00,0x00,0x00,0x00,0x00,

};
static const lv_image_dsc_t s_farm_carrot_0 = {
    .header.magic = LV_IMAGE_HEADER_MAGIC,
    .header.cf = LV_COLOR_FORMAT_RGB565A8,
    .header.flags = 0,
    .header.w = 56,
    .header.h = 52,
    .header.stride = 112,
    .data_size = sizeof(s_farm_carrot_0_map),
    .data = s_farm_carrot_0_map,
};

static const LV_ATTRIBUTE_MEM_ALIGN LV_ATTRIBUTE_LARGE_CONST uint8_t s_farm_carrot_1_map[] = {
0x00,0x00,0x00,0x00,0x00,0x00,0x00,0x00,0x00,0x00,0x00,0x00,0xff,0xff,0xff,0xff,
0xff,0xff,0xff,0xff,0x7d,0xf7,0x9e,0xf7,0x9e,0xf7,0x9e,0xf7,0x9d,0xf7,0xff,0xff,
0xff,0xff,0xff,0xff,0xff,0xff,0xff,0xff,0x9e,0xf7,0xbe,0xf7,0x9d,0xf7,0xbe,0xf7,
0x9d,0xf7,0xff,0xff,0xff,0xff,0xff,0xff,0xff,0xff,0xbe,0xf7,0x7d,0xf7,0x9e,0xf7,
0x7d,0xf7,0x9e,0xf7,0xff,0xff,0xff,0xff,0xff,0xff,0xff,0xff,0xff,0xff,0x9e,0xf7,
0x7d,0xf7,0x9e,0xf7,0x9d,0xf7,0x9e,0xf7,0xff,0xff,0xff,0xff,0xff,0xff,0xff,0xff,
0xbe,0xff,0x00,0x00,0x00,0x00,0x00,0x00,0x00,0x00,0x00,0x00,0x00,0x00,0x00,0x00,
0x00,0x00,0x00,0x00,0x00,0x00,0x00,0x00,0x00,0x00,0x00,0x00,0xff,0xff,0xdf,0xff,
0xff,0xff,0xdf,0xff,0x9e,0xef,0x9e,0xf7,0x9e,0xef,0x7e,0xf7,0x9e,0xef,0xff,0xff,
0xff,0xff,0xff,0xff,0xff,0xff,0xff,0xff,0x9e,0xf7,0x7e,0xf7,0x9e,0xef,0x7e,0xf7,
0x9e,0xef,0xff,0xff,0xff,0xff,0xff,0xff,0xff,0xff,0x9e,0xf7,0x9e,0xef,0x7e,0xf7,
0x9e,0xef,0x7e,0xf7,0xff,0xff,0xff,0xff,0xff,0xff,0xff,0xff,0xff,0xff,0x7e,0xf7,
0x9e,0xef,0x7e,0xf7,0x9e,0xf7,0x7e,0xf7,0xff,0xff,0xff,0xff,0xff,0xff,0xdf,0xff,
0xbf,0xf7,0x00,0x00,0x00,0x00,0x00,0x00,0x00,0x00,0x00,0x00,0x00,0x00,0x00,0x00,
0x00,0x00,0x00,0x00,0x00,0x00,0x00,0x00,0x00,0x00,0x00,0x00,0xff,0xff,0xff,0xff,
0xff,0xff,0xff,0xff,0x9d,0xf7,0x9e,0xf7,0x9d,0xf7,0x9e,0xf7,0x9d,0xf7,0xff,0xff,
0xff,0xff,0xff,0xff,0xff,0xff,0xff,0xff,0x9e,0xff,0x9e,0xf7,0x9d,0xf7,0xbe,0xf7,
0x9e,0xf7,0xff,0xff,0xff,0xff,0xff,0xff,0xff,0xff,0xbf,0xf7,0x7d,0xf7,0x9e,0xf7,
0x9d,0xf7,0x9e,0xf7,0xff,0xff,0xff,0xff,0xff,0xff,0xff,0xff,0xff,0xff,0xbe,0xf7,
0x7d,0xf7,0x9e,0xf7,0x9e,0xf7,0x9e,0xf7,0xff,0xff,0xff,0xff,0xff,0xff,0xff,0xff,
0xbe,0xff,0x00,0x00,0x00,0x00,0x00,0x00,0x00,0x00,0x00,0x00,0x00,0x00,0x00,0x00,
0x00,0x00,0x00,0x00,0x00,0x00,0x00,0x00,0x00,0x00,0x00,0x00,0xff,0xff,0xff,0xff,
0xff,0xff,0xff,0xff,0x9e,0xf7,0x7e,0xf7,0x9e,0xef,0x7e,0xf7,0x9e,0xef,0xdf,0xff,
0xff,0xff,0xff,0xff,0xff,0xff,0xff,0xff,0x9e,0xef,0x9e,0xf7,0x9e,0xf7,0x9e,0xf7,
0x9e,0xf7,0xdf,0xff,0xff,0xff,0xff,0xff,0xff,0xff,0xbe,0xff,0x9e,0xef,0x7e,0xf7,
0x9e,0xef,0x7e,0xf7,0xff,0xff,0xff,0xff,0xff,0xff,0xff,0xff,0xff,0xff,0x9e,0xf7,
0x9e,0xef,0x7e,0xf7,0x9e,0xf7,0x7d,0xf7,0xff,0xff,0xff,0xff,0xff,0xff,0xff,0xff,
0xbf,0xf7,0x00,0x00,0x00,0x00,0x00,0x00,0x00,0x00,0x00,0x00,0x00,0x00,0x00,0x00,
0x00,0x00,0x00,0x00,0x00,0x00,0x00,0x00,0x00,0x00,0x00,0x00,0xdf,0xff,0xff,0xff,
0xdf,0xff,0xff,0xff,0x9e,0xff,0x9e,0xf7,0x9d,0xf7,0xbe,0xf7,0x9e,0xf7,0xff,0xff,
0xff,0xff,0xff,0xff,0xff,0xff,0xff,0xff,0x9d,0xf7,0x9e,0xf7,0x9e,0xf7,0xbe,0xf7,
0x9d,0xf7,0xff,0xff,0xff,0xff,0xff,0xff,0xff,0xff,0xbe,0xf7,0x7d,0xf7,0x9e,0xf7,
0x9e,0xff,0xbe,0xf7,0xff,0xff,0xff,0xff,0xff,0xff,0xff,0xff,0xff,0xff,0xbe,0xf7,
0x9d,0xf7,0x9e,0xf7,0x9d,0xf7,0x9e,0xef,0xff,0xff,0xff,0xff,0xff,0xff,0xff,0xff,
0xbe,0xff,0x00,0x00,0x00,0x00,0x00,0x00,0x00,0x00,0x00,0x00,0x00,0x00,0x00,0x00,
0x00,0x00,0x00,0x00,0x00,0x00,0x00,0x00,0x00,0x00,0x00,0x00,0x9e,0xef,0x7e,0xf7,
0x9e,0xef,0x7e,0xf7,0xff,0xff,0xff,0xff,0xff,0xff,0xdf,0xff,0xff,0xff,0x7e,0xf7,
0x9e,0xef,0x7e,0xf7,0x9e,0xef,0x7d,0xf7,0xff,0xff,0xff,0xff,0xff,0xff,0xff,0xff,
0xff,0xff,0x7e,0xf7,0x9e,0xef,0x7e,0xf7,0x7e,0xef,0xbe,0xff,0xff,0xff,0xdf,0xff,
0xff,0xff,0xff,0xff,0x9e,0xef,0x7e,0xf7,0x9e,0xef,0x7e,0xf7,0x9e,0xf7,0xff,0xff,
0xff,0xff,0xdf,0xff,0xff,0xff,0xdf,0xff,0x9e,0xf7,0x7e,0xf7,0x9e,0xef,0x9e,0xf7,
0xbf,0xf7,0x00,0x00,0x00,0x00,0x00,0x00,0x00,0x00,0x00,0x00,0x00,0x00,0x00,0x00,
0x00,0x00,0x00,0x00,0x00,0x00,0x00,0x00,0x00,0x00,0x00,0x00,0x9e,0xf7,0x9e,0xf7,
0x7d,0xf7,0x9e,0xf7,0xdf,0xff,0xff,0xff,0xff,0xff,0xff,0xff,0xff,0xff,0xbe,0xf7,
0x9d,0xf7,0x9e,0xf7,0x9d,0xf7,0x7e,0xef,0xdf,0xff,0xff,0xff,0xff,0xff,0xff,0xff,
0xff,0xff,0x9e,0xf7,0x9d,0xf7,0xbe,0xf7,0x7d,0xf7,0xbf,0xf7,0xff,0xff,0xff,0xff,
0xff,0xff,0xff,0xff,0x7d,0xf7,0x9e,0xf7,0x9d,0xf7,0x9e,0xf7,0xbe,0xff,0xff,0xff,
0xdf,0xff,0xff,0xff,0xff,0xff,0xff,0xff,0x9e,0xf7,0x9e,0xf7,0x7d,0xf7,0xbe,0xf7,
0xbe,0xff,0x00,0x00,0x00,0x00,0x00,0x00,0x00,0x00,0x00,0x00,0x00,0x00,0x00,0x00,
0x00,0x00,0x00,0x00,0x00,0x00,0x00,0x00,0x00,0x00,0x00,0x00,0x9e,0xef,0x7e,0xf7,
0x9e,0xef,0x7e,0xf7,0xff,0xff,0xff,0xff,0xff,0xff,0xff,0xff,0xff,0xff,0x7e,0xf7,
0x9e,0xef,0x7e,0xf7,0x9e,0xef,0x7e,0xf7,0xff,0xff,0xff,0xff,0xff,0xff,0xff,0xff,
0xff,0xff,0x7e,0xf7,0x7e,0xef,0x7e,0xf7,0x7e,0xef,0xbe,0xff,0xff,0xff,0xff,0xff,
0xff,0xff,0xdf,0xff,0x9e,0xef,0x7e,0xf7,0x9e,0xef,0x9e,0xf7,0xbf,0xf7,0xdf,0xff,
0xff,0xff,0xff,0xff,0xff,0xff,0xff,0xff,0x9e,0xf7,0x7e,0xf7,0x9e,0xef,0x9e,0xf7,
0xbf,0xf7,0x00,0x00,0x00,0x00,0x00,0x00,0x00,0x00,0x00,0x00,0x00,0x00,0x00,0x00,
0x00,0x00,0x00,0x00,0x00,0x00,0x00,0x00,0x00,0x00,0x00,0x00,0x9d,0xf7,0x9e,0xf7,
0x9e,0xf7,0x9e,0xf7,0xdf,0xff,0xff,0xff,0xff,0xff,0xff,0xff,0xff,0xff,0x9e,0xf7,
0x9d,0xf7,0x9e,0xf7,0x9d,0xf7,0x9e,0xf7,0xff,0xff,0xff,0xff,0xdb,0xe7,0xa3,0x19,
0xc3,0x19,0x61,0x09,0x5d,0xf7,0x7e,0xef,0x9d,0xf7,0xdf,0xff,0xff,0xff,0xff,0xff,
0xff,0xff,0xff,0xff,0x7d,0xf7,0x9e,0xef,0x7d,0xf7,0xbe,0xf7,0xe4,0x21,0xc3,0x11,
0x83,0x21,0x22,0x09,0xff,0xff,0xff,0xff,0x9e,0xf7,0x9e,0xf7,0x9d,0xf7,0x9e,0xf7,
0xbe,0xff,0x00,0x00,0x00,0x00,0x00,0x00,0x00,0x00,0x00,0x00,0x00,0x00,0x00,0x00,
0x00,0x00,0x00,0x00,0x00,0x00,0x00,0x00,0x00,0x00,0x00,0x00,0xff,0xff,0xdf,0xff,
0xff,0xff,0xff,0xff,0x9e,0xef,0x7e,0xf7,0x9e,0xef,0x7e,0xf7,0x9e,0xef,0xff,0xff,
0xff,0xff,0xff,0xff,0xff,0xff,0xff,0xff,0x7e,0xef,0x7d,0xf7,0xbb,0xdf,0x83,0x19,
0xe9,0x9d,0xa7,0x9d,0x42,0x11,0x21,0x11,0xff,0xff,0x9e,0xf7,0x9e,0xef,0x7e,0xf7,
0x7e,0xef,0x5d,0xef,0xdf,0xff,0xdf,0xff,0xfe,0xf7,0x43,0x19,0xa5,0x95,0x89,0xb6,
0xa4,0x19,0x42,0x11,0x5d,0xef,0x7d,0xf7,0xff,0xff,0xff,0xff,0xff,0xff,0xff,0xff,
0xbf,0xf7,0x00,0x00,0x00,0x00,0x00,0x00,0x00,0x00,0x00,0x00,0x00,0x00,0x00,0x00,
0x00,0x00,0x00,0x00,0x00,0x00,0x00,0x00,0x00,0x00,0x00,0x00,0xff,0xff,0xff,0xff,
0xff,0xff,0xff,0xff,0x9e,0xf7,0x9e,0xf7,0x9e,0xf7,0xbe,0xf7,0x9d,0xf7,0xff,0xff,
0xff,0xff,0xff,0xff,0xff,0xff,0xff,0xff,0x9d,0xf7,0x9e,0xef,0xbb,0xe7,0x83,0x19,
0x45,0x95,0x67,0x95,0xc3,0x19,0x24,0x22,0xff,0xff,0xbe,0xf7,0x7d,0xf7,0x9e,0xef,
0x9d,0xf7,0xbe,0xf7,0x64,0x29,0x1a,0xdf,0xfe,0xff,0x63,0x19,0xe2,0x7c,0x27,0xa6,
0x83,0x21,0x42,0x11,0x7d,0xf7,0x7e,0xef,0xff,0xff,0xff,0xff,0xff,0xff,0xff,0xff,
0xbe,0xff,0x00,0x00,0x00,0x00,0x00,0x00,0x00,0x00,0x00,0x00,0x00,0x00,0x00,0x00,
0x00,0x00,0x00,0x00,0x00,0x00,0x00,0x00,0x00,0x00,0x00,0x00,0xff,0xff,0xdf,0xff,
0xff,0xff,0xff,0xff,0x9e,0xf7,0x9e,0xf7,0x9e,0xf7,0x7e,0xf7,0x9e,0xef,0xdf,0xff,
0xff,0xff,0xff,0xff,0xff,0xff,0xdf,0xff,0x9e,0xef,0x7e,0xf7,0xdd,0xe7,0x42,0x19,
0xa0,0x4b,0xa8,0x95,0xac,0x95,0x00,0x22,0x9a,0xce,0xbe,0xf7,0x9e,0xf7,0x7d,0xf7,
0x9e,0xef,0x75,0xad,0xc6,0x3a,0xc1,0x21,0xe0,0x19,0xa8,0x7c,0x07,0x9e,0xa2,0x74,
0x84,0x19,0x02,0x11,0x9e,0xef,0x7d,0xf7,0xff,0xff,0xff,0xff,0xff,0xff,0xff,0xff,
0xbf,0xf7,0x00,0x00,0x00,0x00,0x00,0x00,0x00,0x00,0x00,0x00,0x00,0x00,0x00,0x00,
0x00,0x00,0x00,0x00,0x00,0x00,0x00,0x00,0x00,0x00,0x00,0x00,0xff,0xff,0xff,0xff,
0xff,0xff,0xff,0xff,0x9d,0xf7,0xbe,0xf7,0x9d,0xf7,0x9e,0xf7,0x9d,0xf7,0xff,0xff,
0xff,0xff,0xff,0xff,0xff,0xff,0xff,0xff,0x9e,0xf7,0xbe,0xf7,0x9d,0xf7,0xbe,0xf7,
0xa0,0x19,0x86,0x53,0xe7,0x9d,0xc3,0x74,0xd6,0xc6,0x23,0x2a,0x54,0xad,0x9e,0xef,
0x7c,0xef,0x75,0xad,0xe9,0x6b,0x22,0x2a,0x20,0x2a,0x89,0x95,0x49,0x7c,0xc0,0x19,
0xe5,0x39,0x88,0x42,0x9e,0xff,0x9e,0xef,0xff,0xff,0xff,0xff,0xff,0xff,0xff,0xff,
0xbe,0xff,0x00,0x00,0x00,0x00,0x00,0x00,0x00,0x00,0x00,0x00,0x00,0x00,0x00,0x00,
0x00,0x00,0x00,0x00,0x00,0x00,0x00,0x00,0x00,0x00,0x00,0x00,0xff,0xff,0xff,0xff,
0xff,0xff,0xff,0xff,0x9e,0xf7,0x9e,0xf7,0x9e,0xef,0x7e,0xf7,0x9e,0xef,0xff,0xff,
0xff,0xff,0xff,0xff,0xff,0xff,0xff,0xff,0x9e,0xef,0x9e,0xf7,0x5c,0xdf,0xc5,0x29,
0xc4,0x53,0x46,0x6c,0x63,0x6c,0x46,0x8d,0x42,0x2a,0x42,0x32,0xb2,0x94,0x7d,0xf7,
0x69,0x42,0x07,0x3a,0x83,0x53,0x86,0x74,0xa5,0x74,0xa5,0x74,0x26,0x2a,0xf0,0x8c,
0x7e,0xef,0x5d,0xef,0x9e,0xf7,0x7e,0xf7,0xff,0xff,0xdf,0xff,0xff,0xff,0xff,0xff,
0xbf,0xf7,0x00,0x00,0x00,0x00,0x00,0x00,0x00,0x00,0x00,0x00,0x00,0x00,0x00,0x00,
0x00,0x00,0x00,0x00,0x00,0x00,0x00,0x00,0x00,0x00,0x00,0x00,0x9d,0xf7,0xbe,0xf7,
0x9d,0xf7,0x9e,0xf7,0xdf,0xff,0xff,0xff,0xff,0xff,0xff,0xff,0xff,0xff,0x9e,0xf7,
0x9d,0xf7,0xbe,0xf7,0x9d,0xf7,0x9e,0xef,0xdf,0xff,0xff,0xff,0xbb,0xe7,0xa3,0x19,
0x83,0x74,0x05,0x7d,0x21,0x64,0x67,0x85,0x81,0x3a,0x81,0x32,0x6c,0x6b,0x99,0xce,
0x21,0x19,0xe4,0x29,0x61,0x53,0xc7,0x7c,0xe5,0x7c,0x84,0x6c,0xa5,0x42,0xe2,0x21,
0x58,0xce,0x5c,0xe7,0xff,0xff,0xff,0xff,0x9e,0xf7,0x9e,0xf7,0x9e,0xf7,0x9e,0xf7,
0xbe,0xff,0x00,0x00,0x00,0x00,0x00,0x00,0x00,0x00,0x00,0x00,0x00,0x00,0x00,0x00,
0x00,0x00,0x00,0x00,0x00,0x00,0x00,0x00,0x00,0x00,0x00,0x00,0x9e,0xef,0x9e,0xf7,
0x9e,0xef,0x7e,0xf7,0xff,0xff,0xff,0xff,0xff,0xff,0xff,0xff,0xff,0xff,0x9e,0xf7,
0x9e,0xf7,0x7e,0xf7,0x9e,0xef,0x7d,0xf7,0xff,0xff,0xdf,0xff,0xfc,0xe7,0xc4,0x21,
0x84,0x32,0xe2,0x29,0x42,0x64,0x25,0x85,0xa5,0x74,0xa0,0x53,0xe6,0x29,0xa5,0x29,
0x68,0x85,0x47,0x8d,0x02,0x43,0x27,0x6c,0xc0,0x53,0xc8,0x9d,0x29,0x85,0x60,0x32,
0x84,0x19,0x26,0x3a,0xff,0xff,0xff,0xff,0xbf,0xf7,0x7e,0xf7,0x9e,0xef,0x9e,0xf7,
0xbf,0xf7,0x00,0x00,0x00,0x00,0x00,0x00,0x00,0x00,0x00,0x00,0x00,0x00,0x00,0x00,
0x00,0x00,0x00,0x00,0x00,0x00,0x00,0x00,0x00,0x00,0x00,0x00,0x9d,0xf7,0x9e,0xf7,
0x9d,0xf7,0x9e,0xf7,0xff,0xff,0xff,0xff,0xff,0xff,0xff,0xff,0xff,0xff,0x9e,0xf7,
0x9d,0xf7,0x9e,0xf7,0x9d,0xf7,0xbe,0xf7,0xff,0xff,0xdf,0xff,0xde,0xff,0xff,0xff,
0x6b,0x63,0x90,0x84,0xc0,0x21,0x29,0x6c,0x66,0x8d,0xa4,0x74,0xa5,0x29,0x64,0x19,
0x87,0x95,0x87,0x8d,0x86,0x95,0x82,0x6c,0xa4,0x74,0xa4,0x74,0x44,0x6c,0x24,0x5c,
0x84,0x21,0x26,0x2a,0xdf,0xff,0xff,0xff,0x9e,0xf7,0xbe,0xf7,0x9e,0xf7,0xbe,0xf7,
0xbe,0xff,0x00,0x00,0x00,0x00,0x00,0x00,0x00,0x00,0x00,0x00,0x00,0x00,0x00,0x00,
0x00,0x00,0x00,0x00,0x00,0x00,0x00,0x00,0x00,0x00,0x00,0x00,0x9e,0xef,0x7e,0xf7,
0x9e,0xef,0x7e,0xf7,0xff,0xff,0xff,0xff,0xff,0xff,0xff,0xff,0xff,0xff,0x7e,0xf7,
0x9e,0xef,0x7e,0xf7,0x9e,0xef,0x9e,0xf7,0xff,0xf7,0x17,0xbe,0xba,0xce,0x5c,0xe7,
0xff,0xff,0xdf,0xff,0x83,0x19,0xa4,0x21,0x28,0x85,0x86,0x74,0xc5,0x21,0x02,0x11,
0x89,0x95,0x47,0x8d,0x25,0x5c,0x66,0x6c,0x86,0x3a,0xe3,0x29,0xa4,0x19,0x83,0x21,
0xff,0xff,0xdf,0xff,0xff,0xff,0xdf,0xff,0x9e,0xf7,0x9e,0xf7,0x9e,0xef,0x7e,0xf7,
0xbf,0xf7,0x00,0x00,0x00,0x00,0x00,0x00,0x00,0x00,0x00,0x00,0x00,0x00,0x00,0x00,
0x00,0x00,0x00,0x00,0x00,0x00,0x00,0x00,0x00,0x00,0x00,0x00,0x9d,0xf7,0xbe,0xf7,
0x9d,0xf7,0x9e,0xf7,0xdf,0xff,0xff,0xff,0xff,0xff,0xff,0xff,0xff,0xff,0x9e,0xf7,
0x9e,0xf7,0xbe,0xf7,0x9d,0xf7,0xbe,0xf7,0xdc,0xf7,0xc4,0x29,0xa3,0x21,0x05,0x2a,
0x06,0x3a,0xff,0xff,0xa4,0x29,0xa4,0x21,0xc7,0x7c,0x66,0x6c,0x06,0x3a,0x02,0x11,
0x48,0x95,0x48,0x8d,0x25,0x6c,0xa7,0x74,0x23,0x21,0xff,0xff,0xdf,0xff,0xff,0xff,
0xff,0xff,0xff,0xff,0xff,0xff,0xff,0xff,0x9e,0xff,0xbe,0xf7,0x9d,0xf7,0xbe,0xf7,
0xbe,0xff,0x00,0x00,0x00,0x00,0x00,0x00,0x00,0x00,0x00,0x00,0x00,0x00,0x00,0x00,
0x00,0x00,0x00,0x00,0x00,0x00,0x00,0x00,0x00,0x00,0x00,0x00,0xff,0xff,0xdf,0xff,
0xff,0xff,0xff,0xff,0x9e,0xef,0x7e,0xf7,0x9e,0xef,0x9e,0xf7,0x9e,0xef,0xdf,0xff,
0xff,0xff,0xff,0xff,0xff,0xff,0xff,0xff,0xc0,0x19,0x07,0x6c,0x64,0x95,0xc5,0xa5,
0x24,0x2a,0xe3,0x29,0xff,0xf7,0x24,0x19,0xc4,0x53,0x46,0x6c,0xe4,0x21,0xa3,0x21,
0x09,0xa6,0x66,0x95,0xa7,0x5b,0xe0,0x21,0xa2,0x08,0xde,0xf7,0xbe,0xef,0x7d,0xef,
0x9e,0xef,0x9e,0xf7,0x9e,0xef,0x7e,0xf7,0xff,0xff,0xdf,0xff,0xff,0xff,0xff,0xff,
0xdf,0xf7,0x00,0x00,0x00,0x00,0x00,0x00,0x00,0x00,0x00,0x00,0x00,0x00,0x00,0x00,
0x00,0x00,0x00,0x00,0x00,0x00,0x00,0x00,0x00,0x00,0x00,0x00,0xff,0xff,0xff,0xff,
0xff,0xff,0xff,0xff,0x9e,0xf7,0x9e,0xf7,0x9d,0xf7,0xbe,0xf7,0x9d,0xf7,0xff,0xff,
0xff,0xff,0xff,0xff,0xff,0xff,0xff,0xff,0xa0,0x19,0x07,0x64,0xa2,0x7c,0x48,0xae,
0x47,0xb6,0xc6,0x9d,0x80,0x29,0xd6,0xce,0xcf,0xad,0x62,0x3a,0xe0,0x29,0xa7,0x5b,
0x23,0x8d,0x65,0x8d,0xe4,0x29,0xc8,0x42,0xbe,0xff,0xdf,0xff,0x83,0x21,0xa4,0x21,
0xe5,0x29,0xa4,0x19,0x7d,0xf7,0x7e,0xef,0xff,0xff,0xff,0xff,0xff,0xff,0xff,0xff,
0xbe,0xff,0x00,0x00,0x00,0x00,0x00,0x00,0x00,0x00,0x00,0x00,0x00,0x00,0x00,0x00,
0x00,0x00,0x00,0x00,0x00,0x00,0x00,0x00,0x00,0x00,0x00,0x00,0xff,0xff,0xff,0xff,
0xff,0xff,0xff,0xff,0x9e,0xef,0x7e,0xf7,0x9e,0xf7,0x7e,0xf7,0x9e,0xf7,0xff,0xff,
0xff,0xff,0xdf,0xff,0xff,0xff,0xdf,0xff,0x61,0x09,0x03,0x22,0x00,0x22,0x47,0x6c,
0xc8,0x9d,0x80,0x53,0x2b,0x95,0xa0,0x21,0x95,0xdf,0x00,0x32,0xe0,0x21,0x0a,0x95,
0x04,0x64,0x20,0x4b,0x63,0x11,0xc9,0x4a,0xe4,0x19,0x61,0x11,0x04,0x85,0x65,0x9d,
0xa6,0x6c,0xc6,0x74,0x64,0x19,0x7c,0xe7,0xff,0xff,0xff,0xff,0xff,0xff,0xff,0xff,
0xbf,0xf7,0x00,0x00,0x00,0x00,0x00,0x00,0x00,0x00,0x00,0x00,0x00,0x00,0x00,0x00,
0x00,0x00,0x00,0x00,0x00,0x00,0x00,0x00,0x00,0x00,0x00,0x00,0xff,0xff,0xff,0xff,
0xff,0xff,0xff,0xff,0x9d,0xf7,0x9e,0xf7,0x9e,0xf7,0x9e,0xf7,0x9e,0xf7,0xff,0xff,
0xdf,0xff,0xff,0xff,0xff,0xff,0xff,0xff,0xed,0x73,0x26,0x32,0x49,0x74,0x86,0x53,
0x21,0x4b,0x83,0x53,0x49,0x95,0xe0,0x42,0xf1,0xce,0x00,0x2a,0x00,0x2a,0x8b,0x9d,
0xc1,0x42,0xa0,0x3a,0xa0,0x21,0xa8,0x5b,0x02,0x6c,0x85,0x74,0xa4,0x7c,0x63,0x6c,
0xc6,0x7c,0xc6,0x74,0x43,0x21,0x9c,0xe7,0xff,0xff,0xff,0xff,0xff,0xff,0xff,0xff,
0xbe,0xff,0x00,0x00,0x00,0x00,0x00,0x00,0x00,0x00,0x00,0x00,0x00,0x00,0x00,0x00,
0x00,0x00,0x00,0x00,0x00,0x00,0x00,0x00,0x00,0x00,0x00,0x00,0xff,0xff,0xff,0xff,
0xff,0xff,0xff,0xff,0x9e,0xf7,0x7e,0xf7,0x9e,0xef,0x7e,0xf7,0x9e,0xef,0xdf,0xff,
0xff,0xff,0xff,0xff,0xff,0xff,0xff,0xff,0x5d,0xe7,0x3c,0xef,0xfe,0xf7,0xa4,0x29,
0x60,0x11,0x66,0x53,0x44,0x85,0xa2,0x74,0x89,0x7c,0xc0,0x21,0x20,0x2a,0x4d,0xbe,
0xe1,0x21,0xe1,0x29,0x80,0x19,0xca,0x84,0x01,0x85,0xe5,0xa5,0xc7,0x74,0xc0,0x3a,
0x48,0x85,0xe6,0x84,0x44,0x19,0x7c,0xe7,0xff,0xff,0xff,0xff,0xff,0xff,0xff,0xff,
0xbf,0xf7,0x00,0x00,0x00,0x00,0x00,0x00,0x00,0x00,0x00,0x00,0x00,0x00,0x00,0x00,
0x00,0x00,0x00,0x00,0x00,0x00,0x00,0x00,0x00,0x00,0x00,0x00,0x9e,0xf7,0xbe,0xf7,
0x9d,0xf7,0x9e,0xf7,0xdf,0xff,0xff,0xff,0xff,0xff,0xff,0xff,0xff,0xff,0x9e,0xf7,
0x7d,0xf7,0x9e,0xf7,0xbe,0xff,0x9e,0xf7,0xdf,0xff,0xff,0xff,0xff,0xff,0xbf,0xf7,
0x22,0x19,0x63,0x21,0x60,0x3a,0x47,0x74,0x88,0xa5,0x40,0x32,0xe0,0x29,0xed,0xa5,
0x61,0x19,0x82,0x19,0xa1,0x5b,0x07,0x85,0x07,0x8d,0x61,0x4b,0x63,0x21,0x84,0x21,
0xe5,0x29,0x84,0x19,0x5c,0xef,0xff,0xff,0x9e,0xf7,0x9e,0xf7,0x7d,0xf7,0x9e,0xf7,
0xbe,0xff,0x00,0x00,0x00,0x00,0x00,0x00,0x00,0x00,0x00,0x00,0x00,0x00,0x00,0x00,
0x00,0x00,0x00,0x00,0x00,0x00,0x00,0x00,0x00,0x00,0x00,0x00,0x9e,0xf7,0x7e,0xf7,
0x9e,0xf7,0x7e,0xf7,0xff,0xff,0xff,0xff,0xff,0xff,0xdf,0xff,0xff,0xff,0x9e,0xf7,
0x7e,0xef,0x7e,0xf7,0xff,0xff,0xdf,0xff,0xff,0xff,0xdf,0xff,0xbe,0xf7,0x04,0x29,
0x44,0x29,0x64,0x31,0x65,0x29,0x23,0x29,0x66,0x95,0xe3,0x8c,0xa0,0x21,0x0a,0x95,
0xc1,0x19,0xc5,0x42,0xe8,0x73,0x60,0x29,0x65,0x31,0x24,0x31,0x25,0x21,0xff,0xff,
0xff,0xff,0xbf,0xff,0xbf,0xf7,0xdf,0xff,0xbf,0xf7,0x7d,0xf7,0x9e,0xef,0x9e,0xf7,
0xbf,0xf7,0x00,0x00,0x00,0x00,0x00,0x00,0x00,0x00,0x00,0x00,0x00,0x00,0x00,0x00,
0x00,0x00,0x00,0x00,0x00,0x00,0x00,0x00,0x00,0x00,0x00,0x00,0x7d,0xf7,0x9e,0xf7,
0x9d,0xf7,0xbe,0xf7,0xff,0xff,0xff,0xff,0xff,0xff,0xff,0xff,0xff,0xff,0xbe,0xf7,
0x7d,0xf7,0x9e,0xef,0x65,0x39,0x45,0x31,0x65,0x39,0x04,0x29,0x02,0x41,0x27,0x5a,
0xe5,0x69,0x26,0x6a,0xc5,0x49,0x23,0x31,0x02,0x4b,0x2b,0x8d,0x20,0x19,0x29,0x74,
0x80,0x3a,0x84,0x53,0x02,0x31,0x26,0x52,0xe4,0x69,0x05,0x62,0xa5,0x51,0x44,0x41,
0xdf,0xff,0xd7,0xbd,0x04,0x29,0x45,0x29,0x9e,0xf7,0x7d,0xef,0x7d,0xf7,0xbe,0xf7,
0xbe,0xff,0x00,0x00,0x00,0x00,0x00,0x00,0x00,0x00,0x00,0x00,0x00,0x00,0x00,0x00,
0x00,0x00,0x00,0x00,0x00,0x00,0x00,0x00,0x00,0x00,0x00,0x00,0x9e,0xef,0x7e,0xf7,
0x9e,0xef,0x9e,0xf7,0xff,0xff,0xff,0xff,0xff,0xff,0xdf,0xff,0xdf,0xff,0x35,0xad,
0x04,0x29,0x04,0x31,0x85,0x49,0x85,0x51,0xc6,0x49,0x03,0x39,0xe2,0x30,0x06,0x62,
0x26,0x6a,0x05,0x6a,0xa5,0x41,0x64,0x41,0x01,0x32,0x8b,0x84,0xa0,0x21,0x08,0x74,
0x81,0x32,0x23,0x53,0x63,0x39,0xe5,0x51,0x46,0x6a,0x05,0x6a,0x06,0x62,0xa4,0x59,
0x66,0x31,0x04,0x31,0x65,0x41,0x65,0x49,0xb3,0x94,0x71,0x94,0x35,0xa5,0xbe,0xff,
0xdf,0xff,0x00,0x00,0x00,0x00,0x00,0x00,0x00,0x00,0x00,0x00,0x00,0x00,0x00,0x00,
0x00,0x00,0x00,0x00,0x00,0x00,0x00,0x00,0x00,0x00,0x00,0x00,0xff,0xff,0xff,0xff,
0xff,0xff,0xff,0xff,0x7d,0xf7,0x9e,0xf7,0x9d,0xf7,0x7d,0xef,0x7d,0xf7,0x61,0x08,
0x84,0x51,0x64,0x41,0x45,0x7a,0xa6,0x7a,0xa3,0x69,0x87,0x7a,0xe4,0x69,0x46,0x72,
0x86,0x82,0x45,0x72,0xc4,0x61,0xc4,0x59,0x20,0x21,0xc9,0x73,0xa4,0x63,0xc5,0x63,
0xa2,0x29,0x82,0x21,0xe4,0x61,0x25,0x62,0xe4,0x69,0x25,0x6a,0x86,0x82,0x04,0x6a,
0xe2,0x38,0x23,0x39,0x25,0x72,0x05,0x6a,0xc2,0x20,0xe3,0x20,0x24,0x31,0xff,0xff,
0xff,0xff,0x00,0x00,0x00,0x00,0x00,0x00,0x00,0x00,0x00,0x00,0x00,0x00,0x00,0x00,
0x00,0x00,0x00,0x00,0x00,0x00,0x00,0x00,0x00,0x00,0x00,0x00,0xff,0xff,0xff,0xff,
0xff,0xff,0xdf,0xff,0x7e,0xef,0x7e,0xf7,0xbf,0xf7,0x7d,0xf7,0xc3,0x20,0xc7,0x49,
0x46,0x72,0x45,0x7a,0xc7,0x8a,0x65,0x82,0x46,0x6a,0xc4,0x61,0xc4,0x59,0x46,0x6a,
0xa4,0x51,0x26,0x6a,0xa5,0x51,0xa4,0x59,0x03,0x21,0xc2,0x20,0x45,0x6c,0x82,0x5b,
0x23,0x19,0x22,0x21,0xa4,0x51,0x26,0x6a,0xe5,0x61,0xe5,0x61,0xe5,0x59,0xc5,0x59,
0x26,0x6a,0x45,0x72,0x66,0x7a,0xa7,0x8a,0x87,0x72,0x83,0x59,0x28,0x52,0x65,0x41,
0xa3,0x10,0x00,0x00,0x00,0x00,0x00,0x00,0x00,0x00,0x00,0x00,0x00,0x00,0x00,0x00,
0x00,0x00,0x00,0x00,0x00,0x00,0x00,0x00,0x00,0x00,0x00,0x00,0xff,0xff,0xff,0xff,
0xff,0xff,0xff,0xff,0x9d,0xf7,0x9e,0xf7,0x9e,0xff,0xbf,0xf7,0xe1,0x30,0xc9,0x6a,
0xe6,0x9a,0xe6,0x92,0x05,0x72,0x25,0x6a,0x05,0x6a,0x05,0x62,0x46,0x62,0x84,0x49,
0x46,0x72,0xe5,0x59,0xa5,0x49,0x23,0x31,0x24,0x29,0x04,0x21,0xa7,0x6b,0xa0,0x21,
0x04,0x7a,0x04,0x7a,0x03,0x31,0xa5,0x41,0x63,0x49,0x84,0x49,0xe4,0x69,0x46,0x6a,
0x04,0x6a,0x46,0x72,0x46,0x72,0x05,0x6a,0x65,0x82,0xc7,0x8a,0xa7,0x82,0x42,0x51,
0xa2,0x18,0x00,0x00,0x00,0x00,0x00,0x00,0x00,0x00,0x00,0x00,0x00,0x00,0x00,0x00,
0x00,0x00,0x00,0x00,0x00,0x00,0x00,0x00,0x00,0x00,0x00,0x00,0xff,0xff,0xff,0xff,
0xff,0xff,0xff,0xff,0xbf,0xf7,0x7d,0xf7,0xff,0xff,0x45,0x31,0xc5,0x59,0x67,0x7a,
0x26,0x6a,0xc5,0x61,0xe6,0x59,0x22,0x49,0x84,0x49,0x84,0x51,0x83,0x59,0x87,0x82,
0x06,0x5a,0x63,0x49,0x25,0x31,0x04,0x31,0x26,0xf4,0x83,0xe3,0x04,0x7a,0xe3,0x81,
0x25,0xcb,0xc4,0xca,0xe9,0x9a,0x80,0x50,0x44,0x39,0x24,0x41,0x65,0x41,0x64,0x49,
0xe5,0x59,0xc4,0x61,0x05,0x62,0x05,0x6a,0xc5,0x59,0xe5,0x61,0x46,0x72,0xe4,0x69,
0x48,0x5a,0x00,0x10,0x00,0x00,0x00,0x00,0x00,0x00,0x00,0x00,0x00,0x00,0x00,0x00,
0x00,0x00,0x00,0x00,0x00,0x00,0x00,0x00,0x00,0x00,0x00,0x00,0xff,0xff,0xff,0xff,
0xff,0xff,0xff,0xff,0xbe,0xff,0x9e,0xf7,0xff,0xff,0x65,0x29,0xe4,0x69,0xc8,0x82,
0x45,0x72,0x05,0x62,0x05,0x62,0x83,0x49,0xc4,0x59,0x84,0x51,0x82,0x61,0xc7,0x82,
0x05,0x62,0x83,0x49,0x23,0x31,0xe2,0x20,0x84,0xdb,0x64,0xd3,0xa2,0x79,0xa2,0x71,
0xc3,0xba,0xe4,0xba,0xa7,0x92,0x80,0x48,0x43,0x41,0x64,0x41,0x63,0x49,0xa5,0x49,
0xc4,0x61,0xe5,0x61,0x45,0x7a,0x66,0x72,0xe4,0x69,0xe5,0x61,0x65,0x7a,0x24,0x6a,
0x47,0x62,0x00,0x10,0x00,0x00,0x00,0x00,0x00,0x00,0x00,0x00,0x00,0x00,0x00,0x00,
0x00,0x00,0x00,0x00,0x00,0x00,0x00,0x00,0x00,0x00,0x00,0x00,0x9e,0xef,0x7e,0xf7,
0x9e,0xef,0x7e,0xf7,0xff,0xff,0xff,0xff,0xff,0xff,0x45,0x31,0xa5,0x49,0xa4,0x51,
0xa5,0x49,0x84,0x51,0x44,0x39,0x84,0x49,0x46,0x6a,0xa3,0x61,0xc5,0x59,0x64,0x51,
0xc5,0x49,0x63,0x49,0x60,0x40,0xa9,0xab,0x26,0xfd,0xc5,0xfc,0xa3,0xe3,0x62,0xe3,
0x63,0xdb,0x21,0xd3,0x27,0xab,0x20,0x71,0xe3,0x28,0x44,0x39,0xa5,0x49,0x23,0x41,
0xc5,0x51,0xa4,0x59,0xc5,0x51,0xa4,0x59,0x05,0x6a,0x25,0x72,0xc6,0x51,0x84,0x49,
0xc6,0x39,0x00,0x08,0x00,0x00,0x00,0x00,0x00,0x00,0x00,0x00,0x00,0x00,0x00,0x00,
0x00,0x00,0x00,0x00,0x00,0x00,0x00,0x00,0x00,0x00,0x00,0x00,0x9e,0xf7,0x9e,0xf7,
0x7d,0xf7,0x9e,0xef,0xde,0xff,0xff,0xff,0xff,0xff,0x2c,0x63,0xe3,0x30,0xa6,0x41,
0xe4,0x69,0x26,0x6a,0x45,0x72,0x63,0x51,0x84,0x51,0x84,0x49,0x64,0x49,0x64,0x41,
0x64,0x39,0x03,0x29,0xc1,0xca,0x84,0xdb,0x88,0xfd,0x67,0xf5,0x67,0xfd,0x64,0xe4,
0x62,0xdb,0x21,0xd3,0x63,0xb2,0x05,0xbb,0x03,0x31,0x24,0x29,0x64,0x49,0x85,0x49,
0x63,0x51,0xc5,0x51,0xa4,0x51,0xa5,0x49,0x84,0x51,0xa4,0x49,0xa5,0x49,0x03,0x31,
0xe3,0x20,0x00,0x00,0x00,0x00,0x00,0x00,0x00,0x00,0x00,0x00,0x00,0x00,0x00,0x00,
0x00,0x00,0x00,0x00,0x00,0x00,0x00,0x00,0x00,0x00,0x00,0x00,0x9e,0xf7,0x7e,0xf7,
0x9e,0xef,0x7d,0xf7,0xdf,0xf7,0xdf,0xff,0xbf,0xf7,0x04,0x29,0x44,0x39,0xe6,0x59,
0x86,0x7a,0x86,0x82,0xc7,0x8a,0xe3,0x71,0x45,0x31,0xe3,0x30,0xe3,0x28,0x44,0x39,
0x04,0x21,0x04,0x29,0xc2,0xd2,0xa2,0xd2,0x66,0xf4,0x24,0xf4,0xc3,0xeb,0xa2,0xeb,
0xa2,0xca,0x81,0xca,0x03,0x9a,0xc5,0xba,0x04,0x29,0xe3,0x28,0x04,0x31,0x64,0x41,
0x85,0x41,0x43,0x41,0x43,0x41,0x06,0x62,0x46,0x72,0xa4,0x69,0x65,0x31,0xe3,0x28,
0x82,0x10,0x00,0x00,0x00,0x00,0x00,0x00,0x00,0x00,0x00,0x00,0x00,0x00,0x00,0x00,
0x00,0x00,0x00,0x00,0x00,0x00,0x00,0x00,0x00,0x00,0x00,0x00,0x9d,0xf7,0x9e,0xf7,
0x9d,0xf7,0x9e,0xf7,0xdf,0xff,0xdf,0xff,0xa1,0x28,0xca,0x6a,0x05,0x6a,0x66,0x72,
0x85,0x8a,0xa6,0x8a,0x04,0x72,0x66,0x72,0xe5,0x59,0x23,0x39,0x24,0x31,0x03,0x29,
0xe3,0x28,0x04,0x29,0xe0,0x58,0x86,0x8a,0x03,0xd3,0xc2,0xca,0x23,0xd3,0xa1,0xba,
0xe1,0xa9,0x02,0xa2,0x25,0x8a,0x01,0x61,0x03,0x39,0x44,0x39,0x03,0x39,0x04,0x31,
0x03,0x31,0x03,0x31,0x43,0x49,0xa5,0x51,0x45,0x7a,0x04,0x6a,0xc5,0x59,0x23,0x39,
0x24,0x31,0x00,0x00,0x00,0x00,0x00,0x00,0x00,0x00,0x00,0x00,0x00,0x00,0x00,0x00,
0x00,0x00,0x00,0x00,0x00,0x00,0x00,0x00,0x00,0x00,0x00,0x00,0x9e,0xef,0x7e,0xf7,
0x9e,0xf7,0x9e,0xf7,0xff,0xff,0xdf,0xff,0xa2,0x20,0x27,0x5a,0x05,0x6a,0xa7,0x82,
0xc7,0x8a,0x85,0x8a,0xc4,0x61,0x46,0x72,0xe6,0x59,0x64,0x51,0x86,0x39,0xc2,0x28,
0xc3,0x18,0xc3,0x20,0x80,0x40,0x46,0x82,0xe3,0xca,0xa2,0xca,0x24,0xcb,0x61,0xc2,
0xe1,0x99,0xe1,0xa1,0x46,0x7a,0xa0,0x50,0x03,0x31,0x44,0x39,0x45,0x31,0xe3,0x30,
0xe3,0x28,0xe3,0x30,0x84,0x41,0x84,0x49,0xa7,0x82,0x25,0x72,0xe6,0x51,0x02,0x41,
0x45,0x29,0x00,0x08,0x00,0x00,0x00,0x00,0x00,0x00,0x00,0x00,0x00,0x00,0x00,0x00,
0x00,0x00,0x00,0x00,0x00,0x00,0x00,0x00,0x00,0x00,0x00,0x00,0xff,0xff,0xff,0xff,
0xff,0xff,0xff,0xff,0xbe,0xff,0xbe,0xf7,0x03,0x31,0xa6,0x39,0x63,0x49,0xe6,0x51,
0xe4,0x69,0x25,0x6a,0x25,0x72,0xa3,0x59,0x64,0x41,0x03,0x31,0x02,0x31,0x64,0x39,
0x25,0x72,0x25,0x6a,0xa5,0x49,0x03,0x31,0x03,0x29,0x04,0x29,0x23,0x31,0x03,0x29,
0x03,0x29,0x45,0x31,0x64,0x49,0x64,0x41,0x84,0x49,0x43,0x39,0xc1,0x38,0xe6,0x51,
0x63,0x49,0x64,0x41,0xa3,0x61,0x87,0x72,0x45,0x72,0x05,0x6a,0x65,0x7a,0x86,0x7a,
0x47,0x62,0x00,0x10,0x00,0x00,0x00,0x00,0x00,0x00,0x00,0x00,0x00,0x00,0x00,0x00,
0x00,0x00,0x00,0x00,0x00,0x00,0x00,0x00,0x00,0x00,0x00,0x00,0xff,0xff,0xff,0xff,
0xff,0xff,0xdf,0xff,0x9e,0xf7,0x9e,0xf7,0xbf,0xf7,0xa2,0x18,0x45,0x31,0x44,0x39,
0xa4,0x51,0x26,0x6a,0x85,0x41,0x44,0x41,0x03,0x39,0x47,0x6a,0xe4,0x69,0xc7,0x92,
0xa6,0x82,0xa6,0x8a,0x46,0x6a,0xc4,0x61,0xe3,0x20,0xe3,0x28,0x45,0x31,0xe3,0x30,
0x65,0x41,0x85,0x49,0x85,0x41,0xc2,0x28,0xe3,0x20,0x44,0x39,0x86,0x82,0x86,0x8a,
0x86,0x7a,0x25,0x72,0x05,0x6a,0x46,0x7a,0xc8,0x82,0xe4,0x69,0x06,0x62,0x83,0x51,
0xa6,0x39,0x00,0x08,0x00,0x00,0x00,0x00,0x00,0x00,0x00,0x00,0x00,0x00,0x00,0x00,
0x00,0x00,0x00,0x00,0x00,0x00,0x00,0x00,0x00,0x00,0x00,0x00,0xff,0xff,0xff,0xff,
0xff,0xff,0xff,0xff,0x7d,0xf7,0x7e,0xef,0xde,0xff,0x04,0x21,0xe5,0x61,0x67,0x6a,
0x67,0x72,0x84,0x51,0x23,0x41,0xc6,0x49,0x04,0x72,0xa6,0x82,0x64,0x8a,0x07,0x93,
0x66,0x7a,0x04,0x6a,0x26,0x6a,0x83,0x51,0x64,0x49,0x64,0x41,0xc1,0x38,0x06,0x5a,
0x02,0x39,0x64,0x39,0x02,0x39,0x47,0x62,0xa2,0x69,0x29,0x93,0xc6,0x92,0x65,0x82,
0xe4,0x69,0x25,0x6a,0x46,0x72,0xa4,0x59,0xe5,0x69,0x05,0x6a,0xe4,0x69,0x66,0x72,
0x47,0x62,0x00,0x10,0x00,0x00,0x00,0x00,0x00,0x00,0x00,0x00,0x00,0x00,0x00,0x00,
0x00,0x00,0x00,0x00,0x00,0x00,0x00,0x00,0x00,0x00,0x00,0x00,0xff,0xff,0xff,0xff,
0xff,0xff,0xff,0xff,0x7e,0xef,0x3d,0xef,0xc3,0x18,0x04,0x29,0x06,0x62,0x87,0x7a,
0x87,0x72,0xa4,0x59,0x84,0x41,0xa5,0x51,0xc4,0x61,0x86,0x82,0x86,0x7a,0xc7,0x8a,
0xc8,0x82,0xe4,0x69,0xe6,0x59,0x84,0x51,0x85,0x49,0x44,0x49,0xe2,0x30,0xa5,0x51,
0x23,0x39,0x43,0x41,0xe2,0x30,0x06,0x5a,0xc3,0x61,0xc7,0x8a,0xc7,0x8a,0x85,0x8a,
0x26,0x6a,0x05,0x6a,0x06,0x62,0x63,0x51,0xa4,0x51,0x06,0x6a,0x05,0x62,0x46,0x72,
0xc6,0x49,0x00,0x10,0x00,0x00,0x00,0x00,0x00,0x00,0x00,0x00,0x00,0x00,0x00,0x00,
0x00,0x00,0x00,0x00,0x00,0x00,0x00,0x00,0x00,0x00,0x00,0x00,0xff,0xff,0xff,0xff,
0xff,0xff,0xff,0xff,0x9e,0xff,0xdf,0xff,0xe2,0x30,0x47,0x52,0xe4,0x69,0xc8,0x82,
0x86,0x82,0x25,0x72,0x05,0x6a,0x25,0x6a,0xc4,0x61,0xe5,0x61,0xe4,0x69,0x46,0x72,
0x25,0x72,0x25,0x6a,0x43,0x41,0x06,0x52,0xe5,0x61,0x06,0x62,0x45,0x7a,0x65,0x72,
0x85,0x8a,0xc6,0x8a,0xc4,0x61,0xc5,0x59,0xc4,0x61,0x46,0x6a,0xa7,0x8a,0xe4,0x69,
0x05,0x6a,0x05,0x62,0xc4,0x61,0xe5,0x59,0x42,0x49,0x26,0x62,0xc5,0x59,0x84,0x49,
0x64,0x39,0x00,0x08,0x00,0x00,0x00,0x00,0x00,0x00,0x00,0x00,0x00,0x00,0x00,0x00,
0x00,0x00,0x00,0x00,0x00,0x00,0x00,0x00,0x00,0x00,0x00,0x00,0x9e,0xef,0x7e,0xf7,
0x9e,0xef,0x7e,0xf7,0xdf,0xff,0x25,0x29,0x25,0x6a,0x09,0x8b,0xe5,0x61,0x26,0x72,
0xa7,0x7a,0xe4,0x69,0x05,0x62,0xc8,0x82,0x46,0x72,0xa4,0x69,0x47,0x62,0x63,0x51,
0x26,0x6a,0x05,0x6a,0xe5,0x61,0x26,0x72,0x46,0x6a,0x26,0x72,0xc6,0x8a,0xc6,0x92,
0x25,0x72,0x25,0x72,0x26,0x6a,0xa4,0x61,0x05,0x62,0xe5,0x69,0x06,0x62,0xc4,0x61,
0x05,0x62,0x05,0x6a,0x26,0x6a,0x25,0x72,0x25,0x6a,0x05,0x6a,0x46,0x6a,0x63,0x51,
0xa6,0x39,0x00,0x08,0x00,0x00,0x00,0x00,0x00,0x00,0x00,0x00,0x00,0x00,0x00,0x00,
0x00,0x00,0x00,0x00,0x00,0x00,0x00,0x00,0x00,0x00,0x00,0x00,0x9e,0xf7,0x9e,0xf7,
0x7d,0xf7,0x9e,0xef,0xbe,0xff,0x65,0x29,0x66,0x7a,0x25,0x72,0x05,0x6a,0x63,0x49,
0x84,0x49,0x43,0x39,0xc3,0x69,0xe8,0x82,0x04,0x6a,0x05,0x62,0x04,0x72,0x46,0x72,
0x45,0x7a,0x45,0x6a,0x05,0x6a,0x84,0x51,0x25,0x6a,0x05,0x62,0x45,0x7a,0x25,0x72,
0x45,0x72,0x25,0x6a,0x05,0x6a,0x05,0x62,0x66,0x72,0xe5,0x59,0x83,0x59,0x46,0x6a,
0xc4,0x69,0x46,0x72,0x65,0x82,0xc7,0x82,0xa4,0x59,0xc4,0x59,0x46,0x7a,0xc4,0x61,
0xc6,0x51,0x00,0x08,0x00,0x00,0x00,0x00,0x00,0x00,0x00,0x00,0x00,0x00,0x00,0x00,
0x00,0x00,0x00,0x00,0x00,0x00,0x00,0x00,0x00,0x00,0x00,0x00,0x9e,0xef,0x7e,0xf7,
0x9e,0xef,0x7d,0xf7,0xdf,0xff,0x65,0x31,0xc5,0x51,0xa4,0x59,0x85,0x41,0x03,0x39,
0x03,0x39,0xa5,0x51,0x46,0x72,0x05,0x72,0x06,0x62,0xe5,0x69,0x05,0x62,0x05,0x6a,
0xe5,0x59,0x05,0x62,0x64,0x39,0x24,0x41,0xa5,0x49,0x23,0x41,0x05,0x6a,0xe4,0x69,
0x26,0x6a,0x05,0x6a,0xc5,0x59,0x43,0x49,0xa5,0x41,0x03,0x39,0x24,0x39,0x64,0x49,
0x46,0x72,0xe4,0x69,0x05,0x62,0xc4,0x61,0xa4,0x51,0xa4,0x59,0x84,0x49,0xe6,0x59,
0xe7,0x49,0x00,0x10,0x00,0x00,0x00,0x00,0x00,0x00,0x00,0x00,0x00,0x00,0x00,0x00,
0x00,0x00,0x00,0x00,0x00,0x00,0x00,0x00,0x00,0x00,0x00,0x00,0x7d,0xf7,0x9e,0xf7,
0x7d,0xf7,0x9e,0xf7,0xbe,0xff,0x66,0x31,0x84,0x51,0xc5,0x51,0x64,0x49,0x64,0x41,
0x01,0x41,0x26,0x62,0x86,0x82,0xe3,0x61,0xe4,0x69,0x25,0x6a,0x05,0x6a,0x05,0x6a,
0xc4,0x61,0x06,0x62,0x84,0x49,0x44,0x39,0x84,0x49,0x64,0x41,0x45,0x72,0x05,0x6a,
0x04,0x6a,0x25,0x6a,0x05,0x62,0x84,0x51,0x64,0x49,0x23,0x39,0x02,0x41,0xc5,0x51,
0x65,0x7a,0x25,0x6a,0x25,0x6a,0x05,0x62,0x05,0x6a,0x84,0x51,0x84,0x51,0xc5,0x51,
0x26,0x5a,0x00,0x08,0x00,0x00,0x00,0x00,0x00,0x00,0x00,0x00,0x00,0x00,0x00,0x00,
0x00,0x00,0x00,0x00,0x00,0x00,0x00,0x00,0x00,0x00,0x00,0x00,0xff,0xff,0xdf,0xff,
0xff,0xff,0xff,0xff,0xbf,0xf7,0x45,0x31,0x65,0x31,0x03,0x31,0x64,0x49,0x47,0x6a,
0xc5,0x59,0xa4,0x59,0xa4,0x59,0x05,0x6a,0xa7,0x7a,0xe4,0x69,0x06,0x5a,0x64,0x49,
0x85,0x41,0x44,0x41,0x64,0x51,0x46,0x72,0x05,0x6a,0x25,0x72,0xe6,0x61,0xc5,0x61,
0x26,0x6a,0x05,0x72,0x05,0x6a,0x25,0x72,0x67,0x62,0x43,0x49,0x65,0x39,0x03,0x39,
0xa5,0x49,0x43,0x41,0x43,0x49,0xe5,0x61,0x24,0x41,0x44,0x49,0xa5,0x49,0x43,0x49,
0xa6,0x39,0x00,0x08,0x00,0x00,0x00,0x00,0x00,0x00,0x00,0x00,0x00,0x00,0x00,0x00,
0x00,0x00,0x00,0x00,0x00,0x00,0x00,0x00,0x00,0x00,0x00,0x00,0xff,0xff,0xff,0xff,
0xff,0xff,0xff,0xff,0x9e,0xff,0x9e,0xf7,0xb2,0xa4,0xa6,0x39,0x64,0x49,0x84,0x49,
0x64,0x49,0x84,0x41,0x63,0x51,0x87,0x6a,0xe5,0x61,0x84,0x51,0xa5,0x51,0x64,0x41,
0x43,0x49,0xa5,0x51,0x45,0x7a,0xc7,0x82,0x85,0x8a,0xe7,0x8a,0xe5,0x61,0x63,0x49,
0x64,0x51,0xa5,0x49,0x05,0x6a,0x83,0x51,0x63,0x51,0xa4,0x51,0x84,0x49,0x23,0x31,
0x03,0x31,0x03,0x31,0x64,0x49,0xa5,0x49,0xc5,0x59,0x84,0x49,0x63,0x49,0xa5,0x49,
0x85,0x41,0x00,0x08,0x00,0x00,0x00,0x00,0x00,0x00,0x00,0x00,0x00,0x00,0x00,0x00,
0x00,0x00,0x00,0x00,0x00,0x00,0x00,0x00,0x00,0x00,0x00,0x00,0xff,0xff,0xff,0xff,
0xff,0xff,0xdf,0xff,0x9e,0xef,0x7d,0xf7,0x62,0x18,0xc7,0x49,0x85,0x49,0x64,0x49,
0x65,0x41,0x64,0x49,0x85,0x49,0xc5,0x51,0xc5,0x51,0x63,0x49,0x85,0x49,0x64,0x49,
0x64,0x41,0x43,0x49,0x86,0x7a,0x86,0x7a,0x46,0x6a,0x05,0x6a,0x06,0x5a,0x63,0x51,
0x85,0x49,0x85,0x51,0x67,0x6a,0x63,0x51,0x43,0x41,0xa5,0x59,0x85,0x41,0x64,0x49,
0x03,0x31,0x44,0x39,0x85,0x49,0x85,0x49,0x65,0x41,0x44,0x41,0x85,0x49,0x44,0x41,
0x85,0x31,0x00,0x08,0x00,0x00,0x00,0x00,0x00,0x00,0x00,0x00,0x00,0x00,0x00,0x00,
0x00,0x00,0x00,0x00,0x00,0x00,0x00,0x00,0x00,0x00,0x00,0x00,0xff,0xff,0xff,0xff,
0xff,0xff,0xff,0xff,0x7d,0xf7,0x7d,0xef,0x20,0x10,0x86,0x39,0x23,0x41,0xa5,0x49,
0xa5,0x51,0x64,0x41,0x64,0x49,0xa5,0x49,0x43,0x41,0x64,0x41,0x85,0x49,0x24,0x31,
0x64,0x49,0x44,0x41,0x62,0x51,0x67,0x72,0x25,0x72,0x45,0x6a,0x64,0x49,0x64,0x41,
0x63,0x49,0xa5,0x49,0xa5,0x51,0x44,0x41,0x43,0x49,0x85,0x49,0x84,0x51,0x84,0x49,
0x44,0x41,0x64,0x39,0x23,0x39,0xc6,0x49,0x44,0x41,0x85,0x41,0x64,0x49,0x85,0x49,
0x85,0x39,0x00,0x08,0x00,0x00,0x00,0x00,0x00,0x00,0x00,0x00,0x00,0x00,0x00,0x00,
0x00,0x00,0x00,0x00,0x00,0x00,0x00,0x00,0x00,0x00,0x00,0x00,0xff,0xff,0xff,0xff,
0xff,0xff,0xff,0xff,0x9e,0xef,0x7d,0xf7,0x9e,0xef,0x08,0x4a,0xe8,0x39,0x04,0x29,
0x44,0x39,0xa5,0x49,0xa5,0x49,0x85,0x49,0x65,0x39,0xa2,0x28,0xe4,0x20,0x25,0x31,
0x24,0x31,0x24,0x39,0x64,0x41,0x85,0x49,0xa5,0x49,0x64,0x49,0x65,0x39,0x24,0x39,
0x25,0x29,0x04,0x31,0x45,0x31,0xe4,0x28,0xe3,0x28,0x85,0x49,0xa5,0x49,0x64,0x49,
0xe4,0x20,0xc3,0x28,0x45,0x31,0xe4,0x28,0x44,0x39,0x64,0x49,0x65,0x39,0xe3,0x30,
0x04,0x21,0x00,0x00,0x00,0x00,0x00,0x00,0x00,0x00,0x00,0x00,0x00,0x00,0x00,0x00,
0x00,0x00,0x00,0x00,0x00,0x00,0x00,0x00,0x00,0x00,0x00,0x00,0x00,0x00,0x00,0x00,
0x00,0x00,0x00,0x00,0x00,0x00,0x00,0x00,0x00,0x00,0x00,0x00,0x00,0x00,0x00,0x00,
0x00,0x00,0x00,0x00,0x00,0x00,0x00,0x00,0x00,0x00,0x00,0x00,0x00,0x00,0x00,0x00,
0x00,0x00,0x00,0x00,0x00,0x00,0x00,0x00,0x00,0x00,0x00,0x00,0x00,0x00,0x00,0x00,
0x00,0x00,0x00,0x00,0x00,0x00,0x00,0x00,0x00,0x00,0x00,0x00,0x00,0x00,0x00,0x00,
0x00,0x00,0x00,0x00,0x00,0x00,0x00,0x00,0x00,0x00,0x00,0x00,0x00,0x00,0x00,0x00,
0x00,0x00,0x00,0x00,0x00,0x00,0x00,0x00,0x00,0x00,0x00,0x00,0x00,0x00,0x00,0x00,
0x00,0x00,0x00,0x00,0x00,0x00,0x00,0x00,0x00,0x00,0x00,0x00,0x00,0x00,0x00,0x00,
0x00,0x00,0x00,0x00,0x00,0x00,0x00,0x00,0x00,0x00,0x00,0x00,0x00,0x00,0x00,0x00,
0x00,0x00,0x00,0x00,0x00,0x00,0x00,0x00,0x00,0x00,0x00,0x00,0x00,0x00,0x00,0x00,
0x00,0x00,0x00,0x00,0x00,0x00,0x00,0x00,0x00,0x00,0x00,0x00,0x00,0x00,0x00,0x00,
0x00,0x00,0x00,0x00,0x00,0x00,0x00,0x00,0x00,0x00,0x00,0x00,0x00,0x00,0x00,0x00,
0x00,0x00,0x00,0x00,0x00,0x00,0x00,0x00,0x00,0x00,0x00,0x00,0x00,0x00,0x00,0x00,
0x00,0x00,0x00,0x00,0x00,0x00,0x00,0x00,0x00,0x00,0x00,0x00,0x00,0x00,0x00,0x00,
0x00,0x00,0x00,0x00,0x00,0x00,0x00,0x00,0x00,0x00,0x00,0x00,0x00,0x00,0x00,0x00,
0x00,0x00,0x00,0x00,0x00,0x00,0x00,0x00,0x00,0x00,0x00,0x00,0x00,0x00,0x00,0x00,
0x00,0x00,0x00,0x00,0x00,0x00,0x00,0x00,0x00,0x00,0x00,0x00,0x00,0x00,0x00,0x00,
0x00,0x00,0x00,0x00,0x00,0x00,0x00,0x00,0x00,0x00,0x00,0x00,0x00,0x00,0x00,0x00,
0x00,0x00,0x00,0x00,0x00,0x00,0x00,0x00,0x00,0x00,0x00,0x00,0x00,0x00,0x00,0x00,
0x00,0x00,0x00,0x00,0x00,0x00,0x00,0x00,0x00,0x00,0x00,0x00,0x00,0x00,0x00,0x00,
0x00,0x00,0x00,0x00,0x00,0x00,0x00,0x00,0x00,0x00,0x00,0x00,0x00,0x00,0x00,0x00,
0x00,0x00,0x00,0x00,0x00,0x00,0x00,0x00,0x00,0x00,0x00,0x00,0x00,0x00,0x00,0x00,
0x00,0x00,0x00,0x00,0x00,0x00,0x00,0x00,0x00,0x00,0x00,0x00,0x00,0x00,0x00,0x00,
0x00,0x00,0x00,0x00,0x00,0x00,0x00,0x00,0x00,0x00,0x00,0x00,0x00,0x00,0x00,0x00,
0x00,0x00,0x00,0x00,0x00,0x00,0x00,0x00,0x00,0x00,0x00,0x00,0x00,0x00,0x00,0x00,
0x00,0x00,0x00,0x00,0x00,0x00,0x00,0x00,0x00,0x00,0x00,0x00,0x00,0x00,0x00,0x00,
0x00,0x00,0x00,0x00,0x00,0x00,0x00,0x00,0x00,0x00,0x00,0x00,0x00,0x00,0x00,0x00,
0x00,0x00,0x00,0x00,0x00,0x00,0x00,0x00,0x00,0x00,0x00,0x00,0x00,0x00,0x00,0x00,
0x00,0x00,0x00,0x00,0x00,0x00,0x00,0x00,0x00,0x00,0x00,0x00,0x00,0x00,0x00,0x00,
0x00,0x00,0x00,0x00,0x00,0x00,0x00,0xff,0xff,0xff,0x00,0x00,0x00,0x00,0x00,0x00,
0x00,0x00,0x00,0x00,0x00,0x00,0xff,0xff,0xff,0xff,0x00,0x00,0x00,0x00,0x00,0x00,
0x00,0x00,0x00,0x00,0x00,0x00,0x00,0x00,0x00,0x00,0x00,0x00,0x00,0x00,0x00,0x00,
0x00,0x00,0x00,0x00,0x00,0x00,0x00,0x00,0x00,0x00,0x00,0x00,0x00,0x00,0x00,0xff,
0xff,0xff,0xff,0xff,0x00,0x00,0x00,0x00,0x00,0x00,0x00,0x00,0x00,0xff,0xff,0xff,
0xff,0xff,0x00,0x00,0x00,0x00,0x00,0x00,0x00,0x00,0x00,0x00,0x00,0x00,0x00,0x00,
0x00,0x00,0x00,0x00,0x00,0x00,0x00,0x00,0x00,0x00,0x00,0x00,0x00,0x00,0x00,0x00,
0x00,0x00,0x00,0x00,0x00,0x00,0x00,0xff,0xff,0xff,0xff,0xff,0x00,0x00,0x00,0x00,
0x00,0x00,0xff,0x00,0x00,0xff,0xff,0xff,0xff,0xff,0x00,0x00,0x00,0x00,0x00,0x00,
0x00,0x00,0x00,0x00,0x00,0x00,0x00,0x00,0x00,0x00,0x00,0x00,0x00,0x00,0x00,0x00,
0x00,0x00,0x00,0x00,0x00,0x00,0x00,0x00,0x00,0x00,0x00,0x00,0x00,0x00,0x00,0xff,
0xff,0xff,0xff,0xff,0xff,0x00,0x00,0x00,0x00,0xff,0xff,0xff,0xff,0xff,0xff,0xff,
0xff,0xff,0x00,0x00,0x00,0x00,0x00,0x00,0x00,0x00,0x00,0x00,0x00,0x00,0x00,0x00,
0x00,0x00,0x00,0x00,0x00,0x00,0x00,0x00,0x00,0x00,0x00,0x00,0x00,0x00,0x00,0x00,
0x00,0x00,0x00,0x00,0x00,0x00,0x00,0x00,0xff,0xff,0xff,0xff,0xff,0xff,0xff,0x00,
0x00,0xff,0xff,0xff,0xff,0xff,0xff,0xff,0xff,0xff,0x00,0x00,0x00,0x00,0x00,0x00,
0x00,0x00,0x00,0x00,0x00,0x00,0x00,0x00,0x00,0x00,0x00,0x00,0x00,0x00,0x00,0x00,
0x00,0x00,0x00,0x00,0x00,0x00,0x00,0x00,0x00,0x00,0x00,0x00,0x00,0x00,0x00,0xff,
0xff,0xff,0xff,0xff,0xff,0xff,0xff,0x00,0xff,0xff,0xff,0xff,0xff,0xff,0xff,0xff,
0x00,0x00,0x00,0x00,0x00,0x00,0x00,0x00,0x00,0x00,0x00,0x00,0x00,0x00,0x00,0x00,
0x00,0x00,0x00,0x00,0x00,0x00,0x00,0x00,0x00,0x00,0x00,0x00,0x00,0x00,0x00,0x00,
0x00,0x00,0x00,0x00,0x00,0x00,0x00,0xff,0xff,0xff,0xff,0xff,0xff,0xff,0xff,0xff,
0xff,0xff,0xff,0xff,0xff,0xff,0xff,0xff,0xff,0x00,0x00,0x00,0x00,0x00,0x00,0x00,
0x00,0x00,0x00,0x00,0x00,0x00,0x00,0x00,0x00,0x00,0x00,0x00,0x00,0x00,0x00,0x00,
0x00,0x00,0x00,0x00,0x00,0x00,0x00,0x00,0x00,0x00,0x00,0x00,0x00,0x00,0x00,0xff,
0xff,0xff,0xff,0xff,0xff,0xff,0xff,0xff,0xff,0xff,0xff,0xff,0xff,0xff,0xff,0xff,
0xff,0xff,0x00,0x00,0x00,0x00,0x00,0x00,0x00,0x00,0x00,0x00,0x00,0x00,0x00,0x00,
0x00,0x00,0x00,0x00,0x00,0x00,0x00,0x00,0x00,0x00,0x00,0x00,0x00,0x00,0x00,0x00,
0x00,0x00,0x00,0x00,0x00,0x00,0x00,0x00,0xff,0xff,0xff,0xff,0xff,0xff,0xff,0xff,
0xff,0xff,0xff,0xff,0xff,0xff,0xff,0xff,0xff,0xff,0x00,0x00,0x00,0x00,0x00,0x00,
0x00,0x00,0x00,0x00,0x00,0x00,0x00,0x00,0x00,0x00,0x00,0x00,0x00,0x00,0x00,0x00,
0x00,0x00,0x00,0x00,0x00,0x00,0x00,0x00,0x00,0x00,0x00,0x00,0x00,0xff,0xff,0x00,
0x00,0x00,0xff,0xff,0xff,0xff,0xff,0xff,0xff,0xff,0xff,0xff,0xff,0xff,0xff,0xff,
0x00,0x00,0x00,0x00,0x00,0x00,0x00,0x00,0x00,0x00,0x00,0x00,0x00,0x00,0x00,0x00,
0x00,0x00,0x00,0x00,0x00,0x00,0x00,0x00,0x00,0x00,0x00,0x00,0x00,0x00,0x00,0x00,
0x00,0x00,0x00,0x00,0x00,0xff,0xff,0xff,0xff,0x00,0xff,0xff,0xff,0xff,0xff,0xff,
0xff,0xff,0xff,0xff,0xff,0x00,0x00,0x00,0x00,0x00,0x00,0x00,0x00,0x00,0x00,0x00,
0x00,0x00,0x00,0x00,0x00,0x00,0x00,0x00,0x00,0x00,0x00,0x00,0x00,0x00,0x00,0x00,
0x00,0x00,0x00,0x00,0x00,0x00,0x00,0x00,0x00,0x00,0x00,0x00,0xff,0xff,0xff,0xff,
0xff,0xff,0x00,0xff,0xff,0xff,0xff,0xff,0xff,0xff,0xff,0xff,0xff,0x00,0x00,0x00,
0x00,0x00,0x00,0x00,0x00,0x00,0x00,0x00,0x00,0x00,0x00,0x00,0x00,0x00,0x00,0x00,
0x00,0x00,0x00,0x00,0x00,0x00,0x00,0x00,0x00,0x00,0x00,0x00,0x00,0x00,0x00,0x00,
0x00,0x00,0x00,0x00,0xff,0xff,0xff,0xff,0xff,0xff,0xff,0xff,0xff,0xff,0xff,0xff,
0xff,0xff,0xff,0xff,0x00,0x00,0xff,0xff,0xff,0xff,0x00,0x00,0x00,0x00,0x00,0x00,
0x00,0x00,0x00,0x00,0x00,0x00,0x00,0x00,0x00,0x00,0x00,0x00,0x00,0x00,0x00,0x00,
0x00,0x00,0x00,0x00,0x00,0x00,0x00,0x00,0x00,0x00,0x00,0x00,0xff,0xff,0xff,0xff,
0xff,0xff,0xff,0xff,0xff,0xff,0xff,0xff,0xff,0xff,0xff,0xff,0xff,0xff,0xff,0xff,
0xff,0xff,0xff,0x00,0x00,0x00,0x00,0x00,0x00,0x00,0x00,0x00,0x00,0x00,0x00,0x00,
0x00,0x00,0x00,0x00,0x00,0x00,0x00,0x00,0x00,0x00,0x00,0x00,0x00,0x00,0x00,0x00,
0x00,0x00,0x00,0x00,0xff,0xff,0xff,0xff,0xff,0xff,0xff,0xff,0xff,0xff,0xff,0xff,
0xff,0xff,0xff,0xff,0xff,0xff,0xff,0xff,0xff,0xff,0xff,0x00,0x00,0x00,0x00,0x00,
0x00,0x00,0x00,0x00,0x00,0x00,0x00,0x00,0x00,0x00,0x00,0x00,0x00,0x00,0x00,0x00,
0x00,0x00,0x00,0x00,0x00,0x00,0x00,0x00,0x00,0x00,0x00,0x00,0x00,0x00,0x00,0xff,
0xff,0xff,0xff,0xff,0xff,0xff,0xff,0xff,0xff,0xff,0xff,0xff,0xff,0xff,0xff,0xff,
0xff,0xff,0xff,0x00,0x00,0x00,0x00,0x00,0x00,0x00,0x00,0x00,0x00,0x00,0x00,0x00,
0x00,0x00,0x00,0x00,0x00,0x00,0x00,0x00,0x00,0x00,0x00,0x00,0x00,0x00,0x00,0x00,
0x00,0x00,0x00,0x00,0x00,0x00,0x00,0x00,0xff,0xff,0xff,0xff,0xff,0xff,0xff,0xff,
0xff,0xff,0xff,0xff,0xff,0xff,0xff,0xff,0xff,0xff,0x00,0x00,0x00,0x00,0x00,0x00,
0x00,0x00,0x00,0x00,0x00,0x00,0x00,0x00,0x00,0x00,0x00,0x00,0x00,0x00,0x00,0x00,
0x00,0x00,0x00,0x00,0x00,0x00,0x00,0x00,0x00,0x00,0x00,0x00,0x00,0x00,0x00,0xff,
0xff,0xff,0xff,0xff,0xff,0xff,0xff,0xff,0xff,0xff,0xff,0xff,0xff,0xff,0xff,0x00,
0x00,0x00,0x00,0x00,0x00,0x00,0x00,0x00,0x00,0x00,0x00,0x00,0x00,0x00,0x00,0x00,
0x00,0x00,0x00,0x00,0x00,0x00,0x00,0x00,0x00,0x00,0x00,0x00,0x00,0x00,0x00,0x00,
0x00,0x00,0xff,0xff,0xff,0xff,0xff,0xff,0xff,0xff,0xff,0xff,0xff,0xff,0xff,0xff,
0xff,0xff,0xff,0xff,0xff,0xff,0xff,0xff,0x00,0xff,0xff,0xff,0x00,0x00,0x00,0x00,
0x00,0x00,0x00,0x00,0x00,0x00,0x00,0x00,0x00,0x00,0x00,0x00,0x00,0x00,0x00,0x00,
0x00,0x00,0x00,0x00,0x00,0x00,0x00,0xff,0xff,0xff,0xff,0xff,0xff,0xff,0xff,0xff,
0xff,0xff,0xff,0xff,0xff,0xff,0xff,0xff,0xff,0xff,0xff,0xff,0xff,0xff,0xff,0xff,
0xff,0xff,0xff,0xff,0xff,0xff,0xff,0x00,0x00,0x00,0x00,0x00,0x00,0x00,0x00,0x00,
0x00,0x00,0x00,0x00,0x00,0x00,0x00,0x00,0x00,0x00,0x00,0x00,0x00,0x00,0x00,0xff,
0xff,0xff,0xff,0xff,0xff,0xff,0xff,0xff,0xff,0xff,0xff,0xff,0xff,0xff,0xff,0xff,
0xff,0xff,0xff,0xff,0xff,0xff,0xff,0xff,0xff,0xff,0xff,0xff,0xff,0xff,0xff,0x00,
0x00,0x00,0x00,0x00,0x00,0x00,0x00,0x00,0x00,0x00,0x00,0x00,0x00,0x00,0x00,0x00,
0x00,0x00,0x00,0x00,0x00,0x00,0xff,0xff,0xff,0xff,0xff,0xff,0xff,0xff,0xff,0xff,
0xff,0xff,0xff,0xff,0xff,0xff,0xff,0xff,0xff,0xff,0xff,0xff,0xff,0xff,0xff,0xff,
0xff,0xff,0xff,0xff,0xff,0xff,0xff,0xff,0xff,0x00,0x00,0x00,0x00,0x00,0x00,0x00,
0x00,0x00,0x00,0x00,0x00,0x00,0x00,0x00,0x00,0x00,0x00,0x00,0x00,0x00,0xff,0xff,
0xff,0xff,0xff,0xff,0xff,0xff,0xff,0xff,0xff,0xff,0xff,0xff,0xff,0xff,0xff,0xff,
0xff,0xff,0xff,0xff,0xff,0xff,0xff,0xff,0xff,0xff,0xff,0xff,0xff,0xff,0xff,0xff,
0xff,0x00,0x00,0x00,0x00,0x00,0x00,0x00,0x00,0x00,0x00,0x00,0x00,0x00,0x00,0x00,
0x00,0x00,0x00,0x00,0x00,0xff,0xff,0xff,0xff,0xff,0xff,0xff,0xff,0xff,0xff,0xff,
0xff,0xff,0xff,0xff,0xff,0xff,0xff,0xff,0xff,0xff,0xff,0xff,0xff,0xff,0xff,0xff,
0xff,0xff,0xff,0xff,0xff,0xff,0xff,0xff,0xff,0x00,0x00,0x00,0x00,0x00,0x00,0x00,
0x00,0x00,0x00,0x00,0x00,0x00,0x00,0x00,0x00,0x00,0x00,0x00,0x00,0xff,0xff,0xff,
0xff,0xff,0xff,0xff,0xff,0xff,0xff,0xff,0xff,0xff,0xff,0xff,0xff,0xff,0xff,0xff,
0xff,0xff,0xff,0xff,0xff,0xff,0xff,0xff,0xff,0xff,0xff,0xff,0xff,0xff,0xff,0xff,
0xff,0x00,0x00,0x00,0x00,0x00,0x00,0x00,0x00,0x00,0x00,0x00,0x00,0x00,0x00,0x00,
0x00,0x00,0x00,0x00,0x00,0xff,0xff,0xff,0xff,0xff,0xff,0xff,0xff,0xff,0xff,0xff,
0xff,0xff,0xff,0xff,0xff,0xff,0xff,0xff,0xff,0xff,0xff,0xff,0xff,0xff,0xff,0xff,
0xff,0xff,0xff,0xff,0xff,0xff,0xff,0xff,0xff,0x00,0x00,0x00,0x00,0x00,0x00,0x00,
0x00,0x00,0x00,0x00,0x00,0x00,0x00,0x00,0x00,0x00,0x00,0x00,0x00,0xff,0xff,0xff,
0xff,0xff,0xff,0xff,0xff,0xff,0xff,0xff,0xff,0xff,0xff,0xff,0xff,0xff,0xff,0xff,
0xff,0xff,0xff,0xff,0xff,0xff,0xff,0xff,0xff,0xff,0xff,0xff,0xff,0xff,0xff,0xff,
0xff,0x00,0x00,0x00,0x00,0x00,0x00,0x00,0x00,0x00,0x00,0x00,0x00,0x00,0x00,0x00,
0x00,0x00,0x00,0x00,0x00,0xff,0xff,0xff,0xff,0xff,0xff,0xff,0xff,0xff,0xff,0xff,
0xff,0xff,0xff,0xff,0xff,0xff,0xff,0xff,0xff,0xff,0xff,0xff,0xff,0xff,0xff,0xff,
0xff,0xff,0xff,0xff,0xff,0xff,0xff,0xff,0xff,0x00,0x00,0x00,0x00,0x00,0x00,0x00,
0x00,0x00,0x00,0x00,0x00,0x00,0x00,0x00,0x00,0x00,0x00,0x00,0xff,0xff,0xff,0xff,
0xff,0xff,0xff,0xff,0xff,0xff,0xff,0xff,0xff,0xff,0xff,0xff,0xff,0xff,0xff,0xff,
0xff,0xff,0xff,0xff,0xff,0xff,0xff,0xff,0xff,0xff,0xff,0xff,0xff,0xff,0xff,0xff,
0xff,0x00,0x00,0x00,0x00,0x00,0x00,0x00,0x00,0x00,0x00,0x00,0x00,0x00,0x00,0x00,
0x00,0x00,0x00,0x00,0xff,0xff,0xff,0xff,0xff,0xff,0xff,0xff,0xff,0xff,0xff,0xff,
0xff,0xff,0xff,0xff,0xff,0xff,0xff,0xff,0xff,0xff,0xff,0xff,0xff,0xff,0xff,0xff,
0xff,0xff,0xff,0xff,0xff,0xff,0xff,0xff,0xff,0x00,0x00,0x00,0x00,0x00,0x00,0x00,
0x00,0x00,0x00,0x00,0x00,0x00,0x00,0x00,0x00,0x00,0x00,0x00,0xff,0xff,0xff,0xff,
0xff,0xff,0xff,0xff,0xff,0xff,0xff,0xff,0xff,0xff,0xff,0xff,0xff,0xff,0xff,0xff,
0xff,0xff,0xff,0xff,0xff,0xff,0xff,0xff,0xff,0xff,0xff,0xff,0xff,0xff,0xff,0xff,
0xff,0x00,0x00,0x00,0x00,0x00,0x00,0x00,0x00,0x00,0x00,0x00,0x00,0x00,0x00,0x00,
0x00,0x00,0x00,0x00,0x00,0xff,0xff,0xff,0xff,0xff,0xff,0xff,0xff,0xff,0xff,0xff,
0xff,0xff,0xff,0xff,0xff,0xff,0xff,0xff,0xff,0xff,0xff,0xff,0xff,0xff,0xff,0xff,
0xff,0xff,0xff,0xff,0xff,0xff,0xff,0xff,0xff,0x00,0x00,0x00,0x00,0x00,0x00,0x00,
0x00,0x00,0x00,0x00,0x00,0x00,0x00,0x00,0x00,0x00,0x00,0x00,0x00,0xff,0xff,0xff,
0xff,0xff,0xff,0xff,0xff,0xff,0xff,0xff,0xff,0xff,0xff,0xff,0xff,0xff,0xff,0xff,
0xff,0xff,0xff,0xff,0xff,0xff,0xff,0xff,0xff,0xff,0xff,0xff,0xff,0xff,0xff,0xff,
0xff,0x00,0x00,0x00,0x00,0x00,0x00,0x00,0x00,0x00,0x00,0x00,0x00,0x00,0x00,0x00,
0x00,0x00,0x00,0x00,0xff,0xff,0xff,0xff,0xff,0xff,0xff,0xff,0xff,0xff,0xff,0xff,
0xff,0xff,0xff,0xff,0xff,0xff,0xff,0xff,0xff,0xff,0xff,0xff,0xff,0xff,0xff,0xff,
0xff,0xff,0xff,0xff,0xff,0xff,0xff,0xff,0xff,0x00,0x00,0x00,0x00,0x00,0x00,0x00,
0x00,0x00,0x00,0x00,0x00,0x00,0x00,0x00,0x00,0x00,0x00,0x00,0xff,0xff,0xff,0xff,
0xff,0xff,0xff,0xff,0xff,0xff,0xff,0xff,0xff,0xff,0xff,0xff,0xff,0xff,0xff,0xff,
0xff,0xff,0xff,0xff,0xff,0xff,0xff,0xff,0xff,0xff,0xff,0xff,0xff,0xff,0xff,0xff,
0xff,0x00,0x00,0x00,0x00,0x00,0x00,0x00,0x00,0x00,0x00,0x00,0x00,0x00,0x00,0x00,
0x00,0x00,0x00,0xff,0xff,0xff,0xff,0xff,0xff,0xff,0xff,0xff,0xff,0xff,0xff,0xff,
0xff,0xff,0xff,0xff,0xff,0xff,0xff,0xff,0xff,0xff,0xff,0xff,0xff,0xff,0xff,0xff,
0xff,0xff,0xff,0xff,0xff,0xff,0xff,0xff,0xff,0x00,0x00,0x00,0x00,0x00,0x00,0x00,
0x00,0x00,0x00,0x00,0x00,0x00,0x00,0x00,0x00,0x00,0x00,0xff,0xff,0xff,0xff,0xff,
0xff,0xff,0xff,0xff,0xff,0xff,0xff,0xff,0xff,0xff,0xff,0xff,0xff,0xff,0xff,0xff,
0xff,0xff,0xff,0xff,0xff,0xff,0xff,0xff,0xff,0xff,0xff,0xff,0xff,0xff,0xff,0xff,
0xff,0x00,0x00,0x00,0x00,0x00,0x00,0x00,0x00,0x00,0x00,0x00,0x00,0x00,0x00,0x00,
0x00,0x00,0x00,0xff,0xff,0xff,0xff,0xff,0xff,0xff,0xff,0xff,0xff,0xff,0xff,0xff,
0xff,0xff,0xff,0xff,0xff,0xff,0xff,0xff,0xff,0xff,0xff,0xff,0xff,0xff,0xff,0xff,
0xff,0xff,0xff,0xff,0xff,0xff,0xff,0xff,0xff,0x00,0x00,0x00,0x00,0x00,0x00,0x00,
0x00,0x00,0x00,0x00,0x00,0x00,0x00,0x00,0x00,0x00,0x00,0xff,0xff,0xff,0xff,0xff,
0xff,0xff,0xff,0xff,0xff,0xff,0xff,0xff,0xff,0xff,0xff,0xff,0xff,0xff,0xff,0xff,
0xff,0xff,0xff,0xff,0xff,0xff,0xff,0xff,0xff,0xff,0xff,0xff,0xff,0xff,0xff,0xff,
0xff,0x00,0x00,0x00,0x00,0x00,0x00,0x00,0x00,0x00,0x00,0x00,0x00,0x00,0x00,0x00,
0x00,0x00,0x00,0xff,0xff,0xff,0xff,0xff,0xff,0xff,0xff,0xff,0xff,0xff,0xff,0xff,
0xff,0xff,0xff,0xff,0xff,0xff,0xff,0xff,0xff,0xff,0xff,0xff,0xff,0xff,0xff,0xff,
0xff,0xff,0xff,0xff,0xff,0xff,0xff,0xff,0xff,0x00,0x00,0x00,0x00,0x00,0x00,0x00,
0x00,0x00,0x00,0x00,0x00,0x00,0x00,0x00,0x00,0x00,0x00,0x00,0xff,0xff,0xff,0xff,
0xff,0xff,0xff,0xff,0xff,0xff,0xff,0xff,0xff,0xff,0xff,0xff,0xff,0xff,0xff,0xff,
0xff,0xff,0xff,0xff,0xff,0xff,0xff,0xff,0xff,0xff,0xff,0xff,0xff,0xff,0xff,0xff,
0xff,0x00,0x00,0x00,0x00,0x00,0x00,0x00,0x00,0x00,0x00,0x00,0x00,0x00,0x00,0x00,
0x00,0x00,0x00,0x00,0xff,0xff,0xff,0xff,0xff,0xff,0xff,0xff,0xff,0xff,0xff,0xff,
0xff,0xff,0xff,0xff,0xff,0xff,0xff,0xff,0xff,0xff,0xff,0xff,0xff,0xff,0xff,0xff,
0xff,0xff,0xff,0xff,0xff,0xff,0xff,0xff,0xff,0x00,0x00,0x00,0x00,0x00,0x00,0x00,
0x00,0x00,0x00,0x00,0x00,0x00,0x00,0x00,0x00,0x00,0x00,0x00,0xff,0xff,0xff,0xff,
0xff,0xff,0xff,0xff,0xff,0xff,0xff,0xff,0xff,0xff,0xff,0xff,0xff,0xff,0xff,0xff,
0xff,0xff,0xff,0xff,0xff,0xff,0xff,0xff,0xff,0xff,0xff,0xff,0xff,0xff,0xff,0xff,
0xff,0x00,0x00,0x00,0x00,0x00,0x00,0x00,0x00,0x00,0x00,0x00,0x00,0x00,0x00,0x00,
0x00,0x00,0x00,0x00,0x00,0xff,0xff,0xff,0xff,0xff,0xff,0xff,0xff,0xff,0xff,0xff,
0xff,0xff,0xff,0xff,0xff,0xff,0xff,0xff,0xff,0xff,0xff,0xff,0xff,0xff,0xff,0xff,
0xff,0xff,0xff,0xff,0xff,0xff,0xff,0xff,0xff,0x00,0x00,0x00,0x00,0x00,0x00,0x00,

};
static const lv_image_dsc_t s_farm_carrot_1 = {
    .header.magic = LV_IMAGE_HEADER_MAGIC,
    .header.cf = LV_COLOR_FORMAT_RGB565A8,
    .header.flags = 0,
    .header.w = 56,
    .header.h = 52,
    .header.stride = 112,
    .data_size = sizeof(s_farm_carrot_1_map),
    .data = s_farm_carrot_1_map,
};

static const LV_ATTRIBUTE_MEM_ALIGN LV_ATTRIBUTE_LARGE_CONST uint8_t s_farm_carrot_2_map[] = {
0x00,0x00,0x00,0x00,0x00,0x00,0x00,0x00,0x00,0x00,0xff,0xff,0xff,0xff,0xff,0xff,
0xdf,0xff,0x9e,0xf7,0x9e,0xf7,0xbe,0xf7,0x9e,0xf7,0x9e,0xf7,0xff,0xff,0xff,0xff,
0xdf,0xff,0xff,0xff,0x9e,0xf7,0xbe,0xf7,0x9e,0xf7,0xbe,0xf7,0xdf,0xff,0xff,0xff,
0xdf,0xff,0xff,0xff,0xbe,0xff,0xbe,0xf7,0x9e,0xf7,0xbe,0xf7,0x9d,0xf7,0xff,0xff,
0x51,0x95,0xe4,0x21,0x64,0x21,0xff,0xf7,0xa0,0x19,0xcc,0x9d,0xc5,0x9d,0x64,0x8d,
0x63,0x29,0xfe,0xf7,0xff,0xff,0xff,0xff,0x9e,0xf7,0xbe,0xf7,0xbe,0xff,0xbe,0xf7,
0xdf,0xff,0xff,0xff,0xff,0xff,0x00,0x00,0x00,0x00,0x00,0x00,0x00,0x00,0x00,0x00,
0x00,0x00,0x00,0x00,0x00,0x00,0x00,0x00,0x00,0x00,0x7e,0xf7,0x9e,0xf7,0x7e,0xf7,
0x9e,0xef,0xdf,0xff,0xff,0xff,0xff,0xff,0xff,0xff,0xdf,0xff,0x9e,0xef,0x9e,0xf7,
0x9e,0xef,0x7e,0xf7,0xff,0xff,0xff,0xff,0xff,0xff,0xdf,0xff,0x7d,0xef,0x7d,0xf7,
0x83,0x19,0x22,0x11,0x9e,0xef,0xff,0xff,0xff,0xff,0xdf,0xff,0xff,0xff,0x5d,0xef,
0x31,0x8d,0x65,0x3a,0xcd,0x9d,0x40,0x32,0x80,0x32,0x29,0x8d,0x07,0xa6,0x44,0x95,
0x65,0x21,0xbd,0xf7,0x9e,0xef,0x7d,0xf7,0xff,0xff,0xff,0xff,0xff,0xff,0xff,0xff,
0x9e,0xef,0x7e,0xf7,0x9e,0xf7,0x00,0x00,0x00,0x00,0x00,0x00,0x00,0x00,0x00,0x00,
0x00,0x00,0x00,0x00,0x00,0x00,0x00,0x00,0x00,0x00,0x9e,0xf7,0x9d,0xf7,0x9e,0xf7,
0x9d,0xf7,0xff,0xff,0xff,0xff,0xff,0xff,0xff,0xff,0xff,0xff,0x9e,0xf7,0x9e,0xf7,
0x9e,0xf7,0xbe,0xf7,0xff,0xff,0xff,0xff,0xff,0xff,0xff,0xff,0x4e,0x7c,0xc5,0x21,
0xe6,0x63,0x23,0x43,0xc5,0x31,0xfe,0xf7,0xbe,0xff,0xdf,0xf7,0xff,0xff,0x7d,0xef,
0x10,0x95,0x45,0x2a,0xa4,0x9d,0x26,0xa6,0x20,0x32,0x6b,0x9d,0x26,0x8d,0x22,0x64,
0xa3,0x21,0xe4,0x21,0xe5,0x31,0x9c,0xe7,0xdf,0xff,0xff,0xff,0xff,0xff,0xff,0xff,
0x9d,0xf7,0x9e,0xf7,0x9e,0xf7,0x00,0x00,0x00,0x00,0x00,0x00,0x00,0x00,0x00,0x00,
0x00,0x00,0x00,0x00,0x00,0x00,0x00,0x00,0x00,0x00,0x7e,0xf7,0x7e,0xef,0x7e,0xf7,
0x9e,0xef,0xdf,0xff,0xff,0xff,0xff,0xff,0xff,0xff,0xff,0xff,0x9e,0xef,0x9e,0xf7,
0x9e,0xef,0x9e,0xf7,0xff,0xff,0xff,0xff,0xff,0xff,0xdf,0xff,0x40,0x2a,0x6b,0x95,
0x65,0x8d,0x65,0x95,0x06,0x32,0xfc,0xf7,0xe5,0x21,0xe4,0x29,0xdf,0xff,0x5d,0xef,
0x31,0x8d,0xc4,0x21,0x83,0x6c,0xe8,0x9d,0x04,0x7d,0xc6,0x9d,0x89,0x74,0xe0,0x21,
0xa6,0x8d,0x24,0x85,0xe6,0x29,0x7c,0xe7,0xff,0xff,0xdf,0xff,0xff,0xff,0xff,0xff,
0x9e,0xf7,0x7e,0xf7,0x9e,0xef,0x00,0x00,0x00,0x00,0x00,0x00,0x00,0x00,0x00,0x00,
0x00,0x00,0x00,0x00,0x00,0x00,0x00,0x00,0x00,0x00,0x9e,0xf7,0x9d,0xf7,0x9e,0xf7,
0x9e,0xf7,0xff,0xff,0xff,0xff,0xff,0xff,0xff,0xff,0xff,0xff,0x9d,0xf7,0x9e,0xf7,
0x9e,0xf7,0xbe,0xf7,0xff,0xff,0xff,0xff,0xff,0xff,0xdf,0xff,0x40,0x32,0xea,0x7c,
0xe5,0xa5,0xe5,0x9d,0x89,0x84,0xc0,0x21,0xa9,0x84,0xe0,0x21,0xde,0xff,0x5d,0xe7,
0x7c,0xef,0x8c,0x63,0x20,0x2a,0x4a,0x8d,0x64,0x95,0x85,0x95,0x80,0x5b,0x68,0x8d,
0x6b,0x9d,0xa0,0x19,0x26,0x3a,0xbc,0xe7,0xff,0xff,0xff,0xff,0xdf,0xff,0xff,0xff,
0x9d,0xf7,0xbe,0xf7,0x9d,0xf7,0x00,0x00,0x00,0x00,0x00,0x00,0x00,0x00,0x00,0x00,
0x00,0x00,0x00,0x00,0x00,0x00,0x00,0x00,0x00,0x00,0xff,0xff,0xff,0xff,0xff,0xff,
0xff,0xff,0x7e,0xf7,0x9e,0xf7,0x7e,0xf7,0x9e,0xef,0x7e,0xf7,0xff,0xff,0xff,0xff,
0xff,0xff,0xdf,0xff,0x7e,0xef,0x9e,0xf7,0xde,0xef,0x4c,0x63,0x23,0x22,0xa5,0x3a,
0x47,0xa6,0xe5,0xa5,0x6b,0x95,0xe0,0x29,0x0a,0x85,0xc0,0x21,0xdf,0xf7,0xbf,0xff,
0x90,0x7c,0x68,0x42,0xa0,0x11,0xea,0x84,0x86,0x95,0xa2,0x7c,0x04,0x85,0x65,0x95,
0x2a,0x8d,0x80,0x3a,0x92,0x8c,0xff,0xff,0x9e,0xef,0x7d,0xf7,0x7e,0xef,0x7e,0xf7,
0xff,0xff,0xff,0xff,0xff,0xff,0x00,0x00,0x00,0x00,0x00,0x00,0x00,0x00,0x00,0x00,
0x00,0x00,0x00,0x00,0x00,0x00,0x00,0x00,0x00,0x00,0xff,0xff,0xff,0xff,0xff,0xff,
0xff,0xff,0x9e,0xf7,0x9d,0xf7,0x9e,0xf7,0x9d,0xf7,0x9e,0xf7,0xff,0xff,0xff,0xff,
0xff,0xff,0xff,0xff,0x7d,0xf7,0xbe,0xf7,0x03,0x2a,0x65,0x2a,0x24,0x2a,0xa2,0x11,
0x87,0xb6,0x05,0xa6,0x88,0x95,0x40,0x4b,0x6a,0x95,0x20,0x2a,0xff,0xff,0xff,0xff,
0x23,0x2a,0xc6,0x3a,0x80,0x19,0x69,0x6c,0x87,0x9d,0xe1,0x5b,0xe5,0xa5,0x84,0x95,
0x84,0x74,0x44,0x6c,0xe2,0x18,0xde,0xf7,0x7d,0xf7,0x9e,0xf7,0xbd,0xf7,0x59,0xc6,
0x99,0xd6,0xff,0xff,0xff,0xff,0x00,0x00,0x00,0x00,0x00,0x00,0x00,0x00,0x00,0x00,
0x00,0x00,0x00,0x00,0x00,0x00,0x00,0x00,0x00,0x00,0xdf,0xff,0xff,0xff,0xff,0xff,
0xff,0xff,0x7e,0xf7,0x9e,0xf7,0x7e,0xf7,0x9e,0xf7,0x7e,0xf7,0xff,0xff,0xff,0xff,
0xff,0xff,0xff,0xff,0x9e,0xef,0x7d,0xf7,0x00,0x22,0x0b,0x8d,0x49,0xae,0xe0,0x6b,
0x41,0x64,0xe8,0xa5,0x65,0x8d,0xe3,0x84,0x6a,0x8d,0x40,0x2a,0xa6,0x21,0xda,0xd6,
0x60,0x2a,0x2b,0x8d,0x6a,0x8d,0xe0,0x42,0x86,0x8d,0xe3,0x84,0x28,0x7d,0xc2,0x5b,
0xa3,0x19,0x62,0x19,0xbf,0xf7,0x9e,0xf7,0x5d,0xe7,0x3c,0xef,0x83,0x11,0xa4,0x21,
0xe6,0x29,0xfe,0xff,0xbf,0xf7,0x00,0x00,0x00,0x00,0x00,0x00,0x00,0x00,0x00,0x00,
0x00,0x00,0x00,0x00,0x00,0x00,0x00,0x00,0x00,0x00,0xff,0xff,0xff,0xff,0xff,0xff,
0xff,0xff,0xbe,0xf7,0x9d,0xf7,0x9e,0xf7,0x9e,0xf7,0x9e,0xf7,0xff,0xff,0xff,0xff,
0xff,0xff,0xff,0xff,0x7d,0xf7,0x7e,0xef,0x9b,0xef,0xe5,0x29,0x62,0x74,0xc7,0x9d,
0xe7,0xa5,0x41,0x64,0x63,0x95,0x06,0xa6,0xc8,0x7c,0x40,0x2a,0x27,0x8d,0xc2,0x53,
0xa1,0x21,0x44,0x32,0x44,0x8d,0x45,0x85,0x26,0x8d,0xe2,0x5b,0xe4,0x31,0xa3,0x21,
0x9d,0xf7,0xdf,0xf7,0xdd,0xf7,0x64,0x21,0x6b,0x63,0x8b,0x5b,0x00,0x2a,0xab,0x95,
0xa3,0x21,0xd7,0xc6,0xe5,0x31,0x40,0x00,0x00,0x00,0x00,0x00,0x00,0x00,0x00,0x00,
0x00,0x00,0x00,0x00,0x00,0x00,0x00,0x00,0x00,0x00,0x9e,0xf7,0x9e,0xef,0x7e,0xf7,
0x9e,0xf7,0xff,0xff,0xff,0xff,0xff,0xff,0xff,0xff,0xff,0xff,0x9e,0xef,0x7e,0xf7,
0x9e,0xef,0x7e,0xf7,0xff,0xff,0xdf,0xff,0xe0,0x21,0xaa,0x7c,0xc6,0x74,0x23,0x6c,
0xe3,0x7c,0xa6,0x9d,0x62,0x6c,0xa7,0x9d,0x46,0x43,0xe1,0x21,0x25,0x85,0xe4,0x84,
0xe3,0x21,0xe3,0x29,0x21,0x5c,0xe8,0x9d,0x48,0x6c,0x80,0x32,0xe6,0x84,0x63,0x7c,
0x65,0x21,0x7d,0xef,0x00,0x22,0xea,0x8c,0x05,0x22,0x21,0x11,0xa3,0x95,0x46,0xae,
0x00,0x22,0x0b,0x8d,0x2c,0x95,0x40,0x00,0x00,0x00,0x00,0x00,0x00,0x00,0x00,0x00,
0x00,0x00,0x00,0x00,0x00,0x00,0x00,0x00,0x00,0x00,0xbe,0xf7,0x9e,0xf7,0x9e,0xf7,
0x9e,0xf7,0xff,0xff,0xff,0xff,0xff,0xff,0xff,0xff,0xff,0xff,0x9e,0xf7,0x9e,0xf7,
0x9d,0xf7,0x9e,0xf7,0xff,0xff,0xff,0xff,0x41,0x11,0x46,0x2a,0x44,0x32,0xc3,0x21,
0xc3,0x29,0xa3,0x19,0xa0,0x5b,0x47,0x8d,0x83,0x74,0x66,0x8d,0x66,0x95,0xc4,0x7c,
0xe3,0x29,0x24,0x2a,0xa0,0x3a,0xcb,0x95,0xe2,0x63,0xc5,0x7c,0xe7,0x6b,0x82,0x3a,
0xe4,0x29,0x05,0x2a,0x60,0x32,0x09,0x85,0x23,0x4b,0xa5,0x53,0x45,0x8d,0xa3,0x74,
0xe5,0xa5,0x84,0x95,0x8d,0xa5,0x80,0x00,0x00,0x00,0x00,0x00,0x00,0x00,0x00,0x00,
0x00,0x00,0x00,0x00,0x00,0x00,0x00,0x00,0x00,0x00,0x9e,0xf7,0x9e,0xef,0x7e,0xf7,
0x9e,0xef,0xdf,0xff,0xff,0xff,0xff,0xff,0xff,0xff,0xff,0xff,0x9e,0xef,0x7e,0xf7,
0x9e,0xef,0x9e,0xf7,0xff,0xff,0xff,0xff,0xbf,0xf7,0xff,0xff,0xff,0xf7,0xe2,0x10,
0x68,0xb6,0xc5,0xa5,0x89,0x95,0x60,0x53,0x07,0x85,0xa1,0x5b,0x65,0x6c,0x24,0x6c,
0x84,0x21,0xf9,0xd6,0x00,0x1a,0x2a,0x8d,0xc5,0x53,0xe1,0x42,0x43,0x11,0xa4,0x21,
0x2e,0xae,0xc0,0x21,0xc1,0x3a,0xe8,0x84,0x63,0x6c,0x87,0x9d,0x01,0x5c,0xc8,0x9d,
0xa6,0x74,0xa2,0x53,0xa8,0x42,0x20,0x00,0x00,0x00,0x00,0x00,0x00,0x00,0x00,0x00,
0x00,0x00,0x00,0x00,0x00,0x00,0x00,0x00,0x00,0x00,0x9e,0xf7,0x9d,0xf7,0x9e,0xf7,
0x9d,0xf7,0xff,0xff,0xff,0xff,0xff,0xff,0xff,0xff,0xff,0xff,0x9d,0xf7,0x9e,0xf7,
0x9e,0xf7,0x9e,0xf7,0xff,0xff,0xff,0xff,0xff,0xff,0xdf,0xff,0xe0,0x29,0xcb,0x7c,
0x45,0x95,0xe3,0x7c,0x23,0x8d,0xa6,0x95,0xe3,0x84,0x65,0x95,0xe7,0x63,0x61,0x2a,
0x0e,0x7c,0xd9,0xce,0xc0,0x21,0x0a,0x85,0xa7,0x5b,0xe0,0x19,0x08,0x53,0xe4,0x29,
0x89,0x9d,0x40,0x4b,0x21,0x4b,0x66,0x74,0x05,0xae,0x63,0x95,0xe5,0x84,0x43,0x6c,
0x44,0x32,0x03,0x22,0xe7,0x39,0x20,0x00,0x00,0x00,0x00,0x00,0x00,0x00,0x00,0x00,
0x00,0x00,0x00,0x00,0x00,0x00,0x00,0x00,0x00,0x00,0xdf,0xff,0xff,0xff,0xdf,0xff,
0xff,0xff,0x7e,0xf7,0xbf,0xf7,0x9e,0xf7,0xbf,0xf7,0x9e,0xf7,0xff,0xff,0xdf,0xff,
0xff,0xff,0xdf,0xff,0x9e,0xf7,0x9e,0xf7,0x9e,0xf7,0x7d,0xf7,0xe0,0x19,0xca,0x7c,
0xe5,0x74,0xc5,0x7c,0x24,0x7d,0x65,0x8d,0xc4,0x74,0x04,0x85,0x29,0x64,0xe0,0x21,
0x99,0xc6,0x99,0xce,0xa0,0x19,0xea,0x8c,0x68,0x53,0xa1,0x21,0x7c,0xe7,0xc5,0x31,
0xa9,0x95,0x80,0x53,0xa2,0x5b,0x65,0x74,0xc6,0x95,0x03,0x85,0x46,0x85,0x62,0x74,
0x86,0x32,0x04,0x2a,0xaa,0x4a,0x00,0x00,0x00,0x00,0x00,0x00,0x00,0x00,0x00,0x00,
0x00,0x00,0x00,0x00,0x00,0x00,0x00,0x00,0x00,0x00,0xff,0xff,0xff,0xff,0xff,0xff,
0xff,0xff,0x9e,0xf7,0x9e,0xf7,0x9e,0xf7,0x9d,0xf7,0x9e,0xf7,0xff,0xff,0xff,0xff,
0xff,0xff,0xff,0xff,0x7d,0xf7,0x9e,0xf7,0x9d,0xf7,0x9e,0xef,0xdd,0xf7,0xc2,0x08,
0x82,0x19,0x04,0x22,0xc5,0x7c,0x84,0x6c,0xe2,0x63,0x27,0x85,0x2a,0x8d,0x60,0x11,
0xff,0xff,0x5c,0xe7,0xa0,0x19,0x0b,0x85,0xc4,0x29,0x21,0x11,0xdd,0xf7,0xe5,0x31,
0xc4,0x7c,0x63,0x6c,0x27,0xae,0x81,0x74,0xa4,0x5b,0xe6,0x63,0x43,0x6c,0x47,0x85,
0x45,0x95,0xe4,0x7c,0xc9,0x6b,0x60,0x00,0x00,0x00,0x00,0x00,0x00,0x00,0x00,0x00,
0x00,0x00,0x00,0x00,0x00,0x00,0x00,0x00,0x00,0x00,0xff,0xff,0xff,0xff,0xff,0xff,
0xff,0xff,0x7e,0xf7,0x9e,0xf7,0x7e,0xf7,0x9e,0xef,0x7e,0xf7,0xff,0xff,0xff,0xff,
0xff,0xff,0xdf,0xff,0x9e,0xef,0x9e,0xf7,0x9e,0xf7,0x7e,0xf7,0xdf,0xf7,0xdf,0xff,
0xff,0xf7,0x64,0x21,0x25,0x2a,0xa3,0x21,0xe1,0x19,0x46,0x53,0x6b,0x95,0xe0,0x21,
0xa6,0x21,0x1b,0xdf,0xe0,0x19,0x4b,0x8d,0x64,0x19,0xfe,0xf7,0xff,0xf7,0xa5,0x31,
0x41,0x64,0x07,0xa6,0xe3,0x5b,0x64,0x6c,0x65,0x8d,0x44,0x8d,0xe4,0x21,0xa3,0x21,
0x46,0x6c,0xc4,0x63,0x08,0x4b,0x20,0x00,0x00,0x00,0x00,0x00,0x00,0x00,0x00,0x00,
0x00,0x00,0x00,0x00,0x00,0x00,0x00,0x00,0x00,0x00,0xff,0xff,0xff,0xff,0xff,0xff,
0xff,0xff,0x9e,0xf7,0x9d,0xf7,0x9e,0xf7,0x9d,0xf7,0x9e,0xf7,0xff,0xff,0xff,0xff,
0xff,0xff,0xff,0xff,0x7d,0xf7,0x9e,0xf7,0x9e,0xf7,0xbe,0xf7,0xde,0xff,0xff,0xff,
0xde,0xff,0xbe,0xf7,0xff,0xff,0xfb,0xde,0xc3,0x29,0x25,0x2a,0x23,0x8d,0xe6,0x9d,
0x63,0x29,0xfa,0xd6,0x00,0x22,0x2a,0x85,0x84,0x29,0xfe,0xf7,0xc0,0x21,0x89,0x74,
0x87,0x95,0xc0,0x5b,0x42,0x4b,0xc5,0x5b,0x83,0x74,0x25,0x7d,0xaa,0x7c,0x45,0x4b,
0xc1,0x08,0x63,0x19,0x48,0x4a,0x20,0x00,0x00,0x00,0x00,0x00,0x00,0x00,0x00,0x00,
0x00,0x00,0x00,0x00,0x00,0x00,0x00,0x00,0x00,0x00,0xff,0xff,0xff,0xff,0xff,0xff,
0xff,0xff,0x7e,0xf7,0x9e,0xef,0x7e,0xf7,0x9e,0xef,0x7e,0xf7,0xff,0xff,0xff,0xff,
0xff,0xff,0xff,0xff,0x9e,0xef,0x7e,0xf7,0xbe,0xef,0x34,0xa5,0xd3,0x8c,0xff,0xff,
0x42,0x09,0xc4,0x21,0xa2,0x08,0xde,0xf7,0xff,0xf7,0x24,0x21,0x20,0x4b,0x4c,0xb6,
0xc4,0x21,0x42,0x19,0x06,0x85,0x22,0x6c,0xa4,0x21,0x42,0x19,0xc2,0x7c,0xc5,0xa5,
0x25,0x2a,0x62,0x19,0xa4,0x19,0x63,0x19,0x41,0x22,0x48,0x6c,0xe8,0x5b,0xe0,0x21,
0xdf,0xf7,0xdf,0xff,0xdf,0xff,0x00,0x00,0x00,0x00,0x00,0x00,0x00,0x00,0x00,0x00,
0x00,0x00,0x00,0x00,0x00,0x00,0x00,0x00,0x00,0x00,0x9e,0xf7,0x9d,0xf7,0x9e,0xf7,
0x9e,0xf7,0xff,0xff,0xff,0xff,0xff,0xff,0xff,0xff,0xff,0xff,0x9d,0xf7,0x9e,0xf7,
0x9e,0xf7,0xbe,0xf7,0xff,0xff,0xff,0xff,0xfe,0xff,0x44,0x19,0xab,0x7c,0x00,0x01,
0x00,0x2a,0x2a,0x8d,0xee,0xad,0xa0,0x19,0xbd,0xf7,0xc2,0x10,0x80,0x3a,0x6a,0x95,
0x84,0x3a,0xc1,0x21,0xe8,0xa5,0xe0,0x63,0xc1,0x21,0x67,0x53,0xc8,0xa5,0xc0,0x5b,
0x81,0x10,0xde,0xf7,0xff,0xff,0xdf,0xff,0x62,0x19,0x05,0x2a,0x84,0x21,0xda,0xc6,
0xbe,0xff,0x9e,0xf7,0x7d,0xf7,0x00,0x00,0x00,0x00,0x00,0x00,0x00,0x00,0x00,0x00,
0x00,0x00,0x00,0x00,0x00,0x00,0x00,0x00,0x00,0x00,0x7e,0xf7,0x9e,0xef,0x7e,0xf7,
0x9e,0xf7,0xdf,0xff,0xff,0xff,0xff,0xff,0xff,0xff,0xff,0xff,0x9e,0xef,0x7e,0xf7,
0x9e,0xef,0x9e,0xf7,0xff,0xff,0xdf,0xff,0xff,0xef,0x44,0x21,0xca,0x7c,0xe0,0x29,
0x00,0x2a,0x07,0x74,0x6b,0x95,0xc0,0x21,0x54,0x9d,0xc2,0x10,0xc0,0x42,0x29,0x95,
0xc8,0x5b,0xe0,0x21,0x09,0x9e,0xe0,0x63,0x00,0x22,0x49,0x74,0x8a,0x9d,0xa0,0x42,
0x68,0x42,0x94,0xad,0x05,0x2a,0xc4,0x21,0xdf,0xf7,0xbe,0xf7,0x9e,0xf7,0xdf,0xff,
0xbf,0xf7,0x9e,0xf7,0x9e,0xef,0x00,0x00,0x00,0x00,0x00,0x00,0x00,0x00,0x00,0x00,
0x00,0x00,0x00,0x00,0x00,0x00,0x00,0x00,0x00,0x00,0x9e,0xf7,0x9e,0xf7,0x9e,0xf7,
0x9e,0xf7,0xff,0xff,0xff,0xff,0xff,0xff,0xff,0xff,0xff,0xff,0x9d,0xf7,0x9e,0xf7,
0x9e,0xf7,0xbe,0xf7,0xff,0xff,0xff,0xff,0xa3,0x21,0x62,0x11,0x41,0x6c,0x66,0x95,
0xe2,0x42,0xc3,0x3a,0x88,0x9d,0xe0,0x3a,0x21,0x11,0xc4,0x21,0xc0,0x4a,0xac,0x9d,
0x49,0x74,0x21,0x22,0xc9,0xa5,0x20,0x43,0xc0,0x29,0xec,0xa5,0x69,0x7c,0x60,0x11,
0x47,0x42,0xc2,0x08,0x43,0x32,0x44,0x2a,0x63,0x21,0xb4,0xa5,0xbe,0xff,0xff,0xff,
0x9d,0xf7,0xbe,0xf7,0x9e,0xff,0x00,0x00,0x00,0x00,0x00,0x00,0x00,0x00,0x00,0x00,
0x00,0x00,0x00,0x00,0x00,0x00,0x00,0x00,0x00,0x00,0x7e,0xf7,0x9e,0xf7,0x7e,0xf7,
0x9e,0xef,0xdf,0xff,0xff,0xff,0xff,0xff,0xff,0xff,0xff,0xff,0x9e,0xef,0x7e,0xf7,
0x9e,0xef,0x7d,0xf7,0xfe,0xf7,0xc5,0x29,0x65,0x8d,0xa6,0x9d,0x25,0xa6,0xa3,0x9d,
0x83,0x95,0xe4,0xa5,0xa2,0x74,0x44,0x8d,0xc5,0x74,0x84,0x74,0x00,0x2a,0x49,0x74,
0x89,0x7c,0xa0,0x21,0x2b,0x8d,0xe0,0x29,0xe3,0x84,0x23,0x8d,0xc0,0x19,0xa7,0x5b,
0x03,0x7d,0x85,0x95,0xc6,0x95,0x03,0x85,0xeb,0x74,0xc0,0x19,0x03,0x19,0xfe,0xff,
0x9e,0xef,0x9e,0xf7,0xbf,0xf7,0x00,0x00,0x00,0x00,0x00,0x00,0x00,0x00,0x00,0x00,
0x00,0x00,0x00,0x00,0x00,0x00,0x00,0x00,0x00,0x00,0xff,0xff,0xff,0xff,0xff,0xff,
0xff,0xff,0x9e,0xf7,0x9e,0xf7,0x9e,0xf7,0x9e,0xf7,0x9e,0xf7,0xff,0xff,0xff,0xff,
0xff,0xff,0xff,0xff,0xfd,0xf7,0xe5,0x29,0xc2,0x84,0xc6,0x9d,0x64,0x74,0xe3,0x5b,
0xc2,0x3a,0x24,0x4b,0x44,0x95,0xc2,0x7c,0xa4,0xa5,0xe5,0xa5,0xe1,0x31,0x26,0x53,
0xca,0x8c,0x60,0x19,0x06,0x6c,0xc2,0x3a,0x6b,0xa5,0x80,0x19,0xc0,0x63,0xe7,0x9d,
0x82,0x7c,0x25,0x85,0x25,0x8d,0x21,0x64,0x89,0x74,0x20,0x1a,0xa5,0x29,0xbd,0xef,
0xff,0xff,0xff,0xff,0xff,0xff,0x00,0x00,0x00,0x00,0x00,0x00,0x00,0x00,0x00,0x00,
0x00,0x00,0x00,0x00,0x00,0x00,0x00,0x00,0x00,0x00,0xdf,0xff,0xff,0xff,0xff,0xff,
0xff,0xff,0x7e,0xf7,0x9e,0xf7,0x7e,0xf7,0x9e,0xef,0x7e,0xf7,0xff,0xff,0xff,0xff,
0xff,0xff,0xff,0xff,0xff,0xf7,0x23,0x19,0x45,0x22,0x03,0x22,0x7c,0xe7,0x02,0x19,
0x45,0x8d,0x45,0x95,0xa8,0x7c,0xc0,0x42,0x81,0x3a,0x68,0x7c,0xea,0x8c,0xe0,0x31,
0x8a,0x9d,0x40,0x32,0x20,0x4b,0x68,0x9d,0xe9,0x7c,0x40,0x32,0x67,0x53,0xc1,0x29,
0x60,0x2a,0x0a,0x8d,0x08,0x7d,0x21,0x4b,0xa5,0x19,0xc5,0x29,0xdb,0xd6,0x9e,0xf7,
0xff,0xff,0xff,0xff,0xff,0xff,0x00,0x00,0x00,0x00,0x00,0x00,0x00,0x00,0x00,0x00,
0x00,0x00,0x00,0x00,0x00,0x00,0x00,0x00,0x00,0x00,0xff,0xff,0xff,0xff,0xff,0xff,
0xff,0xff,0x9e,0xf7,0x9e,0xf7,0x9e,0xf7,0x9d,0xf7,0x9e,0xf7,0xff,0xff,0xff,0xff,
0xff,0xff,0xff,0xff,0xbe,0xff,0x7e,0xef,0x7d,0xf7,0x9e,0xf7,0x80,0x19,0x6c,0x95,
0xe4,0x84,0x05,0x85,0xa3,0x29,0xa3,0x21,0xc4,0x31,0xa4,0x21,0x45,0x7c,0x62,0x5b,
0xc9,0x8c,0x80,0x3a,0x23,0x95,0xa5,0x9d,0xe9,0x6b,0x80,0x19,0x03,0x21,0xbe,0xf7,
0xc0,0x08,0xe5,0x21,0x43,0x32,0x44,0x2a,0xdf,0xff,0x7e,0xef,0x9e,0xff,0xbe,0xf7,
0xff,0xff,0xff,0xff,0xff,0xff,0x00,0x00,0x00,0x00,0x00,0x00,0x00,0x00,0x00,0x00,
0x00,0x00,0x00,0x00,0x00,0x00,0x00,0x00,0x00,0x00,0xff,0xff,0xff,0xff,0xff,0xff,
0xff,0xff,0x7e,0xf7,0x9e,0xf7,0x9e,0xf7,0x9e,0xf7,0x7e,0xf7,0xff,0xff,0xff,0xff,
0xff,0xff,0xff,0xff,0x9e,0xef,0x7d,0xf7,0x7e,0xef,0x7d,0xf7,0xe0,0x19,0x89,0x7c,
0x88,0x53,0xc0,0x21,0x49,0x3a,0xff,0xff,0xff,0xff,0xe3,0x18,0xc0,0x19,0x6b,0x95,
0x28,0x6c,0x20,0x32,0x27,0xae,0xc1,0x8c,0xc5,0x21,0x84,0x21,0xdf,0xf7,0x5d,0xef,
0x9e,0xef,0x7e,0xf7,0xc1,0x00,0x23,0x19,0xff,0xff,0x7e,0xf7,0x9e,0xf7,0x7e,0xf7,
0xff,0xff,0xff,0xff,0xff,0xff,0x00,0x00,0x00,0x00,0x00,0x00,0x00,0x00,0x00,0x00,
0x00,0x00,0x00,0x00,0x00,0x00,0x00,0x00,0x00,0x00,0xbe,0xf7,0xbe,0xff,0xbe,0xf7,
0x9e,0xf7,0xdf,0xff,0xdf,0xff,0xff,0xff,0xdf,0xff,0xff,0xff,0x9e,0xff,0xbe,0xf7,
0x9e,0xff,0xbe,0xf7,0xde,0xff,0xdf,0xff,0xbe,0xff,0xff,0xff,0x40,0x19,0xa9,0x63,
0xe7,0x5a,0x24,0x32,0xb2,0x9c,0xbe,0xf7,0xfe,0xff,0x44,0x21,0xe0,0x29,0x6b,0x95,
0xa7,0x63,0xe0,0x29,0xe6,0xad,0xa1,0x7c,0xc5,0x39,0x64,0x29,0x5c,0xef,0xbe,0xf7,
0xbe,0xff,0xff,0xff,0xdf,0xff,0xff,0xff,0xdf,0xff,0xdf,0xff,0xdf,0xff,0xff,0xff,
0xbe,0xff,0xbe,0xf7,0xbe,0xff,0x00,0x00,0x00,0x00,0x00,0x00,0x00,0x00,0x00,0x00,
0x00,0x00,0x00,0x00,0x00,0x00,0x00,0x00,0x00,0x00,0x9e,0xf7,0x9e,0xef,0x7e,0xf7,
0x9e,0xef,0xdf,0xff,0xff,0xff,0xff,0xff,0xff,0xff,0xdf,0xff,0x9e,0xef,0x9e,0xf7,
0x9e,0xef,0x9e,0xf7,0xff,0xff,0xdf,0xff,0xdf,0xf7,0xbf,0xff,0xbf,0xf7,0x7d,0xf7,
0xff,0xff,0xff,0xff,0xdf,0xff,0xdf,0xff,0xa2,0x18,0x45,0x31,0xc0,0x21,0x8a,0x84,
0x66,0x5b,0xc0,0x29,0xa7,0x9d,0x80,0x63,0x65,0x29,0x04,0x29,0x25,0x29,0xdf,0xff,
0xff,0xff,0xff,0xff,0xdf,0xff,0xbf,0xff,0xff,0xff,0xdf,0xff,0xff,0xff,0xff,0xff,
0x9e,0xef,0x7e,0xf7,0x9e,0xf7,0x00,0x00,0x00,0x00,0x00,0x00,0x00,0x00,0x00,0x00,
0x00,0x00,0x00,0x00,0x00,0x00,0x00,0x00,0x00,0x00,0x9e,0xf7,0x9d,0xf7,0x9e,0xf7,
0x9e,0xf7,0xff,0xff,0xff,0xff,0xff,0xff,0xff,0xff,0xff,0xff,0x9e,0xf7,0xbe,0xf7,
0x9d,0xf7,0xbf,0xf7,0xbe,0xff,0x41,0x08,0x61,0x18,0xa2,0x10,0xbe,0xff,0xe8,0x39,
0x03,0x29,0x65,0x31,0x23,0x31,0x85,0x39,0xa5,0x41,0x03,0x29,0x62,0x21,0x05,0x32,
0xe7,0x8c,0x20,0x4b,0x4b,0xa5,0xa0,0x29,0x24,0x29,0x24,0x21,0xe6,0x59,0x44,0x39,
0x44,0x31,0x45,0x29,0xde,0xff,0xbf,0xf7,0xbe,0xff,0xff,0xff,0xff,0xff,0xff,0xff,
0x9d,0xf7,0x9e,0xf7,0x9e,0xf7,0x00,0x00,0x00,0x00,0x00,0x00,0x00,0x00,0x00,0x00,
0x00,0x00,0x00,0x00,0x00,0x00,0x00,0x00,0x00,0x00,0x7e,0xf7,0x9e,0xf7,0x9e,0xf7,
0x9e,0xf7,0xff,0xff,0xff,0xff,0xdf,0xff,0xff,0xff,0xff,0xff,0x9e,0xf7,0x7e,0xf7,
0x7e,0xef,0x9e,0xf7,0x81,0x18,0x27,0x5a,0x46,0x6a,0xe4,0x61,0xc3,0x20,0x24,0x31,
0x26,0x6a,0x46,0x72,0xc5,0x59,0xe5,0x61,0xe0,0x40,0xc7,0x8a,0x08,0x93,0x80,0x48,
0x25,0x6c,0x41,0x53,0xc8,0x6b,0x60,0x21,0x87,0x82,0xa0,0x50,0x03,0x31,0x27,0x62,
0xe7,0x51,0x03,0x39,0x45,0x29,0x04,0x31,0x45,0x29,0x9e,0xf7,0xdf,0xf7,0xdf,0xff,
0x7e,0xef,0x9e,0xf7,0x9e,0xf7,0x00,0x00,0x00,0x00,0x00,0x00,0x00,0x00,0x00,0x00,
0x00,0x00,0x00,0x00,0x00,0x00,0x00,0x00,0x00,0x00,0x9e,0xf7,0x9d,0xf7,0xbe,0xf7,
0x9d,0xf7,0xff,0xff,0xff,0xff,0xff,0xff,0xff,0xff,0xff,0xff,0x7d,0xf7,0x9e,0xf7,
0x82,0x18,0x04,0x21,0x04,0x6a,0x46,0x72,0x45,0x7a,0x86,0x7a,0x04,0x72,0x29,0x93,
0x66,0x7a,0x45,0x6a,0x26,0x62,0x02,0x31,0x22,0xd3,0x43,0xcb,0x47,0xab,0xa0,0x48,
0xa2,0x4a,0x45,0x53,0x07,0x5b,0x60,0x21,0x20,0xb2,0xe4,0xc2,0x03,0x31,0x85,0x39,
0x25,0x72,0x25,0x6a,0x83,0x59,0x67,0x72,0xe6,0x59,0x23,0x39,0x24,0x29,0xdf,0xff,
0x7d,0xf7,0x9e,0xf7,0x7d,0xf7,0x00,0x00,0x00,0x00,0x00,0x00,0x00,0x00,0x00,0x00,
0x00,0x00,0x00,0x00,0x00,0x00,0x00,0x00,0x00,0x00,0xff,0xff,0xff,0xff,0xff,0xff,
0xff,0xff,0x7e,0xf7,0x9e,0xef,0x7e,0xf7,0x9e,0xef,0x7d,0xf7,0xff,0xff,0xdb,0xde,
0xc2,0x20,0x07,0x5a,0xa6,0x8a,0xc6,0x92,0x26,0x62,0xe4,0x61,0x06,0x62,0xe5,0x61,
0x46,0x6a,0xe5,0x61,0x00,0x51,0xc7,0x92,0xc2,0xe3,0x03,0xf4,0x85,0xdb,0x40,0xba,
0x83,0x61,0xa3,0x69,0x61,0x79,0x85,0xa2,0x62,0xba,0xa3,0xca,0x87,0x82,0x80,0x48,
0x05,0x6a,0xa7,0x82,0x87,0x7a,0x25,0x72,0xe5,0x59,0x05,0x6a,0x24,0x31,0x44,0x39,
0xdf,0xff,0xff,0xff,0xff,0xff,0x00,0x00,0x00,0x00,0x00,0x00,0x00,0x00,0x00,0x00,
0x00,0x00,0x00,0x00,0x00,0x00,0x00,0x00,0x00,0x00,0xff,0xff,0xff,0xff,0xff,0xff,
0xff,0xff,0x9e,0xf7,0x9d,0xf7,0x9e,0xf7,0x9d,0xf7,0x9e,0xef,0xff,0xff,0xa2,0x10,
0x42,0x51,0x09,0x7b,0x86,0x8a,0x86,0x82,0x86,0x82,0x04,0x6a,0x64,0x49,0x64,0x41,
0x63,0x51,0xe5,0x59,0xc0,0x50,0xac,0xcc,0x02,0xdc,0x89,0xfd,0x68,0xfd,0xe2,0xd3,
0xc2,0xf3,0xc3,0xeb,0xc2,0xf3,0xc3,0xeb,0x43,0xe3,0xc2,0xca,0x28,0xa3,0xc0,0x50,
0x83,0x59,0x46,0x6a,0xe5,0x69,0x05,0x62,0xa6,0x8a,0xa6,0x82,0xa8,0x72,0x02,0x39,
0xff,0xff,0xff,0xff,0xff,0xff,0x00,0x00,0x00,0x00,0x00,0x00,0x00,0x00,0x00,0x00,
0x00,0x00,0x00,0x00,0x00,0x00,0x00,0x00,0x00,0x00,0xff,0xff,0xff,0xff,0xdf,0xff,
0xff,0xff,0x7e,0xf7,0x9e,0xf7,0x7e,0xf7,0x9e,0xef,0x7e,0xf7,0x45,0x29,0x45,0x31,
0x46,0x6a,0xe4,0x69,0xc4,0x59,0x05,0x6a,0xc6,0x51,0x63,0x49,0xc5,0x51,0xe5,0x61,
0x85,0x49,0x64,0x51,0xc0,0x50,0x6b,0xcc,0x62,0xdb,0xa2,0xeb,0x68,0xed,0xe9,0xfd,
0x68,0xfd,0x27,0xfd,0xe4,0xeb,0xa2,0xeb,0x64,0xdb,0xc1,0xd2,0x87,0x82,0xc0,0x50,
0x84,0x41,0xa4,0x51,0xa5,0x49,0x03,0x39,0x46,0x6a,0x05,0x6a,0x87,0x72,0x05,0x6a,
0x05,0x21,0xbe,0xff,0xff,0xff,0x00,0x00,0x00,0x00,0x00,0x00,0x00,0x00,0x00,0x00,
0x00,0x00,0x00,0x00,0x00,0x00,0x00,0x00,0x00,0x00,0xff,0xff,0xff,0xff,0xff,0xff,
0xff,0xff,0x9e,0xf7,0x9d,0xf7,0x9e,0xf7,0x9d,0xf7,0x7e,0xef,0x03,0x31,0x86,0x39,
0xc4,0x61,0xc4,0x59,0x84,0x51,0x84,0x49,0x64,0x49,0x64,0x41,0xa4,0x59,0xe5,0x59,
0x64,0x49,0x64,0x41,0xa0,0x58,0x0a,0xc4,0x00,0xd3,0xe4,0xeb,0x23,0xec,0x85,0xf4,
0x43,0xf4,0x23,0xec,0x62,0xe3,0x83,0xe3,0x23,0xdb,0x81,0xc2,0xc7,0x92,0xc0,0x50,
0x64,0x41,0x44,0x39,0x23,0x41,0x85,0x41,0xe4,0x69,0x46,0x72,0xe5,0x61,0xa5,0x51,
0xe3,0x20,0xdf,0xff,0xff,0xff,0x00,0x00,0x00,0x00,0x00,0x00,0x00,0x00,0x00,0x00,
0x00,0x00,0x00,0x00,0x00,0x00,0x00,0x00,0x00,0x00,0x7e,0xf7,0x9e,0xef,0x7e,0xf7,
0x9e,0xef,0xdf,0xff,0xff,0xff,0xff,0xff,0xff,0xff,0xbf,0xff,0x83,0x10,0x45,0x31,
0xa5,0x51,0xc5,0x59,0x85,0x49,0x23,0x41,0x64,0x39,0x43,0x41,0xc5,0x51,0xa4,0x51,
0x44,0x39,0x44,0x41,0xa0,0x58,0xea,0xcb,0xe2,0xca,0x43,0xdb,0x82,0xe3,0xe3,0xf3,
0xe3,0xe3,0x03,0xf4,0xa3,0xe3,0x41,0xdb,0x25,0xd3,0x21,0xba,0xc8,0x8a,0xa0,0x48,
0x65,0x39,0x24,0x39,0x65,0x41,0xa5,0x51,0x85,0x49,0x84,0x51,0x85,0x39,0x44,0x39,
0xe4,0x18,0xbf,0xff,0xbf,0xf7,0x00,0x00,0x00,0x00,0x00,0x00,0x00,0x00,0x00,0x00,
0x00,0x00,0x00,0x00,0x00,0x00,0x00,0x00,0x00,0x00,0x9e,0xf7,0x7d,0xf7,0x9e,0xf7,
0x9d,0xf7,0xff,0xff,0xff,0xff,0xff,0xff,0xff,0xff,0xff,0xff,0x7c,0xf7,0xe3,0x18,
0x43,0x49,0x06,0x5a,0x65,0x7a,0x45,0x72,0xa5,0x51,0x85,0x49,0x44,0x41,0x65,0x39,
0x44,0x41,0x03,0x39,0x80,0x58,0xea,0xc3,0x03,0xd3,0x81,0xba,0xe0,0xd2,0xc4,0xeb,
0xc2,0xeb,0xc2,0xeb,0xe3,0xf3,0x21,0xd3,0xe3,0xa9,0xa2,0x99,0x66,0x8a,0xa0,0x48,
0x43,0x41,0x64,0x41,0x84,0x51,0xa4,0x49,0xe5,0x59,0x43,0x41,0x64,0x39,0x03,0x29,
0xe3,0x20,0x7e,0xf7,0x9e,0xf7,0x00,0x00,0x00,0x00,0x00,0x00,0x00,0x00,0x00,0x00,
0x00,0x00,0x00,0x00,0x00,0x00,0x00,0x00,0x00,0x00,0x7e,0xf7,0x9e,0xef,0x7e,0xf7,
0x9e,0xef,0xff,0xff,0xff,0xff,0xff,0xff,0xff,0xff,0xdf,0xff,0x7e,0xef,0xc3,0x20,
0x25,0x6a,0x05,0x72,0xe7,0x8a,0x45,0x7a,0x87,0x7a,0xe5,0x69,0x24,0x31,0x85,0x41,
0x24,0x29,0xc3,0x28,0xa0,0x50,0x28,0xa3,0x01,0xcb,0xa4,0xeb,0x82,0xc2,0x82,0xca,
0x63,0xdb,0x63,0xe3,0xa3,0xc2,0x21,0xba,0xe1,0xa1,0xa4,0xc2,0xa5,0x59,0x80,0x38,
0xe3,0x28,0x65,0x41,0x64,0x41,0xe5,0x59,0x26,0x6a,0xe5,0x71,0x24,0x31,0x24,0x31,
0xdf,0xf7,0x5d,0xf7,0x7e,0xef,0x00,0x00,0x00,0x00,0x00,0x00,0x00,0x00,0x00,0x00,
0x00,0x00,0x00,0x00,0x00,0x00,0x00,0x00,0x00,0x00,0x9e,0xf7,0x9d,0xf7,0x9e,0xf7,
0x9d,0xf7,0xff,0xff,0xff,0xff,0xff,0xff,0xff,0xff,0xff,0xff,0xe2,0x38,0xe6,0x51,
0xe3,0x71,0xa6,0x82,0x45,0x7a,0x45,0x72,0xc5,0x59,0x63,0x41,0x64,0x41,0x03,0x31,
0x23,0x39,0x85,0x41,0xa0,0x50,0x08,0x93,0x80,0xc2,0xa4,0xe3,0x84,0xfc,0x23,0xec,
0xa2,0xca,0x82,0xc2,0x21,0xba,0x62,0xba,0x04,0xdb,0x41,0xba,0xc3,0x20,0xe3,0x20,
0x24,0x39,0x24,0x31,0x64,0x41,0x03,0x31,0xa3,0x59,0x47,0x6a,0x67,0x72,0x63,0x49,
0x04,0x29,0xdf,0xff,0x9d,0xf7,0x00,0x00,0x00,0x00,0x00,0x00,0x00,0x00,0x00,0x00,
0x00,0x00,0x00,0x00,0x00,0x00,0x00,0x00,0x00,0x00,0xdf,0xff,0xff,0xff,0xff,0xff,
0xff,0xff,0x7e,0xf7,0x9e,0xef,0x7e,0xf7,0x9e,0xef,0x9e,0xf7,0x44,0x31,0x44,0x39,
0xe5,0x59,0xc4,0x61,0xc7,0x82,0x25,0x72,0x67,0x6a,0x63,0x51,0xe4,0x20,0xc3,0x28,
0x24,0x29,0xe3,0x28,0x04,0x29,0x04,0x29,0x21,0x9a,0x25,0xc3,0xa3,0xe3,0xc3,0xeb,
0xa4,0xe3,0xa3,0xeb,0x63,0xdb,0xe1,0xd2,0x23,0xaa,0x02,0xaa,0x04,0x29,0x44,0x39,
0xe4,0x20,0x04,0x29,0x23,0x31,0x85,0x41,0x26,0x6a,0x25,0x6a,0x46,0x6a,0x25,0x6a,
0xe4,0x18,0xbe,0xff,0xff,0xff,0x00,0x00,0x00,0x00,0x00,0x00,0x00,0x00,0x00,0x00,
0x00,0x00,0x00,0x00,0x00,0x00,0x00,0x00,0x00,0x00,0xff,0xff,0xff,0xff,0xff,0xff,
0xff,0xff,0x9e,0xf7,0x9e,0xf7,0x9e,0xf7,0x7d,0xf7,0xbe,0xf7,0xbe,0xff,0x24,0x21,
0x84,0x51,0x44,0x41,0x04,0x72,0x45,0x72,0x44,0x41,0x03,0x31,0x22,0x49,0xa8,0x72,
0xc6,0x92,0xa6,0x82,0xc6,0x51,0x03,0x31,0x40,0x38,0x67,0x7a,0xc1,0xd2,0xa4,0xe3,
0x42,0xe3,0x63,0xdb,0x44,0xdb,0x00,0xaa,0x05,0x7a,0x60,0x38,0x24,0x31,0x24,0x29,
0x23,0x41,0xa5,0x49,0x45,0x7a,0x45,0x72,0xc7,0x8a,0x45,0x72,0x06,0x62,0x02,0x39,
0xa2,0x20,0x34,0xad,0xff,0xff,0x00,0x00,0x00,0x00,0x00,0x00,0x00,0x00,0x00,0x00,
0x00,0x00,0x00,0x00,0x00,0x00,0x00,0x00,0x00,0x00,0xff,0xff,0xff,0xff,0xff,0xff,
0xff,0xff,0x7e,0xf7,0x9e,0xef,0x9e,0xf7,0x9e,0xef,0x7d,0xf7,0x2c,0x63,0x45,0x31,
0x26,0x6a,0x05,0x6a,0x06,0x5a,0x84,0x51,0x64,0x41,0xa5,0x51,0xa7,0x82,0x86,0x8a,
0xc7,0x82,0x65,0x7a,0xa8,0x72,0x63,0x51,0xc3,0x20,0xe3,0x28,0xe0,0xa1,0x04,0xcb,
0x02,0xd3,0x43,0xe3,0x43,0xaa,0xc1,0xa1,0x04,0x29,0xc3,0x28,0x64,0x41,0xa5,0x51,
0x66,0x72,0x45,0x7a,0x64,0x41,0x84,0x49,0x05,0x62,0xe5,0x69,0x05,0x62,0x26,0x6a,
0x85,0x41,0x24,0x41,0x8f,0x6b,0x00,0x00,0x00,0x00,0x00,0x00,0x00,0x00,0x00,0x00,
0x00,0x00,0x00,0x00,0x00,0x00,0x00,0x00,0x00,0x00,0xff,0xff,0xff,0xff,0xff,0xff,
0xff,0xff,0x9e,0xf7,0x7d,0xf7,0xbe,0xf7,0xbe,0xff,0x9e,0xf7,0xe3,0x30,0xa6,0x41,
0x65,0x7a,0x24,0x6a,0x05,0x62,0xa4,0x51,0x63,0x49,0xc5,0x51,0xa6,0x8a,0xc6,0x8a,
0xa6,0x8a,0xa6,0x82,0x46,0x72,0x63,0x49,0xc2,0x20,0x24,0x29,0x80,0x79,0xc5,0xa2,
0xc1,0xd2,0x02,0xd3,0x23,0x92,0xa1,0x79,0xc3,0x20,0xe3,0x18,0x22,0x41,0xc5,0x51,
0x86,0x82,0x25,0x72,0xa4,0x59,0xa4,0x49,0xe4,0x69,0x26,0x6a,0xe4,0x61,0x26,0x62,
0xa5,0x51,0x24,0x39,0x8e,0x73,0x00,0x00,0x00,0x00,0x00,0x00,0x00,0x00,0x00,0x00,
0x00,0x00,0x00,0x00,0x00,0x00,0x00,0x00,0x00,0x00,0x7e,0xf7,0x9e,0xef,0x7e,0xf7,
0x9e,0xf7,0xdf,0xff,0xff,0xff,0xdf,0xff,0xff,0xff,0xe3,0x20,0xe2,0x30,0x47,0x62,
0xc6,0x82,0xc6,0x92,0x26,0x6a,0xe5,0x69,0x26,0x6a,0x05,0x6a,0xa7,0x7a,0xe4,0x69,
0x05,0x62,0x05,0x6a,0x26,0x62,0x63,0x51,0x65,0x39,0xe3,0x30,0x04,0x29,0xc3,0x28,
0x83,0xba,0xc3,0xca,0x24,0x29,0xc3,0x28,0x23,0x39,0xa5,0x51,0xa4,0x59,0x87,0x7a,
0x08,0x8b,0x04,0x72,0x27,0x62,0xe2,0x40,0x64,0x49,0x47,0x6a,0x85,0x41,0x85,0x49,
0xa6,0x41,0xc2,0x30,0x0d,0x63,0x00,0x00,0x00,0x00,0x00,0x00,0x00,0x00,0x00,0x00,
0x00,0x00,0x00,0x00,0x00,0x00,0x00,0x00,0x00,0x00,0x9e,0xf7,0x9d,0xf7,0xbe,0xf7,
0x9d,0xf7,0xff,0xff,0xff,0xff,0xff,0xff,0xdf,0xff,0x45,0x29,0xe3,0x71,0xc7,0x8a,
0xe4,0x69,0x25,0x6a,0x05,0x72,0xe4,0x61,0xe7,0x92,0x24,0x72,0x05,0x62,0x63,0x49,
0x05,0x6a,0xc4,0x59,0xa4,0x49,0x23,0x39,0xe2,0x38,0xa5,0x49,0x66,0x72,0xa3,0x59,
0xc3,0x20,0xe3,0x20,0x64,0x49,0x85,0x49,0x01,0x41,0x67,0x6a,0x45,0x7a,0x86,0x7a,
0xe4,0x69,0x25,0x6a,0x05,0x6a,0x05,0x62,0x45,0x7a,0x05,0x6a,0x26,0x6a,0x84,0x51,
0x24,0x31,0x49,0x4a,0x5d,0xf7,0x00,0x00,0x00,0x00,0x00,0x00,0x00,0x00,0x00,0x00,
0x00,0x00,0x00,0x00,0x00,0x00,0x00,0x00,0x00,0x00,0x7e,0xf7,0x9e,0xef,0x9e,0xf7,
0x9e,0xef,0xdf,0xff,0xff,0xff,0xdf,0xff,0xdf,0xff,0x04,0x29,0xe5,0x61,0xe5,0x69,
0xc5,0x59,0x84,0x51,0x85,0x41,0x44,0x41,0xe4,0x69,0xe7,0x92,0x46,0x72,0xe5,0x71,
0x46,0x6a,0xe5,0x69,0x06,0x5a,0xa4,0x59,0xc7,0x8a,0x45,0x82,0x86,0x7a,0x45,0x7a,
0xe5,0x59,0xc4,0x59,0x63,0x51,0x67,0x72,0x06,0x5a,0x23,0x49,0xe5,0x61,0x26,0x6a,
0x46,0x72,0xe5,0x71,0x45,0x72,0x86,0x82,0xc5,0x59,0x06,0x6a,0xe5,0x59,0xa4,0x59,
0x45,0x29,0xaa,0x5a,0xbf,0xf7,0x00,0x00,0x00,0x00,0x00,0x00,0x00,0x00,0x00,0x00,
0x00,0x00,0x00,0x00,0x00,0x00,0x00,0x00,0x00,0x00,0x9e,0xf7,0x9e,0xf7,0x9e,0xf7,
0x9d,0xf7,0xff,0xff,0xff,0xff,0xff,0xff,0xdf,0xff,0x25,0x29,0x84,0x49,0x84,0x41,
0x64,0x49,0x64,0x41,0x24,0x72,0xa7,0x7a,0xc7,0x8a,0x45,0x72,0x05,0x72,0x46,0x72,
0x46,0x72,0x63,0x49,0x84,0x59,0x26,0x6a,0xc4,0x61,0x05,0x62,0xc3,0x69,0x86,0x7a,
0x25,0x72,0x05,0x6a,0x04,0x72,0x86,0x7a,0x66,0x7a,0xc4,0x61,0x23,0x41,0x64,0x41,
0xc4,0x61,0x46,0x6a,0x46,0x72,0xe5,0x61,0x26,0x6a,0x43,0x41,0x43,0x41,0x85,0x49,
0x85,0x49,0xe3,0x28,0x2c,0x6b,0x00,0x00,0x00,0x00,0x00,0x00,0x00,0x00,0x00,0x00,
0x00,0x00,0x00,0x00,0x00,0x00,0x00,0x00,0x00,0x00,0x7e,0xf7,0x9e,0xef,0x7e,0xf7,
0x9e,0xef,0xff,0xff,0xff,0xff,0xff,0xff,0xdf,0xff,0x24,0x29,0x45,0x31,0xe3,0x30,
0x43,0x49,0x26,0x6a,0xe5,0x59,0xc5,0x61,0x26,0x6a,0x05,0x72,0xe6,0x59,0x63,0x49,
0x85,0x49,0x44,0x41,0x43,0x49,0x06,0x62,0xe5,0x61,0xe5,0x69,0x05,0x6a,0x05,0x72,
0x05,0x62,0xe4,0x61,0xa5,0x51,0xa4,0x59,0x46,0x72,0x25,0x72,0xa6,0x49,0xe3,0x38,
0x85,0x41,0x44,0x41,0xa5,0x51,0xa5,0x59,0x47,0x6a,0x63,0x51,0x44,0x39,0x44,0x41,
0x65,0x39,0xe2,0x30,0x6e,0x6b,0x00,0x00,0x00,0x00,0x00,0x00,0x00,0x00,0x00,0x00,
0x00,0x00,0x00,0x00,0x00,0x00,0x00,0x00,0x00,0x00,0xff,0xff,0xff,0xff,0xff,0xff,
0xff,0xff,0x9e,0xf7,0x9d,0xf7,0x9e,0xf7,0x7d,0xf7,0xdf,0xf7,0x13,0xb5,0x85,0x41,
0x63,0x49,0xe5,0x51,0x84,0x51,0xa5,0x51,0x45,0x72,0x25,0x6a,0xc5,0x59,0xa4,0x51,
0x84,0x49,0x64,0x41,0xc4,0x61,0x66,0x72,0x85,0x82,0x86,0x7a,0x05,0x6a,0xe4,0x61,
0x04,0x6a,0x45,0x6a,0xe5,0x61,0xc4,0x59,0xc4,0x61,0xa4,0x59,0xc5,0x51,0x23,0x39,
0x64,0x41,0x64,0x39,0xa4,0x59,0xc5,0x51,0x64,0x49,0x64,0x39,0x64,0x49,0x64,0x41,
0x65,0x41,0x24,0x31,0x6d,0x73,0x00,0x00,0x00,0x00,0x00,0x00,0x00,0x00,0x00,0x00,
0x00,0x00,0x00,0x00,0x00,0x00,0x00,0x00,0x00,0x00,0xdf,0xff,0xff,0xff,0xff,0xff,
0xff,0xff,0x7e,0xf7,0x9e,0xef,0x7e,0xf7,0x9e,0xef,0x5d,0xef,0x04,0x31,0xa6,0x49,
0x85,0x41,0x64,0x49,0x84,0x49,0x84,0x51,0xa5,0x51,0x84,0x51,0x64,0x41,0x64,0x49,
0x24,0x39,0x64,0x41,0x46,0x72,0xe4,0x69,0xa4,0x59,0xe5,0x61,0x46,0x6a,0x63,0x51,
0xa4,0x51,0xc5,0x59,0x26,0x62,0x63,0x51,0x44,0x41,0x64,0x49,0xc5,0x51,0x84,0x51,
0x04,0x31,0xe3,0x30,0x64,0x41,0x64,0x49,0x85,0x49,0x85,0x49,0x65,0x41,0x64,0x49,
0x25,0x29,0xe3,0x28,0x2d,0x63,0x00,0x00,0x00,0x00,0x00,0x00,0x00,0x00,0x00,0x00,
0x00,0x00,0x00,0x00,0x00,0x00,0x00,0x00,0x00,0x00,0xff,0xff,0xff,0xff,0xff,0xff,
0xff,0xff,0x7e,0xef,0x7d,0xf7,0x9e,0xf7,0x9e,0xf7,0x7d,0xef,0xe2,0x28,0xa6,0x39,
0x84,0x49,0x84,0x41,0x84,0x49,0x84,0x49,0x64,0x49,0x64,0x41,0x64,0x49,0x64,0x41,
0x02,0x31,0x85,0x41,0x83,0x59,0x46,0x6a,0x05,0x6a,0x25,0x6a,0x43,0x41,0x85,0x49,
0x64,0x49,0xa5,0x49,0x43,0x49,0x85,0x49,0x64,0x49,0x64,0x41,0x64,0x49,0x85,0x49,
0x85,0x49,0x24,0x31,0x03,0x31,0x65,0x39,0x84,0x49,0x64,0x41,0x64,0x49,0x84,0x41,
0x04,0x29,0xd7,0xbd,0xdf,0xff,0x00,0x00,0x00,0x00,0x00,0x00,0x00,0x00,0x00,0x00,
0x00,0x00,0x00,0x00,0x00,0x00,0x00,0x00,0x00,0x00,0xff,0xff,0xff,0xff,0xff,0xff,
0xff,0xff,0x7e,0xf7,0x9e,0xef,0x7e,0xf7,0x9e,0xef,0x5d,0xef,0xff,0xff,0xd7,0xbd,
0xe4,0x20,0xe3,0x28,0x85,0x49,0x64,0x49,0x65,0x41,0x23,0x39,0x04,0x21,0x04,0x29,
0xe4,0x20,0x24,0x31,0xa5,0x49,0x23,0x41,0x85,0x41,0xa5,0x51,0x65,0x39,0xe3,0x30,
0x24,0x31,0x86,0x41,0x65,0x41,0x44,0x41,0x05,0x29,0xc3,0x20,0xa5,0x49,0x64,0x49,
0x65,0x39,0x24,0x39,0x04,0x29,0x03,0x29,0x44,0x39,0x44,0x41,0xa6,0x41,0x03,0x31,
0xd0,0x7b,0xff,0xff,0xff,0xff,0x00,0x00,0x00,0x00,0x00,0x00,0x00,0x00,0x00,0x00,
0x00,0x00,0x00,0x00,0x00,0x00,0x00,0x00,0x00,0x00,0x00,0x00,0x00,0x00,0x00,0x00,
0x00,0x00,0x00,0x00,0x00,0x00,0x00,0x00,0x00,0x00,0x00,0x00,0x00,0x00,0x00,0x00,
0xff,0xff,0xff,0x00,0xff,0xff,0xff,0xff,0xff,0x00,0x00,0x00,0x00,0x00,0x00,0x00,
0x00,0x00,0x00,0x00,0x00,0x00,0x00,0x00,0x00,0x00,0x00,0x00,0x00,0x00,0x00,0x00,
0x00,0x00,0x00,0x00,0x00,0x00,0x00,0x00,0x00,0x00,0x00,0x00,0x00,0x00,0x00,0x00,
0xff,0xff,0x00,0x00,0x00,0x00,0x00,0x00,0xff,0xff,0xff,0xff,0xff,0xff,0xff,0xff,
0xff,0x00,0x00,0x00,0x00,0x00,0x00,0x00,0x00,0x00,0x00,0x00,0x00,0x00,0x00,0x00,
0x00,0x00,0x00,0x00,0x00,0x00,0x00,0x00,0x00,0x00,0x00,0x00,0x00,0x00,0x00,0x00,
0x00,0x00,0x00,0x00,0x00,0x00,0xff,0xff,0xff,0xff,0xff,0x00,0x00,0x00,0x00,0x00,
0xff,0xff,0xff,0xff,0xff,0xff,0xff,0xff,0xff,0xff,0xff,0x00,0x00,0x00,0x00,0x00,
0x00,0x00,0x00,0x00,0x00,0x00,0x00,0x00,0x00,0x00,0x00,0x00,0x00,0x00,0x00,0x00,
0x00,0x00,0x00,0x00,0x00,0x00,0x00,0x00,0x00,0x00,0x00,0x00,0x00,0x00,0xff,0xff,
0xff,0xff,0xff,0x00,0xff,0xff,0x00,0x00,0xff,0xff,0xff,0xff,0xff,0xff,0xff,0xff,
0xff,0xff,0xff,0x00,0x00,0x00,0x00,0x00,0x00,0x00,0x00,0x00,0x00,0x00,0x00,0x00,
0x00,0x00,0x00,0x00,0x00,0x00,0x00,0x00,0x00,0x00,0x00,0x00,0x00,0x00,0x00,0x00,
0x00,0x00,0x00,0x00,0x00,0x00,0xff,0xff,0xff,0xff,0xff,0xff,0xff,0xff,0x00,0x00,
0x00,0xff,0xff,0xff,0xff,0xff,0xff,0xff,0xff,0xff,0xff,0x00,0x00,0x00,0x00,0x00,
0x00,0x00,0x00,0x00,0x00,0x00,0x00,0x00,0x00,0x00,0x00,0x00,0x00,0x00,0x00,0x00,
0x00,0x00,0x00,0x00,0x00,0x00,0x00,0x00,0x00,0x00,0x00,0x00,0x00,0xff,0xff,0xff,
0xff,0xff,0xff,0xff,0xff,0xff,0x00,0x00,0xff,0xff,0xff,0xff,0xff,0xff,0xff,0xff,
0xff,0xff,0xff,0x00,0x00,0x00,0x00,0x00,0x00,0x00,0x00,0x00,0x00,0x00,0x00,0x00,
0x00,0x00,0x00,0x00,0x00,0x00,0x00,0x00,0x00,0x00,0x00,0x00,0x00,0x00,0x00,0x00,
0x00,0x00,0x00,0x00,0xff,0xff,0xff,0xff,0xff,0xff,0xff,0xff,0xff,0xff,0x00,0x00,
0xff,0xff,0xff,0xff,0xff,0xff,0xff,0xff,0xff,0xff,0xff,0x00,0x00,0x00,0x00,0xff,
0xff,0x00,0x00,0x00,0x00,0x00,0x00,0x00,0x00,0x00,0x00,0x00,0x00,0x00,0x00,0x00,
0x00,0x00,0x00,0x00,0x00,0x00,0x00,0x00,0x00,0x00,0x00,0x00,0xff,0xff,0xff,0xff,
0xff,0xff,0xff,0xff,0xff,0xff,0xff,0x00,0xff,0xff,0xff,0xff,0xff,0xff,0xff,0xff,
0xff,0xff,0x00,0x00,0x00,0x00,0xff,0xff,0xff,0x00,0x00,0x00,0x00,0x00,0x00,0x00,
0x00,0x00,0x00,0x00,0x00,0x00,0x00,0x00,0x00,0x00,0x00,0x00,0x00,0x00,0x00,0x00,
0x00,0x00,0x00,0x00,0x00,0xff,0xff,0xff,0xff,0xff,0xff,0xff,0xff,0xff,0xff,0xff,
0xff,0xff,0xff,0xff,0xff,0xff,0xff,0xff,0x00,0x00,0x00,0xff,0xff,0xff,0xff,0xff,
0xff,0xff,0xff,0x00,0x00,0x00,0x00,0x00,0x00,0x00,0x00,0x00,0x00,0x00,0x00,0x00,
0x00,0x00,0x00,0x00,0x00,0x00,0x00,0x00,0x00,0x00,0x00,0x00,0xff,0xff,0xff,0xff,
0xff,0xff,0xff,0xff,0xff,0xff,0xff,0xff,0xff,0xff,0xff,0xff,0xff,0xff,0xff,0xff,
0xff,0x00,0xff,0xff,0xff,0xff,0xff,0xff,0xff,0xff,0xff,0x00,0x00,0x00,0x00,0x00,
0x00,0x00,0x00,0x00,0x00,0x00,0x00,0x00,0x00,0x00,0x00,0x00,0x00,0x00,0x00,0x00,
0x00,0x00,0x00,0x00,0xff,0xff,0xff,0xff,0xff,0xff,0xff,0xff,0xff,0xff,0xff,0xff,
0xff,0xff,0xff,0xff,0xff,0xff,0xff,0xff,0xff,0xff,0xff,0xff,0xff,0xff,0xff,0xff,
0xff,0xff,0xff,0x00,0x00,0x00,0x00,0x00,0x00,0x00,0x00,0x00,0x00,0x00,0x00,0x00,
0x00,0x00,0x00,0x00,0x00,0x00,0x00,0x00,0x00,0x00,0x00,0x00,0x00,0x00,0x00,0xff,
0xff,0xff,0xff,0xff,0xff,0xff,0xff,0xff,0xff,0xff,0xff,0xff,0xff,0xff,0xff,0xff,
0xff,0xff,0xff,0xff,0xff,0xff,0xff,0xff,0xff,0xff,0xff,0x00,0x00,0x00,0x00,0x00,
0x00,0x00,0x00,0x00,0x00,0x00,0x00,0x00,0x00,0x00,0x00,0x00,0x00,0x00,0x00,0x00,
0x00,0x00,0x00,0x00,0x00,0x00,0xff,0xff,0xff,0xff,0xff,0xff,0xff,0xff,0xff,0xff,
0xff,0xff,0xff,0xff,0xff,0xff,0xff,0xff,0xff,0xff,0xff,0xff,0xff,0xff,0xff,0xff,
0xff,0xff,0xff,0x00,0x00,0x00,0x00,0x00,0x00,0x00,0x00,0x00,0x00,0x00,0x00,0x00,
0x00,0x00,0x00,0x00,0x00,0x00,0x00,0x00,0x00,0x00,0x00,0x00,0x00,0x00,0xff,0xff,
0xff,0xff,0xff,0xff,0xff,0xff,0xff,0xff,0xff,0xff,0xff,0xff,0xff,0xff,0x00,0xff,
0xff,0xff,0xff,0xff,0xff,0xff,0xff,0xff,0xff,0xff,0xff,0x00,0x00,0x00,0x00,0x00,
0x00,0x00,0x00,0x00,0x00,0x00,0x00,0x00,0x00,0x00,0x00,0x00,0x00,0x00,0x00,0x00,
0x00,0x00,0x00,0x00,0x00,0x00,0x00,0xff,0xff,0xff,0xff,0xff,0xff,0xff,0xff,0xff,
0x00,0x00,0xff,0xff,0xff,0xff,0x00,0xff,0xff,0xff,0xff,0xff,0xff,0xff,0xff,0xff,
0xff,0xff,0xff,0x00,0x00,0x00,0x00,0x00,0x00,0x00,0x00,0x00,0x00,0x00,0x00,0x00,
0x00,0x00,0x00,0x00,0x00,0x00,0x00,0x00,0x00,0x00,0x00,0x00,0x00,0x00,0x00,0x00,
0x00,0xff,0xff,0xff,0xff,0xff,0xff,0xff,0xff,0x00,0xff,0xff,0xff,0x00,0x00,0xff,
0xff,0xff,0xff,0xff,0xff,0xff,0xff,0xff,0xff,0xff,0xff,0x00,0x00,0x00,0x00,0x00,
0x00,0x00,0x00,0x00,0x00,0x00,0x00,0x00,0x00,0x00,0x00,0x00,0x00,0x00,0x00,0x00,
0x00,0x00,0x00,0x00,0x00,0x00,0x00,0x00,0x00,0x00,0x00,0x00,0xff,0xff,0xff,0xff,
0xff,0xff,0xff,0xff,0xff,0x00,0xff,0xff,0xff,0xff,0xff,0xff,0xff,0xff,0xff,0xff,
0xff,0xff,0xff,0x00,0x00,0x00,0x00,0x00,0x00,0x00,0x00,0x00,0x00,0x00,0x00,0x00,
0x00,0x00,0x00,0x00,0x00,0x00,0x00,0x00,0x00,0x00,0x00,0x00,0x00,0xff,0xff,0x00,
0xff,0xff,0xff,0x00,0x00,0xff,0xff,0xff,0xff,0xff,0xff,0xff,0xff,0xff,0xff,0xff,
0xff,0xff,0xff,0xff,0xff,0xff,0xff,0xff,0x00,0x00,0x00,0x00,0x00,0x00,0x00,0x00,
0x00,0x00,0x00,0x00,0x00,0x00,0x00,0x00,0x00,0x00,0x00,0x00,0x00,0x00,0x00,0x00,
0x00,0x00,0x00,0x00,0x00,0xff,0xff,0xff,0xff,0xff,0xff,0xff,0x00,0xff,0xff,0xff,
0xff,0xff,0xff,0xff,0xff,0xff,0xff,0xff,0xff,0x00,0x00,0x00,0xff,0xff,0xff,0xff,
0x00,0x00,0x00,0x00,0x00,0x00,0x00,0x00,0x00,0x00,0x00,0x00,0x00,0x00,0x00,0x00,
0x00,0x00,0x00,0x00,0x00,0x00,0x00,0x00,0x00,0x00,0x00,0x00,0x00,0xff,0xff,0xff,
0xff,0xff,0xff,0xff,0xff,0xff,0xff,0xff,0xff,0xff,0xff,0xff,0xff,0xff,0xff,0xff,
0xff,0xff,0xff,0xff,0x00,0x00,0x00,0x00,0x00,0x00,0x00,0x00,0x00,0x00,0x00,0x00,
0x00,0x00,0x00,0x00,0x00,0x00,0x00,0x00,0x00,0x00,0x00,0x00,0x00,0x00,0x00,0x00,
0x00,0x00,0x00,0x00,0xff,0xff,0xff,0xff,0xff,0xff,0xff,0xff,0xff,0xff,0xff,0xff,
0xff,0xff,0xff,0xff,0xff,0xff,0xff,0xff,0xff,0xff,0xff,0xff,0xff,0xff,0x00,0x00,
0x00,0x00,0x00,0x00,0x00,0x00,0x00,0x00,0x00,0x00,0x00,0x00,0x00,0x00,0x00,0x00,
0x00,0x00,0x00,0x00,0x00,0x00,0x00,0x00,0x00,0x00,0x00,0xff,0xff,0xff,0xff,0xff,
0xff,0xff,0xff,0xff,0xff,0xff,0xff,0xff,0xff,0xff,0xff,0xff,0xff,0xff,0xff,0xff,
0xff,0xff,0xff,0xff,0xff,0xff,0xff,0x00,0x00,0x00,0x00,0x00,0x00,0x00,0x00,0x00,
0x00,0x00,0x00,0x00,0x00,0x00,0x00,0x00,0x00,0x00,0x00,0x00,0x00,0x00,0x00,0x00,
0x00,0x00,0x00,0xff,0xff,0xff,0xff,0xff,0xff,0xff,0xff,0xff,0xff,0xff,0xff,0xff,
0xff,0xff,0xff,0xff,0xff,0xff,0xff,0xff,0xff,0xff,0xff,0xff,0xff,0xff,0xff,0x00,
0x00,0x00,0x00,0x00,0x00,0x00,0x00,0x00,0x00,0x00,0x00,0x00,0x00,0x00,0x00,0x00,
0x00,0x00,0x00,0x00,0x00,0x00,0x00,0x00,0x00,0x00,0x00,0xff,0xff,0xff,0x00,0xff,
0xff,0xff,0xff,0xff,0xff,0xff,0xff,0xff,0xff,0xff,0xff,0xff,0xff,0xff,0xff,0xff,
0xff,0xff,0xff,0xff,0xff,0xff,0x00,0x00,0x00,0x00,0x00,0x00,0x00,0x00,0x00,0x00,
0x00,0x00,0x00,0x00,0x00,0x00,0x00,0x00,0x00,0x00,0x00,0x00,0x00,0x00,0x00,0x00,
0x00,0x00,0x00,0x00,0x00,0x00,0xff,0xff,0xff,0xff,0xff,0xff,0xff,0xff,0xff,0xff,
0xff,0xff,0xff,0xff,0xff,0xff,0xff,0x00,0xff,0xff,0xff,0xff,0x00,0x00,0x00,0x00,
0x00,0x00,0x00,0x00,0x00,0x00,0x00,0x00,0x00,0x00,0x00,0x00,0x00,0x00,0x00,0x00,
0x00,0x00,0x00,0x00,0x00,0x00,0x00,0x00,0x00,0x00,0x00,0x00,0x00,0x00,0xff,0xff,
0xff,0xff,0xff,0x00,0x00,0xff,0xff,0xff,0xff,0xff,0xff,0xff,0xff,0xff,0x00,0x00,
0x00,0x00,0xff,0xff,0x00,0x00,0x00,0x00,0x00,0x00,0x00,0x00,0x00,0x00,0x00,0x00,
0x00,0x00,0x00,0x00,0x00,0x00,0x00,0x00,0x00,0x00,0x00,0x00,0x00,0x00,0x00,0x00,
0x00,0x00,0x00,0x00,0x00,0x00,0xff,0xff,0xff,0xff,0xff,0x00,0x00,0xff,0xff,0xff,
0xff,0xff,0xff,0xff,0xff,0xff,0x00,0x00,0x00,0x00,0x00,0x00,0x00,0x00,0x00,0x00,
0x00,0x00,0x00,0x00,0x00,0x00,0x00,0x00,0x00,0x00,0x00,0x00,0x00,0x00,0x00,0x00,
0x00,0x00,0x00,0x00,0x00,0x00,0x00,0x00,0x00,0x00,0x00,0x00,0x00,0x00,0x00,0x00,
0x00,0x00,0x00,0x00,0xff,0xff,0xff,0xff,0xff,0xff,0xff,0xff,0xff,0xff,0xff,0x00,
0x00,0x00,0x00,0x00,0x00,0x00,0x00,0x00,0x00,0x00,0x00,0x00,0x00,0x00,0x00,0x00,
0x00,0x00,0x00,0x00,0x00,0x00,0x00,0x00,0x00,0x00,0x00,0x00,0x00,0x00,0x00,0x00,
0x00,0x00,0x00,0xff,0xff,0xff,0x00,0xff,0xff,0xff,0xff,0xff,0xff,0xff,0xff,0xff,
0xff,0xff,0xff,0xff,0xff,0xff,0xff,0xff,0xff,0xff,0x00,0x00,0x00,0x00,0x00,0x00,
0x00,0x00,0x00,0x00,0x00,0x00,0x00,0x00,0x00,0x00,0x00,0x00,0x00,0x00,0x00,0x00,
0x00,0x00,0x00,0x00,0x00,0x00,0x00,0x00,0x00,0x00,0xff,0xff,0xff,0xff,0xff,0xff,
0xff,0xff,0xff,0xff,0xff,0xff,0xff,0xff,0xff,0xff,0xff,0xff,0xff,0xff,0xff,0xff,
0xff,0xff,0xff,0xff,0xff,0x00,0x00,0x00,0x00,0x00,0x00,0x00,0x00,0x00,0x00,0x00,
0x00,0x00,0x00,0x00,0x00,0x00,0x00,0x00,0x00,0x00,0x00,0x00,0x00,0x00,0x00,0x00,
0xff,0xff,0xff,0xff,0xff,0xff,0xff,0xff,0xff,0xff,0xff,0xff,0xff,0xff,0xff,0xff,
0xff,0xff,0xff,0xff,0xff,0xff,0xff,0xff,0xff,0xff,0xff,0xff,0xff,0xff,0xff,0x00,
0x00,0x00,0x00,0x00,0x00,0x00,0x00,0x00,0x00,0x00,0x00,0x00,0x00,0x00,0x00,0x00,
0x00,0x00,0x00,0x00,0x00,0x00,0x00,0x00,0xff,0xff,0xff,0xff,0xff,0xff,0xff,0xff,
0xff,0xff,0xff,0xff,0xff,0xff,0xff,0xff,0xff,0xff,0xff,0xff,0xff,0xff,0xff,0xff,
0xff,0xff,0xff,0xff,0xff,0xff,0xff,0xff,0x00,0x00,0x00,0x00,0x00,0x00,0x00,0x00,
0x00,0x00,0x00,0x00,0x00,0x00,0x00,0x00,0x00,0x00,0x00,0x00,0x00,0x00,0x00,0xff,
0xff,0xff,0xff,0xff,0xff,0xff,0xff,0xff,0xff,0xff,0xff,0xff,0xff,0xff,0xff,0xff,
0xff,0xff,0xff,0xff,0xff,0xff,0xff,0xff,0xff,0xff,0xff,0xff,0xff,0xff,0xff,0xff,
0x00,0x00,0x00,0x00,0x00,0x00,0x00,0x00,0x00,0x00,0x00,0x00,0x00,0x00,0x00,0x00,
0x00,0x00,0x00,0x00,0x00,0x00,0xff,0xff,0xff,0xff,0xff,0xff,0xff,0xff,0xff,0xff,
0xff,0xff,0xff,0xff,0xff,0xff,0xff,0xff,0xff,0xff,0xff,0xff,0xff,0xff,0xff,0xff,
0xff,0xff,0xff,0xff,0xff,0xff,0xff,0xff,0xff,0x00,0x00,0x00,0x00,0x00,0x00,0x00,
0x00,0x00,0x00,0x00,0x00,0x00,0x00,0x00,0x00,0x00,0x00,0x00,0x00,0x00,0xff,0xff,
0xff,0xff,0xff,0xff,0xff,0xff,0xff,0xff,0xff,0xff,0xff,0xff,0xff,0xff,0xff,0xff,
0xff,0xff,0xff,0xff,0xff,0xff,0xff,0xff,0xff,0xff,0xff,0xff,0xff,0xff,0xff,0xff,
0xff,0x00,0x00,0x00,0x00,0x00,0x00,0x00,0x00,0x00,0x00,0x00,0x00,0x00,0x00,0x00,
0x00,0x00,0x00,0x00,0x00,0x00,0xff,0xff,0xff,0xff,0xff,0xff,0xff,0xff,0xff,0xff,
0xff,0xff,0xff,0xff,0xff,0xff,0xff,0xff,0xff,0xff,0xff,0xff,0xff,0xff,0xff,0xff,
0xff,0xff,0xff,0xff,0xff,0xff,0xff,0xff,0xff,0x00,0x00,0x00,0x00,0x00,0x00,0x00,
0x00,0x00,0x00,0x00,0x00,0x00,0x00,0x00,0x00,0x00,0x00,0x00,0x00,0x00,0x00,0xff,
0xff,0xff,0xff,0xff,0xff,0xff,0xff,0xff,0xff,0xff,0xff,0xff,0xff,0xff,0xff,0xff,
0xff,0xff,0xff,0xff,0xff,0xff,0xff,0xff,0xff,0xff,0xff,0xff,0xff,0xff,0xff,0xff,
0xff,0x00,0x00,0x00,0x00,0x00,0x00,0x00,0x00,0x00,0x00,0x00,0x00,0x00,0x00,0x00,
0x00,0x00,0x00,0x00,0x00,0x00,0x00,0xff,0xff,0xff,0xff,0xff,0xff,0xff,0xff,0xff,
0xff,0xff,0xff,0xff,0xff,0xff,0xff,0xff,0xff,0xff,0xff,0xff,0xff,0xff,0xff,0xff,
0xff,0xff,0xff,0xff,0xff,0xff,0xff,0xff,0x00,0x00,0x00,0x00,0x00,0x00,0x00,0x00,
0x00,0x00,0x00,0x00,0x00,0x00,0x00,0x00,0x00,0x00,0x00,0x00,0x00,0x00,0xff,0xff,
0xff,0xff,0xff,0xff,0xff,0xff,0xff,0xff,0xff,0xff,0xff,0xff,0xff,0xff,0xff,0xff,
0xff,0xff,0xff,0xff,0xff,0xff,0xff,0xff,0xff,0xff,0xff,0xff,0xff,0xff,0xff,0xff,
0xff,0x00,0x00,0x00,0x00,0x00,0x00,0x00,0x00,0x00,0x00,0x00,0x00,0x00,0x00,0x00,
0x00,0x00,0x00,0x00,0x00,0x00,0xff,0xff,0xff,0xff,0xff,0xff,0xff,0xff,0xff,0xff,
0xff,0xff,0xff,0xff,0xff,0xff,0xff,0xff,0xff,0xff,0xff,0xff,0xff,0xff,0xff,0xff,
0xff,0xff,0xff,0xff,0xff,0xff,0xff,0xff,0xff,0x00,0x00,0x00,0x00,0x00,0x00,0x00,
0x00,0x00,0x00,0x00,0x00,0x00,0x00,0x00,0x00,0x00,0x00,0x00,0x00,0x00,0x00,0xff,
0xff,0xff,0xff,0xff,0xff,0xff,0xff,0xff,0xff,0xff,0xff,0xff,0xff,0xff,0xff,0xff,
0xff,0xff,0xff,0xff,0xff,0xff,0xff,0xff,0xff,0xff,0xff,0xff,0xff,0xff,0xff,0xff,
0xff,0xff,0x00,0x00,0x00,0x00,0x00,0x00,0x00,0x00,0x00,0x00,0x00,0x00,0x00,0x00,
0x00,0x00,0x00,0x00,0x00,0x00,0xff,0xff,0xff,0xff,0xff,0xff,0xff,0xff,0xff,0xff,
0xff,0xff,0xff,0xff,0xff,0xff,0xff,0xff,0xff,0xff,0xff,0xff,0xff,0xff,0xff,0xff,
0xff,0xff,0xff,0xff,0xff,0xff,0xff,0xff,0xff,0xff,0xff,0x00,0x00,0x00,0x00,0x00,
0x00,0x00,0x00,0x00,0x00,0x00,0x00,0x00,0x00,0x00,0x00,0x00,0x00,0x00,0xff,0xff,
0xff,0xff,0xff,0xff,0xff,0xff,0xff,0xff,0xff,0xff,0xff,0xff,0xff,0xff,0xff,0xff,
0xff,0xff,0xff,0xff,0xff,0xff,0xff,0xff,0xff,0xff,0xff,0xff,0xff,0xff,0xff,0xff,
0xff,0xff,0xff,0x00,0x00,0x00,0x00,0x00,0x00,0x00,0x00,0x00,0x00,0x00,0x00,0x00,
0x00,0x00,0x00,0x00,0x00,0xff,0xff,0xff,0xff,0xff,0xff,0xff,0xff,0xff,0xff,0xff,
0xff,0xff,0xff,0xff,0xff,0xff,0xff,0xff,0xff,0xff,0xff,0xff,0xff,0xff,0xff,0xff,
0xff,0xff,0xff,0xff,0xff,0xff,0xff,0xff,0xff,0xff,0xff,0x00,0x00,0x00,0x00,0x00,
0x00,0x00,0x00,0x00,0x00,0x00,0x00,0x00,0x00,0x00,0x00,0x00,0x00,0xff,0xff,0xff,
0xff,0xff,0xff,0xff,0xff,0xff,0xff,0xff,0xff,0xff,0xff,0xff,0xff,0xff,0xff,0xff,
0xff,0xff,0xff,0xff,0xff,0xff,0xff,0xff,0xff,0xff,0xff,0xff,0xff,0xff,0xff,0xff,
0xff,0xff,0x00,0x00,0x00,0x00,0x00,0x00,0x00,0x00,0x00,0x00,0x00,0x00,0x00,0x00,
0x00,0x00,0x00,0x00,0x00,0xff,0xff,0xff,0xff,0xff,0xff,0xff,0xff,0xff,0xff,0xff,
0xff,0xff,0xff,0xff,0xff,0xff,0xff,0xff,0xff,0xff,0xff,0xff,0xff,0xff,0xff,0xff,
0xff,0xff,0xff,0xff,0xff,0xff,0xff,0xff,0xff,0xff,0x00,0x00,0x00,0x00,0x00,0x00,
0x00,0x00,0x00,0x00,0x00,0x00,0x00,0x00,0x00,0x00,0x00,0x00,0x00,0xff,0xff,0xff,
0xff,0xff,0xff,0xff,0xff,0xff,0xff,0xff,0xff,0xff,0xff,0xff,0xff,0xff,0xff,0xff,
0xff,0xff,0xff,0xff,0xff,0xff,0xff,0xff,0xff,0xff,0xff,0xff,0xff,0xff,0xff,0xff,
0xff,0xff,0xff,0x00,0x00,0x00,0x00,0x00,0x00,0x00,0x00,0x00,0x00,0x00,0x00,0x00,
0x00,0x00,0x00,0x00,0x00,0xff,0xff,0xff,0xff,0xff,0xff,0xff,0xff,0xff,0xff,0xff,
0xff,0xff,0xff,0xff,0xff,0xff,0xff,0xff,0xff,0xff,0xff,0xff,0xff,0xff,0xff,0xff,
0xff,0xff,0xff,0xff,0xff,0xff,0xff,0xff,0xff,0xff,0xff,0x00,0x00,0x00,0x00,0x00,
0x00,0x00,0x00,0x00,0x00,0x00,0x00,0x00,0x00,0x00,0x00,0x00,0x00,0x00,0xff,0xff,
0xff,0xff,0xff,0xff,0xff,0xff,0xff,0xff,0xff,0xff,0xff,0xff,0xff,0xff,0xff,0xff,
0xff,0xff,0xff,0xff,0xff,0xff,0xff,0xff,0xff,0xff,0xff,0xff,0xff,0xff,0xff,0xff,
0xff,0xff,0xff,0x00,0x00,0x00,0x00,0x00,0x00,0x00,0x00,0x00,0x00,0x00,0x00,0x00,
0x00,0x00,0x00,0x00,0x00,0x00,0xff,0xff,0xff,0xff,0xff,0xff,0xff,0xff,0xff,0xff,
0xff,0xff,0xff,0xff,0xff,0xff,0xff,0xff,0xff,0xff,0xff,0xff,0xff,0xff,0xff,0xff,
0xff,0xff,0xff,0xff,0xff,0xff,0xff,0xff,0xff,0xff,0xff,0x00,0x00,0x00,0x00,0x00,
0x00,0x00,0x00,0x00,0x00,0x00,0x00,0x00,0x00,0x00,0x00,0x00,0x00,0x00,0xff,0xff,
0xff,0xff,0xff,0xff,0xff,0xff,0xff,0xff,0xff,0xff,0xff,0xff,0xff,0xff,0xff,0xff,
0xff,0xff,0xff,0xff,0xff,0xff,0xff,0xff,0xff,0xff,0xff,0xff,0xff,0xff,0xff,0xff,
0xff,0xff,0x00,0x00,0x00,0x00,0x00,0x00,0x00,0x00,0x00,0x00,0x00,0x00,0x00,0x00,
0x00,0x00,0x00,0x00,0x00,0x00,0x00,0xff,0xff,0xff,0xff,0xff,0xff,0xff,0xff,0xff,
0xff,0xff,0xff,0xff,0xff,0xff,0xff,0xff,0xff,0xff,0xff,0xff,0xff,0xff,0xff,0xff,
0xff,0xff,0xff,0xff,0xff,0xff,0xff,0xff,0xff,0x00,0x00,0x00,0x00,0x00,0x00,0x00,

};
static const lv_image_dsc_t s_farm_carrot_2 = {
    .header.magic = LV_IMAGE_HEADER_MAGIC,
    .header.cf = LV_COLOR_FORMAT_RGB565A8,
    .header.flags = 0,
    .header.w = 56,
    .header.h = 52,
    .header.stride = 112,
    .data_size = sizeof(s_farm_carrot_2_map),
    .data = s_farm_carrot_2_map,
};

static const LV_ATTRIBUTE_MEM_ALIGN LV_ATTRIBUTE_LARGE_CONST uint8_t s_farm_carrot_3_map[] = {
0x00,0x00,0x00,0x00,0x00,0x00,0x00,0x00,0x00,0x00,0x00,0x00,0x00,0x00,0xdf,0xf7,
0xff,0xff,0xff,0xff,0xff,0xff,0x9e,0xf7,0x9e,0xf7,0x9e,0xf7,0x7d,0xf7,0xff,0xff,
0xff,0xff,0xff,0xff,0x9e,0xf7,0x9e,0xf7,0x7d,0xf7,0x9e,0xef,0xfd,0xf7,0x84,0x21,
0x62,0x19,0xa3,0x19,0xbe,0xff,0x9e,0xf7,0x9d,0xf7,0xff,0xff,0xff,0xff,0xff,0xff,
0xdf,0xff,0x9e,0xf7,0x9e,0xf7,0x9e,0xf7,0xff,0xff,0xff,0xff,0xff,0xff,0xff,0xff,
0x9e,0xf7,0x9e,0xf7,0x9e,0xf7,0xbe,0xf7,0xff,0xff,0xff,0xff,0xff,0xff,0x9e,0xf7,
0x9d,0xf7,0x00,0x00,0x00,0x00,0x00,0x00,0x00,0x00,0x00,0x00,0x00,0x00,0x00,0x00,
0x00,0x00,0x00,0x00,0x00,0x00,0x00,0x00,0x00,0x00,0x00,0x00,0x00,0x00,0xbe,0xff,
0xff,0xff,0xdf,0xff,0xff,0xff,0x7e,0xf7,0x9e,0xf7,0x7e,0xf7,0x9e,0xef,0xdf,0xff,
0xff,0xff,0xff,0xff,0xbf,0xf7,0x7e,0xf7,0x9e,0xef,0x5d,0xef,0xe0,0x19,0x6c,0x95,
0x0b,0xa6,0xe0,0x42,0xa2,0x08,0x7d,0xef,0x9e,0xef,0xff,0xff,0xff,0xff,0xff,0xff,
0xff,0xff,0x7e,0xf7,0x9e,0xf7,0x7e,0xf7,0xff,0xff,0xff,0xff,0xff,0xff,0xff,0xff,
0x9e,0xf7,0x9e,0xf7,0x9e,0xef,0x9e,0xf7,0xff,0xff,0xdf,0xff,0xff,0xff,0x7e,0xf7,
0x9e,0xef,0x00,0x00,0x00,0x00,0x00,0x00,0x00,0x00,0x00,0x00,0x00,0x00,0x00,0x00,
0x00,0x00,0x00,0x00,0x00,0x00,0x00,0x00,0x00,0x00,0x00,0x00,0x00,0x00,0xbe,0xf7,
0xff,0xff,0xff,0xff,0xff,0xff,0x9e,0xf7,0x9d,0xf7,0xbe,0xf7,0x7d,0xf7,0xff,0xff,
0xff,0xff,0xff,0xff,0x9d,0xf7,0x9e,0xf7,0x7d,0xf7,0x5d,0xef,0xe0,0x21,0x0a,0x85,
0xc4,0x9d,0xc4,0x95,0xe3,0x31,0x66,0x3a,0x9e,0xf7,0xff,0xff,0xff,0xff,0xff,0xff,
0xff,0xff,0x9e,0xf7,0x7d,0xf7,0xbe,0xf7,0xff,0xff,0xff,0xff,0xff,0xff,0xff,0xff,
0x7d,0xf7,0xbe,0xf7,0x9d,0xf7,0x9e,0xf7,0xff,0xff,0xff,0xff,0xff,0xff,0xbe,0xf7,
0x9d,0xf7,0x00,0x00,0x00,0x00,0x00,0x00,0x00,0x00,0x00,0x00,0x00,0x00,0x00,0x00,
0x00,0x00,0x00,0x00,0x00,0x00,0x00,0x00,0x00,0x00,0x00,0x00,0x00,0x00,0xbe,0xff,
0x9e,0xef,0x7e,0xf7,0x9e,0xf7,0xdf,0xff,0xff,0xff,0xff,0xff,0xff,0xff,0x9e,0xf7,
0x9e,0xef,0x7e,0xf7,0xff,0xff,0xff,0xff,0xdf,0xf7,0xff,0xff,0xe0,0x19,0x48,0x74,
0x06,0xa6,0xc4,0x9d,0x02,0x22,0x05,0x43,0x68,0x3a,0x9c,0xef,0x9e,0xf7,0x7e,0xf7,
0x9e,0xef,0xdf,0xff,0xdf,0xf7,0xff,0xff,0x04,0x1a,0x24,0x2a,0x85,0x2a,0x44,0x2a,
0xdf,0xf7,0xff,0xff,0xff,0xff,0xff,0xff,0x9e,0xef,0x7e,0xf7,0x9e,0xef,0xff,0xff,
0xff,0xff,0x00,0x00,0x00,0x00,0x00,0x00,0x00,0x00,0x00,0x00,0x00,0x00,0x00,0x00,
0x00,0x00,0x00,0x00,0x00,0x00,0x00,0x00,0x00,0x00,0x00,0x00,0x00,0x00,0xdf,0xf7,
0x9d,0xf7,0x9e,0xf7,0x9d,0xf7,0xff,0xff,0xff,0xff,0xff,0xff,0xff,0xff,0xbe,0xf7,
0x9e,0xff,0x9e,0xf7,0xff,0xff,0xff,0xff,0xa2,0x19,0x65,0x2a,0xe3,0x29,0x83,0x19,
0xc4,0xa5,0xa4,0x95,0x62,0x74,0x09,0xa6,0xa5,0x31,0xbd,0xef,0xbe,0xff,0x9e,0xf7,
0xbd,0xf7,0x34,0xa5,0xe5,0x39,0xfe,0xf7,0x40,0x32,0x8e,0xb6,0xcc,0xa5,0xa0,0x19,
0xde,0xff,0xff,0xff,0xff,0xff,0xff,0xff,0x7d,0xf7,0xbe,0xf7,0x9e,0xf7,0xff,0xff,
0xff,0xff,0x00,0x00,0x00,0x00,0x00,0x00,0x00,0x00,0x00,0x00,0x00,0x00,0x00,0x00,
0x00,0x00,0x00,0x00,0x00,0x00,0x00,0x00,0x00,0x00,0x00,0x00,0x00,0x00,0xbe,0xff,
0x9e,0xef,0x9e,0xf7,0x9e,0xef,0xff,0xff,0xff,0xff,0xff,0xff,0xff,0xff,0x9e,0xf7,
0xbf,0xf7,0x9e,0xf7,0xff,0xff,0xff,0xff,0xc0,0x19,0xac,0x9d,0x06,0x9e,0xc5,0x9d,
0xa1,0x53,0x47,0x8d,0x08,0xa6,0x24,0x8d,0xa4,0x19,0xa3,0x21,0xa5,0x21,0xbc,0xef,
0xfe,0xf7,0x46,0x3a,0x65,0x2a,0xe3,0x21,0xe5,0xa5,0x26,0xb6,0x69,0x6c,0x80,0x19,
0xdf,0xf7,0xbf,0xff,0xff,0xff,0xdf,0xff,0x9e,0xef,0x9e,0xf7,0x9e,0xef,0xff,0xff,
0xff,0xff,0x00,0x00,0x00,0x00,0x00,0x00,0x00,0x00,0x00,0x00,0x00,0x00,0x00,0x00,
0x00,0x00,0x00,0x00,0x00,0x00,0x00,0x00,0x00,0x00,0x00,0x00,0x00,0x00,0xbf,0xf7,
0xff,0xff,0xff,0xff,0xff,0xff,0xbe,0xf7,0x7d,0xf7,0x9e,0xef,0x7d,0xf7,0xff,0xff,
0xff,0xff,0xff,0xff,0x7d,0xf7,0x9e,0xf7,0xc0,0x08,0x84,0x19,0xa1,0x7c,0x07,0xa6,
0xa6,0x9d,0x61,0x6c,0x87,0x9d,0xa0,0x53,0x61,0x74,0xc7,0x95,0x84,0x29,0x9c,0xe7,
0xfd,0xff,0x66,0x3a,0x4b,0x95,0xe0,0x19,0x45,0xb6,0xe4,0xa5,0xe6,0x4a,0xa1,0x19,
0xa3,0x21,0xe4,0x21,0x7d,0xf7,0x9e,0xef,0xff,0xff,0xff,0xff,0xff,0xff,0x9e,0xf7,
0x7d,0xf7,0x00,0x00,0x00,0x00,0x00,0x00,0x00,0x00,0x00,0x00,0x00,0x00,0x00,0x00,
0x00,0x00,0x00,0x00,0x00,0x00,0x00,0x00,0x00,0x00,0x00,0x00,0x00,0x00,0xbe,0xff,
0xff,0xff,0xff,0xff,0xff,0xff,0x9e,0xf7,0x9e,0xf7,0x7d,0xf7,0x9e,0xef,0xbf,0xff,
0xff,0xff,0xff,0xff,0xbf,0xf7,0x9e,0xf7,0x7d,0xef,0x74,0xad,0x24,0x22,0x03,0x2a,
0x24,0x8d,0xc6,0xa5,0x87,0x74,0xa0,0x3a,0x87,0x8d,0x63,0x74,0xa5,0x21,0xbd,0xef,
0xfc,0xef,0xc7,0x4a,0xa9,0x95,0x00,0x4b,0xa7,0x9d,0x61,0x74,0x00,0x22,0x8b,0x9d,
0xa9,0x74,0x00,0x22,0x7e,0xef,0x7e,0xf7,0xff,0xff,0xff,0xff,0xff,0xff,0x9e,0xf7,
0x9e,0xf7,0x00,0x00,0x00,0x00,0x00,0x00,0x00,0x00,0x00,0x00,0x00,0x00,0x00,0x00,
0x00,0x00,0x00,0x00,0x00,0x00,0x00,0x00,0x00,0x00,0x00,0x00,0x00,0x00,0xbf,0xf7,
0xff,0xff,0xff,0xff,0xff,0xff,0x9e,0xf7,0xbd,0xf7,0x99,0xce,0x24,0x2a,0xa2,0x11,
0xfd,0xf7,0x26,0x32,0xc9,0x52,0xbd,0xe7,0xdb,0xef,0xc7,0x4a,0xa5,0x9d,0xc6,0x9d,
0xa0,0x53,0x47,0x85,0x80,0x53,0xc8,0x9d,0xc9,0x84,0x20,0x2a,0xff,0xff,0xe6,0x29,
0xfc,0xf7,0x05,0x2a,0xc5,0xa5,0x23,0x85,0xc2,0x63,0x07,0x85,0x85,0x9d,0x24,0x85,
0x84,0x32,0xe2,0x19,0x7d,0xf7,0xbe,0xf7,0xff,0xff,0xff,0xff,0xff,0xff,0x9e,0xf7,
0x9e,0xf7,0x00,0x00,0x00,0x00,0x00,0x00,0x00,0x00,0x00,0x00,0x00,0x00,0x00,0x00,
0x00,0x00,0x00,0x00,0x00,0x00,0x00,0x00,0x00,0x00,0x00,0x00,0x00,0x00,0xbe,0xff,
0xff,0xff,0xff,0xff,0xff,0xff,0x7e,0xf7,0xdd,0xe7,0xe6,0x31,0x65,0x8d,0x45,0x95,
0x40,0x2a,0xca,0x84,0x84,0x21,0xfd,0xf7,0xfd,0xef,0x25,0x3a,0x64,0x6c,0xc5,0x7c,
0xa8,0x95,0x22,0x6c,0x20,0x43,0xc9,0x9d,0x47,0x4b,0xe1,0x21,0x60,0x2a,0x8c,0x95,
0x25,0x22,0xc4,0x21,0x23,0x85,0xc6,0x9d,0xc5,0x7c,0x83,0x74,0xa7,0x53,0xe1,0x21,
0x23,0x19,0x7c,0xe7,0x7e,0xef,0x7e,0xf7,0xff,0xff,0xdf,0xff,0xff,0xff,0x7e,0xf7,
0x9e,0xf7,0x00,0x00,0x00,0x00,0x00,0x00,0x00,0x00,0x00,0x00,0x00,0x00,0x00,0x00,
0x00,0x00,0x00,0x00,0x00,0x00,0x00,0x00,0x00,0x00,0x00,0x00,0x00,0x00,0xdf,0xff,
0x9d,0xf7,0x9e,0xf7,0x7d,0xf7,0xff,0xff,0xfd,0xf7,0xe5,0x29,0xc2,0x84,0xe7,0x9d,
0x83,0x7c,0x67,0x95,0x48,0x74,0xe0,0x21,0x73,0xad,0xd2,0x94,0xe3,0x21,0x04,0x22,
0xa2,0x5b,0xa6,0x74,0x03,0x8d,0xc6,0x9d,0x65,0x74,0x04,0x64,0x40,0x32,0x6a,0x8d,
0x4b,0x95,0xa0,0x19,0x47,0x8d,0xe2,0x5b,0x44,0x4b,0xe3,0x3a,0x02,0x2a,0x44,0x2a,
0x05,0x32,0x19,0xcf,0xff,0xff,0xff,0xff,0x9e,0xf7,0x9e,0xf7,0x9e,0xff,0xff,0xff,
0xff,0xff,0x00,0x00,0x00,0x00,0x00,0x00,0x00,0x00,0x00,0x00,0x00,0x00,0x00,0x00,
0x00,0x00,0x00,0x00,0x00,0x00,0x00,0x00,0x00,0x00,0x00,0x00,0x00,0x00,0xbf,0xff,
0x9e,0xef,0x7e,0xf7,0x9e,0xf7,0xff,0xff,0xfe,0xef,0x84,0x29,0x82,0x4b,0xe7,0x84,
0x85,0x95,0xe6,0xa5,0xca,0x7c,0xa0,0x21,0x87,0x3a,0x72,0xa5,0xfe,0xef,0xa1,0x10,
0x60,0x09,0x46,0x53,0xe7,0x9d,0x81,0x74,0xa8,0x5b,0xa0,0x21,0x00,0x22,0xa9,0x84,
0x48,0x8d,0x60,0x53,0x24,0x64,0x24,0x6c,0xe5,0x95,0xa4,0x9d,0x05,0x7d,0xc4,0x7c,
0xa5,0x21,0xb9,0xce,0xff,0xff,0xdf,0xff,0x9e,0xf7,0x7e,0xf7,0x9e,0xf7,0xff,0xff,
0xff,0xff,0x00,0x00,0x00,0x00,0x00,0x00,0x00,0x00,0x00,0x00,0x00,0x00,0x00,0x00,
0x00,0x00,0x00,0x00,0x00,0x00,0x00,0x00,0x00,0x00,0x00,0x00,0x00,0x00,0xdf,0xff,
0x9d,0xf7,0xbe,0xf7,0x9e,0xff,0xff,0xff,0xdf,0xff,0xbe,0xf7,0xe0,0x21,0x08,0x64,
0xc5,0x84,0x43,0x6c,0x69,0x9d,0x40,0x2a,0xab,0xa5,0xc4,0x5b,0x40,0x11,0x65,0x32,
0x8a,0x9d,0x40,0x2a,0xc6,0x9d,0xc2,0x74,0x41,0x19,0xa3,0x21,0xc1,0x21,0xc5,0x42,
0x41,0x95,0x66,0xae,0x01,0x6c,0xc8,0x95,0x64,0x8d,0x03,0x7d,0x03,0x2a,0xc2,0x19,
0x91,0x94,0xff,0xff,0xff,0xff,0xff,0xff,0x9e,0xf7,0x9e,0xf7,0x9d,0xf7,0xff,0xff,
0xff,0xff,0x00,0x00,0x00,0x00,0x00,0x00,0x00,0x00,0x00,0x00,0x00,0x00,0x00,0x00,
0x00,0x00,0x00,0x00,0x00,0x00,0x00,0x00,0x00,0x00,0x00,0x00,0x00,0x00,0xbf,0xff,
0x9e,0xef,0x7e,0xf7,0x9e,0xef,0xdf,0xff,0x5a,0xd7,0xe5,0x31,0x05,0x22,0xa3,0x21,
0x60,0x4b,0x88,0x9d,0x67,0x8d,0x01,0x64,0x2a,0x85,0x20,0x2a,0x20,0x2a,0x48,0x74,
0xa4,0x95,0x05,0xa6,0xe2,0x5b,0x06,0x85,0x01,0x22,0x86,0x5b,0xa4,0x19,0xa3,0x21,
0xe5,0x9d,0xa4,0x9d,0x44,0x64,0x24,0x6c,0xe4,0x5b,0x65,0x6c,0x69,0x5b,0x2f,0x95,
0xdf,0xf7,0xff,0xff,0xff,0xff,0xff,0xff,0x9e,0xf7,0x7e,0xf7,0x9e,0xf7,0xdf,0xff,
0xff,0xff,0x00,0x00,0x00,0x00,0x00,0x00,0x00,0x00,0x00,0x00,0x00,0x00,0x00,0x00,
0x00,0x00,0x00,0x00,0x00,0x00,0x00,0x00,0x00,0x00,0x00,0x00,0x00,0x00,0xdf,0xf7,
0xff,0xff,0xff,0xff,0xff,0xff,0xdf,0xff,0x40,0x2a,0xca,0x74,0x84,0x9d,0x64,0x95,
0xc7,0x9d,0x62,0x6c,0xa5,0x9d,0xe3,0x7c,0x8a,0x9d,0x40,0x2a,0xc9,0x8c,0xe0,0x29,
0xa2,0x53,0x86,0x6c,0xc0,0x63,0xc8,0x9d,0xe0,0x29,0x86,0x53,0x88,0x7c,0x40,0x32,
0xc7,0xa5,0x41,0x6c,0x04,0x32,0xe4,0x21,0x83,0x21,0xa4,0x21,0xad,0x73,0xff,0xf7,
0x9e,0xf7,0x7d,0xef,0x5d,0xf7,0x9e,0xf7,0xff,0xff,0xff,0xff,0xff,0xff,0x9e,0xf7,
0x9e,0xf7,0x00,0x00,0x00,0x00,0x00,0x00,0x00,0x00,0x00,0x00,0x00,0x00,0x00,0x00,
0x00,0x00,0x00,0x00,0x00,0x00,0x00,0x00,0x00,0x00,0x00,0x00,0x00,0x00,0xbe,0xff,
0xff,0xff,0xff,0xff,0xff,0xff,0xbf,0xff,0x44,0x22,0x44,0x2a,0x84,0x74,0x84,0x74,
0x06,0xa6,0xa4,0xa5,0x41,0x6c,0x08,0xa6,0x0a,0x85,0x20,0x2a,0x45,0x8d,0x04,0x85,
0xe5,0x29,0xc4,0x29,0xa0,0x53,0x09,0xa6,0xc1,0x19,0x05,0x4b,0xc4,0x74,0xe4,0x84,
0x66,0x6c,0x01,0x4b,0x06,0x32,0xfe,0xff,0xbf,0xf7,0x7e,0xf7,0xbf,0xf7,0xff,0xff,
0xc8,0x3a,0xc4,0x21,0xa5,0x21,0xb1,0x8c,0xff,0xff,0xff,0xff,0xff,0xff,0x7e,0xf7,
0x9e,0xf7,0x00,0x00,0x00,0x00,0x00,0x00,0x00,0x00,0x00,0x00,0x00,0x00,0x00,0x00,
0x00,0x00,0x00,0x00,0x00,0x00,0x00,0x00,0x00,0x00,0x00,0x00,0x00,0x00,0xdf,0xf7,
0xff,0xff,0xff,0xff,0xff,0xff,0x9e,0xf7,0xbd,0xf7,0x44,0x19,0xc3,0x21,0xc3,0x19,
0x03,0x2a,0x44,0x2a,0xe3,0x63,0xe3,0x5b,0x27,0x95,0x81,0x53,0x84,0x95,0x84,0x8d,
0x02,0x19,0xbd,0xef,0xa0,0x21,0x2d,0xae,0x64,0x3a,0x03,0x22,0x01,0x8d,0x26,0xa6,
0x42,0x53,0x66,0x6c,0xa9,0x7c,0x00,0x22,0xfe,0xff,0x23,0x19,0xa3,0x29,0x73,0x9d,
0xa3,0x7c,0x46,0x8d,0xc5,0x31,0xd9,0xce,0xbe,0xff,0xdf,0xf7,0xff,0xff,0xbe,0xf7,
0x9e,0xf7,0x00,0x00,0x00,0x00,0x00,0x00,0x00,0x00,0x00,0x00,0x00,0x00,0x00,0x00,
0x00,0x00,0x00,0x00,0x00,0x00,0x00,0x00,0x00,0x00,0x00,0x00,0x00,0x00,0xbe,0xff,
0x9e,0xef,0x9e,0xf7,0x9e,0xef,0xdf,0xff,0xff,0xf7,0xbe,0xf7,0xfe,0xef,0xa5,0x29,
0xa0,0x53,0x29,0xae,0xc6,0x9d,0x23,0x95,0x60,0x4b,0x67,0x95,0xc4,0x74,0xe4,0x7c,
0x83,0x19,0x83,0x19,0xc0,0x19,0x6b,0x9d,0x85,0x32,0x03,0x2a,0x07,0xa6,0xc2,0x84,
0xe6,0x42,0xa1,0x21,0xc2,0x19,0xa5,0x42,0xa0,0x19,0x69,0x7c,0xa3,0x3a,0x86,0x5b,
0xe7,0x9d,0xe2,0x84,0xe5,0x21,0x83,0x19,0x63,0x11,0xa3,0x21,0x9e,0xef,0xdf,0xff,
0xff,0xff,0x00,0x00,0x00,0x00,0x00,0x00,0x00,0x00,0x00,0x00,0x00,0x00,0x00,0x00,
0x00,0x00,0x00,0x00,0x00,0x00,0x00,0x00,0x00,0x00,0x00,0x00,0x00,0x00,0xdf,0xf7,
0x9d,0xf7,0x9e,0xf7,0x9d,0xf7,0xff,0xff,0xff,0xff,0xff,0xff,0x40,0x32,0xa9,0x74,
0x04,0x8d,0xe4,0x7c,0xc5,0x84,0x64,0x6c,0xc4,0x7c,0xe5,0x74,0xc7,0x7c,0xa0,0x32,
0xe2,0x21,0x23,0x2a,0xe0,0x29,0x6b,0x95,0x20,0x2a,0xe7,0x63,0x08,0x8d,0x00,0x43,
0xa4,0x31,0xfe,0xf7,0xc0,0x42,0x29,0x85,0x81,0x5b,0x07,0x85,0x60,0x53,0x88,0x95,
0x04,0x6c,0xc3,0x5b,0xe4,0x84,0x45,0x8d,0x87,0x95,0x22,0x64,0x64,0x21,0xff,0xf7,
0xff,0xff,0x00,0x00,0x00,0x00,0x00,0x00,0x00,0x00,0x00,0x00,0x00,0x00,0x00,0x00,
0x00,0x00,0x00,0x00,0x00,0x00,0x00,0x00,0x00,0x00,0x00,0x00,0x00,0x00,0xbf,0xff,
0x9e,0xef,0x7e,0xf7,0x9e,0xef,0xdf,0xff,0xff,0xff,0xdf,0xff,0x20,0x22,0xea,0x84,
0x05,0x7d,0xe4,0x84,0xa4,0x21,0x83,0x21,0x41,0x2a,0x86,0x5b,0xa6,0x9d,0xe3,0x8c,
0x80,0x11,0x06,0x4b,0x20,0x2a,0x4b,0x95,0xe0,0x21,0x6b,0x9d,0x68,0x53,0xa0,0x21,
0xdf,0xf7,0x5c,0xef,0x24,0x43,0x44,0x53,0xc3,0x7c,0x44,0x8d,0xa8,0x9d,0x01,0x6c,
0x65,0x95,0xa5,0xa5,0x06,0xa6,0x64,0x95,0xa5,0x6c,0x43,0x6c,0x44,0x19,0xfe,0xff,
0xff,0xff,0x00,0x00,0x00,0x00,0x00,0x00,0x00,0x00,0x00,0x00,0x00,0x00,0x00,0x00,
0x00,0x00,0x00,0x00,0x00,0x00,0x00,0x00,0x00,0x00,0x00,0x00,0x00,0x00,0xdf,0xff,
0x7d,0xf7,0x9e,0xf7,0x9d,0xf7,0xff,0xff,0xff,0xff,0xff,0xff,0xfe,0xf7,0x6d,0x63,
0x4b,0x63,0xb1,0x8c,0xc0,0x21,0xea,0x7c,0x25,0x85,0xc4,0x74,0xe0,0x63,0x66,0x8d,
0x60,0x21,0x06,0x4b,0x20,0x32,0x8b,0x95,0xa0,0x21,0xac,0x9d,0xa3,0x29,0x83,0x21,
0xfd,0xf7,0xe5,0x29,0x23,0x95,0x23,0x8d,0xc4,0xa5,0xa4,0x95,0xc5,0xa5,0x23,0x8d,
0x25,0x53,0xe1,0x21,0x43,0x6c,0x24,0x64,0x07,0x6c,0xe0,0x21,0x7d,0xf7,0xff,0xff,
0xff,0xff,0x00,0x00,0x00,0x00,0x00,0x00,0x00,0x00,0x00,0x00,0x00,0x00,0x00,0x00,
0x00,0x00,0x00,0x00,0x00,0x00,0x00,0x00,0x00,0x00,0x00,0x00,0x00,0x00,0xbe,0xff,
0xff,0xff,0xff,0xff,0xff,0xff,0x7e,0xf7,0x9e,0xf7,0x9e,0xf7,0x9e,0xef,0xdf,0xff,
0xff,0xf7,0x44,0x21,0x83,0x6c,0x86,0x95,0xa5,0x6c,0x23,0x64,0xc1,0x32,0x26,0x6c,
0x0a,0x85,0x20,0x2a,0x40,0x2a,0x0c,0xae,0x80,0x19,0x08,0x6c,0xc4,0x19,0xe4,0x29,
0x40,0x2a,0x2a,0x95,0x66,0x6c,0x82,0x5b,0xc6,0x74,0xc2,0x5b,0x64,0x6c,0xa5,0x74,
0x67,0x8d,0x42,0x6c,0xe5,0x21,0x62,0x19,0x64,0x19,0xfe,0xf7,0xff,0xff,0x7e,0xf7,
0x9e,0xef,0x00,0x00,0x00,0x00,0x00,0x00,0x00,0x00,0x00,0x00,0x00,0x00,0x00,0x00,
0x00,0x00,0x00,0x00,0x00,0x00,0x00,0x00,0x00,0x00,0x00,0x00,0x00,0x00,0xdf,0xf7,
0xff,0xff,0xff,0xff,0xff,0xff,0x9e,0xf7,0x9e,0xf7,0xbe,0xf7,0x7d,0xf7,0xff,0xff,
0xfe,0xff,0xa4,0x21,0x64,0x6c,0x23,0x5c,0xe8,0x6b,0xa0,0x19,0x60,0x19,0xc6,0x42,
0x06,0xa6,0xa1,0x74,0x00,0x32,0xcc,0xa5,0xa0,0x21,0xa7,0x5b,0xc2,0x21,0x85,0x32,
0x65,0x9d,0x21,0x6c,0x80,0x21,0x27,0x4b,0x64,0x95,0x84,0x8d,0x40,0x19,0x47,0x53,
0xc3,0x7c,0x25,0x85,0x48,0x74,0x41,0x2a,0xbe,0xff,0xff,0xff,0xff,0xff,0x9e,0xf7,
0x9d,0xf7,0x00,0x00,0x00,0x00,0x00,0x00,0x00,0x00,0x00,0x00,0x00,0x00,0x00,0x00,
0x00,0x00,0x00,0x00,0x00,0x00,0x00,0x00,0x00,0x00,0x00,0x00,0x00,0x00,0xbe,0xff,
0xff,0xff,0xff,0xff,0xff,0xff,0x9e,0xf7,0x9e,0xf7,0x7e,0xf7,0x7e,0xef,0xdf,0xff,
0xff,0xf7,0x64,0x21,0x65,0x2a,0x44,0x2a,0xe2,0x08,0xdd,0xf7,0x05,0x2a,0xa4,0x21,
0xa3,0x74,0xa6,0x9d,0xc0,0x21,0x2b,0x9d,0x01,0x2a,0x46,0x5b,0xe0,0x29,0x4a,0x9d,
0x28,0x6c,0xc0,0x21,0x9d,0xe7,0x03,0x19,0xe4,0x7c,0x45,0x8d,0x47,0x4b,0xc1,0x21,
0x21,0x22,0xa7,0x5b,0xe8,0x63,0xe0,0x21,0xdf,0xf7,0xff,0xff,0xff,0xff,0x7e,0xf7,
0x9e,0xf7,0x00,0x00,0x00,0x00,0x00,0x00,0x00,0x00,0x00,0x00,0x00,0x00,0x00,0x00,
0x00,0x00,0x00,0x00,0x00,0x00,0x00,0x00,0x00,0x00,0x00,0x00,0x00,0x00,0xbe,0xf7,
0xff,0xff,0xff,0xff,0xdf,0xff,0x9e,0xf7,0x7d,0xf7,0x9e,0xf7,0x7d,0xf7,0xff,0xff,
0xff,0xff,0xdf,0xff,0xdf,0xff,0xff,0xff,0xbe,0xff,0xdf,0xff,0x9c,0xef,0x64,0x19,
0x80,0x3a,0x4a,0x95,0x61,0x5b,0x86,0x7c,0x03,0x4b,0x24,0x4b,0x04,0x8d,0xa3,0x7c,
0xa5,0x31,0xbd,0xef,0x5d,0xef,0xdf,0xf7,0xe0,0x29,0x87,0x53,0x28,0x74,0x40,0x2a,
0xfe,0xff,0xa5,0x29,0xc4,0x29,0xe9,0x42,0xdf,0xff,0xff,0xff,0xff,0xff,0x9e,0xf7,
0x9d,0xf7,0x00,0x00,0x00,0x00,0x00,0x00,0x00,0x00,0x00,0x00,0x00,0x00,0x00,0x00,
0x00,0x00,0x00,0x00,0x00,0x00,0x00,0x00,0x00,0x00,0x00,0x00,0x00,0x00,0xbe,0xff,
0x9e,0xef,0x9e,0xf7,0x9e,0xf7,0xff,0xff,0xff,0xff,0xff,0xff,0xff,0xff,0x7e,0xf7,
0xbf,0xf7,0x7e,0xf7,0xff,0xff,0xdf,0xff,0xff,0xff,0xff,0xff,0xff,0xff,0x9e,0xf7,
0xe0,0x21,0xca,0x84,0x47,0x8d,0x60,0x53,0xa7,0x5b,0x61,0x3a,0x48,0x8d,0x40,0x53,
0xa3,0x08,0xff,0xff,0xff,0xff,0xdf,0xff,0x3b,0xd7,0x23,0x19,0x24,0x22,0x24,0x2a,
0xff,0xff,0xbf,0xff,0xdf,0xff,0xff,0xff,0xbf,0xf7,0x7e,0xf7,0xbf,0xf7,0xff,0xff,
0xff,0xff,0x00,0x00,0x00,0x00,0x00,0x00,0x00,0x00,0x00,0x00,0x00,0x00,0x00,0x00,
0x00,0x00,0x00,0x00,0x00,0x00,0x00,0x00,0x00,0x00,0x00,0x00,0x00,0x00,0xdf,0xf7,
0x9e,0xf7,0xbe,0xf7,0x9e,0xf7,0xff,0xff,0xff,0xff,0xff,0xff,0xff,0xff,0xbe,0xf7,
0x9e,0xf7,0x9e,0xf7,0xff,0xff,0xff,0xff,0xff,0xff,0xff,0xff,0xff,0xff,0xdf,0xf7,
0x61,0x21,0xa6,0x42,0x28,0x8d,0x00,0x43,0xc4,0x5b,0x83,0x4b,0x68,0x7c,0xe0,0x21,
0x7d,0xf7,0xdf,0xff,0xdf,0xff,0xff,0xff,0x7d,0xf7,0xbe,0xf7,0x9e,0xff,0x9e,0xf7,
0xff,0xff,0xff,0xff,0xff,0xff,0xff,0xff,0x9e,0xff,0x9e,0xf7,0x9e,0xff,0xff,0xff,
0xff,0xff,0x00,0x00,0x00,0x00,0x00,0x00,0x00,0x00,0x00,0x00,0x00,0x00,0x00,0x00,
0x00,0x00,0x00,0x00,0x00,0x00,0x00,0x00,0x00,0x00,0x00,0x00,0x00,0x00,0xbf,0xff,
0x9e,0xef,0x7e,0xf7,0x9e,0xef,0xff,0xff,0xff,0xff,0xff,0xff,0xff,0xff,0x9e,0xf7,
0x9e,0xf7,0x9e,0xf7,0xff,0xff,0xdf,0xff,0xff,0xff,0xdf,0xff,0xff,0xff,0x45,0x29,
0x64,0x21,0x44,0x21,0x27,0x7d,0xa0,0x53,0x62,0x4b,0x86,0x74,0x07,0x4b,0xa1,0x21,
0x86,0x31,0x04,0x29,0xbf,0xf7,0xdf,0xff,0x9e,0xf7,0x9e,0xf7,0x9e,0xf7,0x7e,0xf7,
0xff,0xff,0xff,0xff,0xff,0xff,0xdf,0xff,0x9e,0xf7,0x7e,0xf7,0x9e,0xf7,0xff,0xff,
0xff,0xff,0x00,0x00,0x00,0x00,0x00,0x00,0x00,0x00,0x00,0x00,0x00,0x00,0x00,0x00,
0x00,0x00,0x00,0x00,0x00,0x00,0x00,0x00,0x00,0x00,0x00,0x00,0x00,0x00,0xdf,0xf7,
0xff,0xff,0xff,0xff,0xff,0xff,0xbe,0xf7,0x9d,0xf7,0xbe,0xf7,0x9d,0xf7,0xff,0xff,
0xff,0xff,0xff,0xff,0x9d,0xf7,0x9e,0xef,0x7d,0xf7,0xdf,0xff,0x80,0x50,0xe7,0x9a,
0x86,0x92,0xa0,0x48,0x82,0x53,0xe4,0x5b,0xa3,0x5b,0xe5,0x5b,0xe5,0x31,0x63,0x19,
0xe2,0xa1,0xc2,0x99,0x24,0x31,0xbe,0xff,0xff,0xff,0xff,0xff,0xff,0xff,0xff,0xff,
0x9e,0xf7,0x9e,0xf7,0x9d,0xf7,0xbe,0xf7,0xff,0xff,0xff,0xff,0xff,0xff,0x9e,0xf7,
0x7d,0xf7,0x00,0x00,0x00,0x00,0x00,0x00,0x00,0x00,0x00,0x00,0x00,0x00,0x00,0x00,
0x00,0x00,0x00,0x00,0x00,0x00,0x00,0x00,0x00,0x00,0x00,0x00,0x00,0x00,0xbe,0xff,
0xff,0xff,0xdf,0xff,0xff,0xff,0x7e,0xf7,0x9e,0xf7,0x9e,0xf7,0x9e,0xef,0xff,0xff,
0xff,0xff,0xff,0xff,0xbf,0xf7,0x7e,0xf7,0x7e,0xef,0xc3,0x20,0xc2,0xca,0x03,0xd3,
0x63,0xaa,0x22,0xaa,0xa2,0x21,0xa6,0x4a,0x04,0x43,0xa3,0x42,0x02,0x41,0x05,0x6a,
0xe2,0x99,0x23,0xaa,0x47,0x72,0x02,0x51,0xbf,0xf7,0xdf,0xff,0xff,0xff,0xff,0xff,
0xbf,0xf7,0x7e,0xf7,0x9e,0xf7,0x9e,0xf7,0xff,0xff,0xff,0xff,0xff,0xff,0x7e,0xf7,
0x9e,0xef,0x00,0x00,0x00,0x00,0x00,0x00,0x00,0x00,0x00,0x00,0x00,0x00,0x00,0x00,
0x00,0x00,0x00,0x00,0x00,0x00,0x00,0x00,0x00,0x00,0x00,0x00,0x00,0x00,0xbf,0xf7,
0xff,0xff,0xff,0xff,0xff,0xff,0x9e,0xf7,0x9e,0xf7,0x9e,0xf7,0x9d,0xf7,0xff,0xff,
0xff,0xff,0xff,0xff,0x9e,0xf7,0xbe,0xf7,0x40,0x48,0xeb,0xb3,0x81,0xe3,0xc3,0xe3,
0xe4,0xeb,0xe1,0xca,0xe6,0xb2,0x40,0x79,0x23,0x59,0x24,0x51,0x42,0xb2,0xa4,0xba,
0x82,0xc2,0xa3,0xc2,0x86,0x92,0xc0,0x58,0x38,0xce,0xdf,0xff,0xff,0xff,0xff,0xff,
0x9e,0xf7,0x9e,0xf7,0x9d,0xf7,0xbe,0xf7,0xff,0xff,0xff,0xff,0xff,0xff,0x9e,0xf7,
0x9e,0xf7,0x00,0x00,0x00,0x00,0x00,0x00,0x00,0x00,0x00,0x00,0x00,0x00,0x00,0x00,
0x00,0x00,0x00,0x00,0x00,0x00,0x00,0x00,0x00,0x00,0x00,0x00,0x00,0x00,0xbe,0xff,
0xff,0xff,0xff,0xff,0xff,0xff,0x7e,0xf7,0x9e,0xf7,0x7e,0xf7,0x9e,0xef,0xff,0xff,
0xff,0xff,0xff,0xff,0x7e,0xef,0xff,0xff,0xe0,0x58,0x68,0xb3,0xa2,0xcb,0xa9,0xfd,
0x82,0xe3,0x62,0xe3,0xe4,0xeb,0x41,0xdb,0x63,0xe3,0x22,0xe3,0xe2,0xd2,0xe2,0xd2,
0x83,0xe3,0x62,0xe3,0xe7,0xb2,0x00,0x81,0xe4,0x18,0xdf,0xff,0xff,0xff,0xdf,0xff,
0x9e,0xef,0x9e,0xf7,0x9e,0xef,0x7e,0xf7,0xff,0xff,0xdf,0xff,0xff,0xff,0x7e,0xf7,
0x9e,0xf7,0x00,0x00,0x00,0x00,0x00,0x00,0x00,0x00,0x00,0x00,0x00,0x00,0x00,0x00,
0x00,0x00,0x00,0x00,0x00,0x00,0x00,0x00,0x00,0x00,0x00,0x00,0x00,0x00,0xdf,0xff,
0x9e,0xff,0x9e,0xf7,0x9e,0xf7,0xff,0xff,0xff,0xff,0xff,0xff,0xff,0xff,0x9e,0xf7,
0x9d,0xf7,0xbe,0xf7,0xde,0xff,0xff,0xff,0xc0,0x60,0xa9,0xb3,0xc2,0xeb,0x24,0xec,
0xe9,0xfd,0x09,0xfe,0x23,0xf4,0x44,0xf4,0xe3,0xf3,0xe3,0xeb,0x03,0xf4,0x82,0xe3,
0x43,0xe3,0xa1,0xc2,0x43,0xb2,0xc2,0xa1,0x04,0x29,0xff,0xff,0x7d,0xf7,0x7d,0xef,
0xff,0xff,0xff,0xff,0xff,0xff,0xff,0xff,0x9d,0xf7,0x9e,0xf7,0x9d,0xf7,0xff,0xff,
0xff,0xff,0x00,0x00,0x00,0x00,0x00,0x00,0x00,0x00,0x00,0x00,0x00,0x00,0x00,0x00,
0x00,0x00,0x00,0x00,0x00,0x00,0x00,0x00,0x00,0x00,0x00,0x00,0x00,0x00,0xbf,0xff,
0x9e,0xf7,0x7e,0xf7,0x9e,0xf7,0xff,0xff,0xff,0xff,0xff,0xff,0xff,0xff,0x7e,0xf7,
0x9e,0xef,0xbe,0xff,0x18,0xbe,0x9e,0xf7,0xa0,0x50,0xa9,0xb3,0x03,0xdc,0xe6,0xfc,
0xe5,0xec,0x05,0xfd,0x0c,0xfe,0x03,0xd4,0xc3,0xe3,0xc2,0xeb,0x83,0xe3,0x42,0xe3,
0x63,0xdb,0xc1,0xd2,0x64,0xb2,0xc1,0xa1,0x25,0x29,0x66,0x39,0x5d,0xef,0x5d,0xef,
0xff,0xff,0xff,0xff,0xff,0xff,0xdf,0xff,0x9e,0xf7,0x7e,0xf7,0x9e,0xf7,0xff,0xff,
0xff,0xff,0x00,0x00,0x00,0x00,0x00,0x00,0x00,0x00,0x00,0x00,0x00,0x00,0x00,0x00,
0x00,0x00,0x00,0x00,0x00,0x00,0x00,0x00,0x00,0x00,0x00,0x00,0x00,0x00,0xdf,0xff,
0x7d,0xf7,0x9e,0xf7,0x9e,0xff,0xff,0xff,0xff,0xff,0xff,0xff,0xff,0xff,0xbe,0xf7,
0x7d,0xf7,0x04,0x21,0x64,0x39,0x64,0x31,0xc0,0x60,0xc7,0x9a,0xa2,0xeb,0xc3,0xeb,
0x67,0xfd,0x26,0xf5,0xe3,0xf3,0xc3,0xeb,0xa2,0xeb,0xa3,0xe3,0xa3,0xeb,0x82,0xe3,
0xc2,0xd2,0x81,0xc2,0x02,0xaa,0x02,0xa2,0xe3,0x28,0x24,0x29,0xc3,0x28,0x45,0x31,
0xbe,0xff,0xbe,0xf7,0xde,0xff,0xff,0xff,0x9d,0xf7,0xbe,0xf7,0x9e,0xf7,0xff,0xff,
0xff,0xff,0x00,0x00,0x00,0x00,0x00,0x00,0x00,0x00,0x00,0x00,0x00,0x00,0x00,0x00,
0x00,0x00,0x00,0x00,0x00,0x00,0x00,0x00,0x00,0x00,0x00,0x00,0x00,0x00,0xbf,0xff,
0x9e,0xef,0x7e,0xf7,0x9e,0xef,0xff,0xff,0xff,0xff,0xff,0xff,0xbf,0xff,0x45,0x31,
0x44,0x41,0x27,0x62,0x67,0x72,0xe5,0x69,0xe0,0x60,0x07,0xab,0x82,0xba,0xe3,0xca,
0x24,0xec,0xe3,0xeb,0xe3,0xeb,0x03,0xf4,0xc4,0xeb,0x01,0xdb,0x43,0xdb,0x02,0xdb,
0x44,0xd3,0x81,0xca,0xa2,0x91,0xe3,0xa1,0xc2,0x28,0x27,0x62,0x06,0x62,0x84,0x59,
0x25,0x29,0xe4,0x28,0x29,0x42,0xbf,0xff,0x7e,0xef,0x7e,0xf7,0x9e,0xef,0xff,0xff,
0xff,0xff,0x00,0x00,0x00,0x00,0x00,0x00,0x00,0x00,0x00,0x00,0x00,0x00,0x00,0x00,
0x00,0x00,0x00,0x00,0x00,0x00,0x00,0x00,0x00,0x00,0x00,0x00,0x00,0x00,0xdf,0xf7,
0xff,0xff,0xff,0xff,0xdf,0xff,0x9e,0xf7,0x9d,0xf7,0xbe,0xf7,0xe2,0x28,0xa6,0x39,
0xe8,0x92,0xe4,0x69,0x04,0x6a,0x46,0x6a,0xc0,0x58,0x28,0xa3,0x82,0xc2,0x82,0xba,
0xc1,0xd2,0x43,0xdb,0xe2,0xeb,0x23,0xec,0xc3,0xeb,0x62,0xdb,0x43,0xe3,0xe2,0xd2,
0xc2,0xa1,0xc2,0x99,0x02,0xaa,0xe2,0x99,0xe2,0x38,0x47,0x5a,0x24,0x72,0xa7,0x7a,
0x46,0x72,0x63,0x51,0x65,0x39,0xa2,0x18,0xff,0xff,0xff,0xff,0xff,0xff,0x9e,0xf7,
0x9d,0xf7,0x00,0x00,0x00,0x00,0x00,0x00,0x00,0x00,0x00,0x00,0x00,0x00,0x00,0x00,
0x00,0x00,0x00,0x00,0x00,0x00,0x00,0x00,0x00,0x00,0x00,0x00,0x00,0x00,0xbe,0xff,
0xff,0xff,0xff,0xff,0xff,0xff,0x9e,0xf7,0x9e,0xef,0xbe,0xff,0xe3,0x30,0x27,0x62,
0xc7,0x82,0xe4,0x69,0x46,0x6a,0x63,0x59,0xa0,0x48,0xc7,0x9a,0xc3,0xe3,0x04,0xf4,
0x07,0xfd,0xe2,0xe3,0x44,0xdb,0xa1,0xca,0x64,0xba,0xc1,0xa9,0xe3,0x99,0xc2,0xa1,
0x82,0xba,0xc3,0xd2,0xa5,0xba,0x80,0x99,0xe2,0x30,0x27,0x62,0x05,0x62,0x05,0x6a,
0x87,0x7a,0x25,0x72,0xca,0x72,0xa1,0x30,0xd8,0xbd,0xff,0xff,0xff,0xff,0x9e,0xf7,
0x9e,0xef,0x00,0x00,0x00,0x00,0x00,0x00,0x00,0x00,0x00,0x00,0x00,0x00,0x00,0x00,
0x00,0x00,0x00,0x00,0x00,0x00,0x00,0x00,0x00,0x00,0x00,0x00,0x00,0x00,0xbe,0xf7,
0xff,0xff,0xff,0xff,0xff,0xff,0xbe,0xf7,0x7d,0xf7,0xe3,0x18,0x45,0x7a,0x66,0x7a,
0x05,0x6a,0xe5,0x61,0x46,0x72,0xa3,0x59,0xa0,0x48,0xa7,0x82,0xc3,0xeb,0xc3,0xe3,
0xe1,0xdb,0x67,0xfd,0x68,0xfd,0x23,0xdc,0xa2,0xeb,0x04,0xec,0xc3,0xeb,0x42,0xdb,
0x63,0xe3,0xc1,0xca,0x66,0x82,0x80,0x40,0x83,0x51,0xc5,0x51,0x06,0x6a,0x63,0x49,
0xc4,0x61,0x05,0x62,0x86,0x82,0x45,0x72,0x65,0x31,0xff,0xff,0xff,0xff,0xbe,0xf7,
0x9d,0xf7,0x00,0x00,0x00,0x00,0x00,0x00,0x00,0x00,0x00,0x00,0x00,0x00,0x00,0x00,
0x00,0x00,0x00,0x00,0x00,0x00,0x00,0x00,0x00,0x00,0x00,0x00,0x00,0x00,0xbe,0xff,
0x9e,0xef,0x7e,0xf7,0x9e,0xef,0xff,0xff,0xff,0xff,0xc3,0x20,0xe6,0x59,0x64,0x51,
0x47,0x6a,0x63,0x51,0xa5,0x49,0x23,0x41,0x42,0x59,0x66,0x82,0x62,0xba,0xc3,0xca,
0x62,0xdb,0xe3,0xeb,0xe3,0xe3,0xa3,0xeb,0xa3,0xe3,0x82,0xe3,0xe3,0xca,0x03,0xd3,
0x62,0xba,0xa3,0xca,0x27,0x72,0x40,0x38,0x64,0x41,0x64,0x49,0x64,0x41,0x85,0x49,
0xa4,0x51,0x05,0x62,0xa5,0x49,0xa5,0x51,0x05,0x21,0x7d,0xf7,0x9e,0xf7,0xff,0xff,
0xff,0xff,0x00,0x00,0x00,0x00,0x00,0x00,0x00,0x00,0x00,0x00,0x00,0x00,0x00,0x00,
0x00,0x00,0x00,0x00,0x00,0x00,0x00,0x00,0x00,0x00,0x00,0x00,0x00,0x00,0xdf,0xff,
0x9d,0xf7,0x9e,0xf7,0x7d,0xf7,0xff,0xff,0xff,0xff,0xff,0xff,0xe2,0x30,0x65,0x39,
0x26,0x6a,0xa4,0x59,0x43,0x41,0x85,0x49,0x64,0x41,0x03,0x29,0x24,0xdb,0x61,0xba,
0x61,0xba,0xe3,0xca,0xa3,0xeb,0xa3,0xe3,0x82,0xeb,0x62,0xdb,0x23,0xdb,0xa1,0xc2,
0x84,0xba,0xc1,0x99,0x46,0x7a,0x80,0x40,0x84,0x51,0x64,0x49,0x43,0x41,0x64,0x41,
0x84,0x49,0xa5,0x49,0x85,0x49,0x03,0x31,0xbe,0xff,0x9e,0xf7,0x9e,0xff,0xff,0xff,
0xff,0xff,0x00,0x00,0x00,0x00,0x00,0x00,0x00,0x00,0x00,0x00,0x00,0x00,0x00,0x00,
0x00,0x00,0x00,0x00,0x00,0x00,0x00,0x00,0x00,0x00,0x00,0x00,0x00,0x00,0xbe,0xff,
0x9e,0xf7,0x7e,0xf7,0x9e,0xef,0xdf,0xff,0xff,0xff,0xe4,0x20,0x02,0x39,0x06,0x62,
0xe8,0x8a,0x04,0x72,0xc6,0x49,0x03,0x39,0x45,0x31,0xe3,0x28,0xe2,0xc2,0x03,0xd3,
0xe4,0xeb,0x83,0xe3,0x02,0xd3,0x63,0xe3,0x84,0xe3,0xc1,0xd2,0xa5,0xb2,0xc1,0xa1,
0xc2,0x91,0x44,0xaa,0x27,0x6a,0xc1,0x48,0xc3,0x20,0x45,0x39,0x64,0x49,0xa5,0x59,
0xe6,0x59,0x63,0x51,0xe4,0x20,0xa2,0x20,0xff,0xff,0x9e,0xf7,0x9e,0xf7,0xdf,0xff,
0xff,0xff,0x00,0x00,0x00,0x00,0x00,0x00,0x00,0x00,0x00,0x00,0x00,0x00,0x00,0x00,
0x00,0x00,0x00,0x00,0x00,0x00,0x00,0x00,0x00,0x00,0x00,0x00,0x00,0x00,0xdf,0xff,
0x9d,0xf7,0xbe,0xf7,0x9e,0xff,0xff,0xff,0xdf,0xff,0x04,0x21,0x24,0x7a,0xc7,0x8a,
0x86,0x8a,0xe4,0x69,0xa7,0x7a,0x83,0x51,0x44,0x39,0x24,0x31,0xe0,0x99,0x83,0xaa,
0x23,0xec,0x85,0xf4,0xa6,0xfc,0xa2,0xdb,0x63,0xba,0x02,0xaa,0xa0,0x99,0xc5,0xba,
0x83,0xba,0xe1,0xa1,0xa4,0x59,0x43,0x49,0x24,0x39,0x44,0x39,0x03,0x31,0x85,0x39,
0x05,0x6a,0x84,0x51,0x64,0x41,0x44,0x39,0x65,0x31,0xbe,0xf7,0x9d,0xf7,0xff,0xff,
0xff,0xff,0x00,0x00,0x00,0x00,0x00,0x00,0x00,0x00,0x00,0x00,0x00,0x00,0x00,0x00,
0x00,0x00,0x00,0x00,0x00,0x00,0x00,0x00,0x00,0x00,0x00,0x00,0x00,0x00,0xbe,0xff,
0xff,0xff,0xdf,0xff,0xff,0xff,0x9e,0xf7,0xff,0xff,0x04,0x21,0x84,0x49,0xc5,0x59,
0x66,0x72,0x45,0x7a,0xe6,0x59,0x84,0x59,0x24,0x31,0x03,0x31,0xa0,0x48,0xe7,0x9a,
0xe1,0xca,0x84,0xeb,0x63,0xdb,0x83,0xe3,0x84,0xdb,0x42,0xdb,0x45,0xd3,0x82,0xc2,
0x03,0x9a,0xe2,0xa1,0x04,0x29,0xe4,0x28,0x04,0x29,0x04,0x29,0x63,0x41,0x26,0x62,
0x46,0x6a,0x25,0x72,0x25,0x6a,0x66,0x7a,0x45,0x29,0xdf,0xff,0xff,0xff,0x9e,0xf7,
0xbf,0xf7,0x00,0x00,0x00,0x00,0x00,0x00,0x00,0x00,0x00,0x00,0x00,0x00,0x00,0x00,
0x00,0x00,0x00,0x00,0x00,0x00,0x00,0x00,0x00,0x00,0x00,0x00,0x00,0x00,0xdf,0xf7,
0xff,0xff,0xff,0xff,0xff,0xff,0x9e,0xf7,0x9d,0xf7,0xdf,0xf7,0x03,0x39,0x85,0x41,
0xe4,0x61,0xa4,0x51,0xa5,0x49,0x03,0x29,0xe3,0x20,0xe3,0x20,0x04,0x31,0xe4,0x20,
0x01,0xaa,0x83,0xb2,0x42,0xe3,0x63,0xdb,0x63,0xe3,0x02,0xd3,0x62,0xba,0x62,0xb2,
0x04,0x92,0x00,0x69,0xe3,0x30,0x65,0x31,0x23,0x41,0x64,0x39,0xe4,0x69,0x87,0x72,
0x04,0x6a,0x05,0x6a,0x46,0x6a,0x22,0x41,0xa2,0x18,0xff,0xff,0xff,0xff,0x9e,0xf7,
0x9e,0xf7,0x00,0x00,0x00,0x00,0x00,0x00,0x00,0x00,0x00,0x00,0x00,0x00,0x00,0x00,
0x00,0x00,0x00,0x00,0x00,0x00,0x00,0x00,0x00,0x00,0x00,0x00,0x00,0x00,0xbe,0xff,
0xff,0xff,0xff,0xff,0xff,0xff,0x7d,0xf7,0x7e,0xef,0xe4,0x20,0x02,0x39,0x26,0x62,
0x26,0x5a,0x43,0x49,0x04,0x31,0x64,0x41,0x45,0x72,0x66,0x7a,0xa6,0x41,0xc2,0x30,
0x40,0x30,0x46,0x7a,0x83,0xc2,0xa3,0xca,0x84,0xba,0x22,0xb2,0x44,0xb2,0xc2,0xa9,
0x04,0x21,0xe3,0x20,0x23,0x39,0xe6,0x59,0x87,0x7a,0x83,0x61,0x64,0x49,0xe5,0x61,
0xe5,0x61,0x45,0x72,0x26,0x6a,0x25,0x6a,0x86,0x39,0x0b,0x73,0xff,0xff,0x7e,0xf7,
0x9e,0xf7,0x00,0x00,0x00,0x00,0x00,0x00,0x00,0x00,0x00,0x00,0x00,0x00,0x00,0x00,
0x00,0x00,0x00,0x00,0x00,0x00,0x00,0x00,0x00,0x00,0x00,0x00,0x00,0x00,0xbf,0xf7,
0x9e,0xf7,0x9e,0xf7,0x9e,0xf7,0xff,0xff,0x61,0x18,0xe3,0x20,0xa3,0x61,0xa7,0x82,
0x66,0x72,0xc4,0x59,0x65,0x7a,0x86,0x7a,0x45,0x82,0xc7,0x8a,0x06,0x62,0x22,0x41,
0x64,0x41,0xc2,0x28,0xa0,0x48,0xe8,0x8a,0x63,0xba,0x42,0xaa,0xe3,0x28,0x04,0x21,
0x03,0x31,0x85,0x39,0x62,0x51,0xa8,0x72,0x86,0x8a,0x24,0x72,0x66,0x7a,0xa3,0x59,
0xe5,0x61,0xa4,0x51,0x64,0x49,0x64,0x41,0x24,0x31,0xca,0x62,0xbe,0xff,0xff,0xff,
0xff,0xff,0x00,0x00,0x00,0x00,0x00,0x00,0x00,0x00,0x00,0x00,0x00,0x00,0x00,0x00,
0x00,0x00,0x00,0x00,0x00,0x00,0x00,0x00,0x00,0x00,0x00,0x00,0x00,0x00,0xbe,0xff,
0x9e,0xef,0x7e,0xf7,0x9e,0xef,0xff,0xff,0x23,0x39,0x06,0x5a,0x87,0x7a,0xe4,0x69,
0x46,0x72,0x86,0x82,0xc7,0x82,0x25,0x72,0x46,0x6a,0xe5,0x69,0x46,0x6a,0x05,0x72,
0xa5,0x49,0x63,0x49,0x04,0x21,0xe3,0x20,0x07,0x5a,0xa1,0x30,0xc3,0x20,0x44,0x39,
0x65,0x41,0x04,0x39,0x84,0x51,0x26,0x6a,0xe5,0x61,0x25,0x6a,0x66,0x7a,0x86,0x82,
0xe5,0x59,0x05,0x6a,0x06,0x5a,0x84,0x51,0x04,0x21,0x5c,0xf7,0xbf,0xf7,0xff,0xff,
0xff,0xff,0x00,0x00,0x00,0x00,0x00,0x00,0x00,0x00,0x00,0x00,0x00,0x00,0x00,0x00,
0x00,0x00,0x00,0x00,0x00,0x00,0x00,0x00,0x00,0x00,0x00,0x00,0x00,0x00,0xdf,0xff,
0x9d,0xf7,0x9e,0xf7,0x7d,0xf7,0xff,0xff,0x43,0x41,0x67,0x62,0xe4,0x69,0x46,0x72,
0x83,0x51,0x06,0x5a,0x86,0x82,0x45,0x72,0x05,0x72,0x25,0x6a,0xc5,0x59,0x84,0x49,
0x02,0x39,0x85,0x41,0x24,0x72,0x66,0x72,0x02,0x39,0xa5,0x49,0x25,0x72,0x46,0x72,
0x25,0x6a,0x83,0x51,0x01,0x41,0x47,0x62,0xe4,0x69,0x25,0x6a,0x05,0x72,0x25,0x72,
0x05,0x6a,0xc4,0x59,0xe5,0x61,0x84,0x49,0xe3,0x20,0x5c,0xef,0x9e,0xf7,0xff,0xff,
0xff,0xff,0x00,0x00,0x00,0x00,0x00,0x00,0x00,0x00,0x00,0x00,0x00,0x00,0x00,0x00,
0x00,0x00,0x00,0x00,0x00,0x00,0x00,0x00,0x00,0x00,0x00,0x00,0x00,0x00,0xbe,0xff,
0x9e,0xef,0x9e,0xf7,0x9e,0xef,0xdf,0xff,0x24,0x31,0x65,0x41,0xa5,0x49,0x84,0x51,
0x42,0x41,0x46,0x6a,0x46,0x6a,0x05,0x6a,0xe5,0x61,0xa4,0x59,0x65,0x41,0x03,0x39,
0x84,0x51,0x26,0x72,0xc7,0x8a,0x85,0x82,0x05,0x6a,0x25,0x72,0x47,0x6a,0x22,0x49,
0xe4,0x69,0x87,0x82,0xa6,0x51,0x03,0x41,0xa4,0x49,0xa5,0x59,0x26,0x6a,0x05,0x6a,
0x64,0x41,0x85,0x49,0x24,0x39,0xa5,0x51,0xa6,0x39,0x50,0x9c,0x9e,0xef,0xff,0xff,
0xff,0xff,0x00,0x00,0x00,0x00,0x00,0x00,0x00,0x00,0x00,0x00,0x00,0x00,0x00,0x00,
0x00,0x00,0x00,0x00,0x00,0x00,0x00,0x00,0x00,0x00,0x00,0x00,0x00,0x00,0xdf,0xff,
0xff,0xff,0xff,0xff,0xff,0xff,0xbe,0xf7,0xdf,0xff,0x04,0x21,0x23,0x41,0xa5,0x49,
0xe4,0x69,0x05,0x62,0x24,0x72,0x66,0x7a,0xa4,0x51,0x63,0x41,0xa4,0x61,0x46,0x72,
0x24,0x7a,0xa6,0x82,0xe4,0x69,0x45,0x6a,0xe4,0x69,0x26,0x6a,0x63,0x51,0xe6,0x59,
0x45,0x7a,0x05,0x6a,0x05,0x6a,0x84,0x51,0x03,0x39,0xa5,0x41,0xc4,0x59,0xe5,0x59,
0xe4,0x61,0xc4,0x59,0x64,0x49,0x64,0x41,0xa5,0x49,0xb2,0xa4,0xff,0xff,0x9e,0xf7,
0x9d,0xf7,0x00,0x00,0x00,0x00,0x00,0x00,0x00,0x00,0x00,0x00,0x00,0x00,0x00,0x00,
0x00,0x00,0x00,0x00,0x00,0x00,0x00,0x00,0x00,0x00,0x00,0x00,0x00,0x00,0xbe,0xff,
0xff,0xff,0xff,0xff,0xff,0xff,0x7e,0xf7,0x7e,0xef,0x25,0x29,0xa5,0x49,0x85,0x51,
0x64,0x41,0x85,0x49,0x26,0x62,0x63,0x51,0x85,0x49,0x64,0x49,0xc4,0x61,0x46,0x7a,
0xc5,0x59,0xc4,0x61,0x67,0x6a,0x42,0x51,0xc5,0x51,0xa5,0x59,0xa5,0x49,0x84,0x51,
0x64,0x49,0xc5,0x61,0xa5,0x51,0x64,0x51,0x65,0x39,0x44,0x41,0x64,0x41,0x64,0x49,
0xa5,0x49,0x44,0x49,0x85,0x49,0x84,0x49,0x24,0x29,0xb2,0xa4,0xff,0xff,0x7e,0xf7,
0x9e,0xef,0x00,0x00,0x00,0x00,0x00,0x00,0x00,0x00,0x00,0x00,0x00,0x00,0x00,0x00,
0x00,0x00,0x00,0x00,0x00,0x00,0x00,0x00,0x00,0x00,0x00,0x00,0x00,0x00,0x00,0x00,
0x00,0x00,0x00,0x00,0x00,0x00,0x00,0xff,0xff,0xff,0x00,0x00,0x00,0x00,0x00,0x00,
0x00,0x00,0x00,0x00,0x00,0x00,0x00,0x00,0x00,0x00,0x00,0x00,0x00,0x00,0x00,0x00,
0x00,0x00,0x00,0x00,0x00,0x00,0x00,0x00,0x00,0x00,0x00,0x00,0x00,0x00,0x00,0x00,
0x00,0x00,0x00,0x00,0x00,0x00,0x00,0x00,0x00,0x00,0x00,0x00,0x00,0x00,0xff,0xff,
0xff,0xff,0xff,0x00,0x00,0x00,0x00,0x00,0x00,0x00,0x00,0x00,0x00,0x00,0x00,0x00,
0x00,0x00,0x00,0x00,0x00,0x00,0x00,0x00,0x00,0x00,0x00,0x00,0x00,0x00,0x00,0x00,
0x00,0x00,0x00,0x00,0x00,0x00,0x00,0x00,0x00,0x00,0x00,0x00,0x00,0x00,0x00,0x00,
0x00,0x00,0x00,0x00,0x00,0x00,0xff,0xff,0xff,0xff,0xff,0xff,0x00,0x00,0x00,0x00,
0x00,0x00,0x00,0x00,0x00,0x00,0x00,0x00,0x00,0x00,0x00,0x00,0x00,0x00,0x00,0x00,
0x00,0x00,0x00,0x00,0x00,0x00,0x00,0x00,0x00,0x00,0x00,0x00,0x00,0x00,0x00,0x00,
0x00,0x00,0x00,0x00,0x00,0x00,0x00,0x00,0x00,0x00,0x00,0x00,0x00,0x00,0xff,0xff,
0xff,0xff,0xff,0xff,0xff,0x00,0x00,0x00,0x00,0x00,0x00,0x00,0xff,0xff,0xff,0xff,
0x00,0x00,0x00,0x00,0x00,0x00,0x00,0x00,0x00,0x00,0x00,0x00,0x00,0x00,0x00,0x00,
0x00,0x00,0x00,0x00,0x00,0x00,0x00,0x00,0x00,0x00,0x00,0x00,0x00,0x00,0x00,0x00,
0x00,0x00,0x00,0x00,0xff,0xff,0xff,0xff,0xff,0xff,0xff,0xff,0xff,0x00,0x00,0x00,
0x00,0xff,0xff,0x00,0xff,0xff,0xff,0xff,0x00,0x00,0x00,0x00,0x00,0x00,0x00,0x00,
0x00,0x00,0x00,0x00,0x00,0x00,0x00,0x00,0x00,0x00,0x00,0x00,0x00,0x00,0x00,0x00,
0x00,0x00,0x00,0x00,0x00,0x00,0x00,0x00,0x00,0x00,0x00,0x00,0xff,0xff,0xff,0xff,
0xff,0xff,0xff,0xff,0xff,0xff,0xff,0x00,0x00,0xff,0xff,0xff,0xff,0xff,0xff,0xff,
0x00,0x00,0x00,0x00,0x00,0x00,0x00,0x00,0x00,0x00,0x00,0x00,0x00,0x00,0x00,0x00,
0x00,0x00,0x00,0x00,0x00,0x00,0x00,0x00,0x00,0x00,0x00,0x00,0x00,0x00,0x00,0x00,
0x00,0x00,0x00,0x00,0xff,0xff,0xff,0xff,0xff,0xff,0xff,0xff,0xff,0xff,0xff,0x00,
0x00,0xff,0xff,0xff,0xff,0xff,0xff,0xff,0xff,0xff,0x00,0x00,0x00,0x00,0x00,0x00,
0x00,0x00,0x00,0x00,0x00,0x00,0x00,0x00,0x00,0x00,0x00,0x00,0x00,0x00,0x00,0x00,
0x00,0x00,0x00,0x00,0x00,0x00,0x00,0x00,0x00,0x00,0x00,0x00,0x00,0xff,0xff,0xff,
0xff,0xff,0xff,0xff,0xff,0xff,0xff,0x00,0x00,0xff,0xff,0xff,0xff,0xff,0xff,0xff,
0xff,0xff,0x00,0x00,0x00,0x00,0x00,0x00,0x00,0x00,0x00,0x00,0x00,0x00,0x00,0x00,
0x00,0x00,0x00,0x00,0x00,0x00,0x00,0x00,0x00,0x00,0x00,0x00,0x00,0xff,0xff,0xff,
0x00,0xff,0xff,0x00,0x00,0xff,0xff,0xff,0xff,0xff,0xff,0xff,0xff,0xff,0x00,0xff,
0x00,0xff,0xff,0xff,0xff,0xff,0xff,0xff,0xff,0xff,0x00,0x00,0x00,0x00,0x00,0x00,
0x00,0x00,0x00,0x00,0x00,0x00,0x00,0x00,0x00,0x00,0x00,0x00,0x00,0x00,0x00,0x00,
0x00,0x00,0x00,0x00,0x00,0xff,0xff,0xff,0xff,0xff,0xff,0x00,0x00,0xff,0xff,0xff,
0xff,0xff,0xff,0xff,0xff,0xff,0xff,0xff,0xff,0xff,0xff,0xff,0xff,0xff,0xff,0xff,
0xff,0x00,0x00,0x00,0x00,0x00,0x00,0x00,0x00,0x00,0x00,0x00,0x00,0x00,0x00,0x00,
0x00,0x00,0x00,0x00,0x00,0x00,0x00,0x00,0x00,0x00,0x00,0x00,0x00,0xff,0xff,0xff,
0xff,0xff,0xff,0xff,0xff,0xff,0xff,0xff,0xff,0xff,0xff,0xff,0xff,0xff,0xff,0xff,
0xff,0xff,0xff,0xff,0xff,0xff,0xff,0xff,0xff,0xff,0x00,0x00,0x00,0x00,0x00,0x00,
0x00,0x00,0x00,0x00,0x00,0x00,0x00,0x00,0x00,0x00,0x00,0x00,0x00,0x00,0x00,0x00,
0x00,0x00,0x00,0x00,0x00,0xff,0xff,0xff,0xff,0xff,0xff,0xff,0xff,0xff,0x00,0xff,
0xff,0xff,0xff,0xff,0xff,0xff,0xff,0xff,0xff,0xff,0xff,0xff,0xff,0xff,0xff,0xff,
0xff,0xff,0x00,0x00,0x00,0x00,0x00,0x00,0x00,0x00,0x00,0x00,0x00,0x00,0x00,0x00,
0x00,0x00,0x00,0x00,0x00,0x00,0x00,0x00,0x00,0x00,0x00,0x00,0x00,0x00,0xff,0xff,
0xff,0xff,0xff,0xff,0xff,0xff,0xff,0xff,0xff,0xff,0xff,0xff,0xff,0xff,0xff,0xff,
0xff,0xff,0xff,0xff,0xff,0xff,0xff,0xff,0xff,0x00,0x00,0x00,0x00,0x00,0x00,0x00,
0x00,0x00,0x00,0x00,0x00,0x00,0x00,0x00,0x00,0x00,0x00,0x00,0x00,0x00,0x00,0x00,
0x00,0x00,0x00,0x00,0x00,0xff,0xff,0xff,0xff,0xff,0xff,0xff,0xff,0xff,0xff,0xff,
0xff,0xff,0xff,0xff,0xff,0xff,0xff,0xff,0xff,0xff,0xff,0xff,0xff,0xff,0xff,0xff,
0x00,0x00,0x00,0x00,0x00,0x00,0x00,0x00,0x00,0x00,0x00,0x00,0x00,0x00,0x00,0x00,
0x00,0x00,0x00,0x00,0x00,0x00,0x00,0x00,0x00,0x00,0x00,0x00,0xff,0xff,0xff,0xff,
0xff,0xff,0xff,0xff,0xff,0xff,0xff,0xff,0xff,0xff,0xff,0xff,0xff,0xff,0xff,0xff,
0xff,0xff,0xff,0xff,0xff,0xff,0xff,0x00,0x00,0x00,0x00,0x00,0x00,0x00,0x00,0x00,
0x00,0x00,0x00,0x00,0x00,0x00,0x00,0x00,0x00,0x00,0x00,0x00,0x00,0x00,0x00,0x00,
0x00,0x00,0x00,0x00,0xff,0xff,0xff,0xff,0xff,0xff,0xff,0xff,0xff,0xff,0xff,0xff,
0xff,0xff,0xff,0xff,0xff,0xff,0xff,0xff,0xff,0xff,0xff,0x00,0x00,0x00,0x00,0x00,
0xff,0xff,0xff,0xff,0x00,0x00,0x00,0x00,0x00,0x00,0x00,0x00,0x00,0x00,0x00,0x00,
0x00,0x00,0x00,0x00,0x00,0x00,0x00,0x00,0x00,0x00,0x00,0x00,0x00,0xff,0xff,0xff,
0xff,0xff,0xff,0xff,0xff,0xff,0xff,0xff,0xff,0x00,0xff,0xff,0xff,0xff,0xff,0xff,
0xff,0xff,0xff,0xff,0x00,0xff,0xff,0xff,0xff,0xff,0xff,0xff,0x00,0x00,0x00,0x00,
0x00,0x00,0x00,0x00,0x00,0x00,0x00,0x00,0x00,0x00,0x00,0x00,0x00,0x00,0x00,0x00,
0x00,0x00,0x00,0x00,0x00,0x00,0x00,0xff,0xff,0xff,0xff,0xff,0xff,0xff,0xff,0xff,
0xff,0xff,0xff,0xff,0xff,0xff,0xff,0xff,0xff,0xff,0xff,0xff,0xff,0xff,0xff,0xff,
0xff,0xff,0xff,0xff,0xff,0xff,0x00,0x00,0x00,0x00,0x00,0x00,0x00,0x00,0x00,0x00,
0x00,0x00,0x00,0x00,0x00,0x00,0x00,0x00,0x00,0x00,0x00,0x00,0x00,0x00,0xff,0xff,
0xff,0xff,0xff,0xff,0xff,0xff,0xff,0xff,0xff,0xff,0xff,0xff,0xff,0xff,0xff,0xff,
0xff,0x00,0xff,0xff,0xff,0xff,0xff,0xff,0xff,0xff,0xff,0xff,0xff,0xff,0xff,0x00,
0x00,0x00,0x00,0x00,0x00,0x00,0x00,0x00,0x00,0x00,0x00,0x00,0x00,0x00,0x00,0x00,
0x00,0x00,0x00,0x00,0x00,0x00,0xff,0xff,0xff,0xff,0xff,0xff,0xff,0xff,0xff,0xff,
0xff,0xff,0xff,0xff,0xff,0xff,0xff,0xff,0x00,0x00,0xff,0xff,0xff,0xff,0xff,0xff,
0xff,0xff,0xff,0xff,0xff,0xff,0xff,0x00,0x00,0x00,0x00,0x00,0x00,0x00,0x00,0x00,
0x00,0x00,0x00,0x00,0x00,0x00,0x00,0x00,0x00,0x00,0x00,0x00,0x00,0x00,0x00,0xff,
0xff,0xff,0xff,0xff,0xff,0xff,0xff,0xff,0xff,0xff,0xff,0xff,0xff,0xff,0xff,0xff,
0x00,0xff,0xff,0xff,0xff,0xff,0xff,0xff,0xff,0xff,0xff,0xff,0xff,0xff,0x00,0x00,
0x00,0x00,0x00,0x00,0x00,0x00,0x00,0x00,0x00,0x00,0x00,0x00,0x00,0x00,0x00,0x00,
0x00,0x00,0x00,0x00,0x00,0x00,0x00,0x00,0x00,0xff,0xff,0xff,0xff,0xff,0xff,0xff,
0xff,0xff,0xff,0xff,0xff,0xff,0xff,0xff,0xff,0xff,0xff,0xff,0xff,0xff,0xff,0xff,
0xff,0xff,0xff,0xff,0xff,0x00,0x00,0x00,0x00,0x00,0x00,0x00,0x00,0x00,0x00,0x00,
0x00,0x00,0x00,0x00,0x00,0x00,0x00,0x00,0x00,0x00,0x00,0x00,0x00,0x00,0x00,0x00,
0x00,0xff,0xff,0xff,0xff,0xff,0xff,0xff,0xff,0xff,0xff,0xff,0xff,0xff,0xff,0xff,
0xff,0xff,0xff,0xff,0xff,0xff,0xff,0xff,0xff,0xff,0xff,0xff,0x00,0x00,0x00,0x00,
0x00,0x00,0x00,0x00,0x00,0x00,0x00,0x00,0x00,0x00,0x00,0x00,0x00,0x00,0x00,0x00,
0x00,0x00,0x00,0x00,0x00,0x00,0x00,0x00,0x00,0xff,0xff,0xff,0xff,0x00,0xff,0xff,
0xff,0xff,0xff,0xff,0xff,0xff,0xff,0xff,0xff,0xff,0x00,0xff,0xff,0xff,0xff,0xff,
0xff,0xff,0xff,0xff,0x00,0x00,0x00,0x00,0x00,0x00,0x00,0x00,0x00,0x00,0x00,0x00,
0x00,0x00,0x00,0x00,0x00,0x00,0x00,0x00,0x00,0x00,0x00,0x00,0x00,0x00,0x00,0x00,
0x00,0x00,0x00,0x00,0x00,0x00,0x00,0xff,0xff,0xff,0xff,0xff,0xff,0xff,0xff,0xff,
0xff,0x00,0x00,0x00,0xff,0xff,0xff,0xff,0x00,0xff,0xff,0xff,0x00,0x00,0x00,0x00,
0x00,0x00,0x00,0x00,0x00,0x00,0x00,0x00,0x00,0x00,0x00,0x00,0x00,0x00,0x00,0x00,
0x00,0x00,0x00,0x00,0x00,0x00,0x00,0x00,0x00,0x00,0x00,0x00,0x00,0x00,0x00,0x00,
0xff,0xff,0xff,0xff,0xff,0xff,0xff,0xff,0xff,0x00,0x00,0x00,0x00,0xff,0xff,0xff,
0x00,0x00,0x00,0x00,0x00,0x00,0x00,0x00,0x00,0x00,0x00,0x00,0x00,0x00,0x00,0x00,
0x00,0x00,0x00,0x00,0x00,0x00,0x00,0x00,0x00,0x00,0x00,0x00,0x00,0x00,0x00,0x00,
0x00,0x00,0x00,0x00,0x00,0x00,0x00,0x00,0xff,0xff,0xff,0xff,0xff,0xff,0xff,0xff,
0x00,0x00,0x00,0x00,0x00,0x00,0x00,0x00,0x00,0x00,0x00,0x00,0x00,0x00,0x00,0x00,
0x00,0x00,0x00,0x00,0x00,0x00,0x00,0x00,0x00,0x00,0x00,0x00,0x00,0x00,0x00,0x00,
0x00,0x00,0x00,0x00,0x00,0x00,0x00,0x00,0x00,0x00,0x00,0x00,0x00,0x00,0x00,0xff,
0xff,0xff,0xff,0xff,0xff,0xff,0xff,0xff,0xff,0xff,0x00,0x00,0x00,0x00,0x00,0x00,
0x00,0x00,0x00,0x00,0x00,0x00,0x00,0x00,0x00,0x00,0x00,0x00,0x00,0x00,0x00,0x00,
0x00,0x00,0x00,0x00,0x00,0x00,0x00,0x00,0x00,0x00,0x00,0x00,0x00,0x00,0x00,0x00,
0x00,0x00,0x00,0x00,0x00,0x00,0xff,0xff,0xff,0xff,0xff,0xff,0xff,0xff,0xff,0xff,
0xff,0xff,0xff,0x00,0x00,0x00,0x00,0x00,0x00,0x00,0x00,0x00,0x00,0x00,0x00,0x00,
0x00,0x00,0x00,0x00,0x00,0x00,0x00,0x00,0x00,0x00,0x00,0x00,0x00,0x00,0x00,0x00,
0x00,0x00,0x00,0x00,0x00,0x00,0x00,0x00,0x00,0x00,0x00,0x00,0x00,0xff,0xff,0xff,
0xff,0xff,0xff,0xff,0xff,0xff,0xff,0xff,0xff,0xff,0xff,0xff,0x00,0x00,0x00,0x00,
0x00,0x00,0x00,0x00,0x00,0x00,0x00,0x00,0x00,0x00,0x00,0x00,0x00,0x00,0x00,0x00,
0x00,0x00,0x00,0x00,0x00,0x00,0x00,0x00,0x00,0x00,0x00,0x00,0x00,0x00,0x00,0x00,
0x00,0x00,0x00,0x00,0xff,0xff,0xff,0xff,0xff,0xff,0xff,0xff,0xff,0xff,0xff,0xff,
0xff,0xff,0xff,0xff,0xff,0x00,0x00,0x00,0x00,0x00,0x00,0x00,0x00,0x00,0x00,0x00,
0x00,0x00,0x00,0x00,0x00,0x00,0x00,0x00,0x00,0x00,0x00,0x00,0x00,0x00,0x00,0x00,
0x00,0x00,0x00,0x00,0x00,0x00,0x00,0x00,0x00,0x00,0x00,0x00,0xff,0xff,0xff,0xff,
0xff,0xff,0xff,0xff,0xff,0xff,0xff,0xff,0xff,0xff,0xff,0xff,0xff,0x00,0x00,0x00,
0x00,0x00,0x00,0x00,0x00,0x00,0x00,0x00,0x00,0x00,0x00,0x00,0x00,0x00,0x00,0x00,
0x00,0x00,0x00,0x00,0x00,0x00,0x00,0x00,0x00,0x00,0x00,0x00,0x00,0x00,0x00,0x00,
0x00,0x00,0x00,0x00,0xff,0xff,0xff,0xff,0xff,0xff,0xff,0xff,0xff,0xff,0xff,0xff,
0xff,0xff,0xff,0xff,0xff,0x00,0x00,0x00,0x00,0x00,0x00,0x00,0x00,0x00,0x00,0x00,
0x00,0x00,0x00,0x00,0x00,0x00,0x00,0x00,0x00,0x00,0x00,0x00,0x00,0x00,0x00,0x00,
0x00,0x00,0x00,0x00,0x00,0x00,0x00,0x00,0x00,0x00,0xff,0x00,0xff,0xff,0xff,0xff,
0xff,0xff,0xff,0xff,0xff,0xff,0xff,0xff,0xff,0xff,0xff,0xff,0xff,0xff,0x00,0x00,
0x00,0x00,0x00,0x00,0x00,0x00,0x00,0x00,0x00,0x00,0x00,0x00,0x00,0x00,0x00,0x00,
0x00,0x00,0x00,0x00,0x00,0x00,0x00,0x00,0x00,0x00,0x00,0x00,0x00,0x00,0x00,0x00,
0x00,0xff,0xff,0xff,0xff,0xff,0xff,0xff,0xff,0xff,0xff,0xff,0xff,0xff,0xff,0xff,
0xff,0xff,0xff,0xff,0xff,0xff,0xff,0xff,0x00,0x00,0x00,0x00,0x00,0x00,0x00,0x00,
0x00,0x00,0x00,0x00,0x00,0x00,0x00,0x00,0x00,0x00,0x00,0x00,0x00,0x00,0x00,0x00,
0x00,0x00,0x00,0x00,0x00,0x00,0x00,0xff,0xff,0xff,0xff,0xff,0xff,0xff,0xff,0xff,
0xff,0xff,0xff,0xff,0xff,0xff,0xff,0xff,0xff,0xff,0xff,0xff,0xff,0xff,0xff,0xff,
0xff,0xff,0xff,0x00,0x00,0x00,0x00,0x00,0x00,0x00,0x00,0x00,0x00,0x00,0x00,0x00,
0x00,0x00,0x00,0x00,0x00,0x00,0x00,0x00,0x00,0x00,0x00,0x00,0x00,0x00,0xff,0xff,
0xff,0xff,0xff,0xff,0xff,0xff,0xff,0xff,0xff,0xff,0xff,0xff,0xff,0xff,0xff,0xff,
0xff,0xff,0xff,0xff,0xff,0xff,0xff,0xff,0xff,0xff,0xff,0xff,0x00,0x00,0x00,0x00,
0x00,0x00,0x00,0x00,0x00,0x00,0x00,0x00,0x00,0x00,0x00,0x00,0x00,0x00,0x00,0x00,
0x00,0x00,0x00,0x00,0x00,0x00,0xff,0xff,0xff,0xff,0xff,0xff,0xff,0xff,0xff,0xff,
0xff,0xff,0xff,0xff,0xff,0xff,0xff,0xff,0xff,0xff,0xff,0xff,0xff,0xff,0xff,0xff,
0xff,0xff,0xff,0xff,0xff,0x00,0x00,0x00,0x00,0x00,0x00,0x00,0x00,0x00,0x00,0x00,
0x00,0x00,0x00,0x00,0x00,0x00,0x00,0x00,0x00,0x00,0x00,0x00,0x00,0xff,0xff,0xff,
0xff,0xff,0xff,0xff,0xff,0xff,0xff,0xff,0xff,0xff,0xff,0xff,0xff,0xff,0xff,0xff,
0xff,0xff,0xff,0xff,0xff,0xff,0xff,0xff,0xff,0xff,0xff,0xff,0xff,0x00,0x00,0x00,
0x00,0x00,0x00,0x00,0x00,0x00,0x00,0x00,0x00,0x00,0x00,0x00,0x00,0x00,0x00,0x00,
0x00,0x00,0x00,0x00,0x00,0xff,0xff,0xff,0xff,0xff,0xff,0xff,0xff,0xff,0xff,0xff,
0xff,0xff,0xff,0xff,0xff,0xff,0xff,0xff,0xff,0xff,0xff,0xff,0xff,0xff,0xff,0xff,
0xff,0xff,0xff,0xff,0xff,0x00,0x00,0x00,0x00,0x00,0x00,0x00,0x00,0x00,0x00,0x00,
0x00,0x00,0x00,0x00,0x00,0x00,0x00,0x00,0x00,0x00,0x00,0x00,0x00,0x00,0xff,0xff,
0xff,0xff,0xff,0xff,0xff,0xff,0xff,0xff,0xff,0xff,0xff,0xff,0xff,0xff,0xff,0xff,
0xff,0xff,0xff,0xff,0xff,0xff,0xff,0xff,0xff,0xff,0xff,0xff,0x00,0x00,0x00,0x00,
0x00,0x00,0x00,0x00,0x00,0x00,0x00,0x00,0x00,0x00,0x00,0x00,0x00,0x00,0x00,0x00,
0x00,0x00,0x00,0x00,0x00,0xff,0xff,0xff,0xff,0xff,0xff,0xff,0xff,0xff,0xff,0xff,
0xff,0xff,0xff,0xff,0xff,0xff,0xff,0xff,0xff,0xff,0xff,0xff,0xff,0xff,0xff,0xff,
0xff,0xff,0xff,0xff,0x00,0x00,0x00,0x00,0x00,0x00,0x00,0x00,0x00,0x00,0x00,0x00,
0x00,0x00,0x00,0x00,0x00,0x00,0x00,0x00,0x00,0x00,0x00,0x00,0x00,0xff,0xff,0xff,
0xff,0xff,0xff,0xff,0xff,0xff,0xff,0xff,0xff,0xff,0xff,0xff,0xff,0xff,0xff,0xff,
0xff,0xff,0xff,0xff,0xff,0xff,0xff,0xff,0xff,0xff,0xff,0xff,0xff,0x00,0x00,0x00,
0x00,0x00,0x00,0x00,0x00,0x00,0x00,0x00,0x00,0x00,0x00,0x00,0x00,0x00,0x00,0x00,
0x00,0x00,0x00,0x00,0x00,0xff,0xff,0xff,0xff,0xff,0xff,0xff,0xff,0xff,0xff,0xff,
0xff,0xff,0xff,0xff,0xff,0xff,0xff,0xff,0xff,0xff,0xff,0xff,0xff,0xff,0xff,0xff,
0xff,0xff,0xff,0xff,0xff,0x00,0x00,0x00,0x00,0x00,0x00,0x00,0x00,0x00,0x00,0x00,
0x00,0x00,0x00,0x00,0x00,0x00,0x00,0x00,0x00,0x00,0x00,0x00,0x00,0x00,0xff,0xff,
0xff,0xff,0xff,0xff,0xff,0xff,0xff,0xff,0xff,0xff,0xff,0xff,0xff,0xff,0xff,0xff,
0xff,0xff,0xff,0xff,0xff,0xff,0xff,0xff,0xff,0xff,0xff,0xff,0xff,0x00,0x00,0x00,
0x00,0x00,0x00,0x00,0x00,0x00,0x00,0x00,0x00,0x00,0x00,0x00,0x00,0x00,0x00,0x00,
0x00,0x00,0x00,0x00,0x00,0xff,0xff,0xff,0xff,0xff,0xff,0xff,0xff,0xff,0xff,0xff,
0xff,0xff,0xff,0xff,0xff,0xff,0xff,0xff,0xff,0xff,0xff,0xff,0xff,0xff,0xff,0xff,
0xff,0xff,0xff,0xff,0xff,0xff,0x00,0x00,0x00,0x00,0x00,0x00,0x00,0x00,0x00,0x00,
0x00,0x00,0x00,0x00,0x00,0x00,0x00,0x00,0x00,0x00,0x00,0x00,0xff,0xff,0xff,0xff,
0xff,0xff,0xff,0xff,0xff,0xff,0xff,0xff,0xff,0xff,0xff,0xff,0xff,0xff,0xff,0xff,
0xff,0xff,0xff,0xff,0xff,0xff,0xff,0xff,0xff,0xff,0xff,0xff,0xff,0xff,0x00,0x00,
0x00,0x00,0x00,0x00,0x00,0x00,0x00,0x00,0x00,0x00,0x00,0x00,0x00,0x00,0x00,0x00,
0x00,0x00,0x00,0x00,0xff,0xff,0xff,0xff,0xff,0xff,0xff,0xff,0xff,0xff,0xff,0xff,
0xff,0xff,0xff,0xff,0xff,0xff,0xff,0xff,0xff,0xff,0xff,0xff,0xff,0xff,0xff,0xff,
0xff,0xff,0xff,0xff,0xff,0x00,0x00,0x00,0x00,0x00,0x00,0x00,0x00,0x00,0x00,0x00,
0x00,0x00,0x00,0x00,0x00,0x00,0x00,0x00,0x00,0x00,0x00,0x00,0xff,0xff,0xff,0xff,
0xff,0xff,0xff,0xff,0xff,0xff,0xff,0xff,0xff,0xff,0xff,0xff,0xff,0xff,0xff,0xff,
0xff,0xff,0xff,0xff,0xff,0xff,0xff,0xff,0xff,0xff,0xff,0xff,0xff,0x00,0x00,0x00,
0x00,0x00,0x00,0x00,0x00,0x00,0x00,0x00,0x00,0x00,0x00,0x00,0x00,0x00,0x00,0x00,
0x00,0x00,0x00,0x00,0xff,0xff,0xff,0xff,0xff,0xff,0xff,0xff,0xff,0xff,0xff,0xff,
0xff,0xff,0xff,0xff,0xff,0xff,0xff,0xff,0xff,0xff,0xff,0xff,0xff,0xff,0xff,0xff,
0xff,0xff,0xff,0xff,0xff,0xff,0x00,0x00,0x00,0x00,0x00,0x00,0x00,0x00,0x00,0x00,
0x00,0x00,0x00,0x00,0x00,0x00,0x00,0x00,0x00,0x00,0x00,0x00,0x00,0xff,0xff,0xff,
0xff,0xff,0xff,0xff,0xff,0xff,0xff,0xff,0xff,0xff,0xff,0xff,0xff,0xff,0xff,0xff,
0xff,0xff,0xff,0xff,0xff,0xff,0xff,0xff,0xff,0xff,0xff,0xff,0xff,0xff,0x00,0x00,
0x00,0x00,0x00,0x00,0x00,0x00,0x00,0x00,0x00,0x00,0x00,0x00,0x00,0x00,0x00,0x00,
0x00,0x00,0x00,0x00,0x00,0xff,0xff,0xff,0xff,0xff,0xff,0xff,0xff,0xff,0xff,0xff,
0xff,0xff,0xff,0xff,0xff,0xff,0xff,0xff,0xff,0xff,0xff,0xff,0xff,0xff,0xff,0xff,
0xff,0xff,0xff,0xff,0xff,0xff,0x00,0x00,0x00,0x00,0x00,0x00,0x00,0x00,0x00,0x00,

};
static const lv_image_dsc_t s_farm_carrot_3 = {
    .header.magic = LV_IMAGE_HEADER_MAGIC,
    .header.cf = LV_COLOR_FORMAT_RGB565A8,
    .header.flags = 0,
    .header.w = 56,
    .header.h = 52,
    .header.stride = 112,
    .data_size = sizeof(s_farm_carrot_3_map),
    .data = s_farm_carrot_3_map,
};

static const LV_ATTRIBUTE_MEM_ALIGN LV_ATTRIBUTE_LARGE_CONST uint8_t s_farm_strawberry_0_map[] = {
0x00,0x00,0x00,0x00,0x00,0x00,0x00,0x00,0x00,0x00,0x00,0x00,0xff,0xff,0xff,0xff,
0xff,0xff,0xff,0xff,0x9d,0xf7,0x9e,0xf7,0x7d,0xf7,0x9e,0xf7,0x9e,0xf7,0xff,0xff,
0xff,0xff,0xff,0xff,0xff,0xff,0xff,0xff,0x7d,0xf7,0x9e,0xf7,0x9d,0xf7,0x9e,0xf7,
0x9e,0xf7,0xff,0xff,0xff,0xff,0xff,0xff,0xff,0xff,0xff,0xff,0x7d,0xf7,0x9e,0xf7,
0x9d,0xf7,0xbe,0xf7,0x9d,0xf7,0xff,0xff,0xff,0xff,0xff,0xff,0xff,0xff,0xff,0xff,
0x9d,0xf7,0x9e,0xf7,0x9d,0xf7,0x9e,0xf7,0x9e,0xf7,0xff,0xff,0xff,0xff,0xff,0xff,
0xff,0xff,0x00,0x00,0x00,0x00,0x00,0x00,0x00,0x00,0x00,0x00,0x00,0x00,0x00,0x00,
0x00,0x00,0x00,0x00,0x00,0x00,0x00,0x00,0x00,0x00,0x00,0x00,0xff,0xff,0xff,0xff,
0xff,0xff,0xff,0xff,0x9e,0xef,0x9e,0xf7,0x9e,0xef,0x7e,0xf7,0x9e,0xf7,0xff,0xff,
0xff,0xff,0xff,0xff,0xff,0xff,0xff,0xff,0x9e,0xef,0x7e,0xf7,0x9e,0xef,0x7e,0xf7,
0x9e,0xf7,0xdf,0xff,0xff,0xff,0xff,0xff,0xff,0xff,0xff,0xff,0x9e,0xef,0x7e,0xf7,
0x9e,0xf7,0x9e,0xf7,0x9e,0xf7,0xdf,0xff,0xff,0xff,0xff,0xff,0xff,0xff,0xff,0xff,
0x9e,0xef,0x7e,0xf7,0x9e,0xef,0x7e,0xf7,0x9e,0xef,0xdf,0xff,0xff,0xff,0xff,0xff,
0xff,0xff,0x00,0x00,0x00,0x00,0x00,0x00,0x00,0x00,0x00,0x00,0x00,0x00,0x00,0x00,
0x00,0x00,0x00,0x00,0x00,0x00,0x00,0x00,0x00,0x00,0x00,0x00,0x9d,0xf7,0xbe,0xf7,
0x9d,0xf7,0xbe,0xf7,0xff,0xff,0xff,0xff,0xff,0xff,0xff,0xff,0xff,0xff,0x9e,0xf7,
0x9d,0xf7,0xbe,0xf7,0x9e,0xf7,0x9e,0xf7,0xff,0xff,0xff,0xff,0xff,0xff,0xff,0xff,
0xff,0xff,0x9e,0xf7,0x7d,0xf7,0x9e,0xf7,0x9e,0xf7,0xbe,0xf7,0xff,0xff,0xff,0xff,
0xff,0xff,0xff,0xff,0xff,0xff,0x9e,0xf7,0x9d,0xf7,0xbe,0xf7,0x9d,0xf7,0x9e,0xf7,
0xff,0xff,0xff,0xff,0xff,0xff,0xff,0xff,0xff,0xff,0x9e,0xf7,0x9e,0xf7,0x9e,0xf7,
0x9e,0xf7,0x00,0x00,0x00,0x00,0x00,0x00,0x00,0x00,0x00,0x00,0x00,0x00,0x00,0x00,
0x00,0x00,0x00,0x00,0x00,0x00,0x00,0x00,0x00,0x00,0x00,0x00,0x9e,0xf7,0x7e,0xf7,
0x9e,0xef,0x9e,0xf7,0xff,0xff,0xff,0xff,0xff,0xff,0xff,0xff,0xff,0xff,0x7e,0xf7,
0x9e,0xef,0x7e,0xf7,0x9e,0xef,0x9e,0xf7,0xff,0xff,0xff,0xff,0xff,0xff,0xdf,0xff,
0xff,0xff,0x7e,0xf7,0x9e,0xef,0x7e,0xf7,0x9e,0xf7,0x7e,0xf7,0xff,0xff,0xff,0xff,
0xff,0xff,0xdf,0xff,0xff,0xff,0x7e,0xf7,0x9e,0xf7,0x9e,0xf7,0x9e,0xef,0x7e,0xf7,
0xff,0xff,0xdf,0xff,0xff,0xff,0xff,0xff,0xff,0xff,0x7e,0xf7,0x9e,0xf7,0x7e,0xf7,
0x9e,0xef,0x00,0x00,0x00,0x00,0x00,0x00,0x00,0x00,0x00,0x00,0x00,0x00,0x00,0x00,
0x00,0x00,0x00,0x00,0x00,0x00,0x00,0x00,0x00,0x00,0x00,0x00,0x9d,0xf7,0x9e,0xf7,
0x9d,0xf7,0x9e,0xf7,0xff,0xff,0xff,0xff,0xff,0xff,0xff,0xff,0xff,0xff,0x9e,0xf7,
0x9e,0xf7,0x9e,0xf7,0x9d,0xf7,0xbe,0xf7,0xff,0xff,0xff,0xff,0xff,0xff,0xff,0xff,
0xff,0xff,0x9e,0xef,0x9d,0xf7,0x9e,0xf7,0x9d,0xf7,0x9e,0xf7,0xff,0xff,0xff,0xff,
0xff,0xff,0xff,0xff,0xff,0xff,0xbe,0xf7,0x9e,0xf7,0xbe,0xf7,0x9d,0xf7,0x9e,0xf7,
0xff,0xff,0xff,0xff,0xff,0xff,0xff,0xff,0xff,0xff,0x9e,0xf7,0x9e,0xf7,0x9e,0xf7,
0x7d,0xf7,0x00,0x00,0x00,0x00,0x00,0x00,0x00,0x00,0x00,0x00,0x00,0x00,0x00,0x00,
0x00,0x00,0x00,0x00,0x00,0x00,0x00,0x00,0x00,0x00,0x00,0x00,0x9e,0xef,0x7e,0xf7,
0x9e,0xf7,0x7e,0xf7,0xff,0xff,0xff,0xff,0xff,0xff,0xff,0xff,0xff,0xff,0x7e,0xf7,
0x9e,0xf7,0x7e,0xf7,0x9e,0xef,0x7e,0xf7,0xff,0xff,0xff,0xff,0xff,0xff,0xff,0xff,
0xff,0xff,0x7d,0xf7,0x9e,0xef,0x7e,0xf7,0x9e,0xef,0x7e,0xf7,0xff,0xff,0xff,0xff,
0xff,0xff,0xff,0xff,0xff,0xff,0x9e,0xf7,0xbf,0xf7,0x7e,0xf7,0x9e,0xef,0x7e,0xf7,
0xff,0xff,0xff,0xff,0xff,0xff,0xff,0xff,0xff,0xff,0x7e,0xf7,0x9e,0xf7,0x7e,0xf7,
0x9e,0xef,0x00,0x00,0x00,0x00,0x00,0x00,0x00,0x00,0x00,0x00,0x00,0x00,0x00,0x00,
0x00,0x00,0x00,0x00,0x00,0x00,0x00,0x00,0x00,0x00,0x00,0x00,0x9d,0xf7,0x9e,0xf7,
0x9e,0xf7,0xbe,0xf7,0xff,0xff,0xff,0xff,0xff,0xff,0xff,0xff,0xff,0xff,0x9e,0xf7,
0x9d,0xf7,0x9e,0xf7,0x7d,0xf7,0x9e,0xf7,0xff,0xff,0xff,0xff,0xff,0xff,0xff,0xff,
0xff,0xff,0x9e,0xef,0x9d,0xf7,0x9e,0xf7,0x9d,0xf7,0x9e,0xf7,0xff,0xff,0xff,0xff,
0xff,0xff,0xff,0xff,0xff,0xff,0x9e,0xf7,0x9e,0xf7,0x9e,0xf7,0x9d,0xf7,0xbe,0xf7,
0xff,0xff,0xff,0xff,0xff,0xff,0xff,0xff,0xff,0xff,0x9e,0xf7,0x9e,0xf7,0xbe,0xf7,
0x9d,0xf7,0x00,0x00,0x00,0x00,0x00,0x00,0x00,0x00,0x00,0x00,0x00,0x00,0x00,0x00,
0x00,0x00,0x00,0x00,0x00,0x00,0x00,0x00,0x00,0x00,0x00,0x00,0xff,0xff,0xff,0xff,
0xff,0xff,0xff,0xff,0x9e,0xef,0x7e,0xf7,0x9e,0xef,0x7e,0xf7,0x9e,0xef,0xff,0xff,
0xff,0xff,0xff,0xff,0xff,0xff,0xff,0xff,0x9e,0xef,0x9e,0xf7,0x9e,0xef,0x7e,0xf7,
0x9e,0xef,0xff,0xff,0xff,0xff,0xff,0xff,0xff,0xff,0xff,0xff,0x9e,0xef,0x7e,0xf7,
0x9e,0xef,0x7e,0xf7,0x9e,0xef,0xdf,0xff,0xff,0xff,0xdf,0xff,0xff,0xff,0xff,0xff,
0x9e,0xef,0x7e,0xf7,0x9e,0xef,0x7e,0xf7,0x9e,0xef,0xdf,0xff,0xff,0xff,0xff,0xff,
0xff,0xff,0x00,0x00,0x00,0x00,0x00,0x00,0x00,0x00,0x00,0x00,0x00,0x00,0x00,0x00,
0x00,0x00,0x00,0x00,0x00,0x00,0x00,0x00,0x00,0x00,0x00,0x00,0xff,0xff,0xff,0xff,
0xff,0xff,0xff,0xff,0x7d,0xf7,0xbe,0xf7,0x7d,0xf7,0x9e,0xf7,0x9d,0xf7,0xff,0xff,
0xff,0xff,0xff,0xff,0xff,0xff,0xff,0xff,0x9d,0xf7,0x9e,0xf7,0x7d,0xf7,0xbe,0xf7,
0x9d,0xf7,0xff,0xff,0xff,0xff,0xff,0xff,0xff,0xff,0xff,0xff,0x7d,0xf7,0x9e,0xf7,
0x9e,0xf7,0x9e,0xf7,0x9d,0xf7,0xff,0xff,0xff,0xff,0xff,0xff,0xff,0xff,0xff,0xff,
0x9d,0xf7,0x9e,0xf7,0x7d,0xf7,0x9e,0xf7,0x9d,0xf7,0xff,0xff,0xff,0xff,0xff,0xff,
0xff,0xff,0x00,0x00,0x00,0x00,0x00,0x00,0x00,0x00,0x00,0x00,0x00,0x00,0x00,0x00,
0x00,0x00,0x00,0x00,0x00,0x00,0x00,0x00,0x00,0x00,0x00,0x00,0xff,0xff,0xff,0xff,
0xff,0xff,0xff,0xff,0x9e,0xef,0x9e,0xf7,0x7e,0xef,0x7e,0xf7,0x9e,0xf7,0xdf,0xff,
0xff,0xff,0xff,0xff,0xff,0xff,0xdf,0xff,0x9e,0xef,0x9e,0xf7,0x9e,0xef,0x7e,0xf7,
0x9e,0xf7,0xff,0xff,0xff,0xff,0xff,0xff,0xff,0xff,0xdf,0xff,0x9e,0xef,0x7e,0xf7,
0x9e,0xf7,0x7e,0xf7,0x9e,0xef,0xdf,0xff,0xff,0xff,0xdf,0xff,0xff,0xff,0xff,0xff,
0x9e,0xf7,0x7e,0xf7,0x9e,0xef,0x7e,0xf7,0x9e,0xf7,0xff,0xff,0xff,0xff,0xff,0xff,
0xff,0xff,0x00,0x00,0x00,0x00,0x00,0x00,0x00,0x00,0x00,0x00,0x00,0x00,0x00,0x00,
0x00,0x00,0x00,0x00,0x00,0x00,0x00,0x00,0x00,0x00,0x00,0x00,0xff,0xff,0xff,0xff,
0xff,0xff,0xff,0xff,0x7d,0xf7,0xbe,0xf7,0x7d,0xf7,0x9e,0xf7,0x9e,0xf7,0xff,0xff,
0xff,0xff,0xff,0xff,0xff,0xff,0xff,0xff,0x9d,0xf7,0xbe,0xf7,0x9d,0xf7,0x9e,0xf7,
0x9e,0xf7,0xff,0xff,0xff,0xff,0xff,0xff,0xff,0xff,0xff,0xff,0x7d,0xf7,0x9e,0xf7,
0x9e,0xff,0xbe,0xf7,0x9e,0xf7,0xff,0xff,0xff,0xff,0xff,0xff,0xff,0xff,0xff,0xff,
0x9d,0xf7,0xbe,0xf7,0x9e,0xf7,0x9e,0xf7,0x9e,0xf7,0xff,0xff,0xff,0xff,0xff,0xff,
0xff,0xff,0x00,0x00,0x00,0x00,0x00,0x00,0x00,0x00,0x00,0x00,0x00,0x00,0x00,0x00,
0x00,0x00,0x00,0x00,0x00,0x00,0x00,0x00,0x00,0x00,0x00,0x00,0xff,0xff,0xff,0xff,
0xff,0xff,0xff,0xff,0x9e,0xef,0x9e,0xf7,0x9e,0xef,0x7e,0xf7,0x9e,0xf7,0xdf,0xff,
0xff,0xff,0xff,0xff,0xff,0xff,0xdf,0xff,0x9e,0xef,0x9e,0xf7,0x9e,0xf7,0x9e,0xf7,
0x9e,0xf7,0xdf,0xff,0xff,0xff,0xff,0xff,0xff,0xff,0xff,0xff,0x9e,0xef,0x9e,0xf7,
0x9e,0xf7,0x7e,0xf7,0xbf,0xf7,0xdf,0xff,0xff,0xff,0xff,0xff,0xff,0xff,0xdf,0xff,
0x9e,0xef,0x9e,0xf7,0x9e,0xf7,0x7e,0xf7,0x9e,0xf7,0xdf,0xff,0xff,0xff,0xff,0xff,
0xff,0xff,0x00,0x00,0x00,0x00,0x00,0x00,0x00,0x00,0x00,0x00,0x00,0x00,0x00,0x00,
0x00,0x00,0x00,0x00,0x00,0x00,0x00,0x00,0x00,0x00,0x00,0x00,0x9d,0xf7,0xbe,0xf7,
0x9e,0xf7,0xbe,0xf7,0xff,0xff,0xff,0xff,0xff,0xff,0xff,0xff,0xff,0xff,0x9e,0xf7,
0x7d,0xf7,0x9e,0xf7,0x9e,0xf7,0x9e,0xf7,0xff,0xff,0xff,0xff,0xff,0xff,0xff,0xff,
0xff,0xff,0x9e,0xef,0x7d,0xf7,0x9e,0xf7,0x9d,0xf7,0x9e,0xf7,0xff,0xff,0xff,0xff,
0xff,0xff,0xff,0xff,0xff,0xff,0x9e,0xf7,0x9d,0xf7,0xbe,0xf7,0x9d,0xf7,0x9e,0xf7,
0xff,0xff,0xff,0xff,0xff,0xff,0xff,0xff,0xff,0xff,0x9e,0xf7,0x7d,0xf7,0x9e,0xf7,
0x9d,0xf7,0x00,0x00,0x00,0x00,0x00,0x00,0x00,0x00,0x00,0x00,0x00,0x00,0x00,0x00,
0x00,0x00,0x00,0x00,0x00,0x00,0x00,0x00,0x00,0x00,0x00,0x00,0x9e,0xef,0x7e,0xf7,
0x9e,0xef,0x7e,0xf7,0xff,0xff,0xdf,0xff,0xff,0xff,0xff,0xff,0xff,0xff,0x7e,0xf7,
0x9e,0xef,0x7e,0xf7,0x9e,0xf7,0x9e,0xf7,0xff,0xff,0xff,0xff,0xff,0xff,0xff,0xff,
0xff,0xff,0x7d,0xf7,0x9e,0xef,0x7e,0xf7,0x9e,0xf7,0x7e,0xf7,0xff,0xff,0xff,0xff,
0xff,0xff,0xff,0xff,0xff,0xff,0x7e,0xf7,0x9e,0xf7,0x9e,0xf7,0x9e,0xf7,0x7e,0xf7,
0xff,0xff,0xff,0xff,0xff,0xff,0xdf,0xff,0xff,0xff,0x9e,0xf7,0x9e,0xef,0x7e,0xf7,
0x9e,0xef,0x00,0x00,0x00,0x00,0x00,0x00,0x00,0x00,0x00,0x00,0x00,0x00,0x00,0x00,
0x00,0x00,0x00,0x00,0x00,0x00,0x00,0x00,0x00,0x00,0x00,0x00,0x9d,0xf7,0x9e,0xf7,
0x9d,0xf7,0xbe,0xf7,0xff,0xff,0xff,0xff,0xff,0xff,0xff,0xff,0xff,0xff,0x9e,0xf7,
0x9d,0xf7,0x9e,0xf7,0x9d,0xf7,0xbe,0xf7,0xff,0xff,0xff,0xff,0xff,0xff,0xff,0xff,
0xff,0xff,0x9e,0xef,0x9d,0xf7,0xbe,0xf7,0x9d,0xf7,0x9e,0xf7,0xff,0xff,0xff,0xff,
0xff,0xff,0xff,0xff,0xff,0xff,0xbe,0xf7,0x9d,0xf7,0x9e,0xf7,0x9e,0xf7,0x9e,0xf7,
0xff,0xff,0xff,0xff,0xff,0xff,0xff,0xff,0xff,0xff,0x9e,0xf7,0x9d,0xf7,0xbe,0xf7,
0x7d,0xf7,0x00,0x00,0x00,0x00,0x00,0x00,0x00,0x00,0x00,0x00,0x00,0x00,0x00,0x00,
0x00,0x00,0x00,0x00,0x00,0x00,0x00,0x00,0x00,0x00,0x00,0x00,0x9e,0xf7,0x7e,0xf7,
0x9e,0xef,0x9e,0xf7,0xff,0xff,0xdf,0xff,0xff,0xff,0xff,0xff,0xff,0xff,0x7e,0xf7,
0x9e,0xf7,0x7e,0xf7,0x9e,0xf7,0x9e,0xf7,0xff,0xff,0xdf,0xff,0xff,0xff,0xdf,0xff,
0xff,0xff,0x7e,0xf7,0x9e,0xef,0x9e,0xf7,0x9e,0xf7,0x7e,0xf7,0xff,0xff,0xff,0xff,
0xff,0xff,0xff,0xff,0xff,0xff,0x9e,0xf7,0x9e,0xef,0x9e,0xf7,0xbf,0xf7,0x9e,0xf7,
0xff,0xff,0xff,0xff,0xff,0xff,0xff,0xff,0xff,0xff,0x7e,0xf7,0x9e,0xf7,0x7e,0xf7,
0x9e,0xef,0x00,0x00,0x00,0x00,0x00,0x00,0x00,0x00,0x00,0x00,0x00,0x00,0x00,0x00,
0x00,0x00,0x00,0x00,0x00,0x00,0x00,0x00,0x00,0x00,0x00,0x00,0x9e,0xf7,0x9e,0xf7,
0x9d,0xf7,0xbe,0xf7,0xff,0xff,0xff,0xff,0xff,0xff,0xff,0xff,0xff,0xff,0x9e,0xf7,
0x9e,0xf7,0xbe,0xf7,0x9e,0xf7,0xbe,0xf7,0xff,0xff,0xff,0xff,0xff,0xff,0xff,0xff,
0xff,0xff,0x9e,0xf7,0x9e,0xf7,0xbe,0xf7,0x9e,0xf7,0x9e,0xf7,0xff,0xff,0xff,0xff,
0xff,0xff,0xff,0xff,0xff,0xff,0xbe,0xf7,0x9d,0xf7,0x9e,0xf7,0x9e,0xff,0xbe,0xf7,
0xff,0xff,0xff,0xff,0xff,0xff,0xff,0xff,0xff,0xff,0x9e,0xf7,0x9e,0xf7,0xbe,0xf7,
0x9e,0xf7,0x00,0x00,0x00,0x00,0x00,0x00,0x00,0x00,0x00,0x00,0x00,0x00,0x00,0x00,
0x00,0x00,0x00,0x00,0x00,0x00,0x00,0x00,0x00,0x00,0x00,0x00,0xff,0xff,0xff,0xff,
0xff,0xff,0xff,0xff,0x9e,0xef,0x7e,0xf7,0x9e,0xef,0x9e,0xf7,0x9e,0xef,0xdf,0xff,
0xff,0xff,0xff,0xff,0xff,0xff,0xff,0xff,0x9e,0xef,0x7e,0xf7,0x9e,0xef,0x7e,0xf7,
0xbf,0xf7,0xdf,0xff,0xff,0xff,0xff,0xff,0xff,0xff,0xff,0xff,0x9e,0xf7,0x7e,0xf7,
0x9e,0xf7,0x7e,0xf7,0x9e,0xef,0xdf,0xff,0xff,0xff,0xdf,0xff,0xff,0xff,0xff,0xff,
0x9e,0xef,0x7e,0xf7,0x9e,0xef,0x7e,0xf7,0x9e,0xef,0xdf,0xff,0xff,0xff,0xff,0xff,
0xff,0xff,0x00,0x00,0x00,0x00,0x00,0x00,0x00,0x00,0x00,0x00,0x00,0x00,0x00,0x00,
0x00,0x00,0x00,0x00,0x00,0x00,0x00,0x00,0x00,0x00,0x00,0x00,0xff,0xff,0xff,0xff,
0xff,0xff,0xff,0xff,0x7d,0xf7,0x9e,0xf7,0x7d,0xf7,0x9e,0xf7,0x9d,0xf7,0xff,0xff,
0xff,0xff,0xff,0xff,0xff,0xff,0xff,0xff,0x9d,0xf7,0x9e,0xf7,0x9d,0xf7,0xbe,0xf7,
0x9e,0xff,0xff,0xff,0xff,0xff,0xff,0xff,0xff,0xff,0xff,0xff,0x9e,0xf7,0x9e,0xf7,
0x9e,0xf7,0x9e,0xf7,0x2e,0x7c,0x2e,0x74,0x4f,0x7c,0x70,0x7c,0xbe,0xff,0xff,0xff,
0x9d,0xf7,0x9e,0xf7,0x7d,0xf7,0x9e,0xf7,0x9d,0xf7,0xff,0xff,0xff,0xff,0xff,0xff,
0xff,0xff,0x00,0x00,0x00,0x00,0x00,0x00,0x00,0x00,0x00,0x00,0x00,0x00,0x00,0x00,
0x00,0x00,0x00,0x00,0x00,0x00,0x00,0x00,0x00,0x00,0x00,0x00,0xff,0xff,0xff,0xff,
0xff,0xff,0xdf,0xff,0x7e,0xef,0x7e,0xf7,0x9e,0xef,0x7e,0xf7,0x9e,0xf7,0xff,0xff,
0xff,0xff,0xff,0xff,0xff,0xff,0xff,0xff,0x9e,0xef,0x7e,0xf7,0x9e,0xf7,0x9e,0xf7,
0xbf,0xf7,0xff,0xff,0xff,0xff,0xdf,0xff,0xff,0xff,0xff,0xff,0x9e,0xef,0x7d,0xf7,
0xff,0xff,0xdf,0xff,0x00,0x01,0xc3,0x21,0x24,0x22,0xc3,0x21,0xff,0xff,0xff,0xff,
0x9e,0xef,0x7e,0xf7,0x9e,0xef,0x7e,0xf7,0xbf,0xf7,0xff,0xff,0xff,0xff,0xdf,0xff,
0xff,0xff,0x00,0x00,0x00,0x00,0x00,0x00,0x00,0x00,0x00,0x00,0x00,0x00,0x00,0x00,
0x00,0x00,0x00,0x00,0x00,0x00,0x00,0x00,0x00,0x00,0x00,0x00,0xff,0xff,0xff,0xff,
0xff,0xff,0xff,0xff,0x7d,0xf7,0x9e,0xf7,0x7d,0xf7,0x9e,0xf7,0x9e,0xf7,0xff,0xff,
0xff,0xff,0xff,0xff,0xff,0xff,0xff,0xff,0x9d,0xf7,0xbe,0xf7,0x9e,0xf7,0xbe,0xf7,
0x9e,0xf7,0xff,0xff,0xff,0xff,0xff,0xff,0xff,0xff,0xff,0xff,0x9d,0xf7,0xbe,0xf7,
0xa2,0x19,0x24,0x22,0xa7,0x9d,0x66,0x8d,0xa5,0x9d,0x44,0x8d,0xe5,0x31,0xff,0xf7,
0x7d,0xf7,0x9e,0xef,0x7d,0xf7,0x9e,0xf7,0x9e,0xf7,0xff,0xff,0xff,0xff,0xff,0xff,
0xff,0xff,0x00,0x00,0x00,0x00,0x00,0x00,0x00,0x00,0x00,0x00,0x00,0x00,0x00,0x00,
0x00,0x00,0x00,0x00,0x00,0x00,0x00,0x00,0x00,0x00,0x00,0x00,0xff,0xff,0xff,0xff,
0xff,0xff,0xff,0xff,0x7e,0xef,0x7e,0xf7,0x9e,0xef,0x7e,0xf7,0x9e,0xef,0xff,0xff,
0xff,0xff,0xff,0xff,0xff,0xff,0xff,0xff,0x9e,0xf7,0x9e,0xf7,0x9e,0xef,0x9e,0xf7,
0xbf,0xf7,0xff,0xff,0xff,0xff,0xdf,0xff,0xff,0xff,0xdf,0xff,0x9d,0xe7,0xc5,0x29,
0x00,0x5c,0x27,0xae,0x85,0x95,0x24,0x8d,0x64,0x64,0x26,0x85,0x06,0x2a,0xfe,0xff,
0x7e,0xef,0x7e,0xf7,0x9e,0xef,0x7e,0xf7,0x9e,0xef,0xff,0xff,0xff,0xff,0xdf,0xff,
0xff,0xff,0x00,0x00,0x00,0x00,0x00,0x00,0x00,0x00,0x00,0x00,0x00,0x00,0x00,0x00,
0x00,0x00,0x00,0x00,0x00,0x00,0x00,0x00,0x00,0x00,0x00,0x00,0x9d,0xf7,0x9e,0xf7,
0x9d,0xf7,0x9e,0xf7,0xff,0xff,0xff,0xff,0xff,0xff,0xff,0xff,0xff,0xff,0x9e,0xef,
0x9d,0xf7,0x9e,0xf7,0x7d,0xf7,0x9e,0xf7,0xff,0xff,0xff,0xff,0xbe,0xff,0xdf,0xf7,
0xbe,0xff,0x7e,0xef,0x7d,0xf7,0x7d,0xef,0x7d,0xf7,0x9e,0xf7,0x20,0x22,0x0d,0x9e,
0xa3,0x9d,0x66,0xae,0x07,0x8d,0x61,0x53,0x06,0xae,0x27,0xa6,0x4b,0x95,0xe0,0x19,
0x85,0x29,0xff,0xff,0xff,0xff,0xff,0xff,0xff,0xff,0x9e,0xf7,0x7d,0xf7,0x9e,0xf7,
0x9e,0xf7,0x00,0x00,0x00,0x00,0x00,0x00,0x00,0x00,0x00,0x00,0x00,0x00,0x00,0x00,
0x00,0x00,0x00,0x00,0x00,0x00,0x00,0x00,0x00,0x00,0x00,0x00,0x9e,0xef,0x7e,0xf7,
0x9e,0xf7,0x9e,0xf7,0xff,0xff,0xff,0xff,0xff,0xff,0xff,0xff,0xff,0xff,0x7d,0xf7,
0x9e,0xef,0x7e,0xf7,0x9e,0xef,0x7e,0xf7,0xff,0xf7,0x78,0xc6,0x45,0x2a,0x45,0x32,
0x06,0x32,0xfd,0xf7,0x7e,0xef,0x5d,0xef,0x7e,0xef,0xbe,0xf7,0x60,0x2a,0x6b,0x95,
0xa4,0x95,0x47,0xb6,0x68,0x85,0xa1,0x53,0x09,0x9e,0x04,0x85,0xca,0x7c,0xa0,0x19,
0x65,0x21,0xff,0xff,0xff,0xff,0xdf,0xff,0xff,0xff,0x7e,0xf7,0x9e,0xef,0x7e,0xf7,
0x9e,0xf7,0x00,0x00,0x00,0x00,0x00,0x00,0x00,0x00,0x00,0x00,0x00,0x00,0x00,0x00,
0x00,0x00,0x00,0x00,0x00,0x00,0x00,0x00,0x00,0x00,0x00,0x00,0x9d,0xf7,0x9e,0xf7,
0x9e,0xf7,0xbe,0xf7,0xff,0xff,0xff,0xff,0xff,0xff,0xff,0xff,0xff,0xff,0x7e,0xef,
0x7d,0xf7,0x9e,0xef,0x7d,0xf7,0x9e,0xf7,0xfe,0xff,0xb9,0xce,0x40,0x32,0xa9,0x74,
0x67,0x74,0xe0,0x21,0x83,0x21,0xfe,0xef,0x9d,0xf7,0xdf,0xff,0x60,0x32,0x2d,0xa6,
0xa4,0x9d,0x26,0xa6,0xe2,0x5b,0x4b,0xa6,0x84,0x95,0x85,0x95,0xca,0x84,0xa0,0x19,
0x23,0x21,0xff,0xf7,0xff,0xff,0xff,0xff,0xff,0xff,0x9e,0xef,0x9d,0xf7,0x9e,0xf7,
0x9e,0xf7,0x00,0x00,0x00,0x00,0x00,0x00,0x00,0x00,0x00,0x00,0x00,0x00,0x00,0x00,
0x00,0x00,0x00,0x00,0x00,0x00,0x00,0x00,0x00,0x00,0x00,0x00,0x9e,0xf7,0x7e,0xf7,
0x9e,0xf7,0x9e,0xf7,0xff,0xff,0xdf,0xff,0xff,0xff,0xff,0xff,0xff,0xff,0x7e,0xf7,
0x9e,0xef,0x7d,0xf7,0x9e,0xef,0x7d,0xf7,0xff,0xf7,0xd9,0xce,0x60,0x22,0x8a,0x95,
0x07,0x7d,0x80,0x32,0xc5,0x3a,0x80,0x19,0x07,0x32,0xbd,0xf7,0x40,0x2a,0xac,0x9d,
0xa9,0x95,0x64,0x6c,0x42,0x64,0x67,0x8d,0xa5,0x95,0xa5,0x9d,0xc8,0x5b,0x60,0x11,
0x04,0x19,0xff,0xff,0xff,0xff,0xff,0xff,0xff,0xff,0x7e,0xf7,0x9e,0xef,0x9e,0xf7,
0x9e,0xf7,0x00,0x00,0x00,0x00,0x00,0x00,0x00,0x00,0x00,0x00,0x00,0x00,0x00,0x00,
0x00,0x00,0x00,0x00,0x00,0x00,0x00,0x00,0x00,0x00,0x00,0x00,0x9d,0xf7,0x9e,0xf7,
0x7d,0xf7,0x9e,0xef,0xff,0xff,0xff,0xff,0xff,0xff,0xff,0xff,0xff,0xff,0xbe,0xf7,
0x7d,0xf7,0x7d,0xef,0x7d,0xf7,0x7e,0xef,0x9c,0xef,0xda,0xd6,0x00,0x2a,0x8b,0x95,
0x06,0xa6,0x43,0x8d,0x66,0x95,0x41,0x6c,0x28,0x53,0xe4,0x21,0x41,0x4b,0xc8,0x74,
0x87,0x74,0x83,0x4b,0xa5,0x9d,0x43,0x85,0x65,0x95,0x03,0x7d,0x85,0x29,0xf7,0xb5,
0xdf,0xff,0xff,0xff,0xff,0xff,0xff,0xff,0xdf,0xff,0x9e,0xf7,0x9e,0xf7,0xbe,0xf7,
0x9e,0xf7,0x00,0x00,0x00,0x00,0x00,0x00,0x00,0x00,0x00,0x00,0x00,0x00,0x00,0x00,
0x00,0x00,0x00,0x00,0x00,0x00,0x00,0x00,0x00,0x00,0x00,0x00,0xff,0xff,0xff,0xff,
0xff,0xff,0xdf,0xff,0x9e,0xef,0x7e,0xf7,0x7e,0xef,0x7d,0xf7,0xbf,0xf7,0xff,0xff,
0xff,0xff,0xff,0xff,0xa7,0x31,0x45,0x31,0x86,0x29,0x86,0x31,0x60,0x11,0xaa,0x7c,
0xe6,0x9d,0x64,0x95,0x84,0x6c,0x67,0x95,0xca,0x5b,0x03,0x2a,0x41,0x2a,0x48,0x74,
0x24,0x64,0x27,0x8d,0x85,0x8d,0x65,0x95,0x88,0x74,0x80,0x3a,0x86,0x29,0x65,0x31,
0xa7,0x39,0xa7,0x41,0x8e,0x6b,0x5d,0xef,0x7e,0xef,0xff,0xff,0xff,0xff,0xff,0xff,
0xff,0xff,0x00,0x00,0x00,0x00,0x00,0x00,0x00,0x00,0x00,0x00,0x00,0x00,0x00,0x00,
0x00,0x00,0x00,0x00,0x00,0x00,0x00,0x00,0x00,0x00,0x00,0x00,0xff,0xff,0xff,0xff,
0xff,0xff,0xff,0xff,0x7d,0xf7,0x9e,0xf7,0x7d,0xf7,0x7e,0xef,0x9e,0xff,0x96,0xb5,
0x2c,0x6b,0xff,0xff,0x24,0x31,0x04,0x21,0xe3,0x20,0x24,0x21,0x20,0x11,0xeb,0x84,
0x05,0xa6,0x63,0x8d,0xa3,0x7c,0x66,0x8d,0x2a,0x6c,0x83,0x32,0x00,0x2a,0x49,0x6c,
0xa1,0x5b,0x27,0x85,0x64,0x95,0x85,0x95,0xe7,0x6b,0xa0,0x19,0x64,0x31,0x03,0x21,
0xe3,0x28,0x04,0x21,0x65,0x31,0xff,0xff,0xff,0xff,0xff,0xff,0xff,0xff,0xff,0xff,
0xff,0xff,0x00,0x00,0x00,0x00,0x00,0x00,0x00,0x00,0x00,0x00,0x00,0x00,0x00,0x00,
0x00,0x00,0x00,0x00,0x00,0x00,0x00,0x00,0x00,0x00,0x00,0x00,0xff,0xff,0xff,0xff,
0xff,0xff,0xff,0xff,0x9e,0xef,0x9e,0xf7,0x7e,0xef,0x3d,0xef,0x62,0x08,0x04,0x21,
0x45,0x31,0x45,0x39,0x05,0x62,0x67,0x7a,0x84,0x51,0x84,0x59,0xc6,0x41,0x23,0x39,
0x86,0x8d,0x66,0x95,0x26,0x85,0xc5,0x84,0x87,0x6c,0x26,0x6c,0xa2,0x19,0xa2,0x21,
0x85,0x6c,0x03,0x64,0xe4,0x5b,0xe4,0x63,0x44,0x19,0x24,0x21,0x06,0x62,0xc4,0x61,
0xe5,0x59,0xe5,0x61,0xa6,0x39,0x24,0x31,0xa7,0x31,0x9e,0xff,0xdf,0xff,0xdf,0xff,
0xff,0xff,0x00,0x00,0x00,0x00,0x00,0x00,0x00,0x00,0x00,0x00,0x00,0x00,0x00,0x00,
0x00,0x00,0x00,0x00,0x00,0x00,0x00,0x00,0x00,0x00,0x00,0x00,0xff,0xff,0xff,0xff,
0xff,0xff,0xff,0xff,0x7d,0xf7,0xbe,0xf7,0x5d,0xf7,0x24,0x21,0xa4,0x51,0x67,0x62,
0x24,0x72,0x66,0x7a,0x46,0x72,0x05,0x62,0xc5,0x61,0x26,0x62,0xe5,0x61,0xc5,0x51,
0x83,0x29,0x47,0x3a,0xc3,0x5b,0xa3,0x53,0x26,0x6c,0x46,0x64,0x60,0x19,0xa6,0x5b,
0x48,0x74,0xe0,0x21,0x43,0x29,0xa5,0x31,0x44,0x31,0x44,0x29,0xa4,0x29,0xa4,0x21,
0x22,0x39,0x87,0x5a,0x05,0x72,0x46,0x72,0x27,0x62,0x64,0x41,0x44,0x31,0x75,0xb5,
0xde,0xff,0x00,0x00,0x00,0x00,0x00,0x00,0x00,0x00,0x00,0x00,0x00,0x00,0x00,0x00,
0x00,0x00,0x00,0x00,0x00,0x00,0x00,0x00,0x00,0x00,0x00,0x00,0xff,0xff,0xdf,0xff,
0xff,0xff,0xdf,0xff,0x7e,0xef,0x25,0x29,0x03,0x29,0xa6,0x49,0x45,0x72,0xa7,0x82,
0xe8,0x82,0x25,0x72,0xe5,0x59,0xe5,0x61,0x64,0x21,0x23,0x21,0x64,0x21,0x84,0x29,
0xa5,0x29,0x23,0x29,0x23,0x19,0x03,0x19,0xc2,0x3a,0xe6,0x63,0x00,0x22,0x08,0x8d,
0x45,0x3a,0x81,0x29,0x85,0x31,0x64,0x31,0xc7,0x74,0x24,0x64,0xa6,0x8d,0xa6,0x95,
0x6a,0x74,0x60,0x19,0x22,0x39,0x87,0x6a,0x86,0x7a,0xa7,0x82,0x89,0x62,0x81,0x28,
0xc3,0x18,0x00,0x00,0x00,0x00,0x00,0x00,0x00,0x00,0x00,0x00,0x00,0x00,0x00,0x00,
0x00,0x00,0x00,0x00,0x00,0x00,0x00,0x00,0x00,0x00,0x00,0x00,0x7d,0xf7,0x9e,0xef,
0x7d,0xf7,0x9e,0xf7,0xff,0xff,0x45,0x29,0x43,0x49,0x06,0x5a,0x44,0x7a,0xe7,0x8a,
0xa6,0x8a,0x04,0x6a,0xe4,0x61,0x25,0x6a,0x63,0x19,0x63,0x11,0x63,0x21,0x64,0x19,
0x04,0x29,0x04,0x21,0x03,0x21,0x23,0x21,0xe0,0x42,0x87,0x6c,0xe0,0x21,0x49,0x8d,
0xa5,0x5a,0xa2,0x31,0x64,0x31,0x64,0x29,0xc5,0x7c,0x63,0x64,0xa3,0x9d,0x05,0x9e,
0x69,0x7c,0x80,0x11,0x00,0x39,0xe8,0x6a,0x45,0x7a,0xc7,0x82,0x47,0x62,0xc2,0x30,
0x24,0x31,0x00,0x00,0x00,0x00,0x00,0x00,0x00,0x00,0x00,0x00,0x00,0x00,0x00,0x00,
0x00,0x00,0x00,0x00,0x00,0x00,0x00,0x00,0x00,0x00,0x00,0x00,0x9e,0xef,0x7e,0xf7,
0x9e,0xef,0x7e,0xf7,0xff,0xff,0x86,0x39,0x43,0x49,0x88,0x72,0x28,0x93,0xc2,0x69,
0x05,0x62,0xc4,0x61,0x87,0x52,0x42,0x39,0x05,0x75,0x63,0x6c,0xc6,0x9d,0x64,0x95,
0x44,0x6c,0x85,0x7c,0xa4,0x31,0x22,0x29,0xe0,0x21,0xc7,0x63,0xa2,0x74,0x86,0x95,
0x65,0x29,0x44,0x31,0x01,0x2a,0x29,0x74,0xe6,0x95,0x84,0x95,0x25,0x5c,0xe3,0x5b,
0xa5,0x8d,0x64,0x8d,0xce,0x84,0xa1,0x21,0x46,0x72,0xc7,0x8a,0xc7,0x82,0x86,0x82,
0x04,0x29,0x00,0x08,0x00,0x00,0x00,0x00,0x00,0x00,0x00,0x00,0x00,0x00,0x00,0x00,
0x00,0x00,0x00,0x00,0x00,0x00,0x00,0x00,0x00,0x00,0x00,0x00,0x7d,0xf7,0x9e,0xf7,
0x9d,0xf7,0xbe,0xf7,0x82,0x20,0xe7,0x41,0x05,0x72,0x87,0x7a,0x25,0x72,0x46,0x72,
0x66,0x6a,0xe5,0x51,0xc0,0x21,0x6c,0x8d,0x05,0xae,0x26,0xa6,0xe6,0x7c,0xe2,0x53,
0x03,0x64,0x44,0x64,0xc8,0x84,0x20,0x2a,0x60,0x21,0x8d,0x9d,0x67,0x95,0x84,0x6c,
0x43,0x29,0xc5,0x31,0x84,0x53,0x84,0x53,0xa4,0x53,0xa4,0x4b,0xc2,0x7c,0xc7,0x9d,
0xa7,0x9d,0x01,0x64,0x0b,0x74,0xa2,0x19,0x04,0x72,0x25,0x6a,0x25,0x7a,0xa7,0x82,
0x26,0x5a,0x00,0x08,0x00,0x00,0x00,0x00,0x00,0x00,0x00,0x00,0x00,0x00,0x00,0x00,
0x00,0x00,0x00,0x00,0x00,0x00,0x00,0x00,0x00,0x00,0x00,0x00,0x9e,0xef,0x7e,0xf7,
0x9e,0xef,0x7d,0xf7,0x62,0x10,0x66,0x39,0xc5,0x51,0x84,0x51,0x67,0x72,0x63,0x59,
0xa6,0x41,0x44,0x39,0xc0,0x19,0x08,0x6c,0xc4,0x95,0xe5,0x9d,0xe6,0x9d,0x43,0x95,
0x44,0x43,0x64,0x53,0x62,0x4b,0xc8,0x7c,0xa0,0x21,0x2c,0x9d,0xe9,0x7c,0xa3,0x5b,
0xc0,0x21,0x87,0x63,0x42,0x4b,0x6a,0x95,0xc5,0x9d,0xe6,0xa5,0x45,0x85,0xc3,0x7c,
0xe9,0x5b,0xa0,0x19,0x43,0x31,0xc5,0x49,0x84,0x49,0x87,0x72,0x87,0x72,0xa3,0x59,
0xa6,0x39,0x00,0x08,0x00,0x00,0x00,0x00,0x00,0x00,0x00,0x00,0x00,0x00,0x00,0x00,
0x00,0x00,0x00,0x00,0x00,0x00,0x00,0x00,0x00,0x00,0x00,0x00,0x9d,0xf7,0x9e,0xf7,
0x7d,0xf7,0x7e,0xef,0x00,0x08,0x86,0x31,0xc4,0x59,0xa4,0x51,0x46,0x72,0x83,0x51,
0x85,0x41,0x44,0x31,0xe0,0x21,0x89,0x74,0x44,0xae,0x65,0xa6,0x05,0xa6,0x84,0x8d,
0x22,0x43,0xc5,0x53,0x62,0x53,0xa8,0x74,0xc0,0x29,0x6c,0x95,0x28,0x8d,0xc4,0x5b,
0xc0,0x21,0xe8,0x5b,0x21,0x4b,0x6a,0x8d,0x84,0x9d,0x06,0xa6,0x63,0x8d,0x64,0x8d,
0xe7,0x6b,0xe0,0x19,0x23,0x39,0xa5,0x41,0x63,0x51,0xc8,0x7a,0x87,0x7a,0xc4,0x59,
0xa5,0x49,0x00,0x08,0x00,0x00,0x00,0x00,0x00,0x00,0x00,0x00,0x00,0x00,0x00,0x00,
0x00,0x00,0x00,0x00,0x00,0x00,0x00,0x00,0x00,0x00,0x00,0x00,0xff,0xff,0xff,0xff,
0xff,0xff,0xbf,0xff,0xff,0xff,0x24,0x31,0x24,0x39,0xa5,0x51,0x66,0x7a,0x45,0x7a,
0x47,0x6a,0x05,0x6a,0xa6,0x31,0x23,0x29,0x63,0x4b,0x83,0x53,0xc4,0x6c,0xc4,0x7c,
0xe5,0x74,0xc4,0x7c,0xc6,0x5b,0x84,0x5b,0xe1,0x42,0x6a,0x9d,0x6a,0x6c,0xe0,0x21,
0x26,0x64,0x42,0x4b,0x44,0x43,0xa5,0x53,0xe4,0x53,0x04,0x64,0x68,0x5b,0x80,0x21,
0x03,0x29,0x85,0x41,0xa5,0x51,0xa5,0x51,0x88,0x72,0x63,0x59,0xa5,0x49,0x64,0x49,
0x24,0x29,0x00,0x08,0x00,0x00,0x00,0x00,0x00,0x00,0x00,0x00,0x00,0x00,0x00,0x00,
0x00,0x00,0x00,0x00,0x00,0x00,0x00,0x00,0x00,0x00,0x00,0x00,0xff,0xff,0xff,0xff,
0xff,0xff,0x82,0x10,0xc1,0x38,0xca,0x72,0x85,0x8a,0x86,0x82,0xa6,0x8a,0xe4,0x69,
0x25,0x6a,0xa4,0x59,0x26,0x6a,0xa4,0x51,0x44,0x29,0x04,0x19,0x03,0x19,0x44,0x19,
0x63,0x21,0x64,0x21,0x03,0x29,0x85,0x31,0xe1,0x63,0x87,0x95,0x29,0x74,0x41,0x2a,
0xa5,0x39,0x64,0x29,0x24,0x31,0x04,0x29,0xc3,0x28,0x05,0x31,0x24,0x31,0x45,0x29,
0x23,0x41,0xa5,0x49,0xc3,0x69,0xc7,0x82,0x66,0x82,0x46,0x7a,0x46,0x72,0x63,0x51,
0x24,0x31,0x00,0x00,0x00,0x00,0x00,0x00,0x00,0x00,0x00,0x00,0x00,0x00,0x00,0x00,
0x00,0x00,0x00,0x00,0x00,0x00,0x00,0x00,0x00,0x00,0x00,0x00,0xff,0xff,0xff,0xff,
0xff,0xff,0x82,0x10,0x64,0x49,0xe6,0x61,0x05,0x6a,0x87,0x82,0x06,0x6a,0x05,0x72,
0x67,0x6a,0x84,0x59,0x85,0x41,0x44,0x41,0x65,0x39,0x23,0x39,0x65,0x31,0x44,0x39,
0x65,0x29,0x24,0x29,0x45,0x31,0xe3,0x28,0x23,0x64,0x44,0x74,0xaa,0x63,0x40,0x19,
0x25,0x29,0x04,0x31,0x45,0x29,0x24,0x29,0x65,0x39,0x44,0x41,0x85,0x41,0x85,0x49,
0xe4,0x20,0xe3,0x20,0x24,0x39,0xa5,0x51,0x86,0x7a,0x45,0x7a,0x25,0x6a,0xa7,0x82,
0xe6,0x49,0x00,0x10,0x00,0x00,0x00,0x00,0x00,0x00,0x00,0x00,0x00,0x00,0x00,0x00,
0x00,0x00,0x00,0x00,0x00,0x00,0x00,0x00,0x00,0x00,0x00,0x00,0xff,0xff,0xff,0xff,
0xdf,0xff,0x82,0x10,0x02,0x41,0xe6,0x59,0x24,0x72,0xa7,0x82,0x45,0x7a,0x25,0x6a,
0x46,0x72,0xa4,0x51,0x64,0x49,0x85,0x49,0x64,0x41,0x24,0x31,0x64,0x41,0x44,0x31,
0x44,0x39,0x44,0x31,0x24,0x31,0x03,0x29,0x63,0x74,0x84,0x74,0x2a,0x7c,0x60,0x19,
0x04,0x31,0x04,0x29,0x24,0x31,0x44,0x31,0x64,0x41,0x64,0x39,0x64,0x41,0x85,0x41,
0xe3,0x28,0x04,0x21,0x23,0x41,0xa5,0x49,0x46,0x7a,0x66,0x7a,0x86,0x82,0x86,0x7a,
0xc5,0x51,0x00,0x08,0x00,0x00,0x00,0x00,0x00,0x00,0x00,0x00,0x00,0x00,0x00,0x00,
0x00,0x00,0x00,0x00,0x00,0x00,0x00,0x00,0x00,0x00,0x00,0x00,0xff,0xff,0xff,0xff,
0xff,0xff,0x61,0x10,0x24,0x31,0x44,0x39,0x64,0x49,0x06,0x62,0x45,0x72,0x86,0x82,
0x66,0x7a,0xa7,0x82,0xc6,0x51,0x23,0x41,0xe4,0x20,0xc3,0x28,0x44,0x39,0x85,0x49,
0x65,0x41,0x44,0x41,0x04,0x29,0x03,0x29,0x61,0x32,0x64,0x5b,0x8b,0x6b,0x21,0x21,
0x03,0x29,0x65,0x41,0x85,0x41,0x85,0x49,0x44,0x31,0x03,0x31,0x24,0x29,0x24,0x31,
0x44,0x39,0x64,0x49,0xa5,0x51,0xa4,0x59,0xe5,0x61,0x26,0x72,0x26,0x6a,0x25,0x72,
0x27,0x52,0x00,0x10,0x00,0x00,0x00,0x00,0x00,0x00,0x00,0x00,0x00,0x00,0x00,0x00,
0x00,0x00,0x00,0x00,0x00,0x00,0x00,0x00,0x00,0x00,0x00,0x00,0x9e,0xf7,0xbe,0xf7,
0x9e,0xf7,0x9e,0xef,0x61,0x18,0x65,0x31,0x84,0x49,0x84,0x41,0x05,0x6a,0xe5,0x61,
0x06,0x6a,0x63,0x49,0xa5,0x49,0x24,0x31,0xc4,0x59,0xe5,0x51,0x24,0x31,0x24,0x31,
0x03,0x29,0x04,0x29,0x64,0x41,0x23,0x31,0x04,0x31,0x24,0x29,0x23,0x31,0x44,0x31,
0x64,0x49,0x85,0x49,0x64,0x49,0x64,0x41,0x03,0x31,0xe3,0x20,0x43,0x49,0xa5,0x49,
0x45,0x7a,0x45,0x72,0x44,0x82,0xc6,0x8a,0x86,0x82,0x65,0x72,0x66,0x7a,0x25,0x6a,
0x67,0x62,0x00,0x10,0x00,0x00,0x00,0x00,0x00,0x00,0x00,0x00,0x00,0x00,0x00,0x00,
0x00,0x00,0x00,0x00,0x00,0x00,0x00,0x00,0x00,0x00,0x00,0x00,0x9e,0xef,0x7e,0xf7,
0x7e,0xef,0xbe,0xff,0xc3,0x20,0x07,0x52,0x26,0x6a,0x46,0x7a,0x67,0x6a,0x02,0x49,
0x64,0x39,0x65,0x49,0x03,0x39,0x68,0x6a,0x86,0x7a,0x65,0x82,0xa8,0x7a,0xa3,0x61,
0xe3,0x20,0x03,0x29,0x04,0x31,0x86,0x41,0x65,0x39,0x44,0x41,0x85,0x41,0x84,0x49,
0x65,0x39,0xe3,0x30,0x04,0x29,0x24,0x31,0x48,0xa3,0xe6,0x9a,0xc9,0x7a,0x83,0x59,
0xa4,0x51,0xc5,0x61,0xe6,0x61,0xc5,0x61,0x87,0x7a,0x83,0x61,0xa4,0x51,0x06,0x6a,
0x48,0x5a,0x00,0x10,0x00,0x00,0x00,0x00,0x00,0x00,0x00,0x00,0x00,0x00,0x00,0x00,
0x00,0x00,0x00,0x00,0x00,0x00,0x00,0x00,0x00,0x00,0x00,0x00,0x7d,0xf7,0x7e,0xef,
0x5d,0xf7,0x45,0x29,0xe3,0x30,0x07,0x52,0xe4,0x71,0x66,0x7a,0x46,0x72,0x43,0x49,
0x43,0x41,0x85,0x41,0x01,0x41,0x67,0x6a,0x85,0x82,0xa6,0x82,0x25,0x6a,0x83,0x51,
0xc2,0x28,0x04,0x29,0x03,0x31,0xc6,0x41,0x64,0x41,0x64,0x39,0x64,0x49,0x85,0x41,
0x64,0x41,0x03,0x31,0xc2,0x28,0x03,0x29,0xc6,0x92,0xc6,0x8a,0x87,0x7a,0xa3,0x59,
0xa4,0x59,0xe5,0x59,0xe5,0x69,0xc4,0x59,0x66,0x7a,0xe4,0x69,0xa3,0x59,0x05,0x62,
0x47,0x62,0x00,0x08,0x00,0x00,0x00,0x00,0x00,0x00,0x00,0x00,0x00,0x00,0x00,0x00,
0x00,0x00,0x00,0x00,0x00,0x00,0x00,0x00,0x00,0x00,0x00,0x00,0x9e,0xef,0x7e,0xf7,
0x4a,0x4a,0xc3,0x20,0x03,0x31,0x47,0x62,0x45,0x7a,0xa7,0x8a,0x46,0x72,0x25,0x72,
0x05,0x62,0xc4,0x61,0x25,0x72,0x86,0x82,0x86,0x82,0xc6,0x92,0x46,0x72,0x25,0x72,
0x26,0x6a,0x66,0x72,0xc6,0x49,0xe2,0x38,0x24,0x31,0x44,0x39,0x65,0x39,0x85,0x49,
0x24,0x29,0x44,0x39,0x67,0x72,0x87,0x7a,0xc7,0x8a,0xc6,0x92,0x65,0x72,0xa6,0x82,
0x46,0x72,0x25,0x72,0x47,0x62,0xa4,0x59,0x64,0x49,0x47,0x6a,0x26,0x62,0x63,0x51,
0xa6,0x39,0x00,0x08,0x00,0x00,0x00,0x00,0x00,0x00,0x00,0x00,0x00,0x00,0x00,0x00,
0x00,0x00,0x00,0x00,0x00,0x00,0x00,0x00,0x00,0x00,0x00,0x00,0x9e,0xf7,0xbe,0xf7,
0x61,0x20,0xe3,0x28,0xe4,0x71,0xa7,0x82,0x45,0x7a,0x45,0x72,0x25,0x7a,0x25,0x6a,
0x05,0x72,0x05,0x6a,0xa6,0x8a,0x04,0x6a,0x25,0x72,0x25,0x6a,0x04,0x72,0x86,0x7a,
0x25,0x72,0x46,0x72,0x46,0x72,0x83,0x59,0xc4,0x69,0x25,0x6a,0x05,0x6a,0x26,0x6a,
0x83,0x59,0x87,0x72,0x04,0x6a,0x25,0x6a,0x86,0x82,0x66,0x7a,0x45,0x72,0xc4,0x59,
0x25,0x72,0x25,0x6a,0x25,0x72,0x05,0x6a,0x05,0x72,0x05,0x6a,0x45,0x72,0x46,0x72,
0xa5,0x49,0x00,0x08,0x00,0x00,0x00,0x00,0x00,0x00,0x00,0x00,0x00,0x00,0x00,0x00,
0x00,0x00,0x00,0x00,0x00,0x00,0x00,0x00,0x00,0x00,0x00,0x00,0xff,0xff,0xdf,0xff,
0x62,0x18,0xc3,0x28,0x45,0x72,0x66,0x7a,0x26,0x6a,0xc4,0x61,0xa5,0x51,0x06,0x62,
0xe5,0x61,0x05,0x6a,0x05,0x62,0x05,0x6a,0x26,0x6a,0x25,0x72,0x05,0x6a,0x25,0x72,
0x46,0x72,0x05,0x72,0xa4,0x51,0x06,0x62,0x45,0x72,0x86,0x82,0x66,0x72,0x45,0x7a,
0xc5,0x59,0x26,0x72,0x26,0x6a,0x25,0x72,0x46,0x6a,0x25,0x72,0xe5,0x61,0x05,0x6a,
0x26,0x6a,0x05,0x6a,0xe5,0x69,0x05,0x72,0x26,0x6a,0xe4,0x69,0x05,0x6a,0x26,0x72,
0xc6,0x49,0x00,0x10,0x00,0x00,0x00,0x00,0x00,0x00,0x00,0x00,0x00,0x00,0x00,0x00,
0x00,0x00,0x00,0x00,0x00,0x00,0x00,0x00,0x00,0x00,0x00,0x00,0xff,0xff,0xff,0xff,
0x00,0x10,0xe3,0x28,0x25,0x6a,0x46,0x6a,0x05,0x6a,0xc4,0x59,0x63,0x51,0x06,0x5a,
0xe4,0x69,0x66,0x72,0x05,0x6a,0x25,0x6a,0x04,0x72,0x45,0x6a,0x45,0x72,0x46,0x6a,
0x05,0x6a,0x05,0x62,0x63,0x49,0x47,0x62,0x65,0x82,0xc6,0x8a,0x65,0x7a,0x66,0x72,
0x05,0x6a,0x05,0x62,0x05,0x72,0x46,0x72,0xe4,0x61,0x05,0x5a,0x04,0x6a,0x46,0x72,
0x66,0x7a,0x25,0x6a,0xe4,0x71,0x86,0x7a,0x66,0x7a,0xe4,0x61,0x05,0x6a,0x66,0x72,
0xc5,0x49,0x00,0x08,0x00,0x00,0x00,0x00,0x00,0x00,0x00,0x00,0x00,0x00,0x00,0x00,
0x00,0x00,0x00,0x00,0x00,0x00,0x00,0x00,0x00,0x00,0x00,0x00,0xff,0xff,0xdf,0xff,
0x41,0x10,0x04,0x31,0xa5,0x51,0xa5,0x59,0xa5,0x49,0x03,0x39,0xc4,0x61,0xc8,0x82,
0xa6,0x82,0xc7,0x92,0x26,0x62,0x05,0x6a,0x25,0x6a,0xe4,0x69,0x26,0x62,0xa4,0x59,
0x85,0x41,0x44,0x41,0x24,0x39,0x06,0x5a,0x05,0x6a,0x45,0x72,0x05,0x62,0x05,0x6a,
0x26,0x62,0x84,0x51,0xa4,0x51,0xc5,0x61,0x44,0x39,0x23,0x39,0x25,0x6a,0x25,0x72,
0x26,0x6a,0x05,0x6a,0x26,0x62,0x05,0x6a,0x67,0x72,0xc4,0x61,0xe6,0x59,0x84,0x51,
0x07,0x4a,0x00,0x08,0x00,0x00,0x00,0x00,0x00,0x00,0x00,0x00,0x00,0x00,0x00,0x00,
0x00,0x00,0x00,0x00,0x00,0x00,0x00,0x00,0x00,0x00,0x00,0x00,0xff,0xff,0xff,0xff,
0x81,0x18,0x45,0x31,0xa5,0x49,0x64,0x39,0xc4,0x59,0x46,0x62,0x65,0x7a,0xe7,0x8a,
0xc7,0x8a,0x04,0x6a,0xe4,0x69,0x46,0x72,0xa5,0x51,0x84,0x49,0x84,0x49,0x64,0x39,
0xc5,0x59,0xa5,0x49,0xc4,0x61,0x83,0x51,0xc3,0x61,0x25,0x6a,0x25,0x72,0x05,0x6a,
0x05,0x6a,0x26,0x6a,0x05,0x62,0x84,0x49,0x44,0x39,0x44,0x39,0xa4,0x51,0xa5,0x51,
0x45,0x72,0x05,0x62,0x25,0x6a,0x05,0x62,0x46,0x72,0x63,0x49,0x83,0x59,0x47,0x6a,
0xa5,0x49,0x00,0x08,0x00,0x00,0x00,0x00,0x00,0x00,0x00,0x00,0x00,0x00,0x00,0x00,
0x00,0x00,0x00,0x00,0x00,0x00,0x00,0x00,0x00,0x00,0x00,0x00,0xff,0xff,0xff,0xff,
0x92,0x8c,0xb2,0x9c,0x03,0x31,0xa5,0x49,0xa5,0x51,0xe5,0x59,0xc5,0x51,0x26,0x6a,
0xe5,0x61,0x05,0x6a,0x06,0x62,0x63,0x51,0xa5,0x49,0x64,0x49,0x24,0x39,0xe6,0x59,
0x87,0x7a,0x46,0x72,0x86,0x82,0x45,0x7a,0x26,0x62,0xa4,0x59,0x46,0x6a,0xe5,0x69,
0xe5,0x61,0x66,0x7a,0x47,0x6a,0x63,0x51,0x85,0x49,0x64,0x49,0x24,0x39,0x85,0x49,
0x85,0x49,0x64,0x49,0xa4,0x51,0x26,0x6a,0xc5,0x51,0xe5,0x61,0xe6,0x59,0xa5,0x51,
0x85,0x39,0x00,0x08,0x00,0x00,0x00,0x00,0x00,0x00,0x00,0x00,0x00,0x00,0x00,0x00,
0x00,0x00,0x00,0x00,0x00,0x00,0x00,0x00,0x00,0x00,0x00,0x00,0x00,0x00,0x00,0x00,
0x00,0x00,0x00,0x00,0x00,0x00,0x00,0x00,0x00,0x00,0x00,0x00,0x00,0x00,0x00,0x00,
0x00,0x00,0x00,0x00,0x00,0x00,0x00,0x00,0x00,0x00,0x00,0x00,0x00,0x00,0x00,0x00,
0x00,0x00,0x00,0x00,0x00,0x00,0x00,0x00,0x00,0x00,0x00,0x00,0x00,0x00,0x00,0x00,
0x00,0x00,0x00,0x00,0x00,0x00,0x00,0x00,0x00,0x00,0x00,0x00,0x00,0x00,0x00,0x00,
0x00,0x00,0x00,0x00,0x00,0x00,0x00,0x00,0x00,0x00,0x00,0x00,0x00,0x00,0x00,0x00,
0x00,0x00,0x00,0x00,0x00,0x00,0x00,0x00,0x00,0x00,0x00,0x00,0x00,0x00,0x00,0x00,
0x00,0x00,0x00,0x00,0x00,0x00,0x00,0x00,0x00,0x00,0x00,0x00,0x00,0x00,0x00,0x00,
0x00,0x00,0x00,0x00,0x00,0x00,0x00,0x00,0x00,0x00,0x00,0x00,0x00,0x00,0x00,0x00,
0x00,0x00,0x00,0x00,0x00,0x00,0x00,0x00,0x00,0x00,0x00,0x00,0x00,0x00,0x00,0x00,
0x00,0x00,0x00,0x00,0x00,0x00,0x00,0x00,0x00,0x00,0x00,0x00,0x00,0x00,0x00,0x00,
0x00,0x00,0x00,0x00,0x00,0x00,0x00,0x00,0x00,0x00,0x00,0x00,0x00,0x00,0x00,0x00,
0x00,0x00,0x00,0x00,0x00,0x00,0x00,0x00,0x00,0x00,0x00,0x00,0x00,0x00,0x00,0x00,
0x00,0x00,0x00,0x00,0x00,0x00,0x00,0x00,0x00,0x00,0x00,0x00,0x00,0x00,0x00,0x00,
0x00,0x00,0x00,0x00,0x00,0x00,0x00,0x00,0x00,0x00,0x00,0x00,0x00,0x00,0x00,0x00,
0x00,0x00,0x00,0x00,0x00,0x00,0x00,0x00,0x00,0x00,0x00,0x00,0x00,0x00,0x00,0x00,
0x00,0x00,0x00,0x00,0x00,0x00,0x00,0x00,0x00,0x00,0x00,0x00,0x00,0x00,0x00,0x00,
0x00,0x00,0x00,0x00,0x00,0x00,0x00,0x00,0x00,0x00,0x00,0x00,0x00,0x00,0x00,0x00,
0x00,0x00,0x00,0x00,0x00,0x00,0x00,0x00,0x00,0x00,0x00,0x00,0x00,0x00,0x00,0x00,
0x00,0x00,0x00,0x00,0x00,0x00,0x00,0x00,0x00,0x00,0x00,0x00,0x00,0x00,0x00,0x00,
0x00,0x00,0x00,0x00,0x00,0x00,0x00,0x00,0x00,0x00,0x00,0x00,0x00,0x00,0x00,0x00,
0x00,0x00,0x00,0x00,0x00,0x00,0x00,0x00,0x00,0x00,0x00,0x00,0x00,0x00,0x00,0x00,
0x00,0x00,0x00,0x00,0x00,0x00,0x00,0x00,0x00,0x00,0x00,0x00,0x00,0x00,0x00,0x00,
0x00,0x00,0x00,0x00,0x00,0x00,0x00,0x00,0x00,0x00,0x00,0x00,0x00,0x00,0x00,0x00,
0x00,0x00,0x00,0x00,0x00,0x00,0x00,0x00,0x00,0x00,0x00,0x00,0x00,0x00,0x00,0x00,
0x00,0x00,0x00,0x00,0x00,0x00,0x00,0x00,0x00,0x00,0x00,0x00,0x00,0x00,0x00,0x00,
0x00,0x00,0x00,0x00,0x00,0x00,0x00,0x00,0x00,0x00,0x00,0x00,0x00,0x00,0x00,0x00,
0x00,0x00,0x00,0x00,0x00,0x00,0x00,0x00,0x00,0x00,0x00,0x00,0x00,0x00,0x00,0x00,
0x00,0x00,0x00,0x00,0x00,0x00,0x00,0x00,0x00,0x00,0x00,0x00,0x00,0x00,0x00,0x00,
0x00,0x00,0x00,0x00,0x00,0x00,0x00,0x00,0x00,0x00,0x00,0x00,0x00,0x00,0x00,0x00,
0x00,0x00,0x00,0x00,0x00,0x00,0x00,0x00,0x00,0x00,0x00,0x00,0x00,0x00,0x00,0x00,
0x00,0x00,0x00,0x00,0x00,0x00,0x00,0x00,0x00,0x00,0x00,0x00,0x00,0x00,0x00,0x00,
0x00,0x00,0x00,0x00,0x00,0x00,0x00,0x00,0x00,0x00,0x00,0x00,0x00,0x00,0x00,0x00,
0x00,0x00,0x00,0x00,0x00,0x00,0x00,0x00,0x00,0x00,0x00,0x00,0x00,0x00,0x00,0x00,
0x00,0x00,0x00,0x00,0x00,0x00,0x00,0x00,0x00,0x00,0x00,0x00,0x00,0x00,0x00,0x00,
0x00,0x00,0x00,0x00,0x00,0x00,0x00,0x00,0x00,0x00,0x00,0x00,0x00,0x00,0x00,0x00,
0x00,0x00,0x00,0x00,0x00,0x00,0x00,0x00,0x00,0x00,0x00,0x00,0x00,0x00,0x00,0x00,
0x00,0x00,0x00,0x00,0x00,0x00,0x00,0x00,0x00,0x00,0x00,0x00,0x00,0x00,0x00,0x00,
0x00,0x00,0x00,0x00,0x00,0x00,0x00,0x00,0x00,0x00,0x00,0x00,0x00,0x00,0x00,0x00,
0x00,0x00,0x00,0x00,0x00,0x00,0x00,0x00,0x00,0x00,0x00,0x00,0x00,0x00,0x00,0x00,
0x00,0x00,0x00,0x00,0x00,0x00,0x00,0x00,0x00,0x00,0x00,0x00,0x00,0x00,0x00,0x00,
0x00,0x00,0x00,0x00,0x00,0x00,0x00,0x00,0x00,0x00,0x00,0x00,0x00,0x00,0x00,0x00,
0x00,0x00,0x00,0x00,0x00,0x00,0x00,0x00,0x00,0x00,0x00,0x00,0x00,0x00,0x00,0x00,
0x00,0x00,0x00,0x00,0x00,0x00,0x00,0x00,0x00,0x00,0x00,0x00,0x00,0x00,0x00,0x00,
0x00,0x00,0x00,0x00,0x00,0x00,0x00,0x00,0x00,0x00,0x00,0x00,0x00,0x00,0x00,0x00,
0x00,0x00,0x00,0x00,0x00,0x00,0x00,0x00,0x00,0x00,0x00,0x00,0x00,0x00,0x00,0x00,
0x00,0x00,0x00,0x00,0x00,0x00,0x00,0x00,0x00,0x00,0x00,0x00,0x00,0x00,0x00,0x00,
0x00,0x00,0x00,0x00,0x00,0x00,0x00,0x00,0x00,0x00,0x00,0x00,0x00,0x00,0x00,0x00,
0x00,0x00,0x00,0x00,0x00,0x00,0x00,0x00,0x00,0x00,0x00,0x00,0x00,0x00,0x00,0x00,
0x00,0x00,0x00,0x00,0x00,0x00,0x00,0x00,0x00,0x00,0x00,0x00,0x00,0x00,0x00,0x00,
0x00,0x00,0x00,0x00,0x00,0x00,0x00,0x00,0x00,0x00,0x00,0x00,0x00,0x00,0x00,0x00,
0x00,0x00,0x00,0x00,0x00,0x00,0x00,0x00,0x00,0x00,0x00,0x00,0x00,0x00,0x00,0x00,
0x00,0x00,0x00,0x00,0x00,0x00,0x00,0x00,0x00,0x00,0x00,0x00,0x00,0x00,0x00,0x00,
0x00,0x00,0x00,0x00,0x00,0x00,0x00,0x00,0x00,0x00,0x00,0x00,0x00,0x00,0x00,0x00,
0x00,0x00,0x00,0x00,0x00,0x00,0x00,0x00,0x00,0x00,0x00,0x00,0x00,0x00,0x00,0x00,
0x00,0x00,0x00,0x00,0x00,0x00,0x00,0x00,0x00,0x00,0x00,0x00,0x00,0x00,0x00,0x00,
0x00,0x00,0x00,0x00,0x00,0x00,0x00,0x00,0x00,0x00,0x00,0x00,0x00,0x00,0x00,0x00,
0x00,0x00,0x00,0x00,0x00,0x00,0x00,0x00,0x00,0x00,0x00,0x00,0x00,0x00,0x00,0x00,
0x00,0x00,0x00,0x00,0x00,0x00,0x00,0x00,0x00,0x00,0x00,0x00,0x00,0x00,0x00,0x00,
0x00,0x00,0x00,0x00,0x00,0x00,0x00,0x00,0x00,0x00,0x00,0x00,0x00,0x00,0x00,0x00,
0x00,0x00,0x00,0x00,0x00,0x00,0x00,0x00,0x00,0x00,0x00,0x00,0x00,0x00,0x00,0x00,
0x00,0x00,0x00,0x00,0x00,0x00,0x00,0x00,0x00,0x00,0x00,0x00,0x00,0x00,0x00,0x00,
0x00,0x00,0x00,0x00,0x00,0x00,0x00,0x00,0x00,0x00,0x00,0x00,0x00,0x00,0x00,0x00,
0x00,0x00,0x00,0x00,0x00,0x00,0x00,0x00,0x00,0x00,0x00,0x00,0x00,0x00,0x00,0x00,
0x00,0x00,0x00,0x00,0x00,0x00,0x00,0x00,0x00,0x00,0x00,0x00,0x00,0x00,0x00,0x00,
0x00,0x00,0xff,0xff,0xff,0xff,0x00,0x00,0x00,0x00,0x00,0x00,0x00,0x00,0x00,0x00,
0x00,0x00,0x00,0x00,0x00,0x00,0x00,0x00,0x00,0x00,0x00,0x00,0x00,0x00,0x00,0x00,
0x00,0x00,0x00,0x00,0x00,0x00,0x00,0x00,0x00,0x00,0x00,0x00,0x00,0x00,0x00,0x00,
0x00,0x00,0x00,0x00,0x00,0x00,0x00,0x00,0x00,0x00,0xff,0xff,0xff,0xff,0x00,0x00,
0x00,0x00,0x00,0x00,0x00,0x00,0x00,0x00,0x00,0x00,0x00,0x00,0x00,0x00,0x00,0x00,
0x00,0x00,0x00,0x00,0x00,0x00,0x00,0x00,0x00,0x00,0x00,0x00,0x00,0x00,0x00,0x00,
0x00,0x00,0x00,0x00,0x00,0x00,0x00,0x00,0x00,0x00,0x00,0x00,0x00,0x00,0x00,0x00,
0xff,0xff,0xff,0xff,0xff,0xff,0xff,0x00,0x00,0x00,0x00,0x00,0x00,0x00,0x00,0x00,
0x00,0x00,0x00,0x00,0x00,0x00,0x00,0x00,0x00,0x00,0x00,0x00,0x00,0x00,0x00,0x00,
0x00,0x00,0x00,0x00,0x00,0x00,0x00,0x00,0x00,0x00,0x00,0x00,0x00,0x00,0x00,0x00,
0x00,0x00,0x00,0x00,0x00,0x00,0x00,0xff,0xff,0xff,0xff,0xff,0xff,0xff,0xff,0x00,
0x00,0x00,0x00,0x00,0x00,0x00,0x00,0x00,0x00,0x00,0x00,0x00,0x00,0x00,0x00,0x00,
0x00,0x00,0x00,0x00,0x00,0x00,0x00,0x00,0x00,0x00,0x00,0x00,0x00,0x00,0x00,0x00,
0x00,0x00,0x00,0x00,0x00,0x00,0x00,0x00,0x00,0x00,0x00,0x00,0x00,0x00,0xff,0xff,
0xff,0xff,0xff,0xff,0xff,0xff,0xff,0xff,0xff,0x00,0x00,0x00,0x00,0x00,0x00,0x00,
0x00,0x00,0x00,0x00,0x00,0x00,0x00,0x00,0x00,0x00,0x00,0x00,0x00,0x00,0x00,0x00,
0x00,0x00,0x00,0x00,0x00,0x00,0x00,0x00,0x00,0x00,0x00,0x00,0x00,0xff,0xff,0xff,
0xff,0x00,0x00,0x00,0x00,0x00,0xff,0xff,0xff,0xff,0xff,0xff,0xff,0xff,0xff,0xff,
0xff,0x00,0x00,0x00,0x00,0x00,0x00,0x00,0x00,0x00,0x00,0x00,0x00,0x00,0x00,0x00,
0x00,0x00,0x00,0x00,0x00,0x00,0x00,0x00,0x00,0x00,0x00,0x00,0x00,0x00,0x00,0x00,
0x00,0x00,0x00,0x00,0x00,0xff,0xff,0xff,0xff,0xff,0xff,0x00,0x00,0x00,0xff,0xff,
0xff,0xff,0xff,0xff,0xff,0xff,0xff,0xff,0xff,0x00,0x00,0x00,0x00,0x00,0x00,0x00,
0x00,0x00,0x00,0x00,0x00,0x00,0x00,0x00,0x00,0x00,0x00,0x00,0x00,0x00,0x00,0x00,
0x00,0x00,0x00,0x00,0x00,0x00,0x00,0x00,0x00,0x00,0x00,0x00,0x00,0xff,0xff,0xff,
0xff,0xff,0xff,0xff,0xff,0x00,0xff,0xff,0xff,0xff,0xff,0xff,0xff,0xff,0xff,0xff,
0xff,0x00,0x00,0x00,0x00,0x00,0x00,0x00,0x00,0x00,0x00,0x00,0x00,0x00,0x00,0x00,
0x00,0x00,0x00,0x00,0x00,0x00,0x00,0x00,0x00,0x00,0x00,0x00,0x00,0x00,0x00,0x00,
0x00,0x00,0x00,0x00,0x00,0xff,0xff,0xff,0xff,0xff,0xff,0xff,0xff,0xff,0xff,0xff,
0xff,0xff,0xff,0xff,0xff,0xff,0xff,0xff,0x00,0x00,0x00,0x00,0x00,0x00,0x00,0x00,
0x00,0x00,0x00,0x00,0x00,0x00,0x00,0x00,0x00,0x00,0x00,0x00,0x00,0x00,0x00,0x00,
0x00,0x00,0x00,0x00,0x00,0x00,0x00,0x00,0x00,0x00,0xff,0xff,0xff,0xff,0xff,0xff,
0xff,0xff,0xff,0xff,0xff,0xff,0xff,0xff,0xff,0xff,0xff,0xff,0xff,0xff,0xff,0xff,
0xff,0xff,0xff,0x00,0x00,0x00,0x00,0x00,0x00,0x00,0x00,0x00,0x00,0x00,0x00,0x00,
0x00,0x00,0x00,0x00,0x00,0x00,0x00,0x00,0x00,0x00,0x00,0x00,0x00,0x00,0x00,0xff,
0xff,0x00,0xff,0xff,0xff,0xff,0xff,0xff,0xff,0xff,0xff,0xff,0xff,0xff,0xff,0xff,
0xff,0xff,0xff,0xff,0xff,0xff,0xff,0xff,0xff,0xff,0xff,0x00,0x00,0x00,0x00,0x00,
0x00,0x00,0x00,0x00,0x00,0x00,0x00,0x00,0x00,0x00,0x00,0x00,0x00,0x00,0x00,0x00,
0x00,0x00,0x00,0x00,0x00,0x00,0xff,0xff,0xff,0xff,0xff,0xff,0xff,0xff,0xff,0xff,
0xff,0xff,0xff,0xff,0xff,0xff,0xff,0xff,0xff,0xff,0xff,0xff,0xff,0xff,0xff,0xff,
0xff,0xff,0xff,0xff,0xff,0x00,0x00,0x00,0x00,0x00,0x00,0x00,0x00,0x00,0x00,0x00,
0x00,0x00,0x00,0x00,0x00,0x00,0x00,0x00,0x00,0x00,0x00,0x00,0x00,0xff,0xff,0xff,
0xff,0xff,0xff,0xff,0xff,0xff,0xff,0xff,0xff,0xff,0xff,0xff,0xff,0xff,0xff,0xff,
0xff,0xff,0xff,0xff,0xff,0xff,0xff,0xff,0xff,0xff,0xff,0xff,0xff,0xff,0xff,0xff,
0x00,0x00,0x00,0x00,0x00,0x00,0x00,0x00,0x00,0x00,0x00,0x00,0x00,0x00,0x00,0x00,
0x00,0x00,0x00,0xff,0xff,0xff,0xff,0xff,0xff,0xff,0xff,0xff,0xff,0xff,0xff,0xff,
0xff,0xff,0xff,0xff,0xff,0xff,0xff,0xff,0xff,0xff,0xff,0xff,0xff,0xff,0xff,0xff,
0xff,0xff,0xff,0xff,0xff,0xff,0xff,0xff,0xff,0x00,0x00,0x00,0x00,0x00,0x00,0x00,
0x00,0x00,0x00,0x00,0x00,0x00,0x00,0x00,0x00,0x00,0x00,0xff,0xff,0xff,0xff,0xff,
0xff,0xff,0xff,0xff,0xff,0xff,0xff,0xff,0xff,0xff,0xff,0xff,0xff,0xff,0xff,0xff,
0xff,0xff,0xff,0xff,0xff,0xff,0xff,0xff,0xff,0xff,0xff,0xff,0xff,0xff,0xff,0xff,
0xff,0x00,0x00,0x00,0x00,0x00,0x00,0x00,0x00,0x00,0x00,0x00,0x00,0x00,0x00,0x00,
0x00,0x00,0x00,0xff,0xff,0xff,0xff,0xff,0xff,0xff,0xff,0xff,0xff,0xff,0xff,0xff,
0xff,0xff,0xff,0xff,0xff,0xff,0xff,0xff,0xff,0xff,0xff,0xff,0xff,0xff,0xff,0xff,
0xff,0xff,0xff,0xff,0xff,0xff,0xff,0xff,0xff,0x00,0x00,0x00,0x00,0x00,0x00,0x00,
0x00,0x00,0x00,0x00,0x00,0x00,0x00,0x00,0x00,0x00,0xff,0xff,0xff,0xff,0xff,0xff,
0xff,0xff,0xff,0xff,0xff,0xff,0xff,0xff,0xff,0xff,0xff,0xff,0xff,0xff,0xff,0xff,
0xff,0xff,0xff,0xff,0xff,0xff,0xff,0xff,0xff,0xff,0xff,0xff,0xff,0xff,0xff,0xff,
0xff,0x00,0x00,0x00,0x00,0x00,0x00,0x00,0x00,0x00,0x00,0x00,0x00,0x00,0x00,0x00,
0x00,0x00,0xff,0xff,0xff,0xff,0xff,0xff,0xff,0xff,0xff,0xff,0xff,0xff,0xff,0xff,
0xff,0xff,0xff,0xff,0xff,0xff,0xff,0xff,0xff,0xff,0xff,0xff,0xff,0xff,0xff,0xff,
0xff,0xff,0xff,0xff,0xff,0xff,0xff,0xff,0xff,0x00,0x00,0x00,0x00,0x00,0x00,0x00,
0x00,0x00,0x00,0x00,0x00,0x00,0x00,0x00,0x00,0x00,0xff,0xff,0xff,0xff,0xff,0xff,
0xff,0xff,0xff,0xff,0xff,0xff,0xff,0xff,0xff,0xff,0xff,0xff,0xff,0xff,0xff,0xff,
0xff,0xff,0xff,0xff,0xff,0xff,0xff,0xff,0xff,0xff,0xff,0xff,0xff,0xff,0xff,0xff,
0xff,0x00,0x00,0x00,0x00,0x00,0x00,0x00,0x00,0x00,0x00,0x00,0x00,0x00,0x00,0x00,
0x00,0x00,0x00,0xff,0xff,0xff,0xff,0xff,0xff,0xff,0xff,0xff,0xff,0xff,0xff,0xff,
0xff,0xff,0xff,0xff,0xff,0xff,0xff,0xff,0xff,0xff,0xff,0xff,0xff,0xff,0xff,0xff,
0xff,0xff,0xff,0xff,0xff,0xff,0xff,0xff,0xff,0x00,0x00,0x00,0x00,0x00,0x00,0x00,
0x00,0x00,0x00,0x00,0x00,0x00,0x00,0x00,0x00,0xff,0xff,0xff,0xff,0xff,0xff,0xff,
0xff,0xff,0xff,0xff,0xff,0xff,0xff,0xff,0xff,0xff,0xff,0xff,0xff,0xff,0xff,0xff,
0xff,0xff,0xff,0xff,0xff,0xff,0xff,0xff,0xff,0xff,0xff,0xff,0xff,0xff,0xff,0xff,
0xff,0x00,0x00,0x00,0x00,0x00,0x00,0x00,0x00,0x00,0x00,0x00,0x00,0x00,0x00,0x00,
0x00,0xff,0xff,0xff,0xff,0xff,0xff,0xff,0xff,0xff,0xff,0xff,0xff,0xff,0xff,0xff,
0xff,0xff,0xff,0xff,0xff,0xff,0xff,0xff,0xff,0xff,0xff,0xff,0xff,0xff,0xff,0xff,
0xff,0xff,0xff,0xff,0xff,0xff,0xff,0xff,0xff,0x00,0x00,0x00,0x00,0x00,0x00,0x00,
0x00,0x00,0x00,0x00,0x00,0x00,0x00,0x00,0x00,0xff,0xff,0xff,0xff,0xff,0xff,0xff,
0xff,0xff,0xff,0xff,0xff,0xff,0xff,0xff,0xff,0xff,0xff,0xff,0xff,0xff,0xff,0xff,
0xff,0xff,0xff,0xff,0xff,0xff,0xff,0xff,0xff,0xff,0xff,0xff,0xff,0xff,0xff,0xff,
0xff,0x00,0x00,0x00,0x00,0x00,0x00,0x00,0x00,0x00,0x00,0x00,0x00,0x00,0x00,0x00,
0x00,0xff,0xff,0xff,0xff,0xff,0xff,0xff,0xff,0xff,0xff,0xff,0xff,0xff,0xff,0xff,
0xff,0xff,0xff,0xff,0xff,0xff,0xff,0xff,0xff,0xff,0xff,0xff,0xff,0xff,0xff,0xff,
0xff,0xff,0xff,0xff,0xff,0xff,0xff,0xff,0xff,0x00,0x00,0x00,0x00,0x00,0x00,0x00,
0x00,0x00,0x00,0x00,0x00,0x00,0x00,0x00,0x00,0x00,0xff,0xff,0xff,0xff,0xff,0xff,
0xff,0xff,0xff,0xff,0xff,0xff,0xff,0xff,0xff,0xff,0xff,0xff,0xff,0xff,0xff,0xff,
0xff,0xff,0xff,0xff,0xff,0xff,0xff,0xff,0xff,0xff,0xff,0xff,0xff,0xff,0xff,0xff,
0xff,0x00,0x00,0x00,0x00,0x00,0x00,0x00,0x00,0x00,0x00,0x00,0x00,0x00,0x00,0x00,
0x00,0x00,0xff,0xff,0xff,0xff,0xff,0xff,0xff,0xff,0xff,0xff,0xff,0xff,0xff,0xff,
0xff,0xff,0xff,0xff,0xff,0xff,0xff,0xff,0xff,0xff,0xff,0xff,0xff,0xff,0xff,0xff,
0xff,0xff,0xff,0xff,0xff,0xff,0xff,0xff,0xff,0x00,0x00,0x00,0x00,0x00,0x00,0x00,
0x00,0x00,0x00,0x00,0x00,0x00,0x00,0x00,0x00,0xff,0xff,0xff,0xff,0xff,0xff,0xff,
0xff,0xff,0xff,0xff,0xff,0xff,0xff,0xff,0xff,0xff,0xff,0xff,0xff,0xff,0xff,0xff,
0xff,0xff,0xff,0xff,0xff,0xff,0xff,0xff,0xff,0xff,0xff,0xff,0xff,0xff,0xff,0xff,
0xff,0x00,0x00,0x00,0x00,0x00,0x00,0x00,0x00,0x00,0x00,0x00,0x00,0x00,0x00,0x00,
0xff,0xff,0xff,0xff,0xff,0xff,0xff,0xff,0xff,0xff,0xff,0xff,0xff,0xff,0xff,0xff,
0xff,0xff,0xff,0xff,0xff,0xff,0xff,0xff,0xff,0xff,0xff,0xff,0xff,0xff,0xff,0xff,
0xff,0xff,0xff,0xff,0xff,0xff,0xff,0xff,0xff,0x00,0x00,0x00,0x00,0x00,0x00,0x00,
0x00,0x00,0x00,0x00,0x00,0x00,0x00,0x00,0xff,0xff,0xff,0xff,0xff,0xff,0xff,0xff,
0xff,0xff,0xff,0xff,0xff,0xff,0xff,0xff,0xff,0xff,0xff,0xff,0xff,0xff,0xff,0xff,
0xff,0xff,0xff,0xff,0xff,0xff,0xff,0xff,0xff,0xff,0xff,0xff,0xff,0xff,0xff,0xff,
0xff,0x00,0x00,0x00,0x00,0x00,0x00,0x00,0x00,0x00,0x00,0x00,0x00,0x00,0x00,0x00,
0xff,0xff,0xff,0xff,0xff,0xff,0xff,0xff,0xff,0xff,0xff,0xff,0xff,0xff,0xff,0xff,
0xff,0xff,0xff,0xff,0xff,0xff,0xff,0xff,0xff,0xff,0xff,0xff,0xff,0xff,0xff,0xff,
0xff,0xff,0xff,0xff,0xff,0xff,0xff,0xff,0xff,0x00,0x00,0x00,0x00,0x00,0x00,0x00,
0x00,0x00,0x00,0x00,0x00,0x00,0x00,0x00,0xff,0xff,0xff,0xff,0xff,0xff,0xff,0xff,
0xff,0xff,0xff,0xff,0xff,0xff,0xff,0xff,0xff,0xff,0xff,0xff,0xff,0xff,0xff,0xff,
0xff,0xff,0xff,0xff,0xff,0xff,0xff,0xff,0xff,0xff,0xff,0xff,0xff,0xff,0xff,0xff,
0xff,0x00,0x00,0x00,0x00,0x00,0x00,0x00,0x00,0x00,0x00,0x00,0x00,0x00,0x00,0x00,
0xff,0xff,0xff,0xff,0xff,0xff,0xff,0xff,0xff,0xff,0xff,0xff,0xff,0xff,0xff,0xff,
0xff,0xff,0xff,0xff,0xff,0xff,0xff,0xff,0xff,0xff,0xff,0xff,0xff,0xff,0xff,0xff,
0xff,0xff,0xff,0xff,0xff,0xff,0xff,0xff,0xff,0x00,0x00,0x00,0x00,0x00,0x00,0x00,
0x00,0x00,0x00,0x00,0x00,0x00,0x00,0x00,0xff,0xff,0xff,0xff,0xff,0xff,0xff,0xff,
0xff,0xff,0xff,0xff,0xff,0xff,0xff,0xff,0xff,0xff,0xff,0xff,0xff,0xff,0xff,0xff,
0xff,0xff,0xff,0xff,0xff,0xff,0xff,0xff,0xff,0xff,0xff,0xff,0xff,0xff,0xff,0xff,
0xff,0x00,0x00,0x00,0x00,0x00,0x00,0x00,0x00,0x00,0x00,0x00,0x00,0x00,0x00,0x00,
0xff,0xff,0xff,0xff,0xff,0xff,0xff,0xff,0xff,0xff,0xff,0xff,0xff,0xff,0xff,0xff,
0xff,0xff,0xff,0xff,0xff,0xff,0xff,0xff,0xff,0xff,0xff,0xff,0xff,0xff,0xff,0xff,
0xff,0xff,0xff,0xff,0xff,0xff,0xff,0xff,0xff,0x00,0x00,0x00,0x00,0x00,0x00,0x00,

};
static const lv_image_dsc_t s_farm_strawberry_0 = {
    .header.magic = LV_IMAGE_HEADER_MAGIC,
    .header.cf = LV_COLOR_FORMAT_RGB565A8,
    .header.flags = 0,
    .header.w = 56,
    .header.h = 52,
    .header.stride = 112,
    .data_size = sizeof(s_farm_strawberry_0_map),
    .data = s_farm_strawberry_0_map,
};

static const LV_ATTRIBUTE_MEM_ALIGN LV_ATTRIBUTE_LARGE_CONST uint8_t s_farm_strawberry_1_map[] = {
0x00,0x00,0x00,0x00,0x00,0x00,0x00,0x00,0x00,0x00,0x00,0x00,0x9e,0xf7,0xbe,0xf7,
0x9e,0xf7,0xff,0xff,0xdf,0xff,0xff,0xff,0xff,0xff,0xff,0xff,0x9e,0xf7,0x9e,0xf7,
0x9e,0xf7,0xbe,0xf7,0xbe,0xff,0xff,0xff,0xff,0xff,0xff,0xff,0xff,0xff,0xbe,0xf7,
0x9e,0xf7,0xbe,0xf7,0x9e,0xf7,0x9e,0xf7,0xdf,0xff,0xff,0xff,0xff,0xff,0xff,0xff,
0x7d,0xf7,0x9e,0xf7,0x9e,0xf7,0xbe,0xf7,0x9d,0xf7,0xff,0xff,0xdf,0xff,0xff,0xff,
0xff,0xff,0xff,0xff,0x9d,0xf7,0x9e,0xf7,0x9d,0xf7,0x9e,0xf7,0xff,0xff,0xff,0xff,
0xff,0xff,0x00,0x00,0x00,0x00,0x00,0x00,0x00,0x00,0x00,0x00,0x00,0x00,0x00,0x00,
0x00,0x00,0x00,0x00,0x00,0x00,0x00,0x00,0x00,0x00,0x00,0x00,0x9e,0xef,0x7e,0xf7,
0x9e,0xef,0xdf,0xff,0xff,0xff,0xff,0xff,0xff,0xff,0xff,0xff,0x9e,0xef,0x7e,0xf7,
0x9e,0xef,0x7e,0xf7,0xbf,0xf7,0xdf,0xff,0xff,0xff,0xff,0xff,0xff,0xff,0x9e,0xf7,
0x9e,0xef,0x7e,0xf7,0x9e,0xef,0x7e,0xf7,0xff,0xff,0xff,0xff,0xff,0xff,0xff,0xff,
0x9e,0xef,0x7e,0xf7,0x9e,0xef,0x7e,0xf7,0x9e,0xef,0xff,0xff,0xff,0xff,0xdf,0xff,
0xff,0xff,0xff,0xff,0x9e,0xef,0x7e,0xf7,0x9e,0xef,0x7e,0xf7,0xff,0xff,0xff,0xff,
0xff,0xff,0x00,0x00,0x00,0x00,0x00,0x00,0x00,0x00,0x00,0x00,0x00,0x00,0x00,0x00,
0x00,0x00,0x00,0x00,0x00,0x00,0x00,0x00,0x00,0x00,0x00,0x00,0x9d,0xf7,0x9e,0xf7,
0x9d,0xf7,0xff,0xff,0xff,0xff,0xff,0xff,0xff,0xff,0xff,0xff,0x9e,0xf7,0x9e,0xf7,
0x9e,0xf7,0x9e,0xf7,0xbe,0xff,0xff,0xff,0xff,0xff,0xff,0xff,0xff,0xff,0xbe,0xf7,
0x9d,0xf7,0x9e,0xf7,0x9e,0xf7,0x9e,0xf7,0xff,0xff,0xff,0xff,0xff,0xff,0xff,0xff,
0x9d,0xf7,0xbe,0xf7,0x7d,0xf7,0x9e,0xf7,0x9e,0xf7,0xff,0xff,0xdf,0xff,0xff,0xff,
0xff,0xff,0xff,0xff,0x9e,0xf7,0x9e,0xf7,0x7d,0xf7,0xbe,0xf7,0xff,0xff,0xff,0xff,
0xff,0xff,0x00,0x00,0x00,0x00,0x00,0x00,0x00,0x00,0x00,0x00,0x00,0x00,0x00,0x00,
0x00,0x00,0x00,0x00,0x00,0x00,0x00,0x00,0x00,0x00,0x00,0x00,0x9e,0xef,0x7e,0xf7,
0x9e,0xf7,0xff,0xff,0xff,0xff,0xff,0xff,0xff,0xff,0xff,0xff,0x9e,0xf7,0x7e,0xf7,
0x9e,0xef,0x9e,0xf7,0xff,0xff,0xff,0xff,0xff,0xff,0xff,0xff,0xff,0xff,0x7e,0xf7,
0x9e,0xf7,0x7e,0xf7,0x9e,0xf7,0x7d,0xf7,0xff,0xff,0xff,0xff,0xff,0xff,0xff,0xff,
0x9e,0xef,0x9e,0xf7,0x9e,0xef,0x7e,0xf7,0x9e,0xef,0xdf,0xff,0xff,0xff,0xff,0xff,
0xff,0xff,0xff,0xff,0x9e,0xf7,0x7e,0xf7,0x9e,0xef,0x7e,0xf7,0xff,0xff,0xff,0xff,
0xff,0xff,0x00,0x00,0x00,0x00,0x00,0x00,0x00,0x00,0x00,0x00,0x00,0x00,0x00,0x00,
0x00,0x00,0x00,0x00,0x00,0x00,0x00,0x00,0x00,0x00,0x00,0x00,0x9e,0xf7,0xbe,0xf7,
0x9e,0xff,0xff,0xff,0xff,0xff,0xff,0xff,0xff,0xff,0xff,0xff,0x9d,0xf7,0x9e,0xf7,
0x7d,0xf7,0xbe,0xf7,0xdf,0xff,0xff,0xff,0xff,0xff,0xff,0xff,0xff,0xff,0x9e,0xf7,
0x7d,0xf7,0x9e,0xf7,0x9e,0xf7,0x9e,0xf7,0xff,0xff,0xff,0xff,0xff,0xff,0xff,0xff,
0x9d,0xf7,0x9e,0xf7,0x9d,0xf7,0x9e,0xf7,0x7d,0xf7,0xff,0xff,0xff,0xff,0xff,0xff,
0xff,0xff,0xff,0xff,0x9d,0xf7,0x9e,0xf7,0x9e,0xf7,0xbe,0xf7,0xff,0xff,0xff,0xff,
0xff,0xff,0x00,0x00,0x00,0x00,0x00,0x00,0x00,0x00,0x00,0x00,0x00,0x00,0x00,0x00,
0x00,0x00,0x00,0x00,0x00,0x00,0x00,0x00,0x00,0x00,0x00,0x00,0xff,0xff,0xff,0xff,
0xff,0xff,0x7e,0xf7,0x9e,0xef,0x9e,0xf7,0x9e,0xf7,0x7e,0xf7,0xff,0xff,0xff,0xff,
0xff,0xff,0xff,0xff,0xbf,0xf7,0x7e,0xf7,0x9e,0xef,0x9e,0xf7,0x9e,0xf7,0xdf,0xff,
0xff,0xff,0xff,0xff,0xff,0xff,0xff,0xff,0x9e,0xf7,0x9e,0xf7,0x9e,0xef,0x9e,0xf7,
0xff,0xff,0xff,0xff,0xff,0xff,0xdf,0xff,0xff,0xff,0x9e,0xf7,0x9e,0xf7,0x7e,0xf7,
0x9e,0xef,0x7e,0xf7,0xff,0xff,0xff,0xff,0xff,0xff,0xff,0xff,0x9e,0xef,0x7e,0xf7,
0x9e,0xef,0x00,0x00,0x00,0x00,0x00,0x00,0x00,0x00,0x00,0x00,0x00,0x00,0x00,0x00,
0x00,0x00,0x00,0x00,0x00,0x00,0x00,0x00,0x00,0x00,0x00,0x00,0xff,0xff,0xff,0xff,
0xff,0xff,0x9e,0xf7,0x9e,0xf7,0xbe,0xf7,0x9d,0xf7,0x9e,0xf7,0xff,0xff,0xff,0xff,
0xff,0xff,0xff,0xff,0x9e,0xff,0x9e,0xf7,0x9d,0xf7,0x9e,0xf7,0x9e,0xf7,0xff,0xff,
0xff,0xff,0xff,0xff,0xff,0xff,0xff,0xff,0x9e,0xff,0xbe,0xf7,0x9e,0xf7,0x9e,0xf7,
0xff,0xff,0xff,0xff,0xff,0xff,0xff,0xff,0xff,0xff,0xbe,0xf7,0x9e,0xff,0x9e,0xf7,
0x9d,0xf7,0x9e,0xf7,0xff,0xff,0xff,0xff,0xff,0xff,0xff,0xff,0x7d,0xf7,0xbe,0xf7,
0x9d,0xf7,0x00,0x00,0x00,0x00,0x00,0x00,0x00,0x00,0x00,0x00,0x00,0x00,0x00,0x00,
0x00,0x00,0x00,0x00,0x00,0x00,0x00,0x00,0x00,0x00,0x00,0x00,0xff,0xff,0xff,0xff,
0xff,0xff,0x9e,0xf7,0x9e,0xf7,0x7e,0xf7,0x9e,0xef,0x7e,0xf7,0xff,0xff,0xff,0xff,
0xff,0xff,0xdf,0xff,0xbf,0xf7,0x7e,0xf7,0x9e,0xef,0x7e,0xf7,0x9e,0xf7,0xff,0xff,
0xff,0xff,0xff,0xff,0xff,0xff,0xdf,0xff,0x9e,0xef,0x9e,0xf7,0x9e,0xef,0x7e,0xf7,
0xff,0xff,0xff,0xff,0xff,0xff,0xff,0xff,0xff,0xff,0x9e,0xf7,0xbf,0xf7,0x7e,0xf7,
0x9e,0xf7,0x7e,0xf7,0xff,0xff,0xff,0xff,0xff,0xff,0xff,0xff,0x9e,0xef,0x7e,0xf7,
0x9e,0xef,0x00,0x00,0x00,0x00,0x00,0x00,0x00,0x00,0x00,0x00,0x00,0x00,0x00,0x00,
0x00,0x00,0x00,0x00,0x00,0x00,0x00,0x00,0x00,0x00,0x00,0x00,0xff,0xff,0xff,0xff,
0xff,0xff,0xbe,0xf7,0x9e,0xf7,0x9e,0xf7,0x9d,0xf7,0x9e,0xf7,0xff,0xff,0xff,0xff,
0xff,0xff,0xff,0xff,0xbe,0xff,0xbe,0xf7,0x9e,0xf7,0x9e,0xf7,0x9e,0xf7,0xff,0xff,
0xff,0xff,0xff,0xff,0xff,0xff,0xff,0xff,0x9d,0xf7,0x9e,0xf7,0x9e,0xf7,0xbe,0xf7,
0xff,0xff,0xff,0xff,0xff,0xff,0xff,0xff,0xff,0xff,0x9e,0xf7,0x9d,0xf7,0xbe,0xf7,
0x9e,0xff,0x9e,0xf7,0xff,0xff,0xff,0xff,0xff,0xff,0xff,0xff,0x9e,0xf7,0x9e,0xf7,
0x7d,0xf7,0x00,0x00,0x00,0x00,0x00,0x00,0x00,0x00,0x00,0x00,0x00,0x00,0x00,0x00,
0x00,0x00,0x00,0x00,0x00,0x00,0x00,0x00,0x00,0x00,0x00,0x00,0xff,0xff,0xff,0xff,
0xff,0xff,0x9e,0xf7,0x9e,0xef,0x7e,0xf7,0x9e,0xf7,0x7e,0xf7,0xff,0xff,0xff,0xff,
0xff,0xff,0xff,0xff,0xbf,0xf7,0x9e,0xf7,0x9e,0xf7,0x7e,0xf7,0x9e,0xf7,0xdf,0xff,
0xff,0xff,0xff,0xff,0xff,0xff,0xff,0xff,0x9e,0xef,0x7e,0xf7,0x9e,0xf7,0x9e,0xf7,
0xff,0xff,0xdf,0xff,0xdf,0xff,0xff,0xff,0xff,0xff,0x5d,0xef,0x9e,0xef,0x9e,0xf7,
0xbf,0xf7,0x7e,0xf7,0xff,0xff,0xff,0xff,0xff,0xff,0xff,0xff,0x9e,0xef,0x7e,0xf7,
0x9e,0xef,0x00,0x00,0x00,0x00,0x00,0x00,0x00,0x00,0x00,0x00,0x00,0x00,0x00,0x00,
0x00,0x00,0x00,0x00,0x00,0x00,0x00,0x00,0x00,0x00,0x00,0x00,0x9d,0xf7,0x9e,0xf7,
0x7d,0xf7,0xff,0xff,0xff,0xff,0xff,0xff,0xff,0xff,0xff,0xff,0x7d,0xf7,0x9e,0xf7,
0x9d,0xf7,0x9e,0xf7,0xbe,0xff,0xff,0xff,0xff,0xff,0xff,0xff,0xff,0xff,0x9e,0xf7,
0x9d,0xf7,0x9e,0xf7,0x9e,0xf7,0x9e,0xf7,0xff,0xff,0xff,0xff,0xdf,0xff,0xff,0xff,
0xbe,0xff,0xbe,0xf7,0x9d,0xf7,0x9e,0xef,0x62,0x19,0xc4,0x21,0x44,0x2a,0x24,0x22,
0xbe,0xff,0xdf,0xff,0x9d,0xf7,0x9e,0xf7,0x7d,0xf7,0x9e,0xf7,0xff,0xff,0xff,0xff,
0xff,0xff,0x00,0x00,0x00,0x00,0x00,0x00,0x00,0x00,0x00,0x00,0x00,0x00,0x00,0x00,
0x00,0x00,0x00,0x00,0x00,0x00,0x00,0x00,0x00,0x00,0x00,0x00,0x9e,0xef,0x7e,0xf7,
0x9e,0xef,0xdf,0xff,0xff,0xff,0xff,0xff,0xff,0xff,0xff,0xff,0x9e,0xef,0x7e,0xf7,
0x9e,0xef,0x7e,0xf7,0xbf,0xf7,0xff,0xff,0xff,0xff,0xff,0xff,0xff,0xff,0x7e,0xf7,
0x9e,0xef,0x9e,0xf7,0xbf,0xf7,0x7e,0xf7,0xff,0xff,0xdf,0xff,0xdf,0xf7,0xdf,0xff,
0xfe,0xf7,0xa5,0x29,0xc4,0x19,0xe4,0x21,0xe5,0x7c,0xc5,0x7c,0x46,0x85,0x46,0x85,
0x72,0x84,0xdf,0xf7,0x9e,0xef,0x7e,0xf7,0x9e,0xef,0x9e,0xf7,0xff,0xff,0xff,0xff,
0xff,0xff,0x00,0x00,0x00,0x00,0x00,0x00,0x00,0x00,0x00,0x00,0x00,0x00,0x00,0x00,
0x00,0x00,0x00,0x00,0x00,0x00,0x00,0x00,0x00,0x00,0x00,0x00,0x9d,0xf7,0x9e,0xf7,
0x7d,0xf7,0xff,0xff,0xff,0xff,0xff,0xff,0xff,0xff,0xff,0xff,0x7d,0xf7,0x9e,0xf7,
0x9e,0xf7,0x9e,0xf7,0xbe,0xff,0xff,0xff,0xff,0xff,0xff,0xff,0xff,0xff,0x9e,0xf7,
0x9d,0xf7,0xbe,0xf7,0x9d,0xf7,0x7e,0xef,0xff,0xff,0xff,0xff,0x63,0x19,0xa4,0x21,
0x00,0x2a,0x49,0x6c,0x2a,0x8d,0x60,0x2a,0xc4,0x74,0x26,0x7d,0x24,0x64,0x24,0x5c,
0xa3,0x21,0x04,0x2a,0x9e,0xff,0x9e,0xf7,0x7d,0xf7,0x9e,0xf7,0xff,0xff,0xff,0xff,
0xff,0xff,0x00,0x00,0x00,0x00,0x00,0x00,0x00,0x00,0x00,0x00,0x00,0x00,0x00,0x00,
0x00,0x00,0x00,0x00,0x00,0x00,0x00,0x00,0x00,0x00,0x00,0x00,0x9e,0xef,0x9e,0xf7,
0x9e,0xef,0xdf,0xff,0xff,0xff,0xff,0xff,0xff,0xff,0xdf,0xff,0x9e,0xef,0x7e,0xf7,
0x9e,0xf7,0x7d,0xf7,0xbf,0xf7,0xdf,0xff,0xff,0xff,0xbf,0xff,0xbf,0xf7,0x7e,0xf7,
0xbf,0xf7,0x7e,0xf7,0x7e,0xef,0x5d,0xef,0xff,0xef,0xc6,0x29,0x03,0x5c,0xc6,0x7c,
0x62,0x4b,0xc7,0x7c,0x46,0x7d,0xc4,0x74,0xc7,0x74,0xa3,0x5b,0x67,0x85,0xe4,0x7c,
0x89,0x6c,0xc0,0x19,0x5d,0xe7,0x7d,0xef,0x9e,0xef,0x7e,0xf7,0xff,0xff,0xff,0xff,
0xff,0xff,0x00,0x00,0x00,0x00,0x00,0x00,0x00,0x00,0x00,0x00,0x00,0x00,0x00,0x00,
0x00,0x00,0x00,0x00,0x00,0x00,0x00,0x00,0x00,0x00,0x00,0x00,0xdf,0xff,0xff,0xff,
0xdf,0xff,0x9e,0xf7,0x9d,0xf7,0xbe,0xf7,0x9e,0xf7,0x9e,0xf7,0xde,0xff,0xff,0xff,
0xde,0xff,0xbf,0xf7,0x9d,0xf7,0x5d,0xef,0xdd,0xf7,0xc9,0x4a,0x09,0x53,0xd1,0x84,
0xdf,0xff,0xff,0xff,0xbe,0xff,0xbf,0xf7,0xbd,0xef,0xa5,0x21,0xe2,0x5b,0x28,0x7d,
0x04,0x64,0x65,0x64,0x25,0x85,0x83,0x6c,0x44,0x64,0x45,0x64,0x05,0x85,0x05,0x7d,
0xa9,0x7c,0xe0,0x19,0x1b,0xe7,0xff,0xff,0xff,0xff,0xff,0xff,0x7d,0xf7,0xbe,0xf7,
0x9e,0xff,0x00,0x00,0x00,0x00,0x00,0x00,0x00,0x00,0x00,0x00,0x00,0x00,0x00,0x00,
0x00,0x00,0x00,0x00,0x00,0x00,0x00,0x00,0x00,0x00,0x00,0x00,0xff,0xff,0xff,0xff,
0xff,0xff,0x7e,0xf7,0x9e,0xef,0x7e,0xf7,0x9e,0xef,0x5d,0xef,0xdf,0xff,0xdf,0xff,
0xff,0xf7,0x84,0x21,0xc4,0x19,0x87,0x3a,0xfd,0xef,0xa4,0x29,0x24,0x22,0x23,0x22,
0x7a,0xce,0x5d,0xef,0xdf,0xf7,0xbf,0xff,0x98,0xc6,0xe5,0x31,0x03,0x54,0x28,0x85,
0xa6,0x6c,0x23,0x64,0x26,0x7d,0x63,0x6c,0xa2,0x4b,0xc6,0x74,0xe5,0x74,0x05,0x7d,
0xca,0x7c,0xe0,0x21,0xbf,0xf7,0xff,0xff,0xff,0xff,0xdf,0xff,0x7e,0xef,0x9e,0xf7,
0x9e,0xf7,0x00,0x00,0x00,0x00,0x00,0x00,0x00,0x00,0x00,0x00,0x00,0x00,0x00,0x00,
0x00,0x00,0x00,0x00,0x00,0x00,0x00,0x00,0x00,0x00,0x00,0x00,0xff,0xff,0xff,0xff,
0xff,0xff,0x9e,0xf7,0x9d,0xf7,0xbe,0xf7,0x9d,0xf7,0x7d,0xef,0x17,0xc6,0xfa,0xd6,
0x56,0xc6,0x84,0x21,0xe5,0x7c,0xc5,0x6c,0xa0,0x19,0x69,0x6c,0x09,0x85,0x40,0x22,
0x05,0x32,0x15,0xb6,0xbe,0xff,0xdf,0xff,0xe1,0x21,0xa8,0x5b,0xe4,0x7c,0x05,0x75,
0xc6,0x7c,0xc2,0x4b,0x07,0x85,0x20,0x43,0xc1,0x5b,0x27,0x7d,0x83,0x53,0x63,0x4b,
0x26,0x64,0x22,0x3b,0xc5,0x31,0xfe,0xf7,0xff,0xff,0xff,0xff,0x7d,0xf7,0xbe,0xf7,
0x9d,0xf7,0x00,0x00,0x00,0x00,0x00,0x00,0x00,0x00,0x00,0x00,0x00,0x00,0x00,0x00,
0x00,0x00,0x00,0x00,0x00,0x00,0x00,0x00,0x00,0x00,0x00,0x00,0xff,0xff,0xdf,0xff,
0xff,0xff,0x9e,0xf7,0x9e,0xef,0x9e,0xf7,0xde,0xef,0x03,0x19,0xe3,0x21,0x24,0x32,
0x00,0x1a,0x28,0x64,0x66,0x85,0xe4,0x7c,0x86,0x6c,0xc3,0x5b,0x26,0x7d,0x63,0x6c,
0x49,0x64,0xe0,0x21,0xc5,0x21,0xbd,0xef,0x20,0x22,0xca,0x7c,0x25,0x5c,0xc4,0x5b,
0xe7,0x74,0xa2,0x53,0x85,0x4b,0xc2,0x3a,0xc6,0x74,0x03,0x64,0x03,0x5c,0xa6,0x74,
0x85,0x6c,0x64,0x6c,0xc5,0x21,0xfe,0xf7,0xff,0xff,0xdf,0xff,0x9e,0xef,0x7e,0xf7,
0x9e,0xef,0x00,0x00,0x00,0x00,0x00,0x00,0x00,0x00,0x00,0x00,0x00,0x00,0x00,0x00,
0x00,0x00,0x00,0x00,0x00,0x00,0x00,0x00,0x00,0x00,0x00,0x00,0xff,0xff,0xff,0xff,
0xff,0xff,0xbe,0xf7,0x9d,0xf7,0xbe,0xf7,0xfe,0xff,0x85,0x21,0xa4,0x7c,0x26,0x7d,
0x87,0x74,0x83,0x4b,0xa2,0x53,0x86,0x6c,0xa4,0x74,0x26,0x7d,0xa2,0x53,0xa6,0x6c,
0x85,0x6c,0x85,0x64,0x09,0x74,0x00,0x09,0x20,0x2a,0x89,0x74,0x25,0x64,0xe4,0x5b,
0xa6,0x74,0xa2,0x4b,0xa0,0x32,0x09,0x7d,0x25,0x85,0x04,0x75,0xa4,0x74,0xc5,0x74,
0x46,0x6c,0x22,0x3b,0x84,0x29,0xff,0xf7,0xff,0xff,0xff,0xff,0x7d,0xf7,0xbe,0xf7,
0x9e,0xf7,0x00,0x00,0x00,0x00,0x00,0x00,0x00,0x00,0x00,0x00,0x00,0x00,0x00,0x00,
0x00,0x00,0x00,0x00,0x00,0x00,0x00,0x00,0x00,0x00,0x00,0x00,0x9e,0xf7,0x7e,0xf7,
0x9e,0xef,0xff,0xff,0xff,0xff,0xdf,0xff,0xff,0xf7,0x85,0x29,0x64,0x64,0x84,0x6c,
0x43,0x64,0xc5,0x7c,0xa6,0x53,0x81,0x32,0x21,0x3b,0xa7,0x74,0xe4,0x53,0xe4,0x5b,
0xc5,0x74,0xe5,0x7c,0xca,0x74,0xe0,0x21,0xe1,0x19,0x67,0x5b,0xc4,0x53,0x05,0x64,
0xa6,0x4b,0xe2,0x3a,0xa4,0x4b,0xe5,0x5b,0xe4,0x53,0x24,0x64,0xc5,0x6c,0x84,0x74,
0xca,0x74,0xe0,0x21,0xdf,0xff,0x9e,0xf7,0x9e,0xf7,0x7e,0xf7,0xff,0xff,0xff,0xff,
0xff,0xff,0x00,0x00,0x00,0x00,0x00,0x00,0x00,0x00,0x00,0x00,0x00,0x00,0x00,0x00,
0x00,0x00,0x00,0x00,0x00,0x00,0x00,0x00,0x00,0x00,0x00,0x00,0x9e,0xf7,0xbe,0xf7,
0x9e,0xf7,0xff,0xff,0xff,0xff,0xff,0xff,0xfe,0xff,0x85,0x21,0xa3,0x74,0x05,0x7d,
0xa4,0x74,0xe5,0x74,0x27,0x6c,0x80,0x2a,0x00,0x43,0x28,0x85,0x03,0x64,0x24,0x5c,
0x04,0x7d,0x25,0x7d,0x69,0x74,0xa0,0x19,0xe0,0x21,0x09,0x64,0xc3,0x5b,0x45,0x5c,
0xa5,0x53,0xc2,0x32,0x83,0x4b,0xa4,0x4b,0xe3,0x5b,0xa6,0x6c,0xc4,0x74,0x05,0x7d,
0xea,0x84,0x40,0x2a,0xbe,0xff,0xbe,0xf7,0x9e,0xff,0x9e,0xf7,0xdf,0xff,0xff,0xff,
0xff,0xff,0x00,0x00,0x00,0x00,0x00,0x00,0x00,0x00,0x00,0x00,0x00,0x00,0x00,0x00,
0x00,0x00,0x00,0x00,0x00,0x00,0x00,0x00,0x00,0x00,0x00,0x00,0xbf,0xf7,0x9e,0xf7,
0x9e,0xef,0xdf,0xff,0xff,0xff,0xdf,0xff,0xff,0xff,0xff,0xff,0x20,0x22,0xa9,0x7c,
0xc5,0x6c,0x05,0x7d,0x46,0x7d,0x04,0x7d,0xa6,0x53,0xc2,0x3a,0x82,0x2a,0x65,0x53,
0x23,0x5c,0x07,0x7d,0x86,0x6c,0x82,0x4b,0xc3,0x19,0x45,0x32,0x84,0x4b,0xa4,0x53,
0xc3,0x32,0x24,0x4b,0xa2,0x4b,0xc6,0x74,0xe5,0x74,0x84,0x6c,0x26,0x75,0xa4,0x74,
0xa7,0x53,0x21,0x2a,0x7e,0xef,0x7e,0xf7,0x9e,0xf7,0x9e,0xf7,0xff,0xff,0xdf,0xff,
0xff,0xff,0x00,0x00,0x00,0x00,0x00,0x00,0x00,0x00,0x00,0x00,0x00,0x00,0x00,0x00,
0x00,0x00,0x00,0x00,0x00,0x00,0x00,0x00,0x00,0x00,0x00,0x00,0x9d,0xf7,0xbe,0xf7,
0x7d,0xf7,0xff,0xff,0xff,0xff,0xff,0xff,0xfd,0xf7,0x05,0x2a,0x25,0x85,0x25,0x7d,
0xe4,0x7c,0x25,0x7d,0x25,0x85,0xc4,0x74,0x45,0x8d,0x25,0x7d,0xa6,0x5b,0xa2,0x32,
0xa3,0x53,0x46,0x64,0x04,0x64,0xc3,0x53,0xa3,0x21,0x05,0x2a,0xe3,0x42,0xa6,0x53,
0x81,0x32,0xc6,0x5b,0xe4,0x5b,0x04,0x5c,0x05,0x64,0xe4,0x53,0xe3,0x29,0xe3,0x21,
0xa4,0x29,0xfd,0xef,0x5d,0xf7,0x9e,0xef,0x9d,0xf7,0x9e,0xf7,0xff,0xff,0xff,0xff,
0xff,0xff,0x00,0x00,0x00,0x00,0x00,0x00,0x00,0x00,0x00,0x00,0x00,0x00,0x00,0x00,
0x00,0x00,0x00,0x00,0x00,0x00,0x00,0x00,0x00,0x00,0x00,0x00,0x9e,0xef,0x9e,0xf7,
0x9e,0xef,0xdf,0xff,0xff,0xff,0xdf,0xff,0xfe,0xef,0xa5,0x29,0x62,0x4b,0xc7,0x7c,
0xe4,0x74,0x66,0x8d,0x44,0x64,0xa5,0x74,0x44,0x5c,0x44,0x64,0x45,0x5c,0x24,0x5c,
0x84,0x32,0x25,0x4b,0x23,0x43,0xa5,0x5b,0xc3,0x21,0x08,0x53,0x83,0x2a,0x26,0x4b,
0x85,0x53,0x43,0x4b,0xa7,0x53,0x01,0x22,0x84,0x19,0x84,0x21,0x7e,0xef,0xbe,0xff,
0xbf,0xf7,0xbf,0xff,0x3d,0xe7,0x5d,0xef,0x7e,0xef,0x7d,0xf7,0xff,0xff,0xff,0xff,
0xff,0xff,0x00,0x00,0x00,0x00,0x00,0x00,0x00,0x00,0x00,0x00,0x00,0x00,0x00,0x00,
0x00,0x00,0x00,0x00,0x00,0x00,0x00,0x00,0x00,0x00,0x00,0x00,0xff,0xff,0xff,0xff,
0xff,0xff,0x9e,0xf7,0x9d,0xf7,0xbe,0xf7,0xbe,0xf7,0x13,0x9d,0x62,0x11,0xa3,0x11,
0xe1,0x3a,0x87,0x64,0x24,0x85,0x24,0x7d,0x25,0x85,0xa4,0x6c,0xa3,0x53,0xc4,0x53,
0xc6,0x5b,0x81,0x2a,0x61,0x2a,0x65,0x4b,0xc2,0x29,0x0f,0x95,0x01,0x2a,0x47,0x4b,
0xe3,0x21,0xe3,0x19,0x63,0x21,0xfe,0xf7,0xbe,0xff,0xff,0xff,0xca,0x4a,0x69,0x3a,
0x47,0x3a,0x68,0x3a,0x48,0x4a,0xde,0xf7,0xde,0xff,0xff,0xff,0x9d,0xf7,0x9e,0xf7,
0x9d,0xf7,0x00,0x00,0x00,0x00,0x00,0x00,0x00,0x00,0x00,0x00,0x00,0x00,0x00,0x00,
0x00,0x00,0x00,0x00,0x00,0x00,0x00,0x00,0x00,0x00,0x00,0x00,0xff,0xff,0xff,0xff,
0xff,0xff,0x9e,0xf7,0x9e,0xf7,0x9e,0xf7,0x9e,0xef,0x3c,0xef,0x60,0x11,0x27,0x53,
0x04,0x5c,0x65,0x6c,0xe5,0x74,0xa4,0x74,0x44,0x5c,0xe5,0x74,0x24,0x5c,0x44,0x64,
0xa6,0x53,0xc2,0x3a,0x24,0x3b,0x04,0x43,0x64,0x19,0xa1,0x08,0xe4,0x3a,0x04,0x4b,
0xc4,0x21,0x0d,0x74,0x4f,0x7c,0x02,0x19,0x02,0x09,0x84,0x21,0x05,0x3b,0xa3,0x32,
0xe5,0x3a,0xe4,0x42,0x65,0x32,0xae,0x84,0x14,0x9d,0xdf,0xff,0xbf,0xf7,0x7e,0xf7,
0x9e,0xef,0x00,0x00,0x00,0x00,0x00,0x00,0x00,0x00,0x00,0x00,0x00,0x00,0x00,0x00,
0x00,0x00,0x00,0x00,0x00,0x00,0x00,0x00,0x00,0x00,0x00,0x00,0xff,0xff,0xff,0xff,
0xff,0xff,0xbe,0xf7,0x9d,0xf7,0x9e,0xf7,0x7d,0xf7,0x7d,0xef,0x9b,0xef,0xe5,0x29,
0x62,0x53,0x46,0x64,0xa5,0x74,0x23,0x5c,0x02,0x5c,0x47,0x7d,0x63,0x6c,0xc5,0x6c,
0xe4,0x5b,0xe4,0x53,0xe5,0x5b,0x02,0x3b,0x63,0x21,0x84,0x19,0x63,0x53,0xa4,0x4b,
0x22,0x29,0xb1,0x94,0xed,0x7b,0xe2,0x18,0xa2,0x21,0xc3,0x19,0xc3,0x53,0x65,0x64,
0xc5,0x7c,0xe5,0x74,0xe8,0x63,0x21,0x22,0xa4,0x29,0xff,0xff,0x9d,0xf7,0x9e,0xf7,
0x7d,0xf7,0x00,0x00,0x00,0x00,0x00,0x00,0x00,0x00,0x00,0x00,0x00,0x00,0x00,0x00,
0x00,0x00,0x00,0x00,0x00,0x00,0x00,0x00,0x00,0x00,0x00,0x00,0xff,0xff,0xff,0xff,
0xff,0xff,0x9e,0xf7,0x9e,0xef,0x7e,0xf7,0x9e,0xef,0x7d,0xf7,0xff,0xff,0xbe,0xff,
0x06,0x22,0xe5,0x29,0xe5,0x21,0x62,0x19,0x64,0x5c,0x64,0x64,0x25,0x5c,0xc3,0x53,
0x84,0x19,0x84,0x21,0xa0,0x19,0x29,0x74,0x43,0x11,0x84,0x21,0xa8,0x53,0xa0,0x19,
0xbe,0xf7,0xbe,0xff,0xde,0xff,0x33,0xad,0xa1,0x19,0xa8,0x5b,0x85,0x6c,0xa5,0x74,
0xe6,0x74,0x84,0x6c,0x85,0x6c,0x84,0x74,0xcb,0x74,0x00,0x22,0x7e,0xef,0x7d,0xf7,
0x9e,0xef,0x00,0x00,0x00,0x00,0x00,0x00,0x00,0x00,0x00,0x00,0x00,0x00,0x00,0x00,
0x00,0x00,0x00,0x00,0x00,0x00,0x00,0x00,0x00,0x00,0x00,0x00,0xbe,0xff,0xbe,0xf7,
0x9e,0xf7,0xff,0xff,0xdf,0xff,0xff,0xff,0xdf,0xff,0xdf,0xff,0x5d,0xf7,0x7e,0xef,
0x7d,0xf7,0xdf,0xff,0xbe,0xff,0xfb,0xde,0x83,0x21,0xa4,0x21,0xa4,0x29,0xa5,0x21,
0x64,0x41,0x44,0x39,0x81,0x21,0x86,0x3a,0x69,0x7c,0xe0,0x21,0x64,0x29,0xfe,0xf7,
0x18,0xf7,0x15,0xce,0x36,0xd6,0xf9,0xe6,0xdc,0xf7,0x05,0x32,0x63,0x53,0x64,0x4b,
0xa4,0x53,0x84,0x4b,0x83,0x53,0xe4,0x53,0xe8,0x63,0x00,0x1a,0x64,0x29,0xdd,0xef,
0xde,0xff,0x00,0x00,0x00,0x00,0x00,0x00,0x00,0x00,0x00,0x00,0x00,0x00,0x00,0x00,
0x00,0x00,0x00,0x00,0x00,0x00,0x00,0x00,0x00,0x00,0x00,0x00,0x9e,0xf7,0x7e,0xf7,
0x9e,0xef,0xff,0xff,0xff,0xff,0xff,0xff,0xff,0xff,0xdf,0xff,0x5d,0xe7,0x5d,0xef,
0x62,0x08,0xe4,0x20,0xc3,0x20,0xa2,0x20,0x44,0x29,0x44,0x29,0xa5,0x21,0xa4,0x21,
0x44,0x21,0x44,0x29,0x64,0x29,0x64,0x29,0x88,0x6c,0xc0,0x3a,0xc2,0x08,0xbd,0xf7,
0x2f,0xee,0x6b,0xd5,0xcd,0xdd,0xed,0xe5,0xbd,0xef,0x84,0x29,0x42,0x2a,0xe5,0x42,
0x64,0x43,0xc5,0x5b,0x25,0x7d,0x66,0x8d,0x48,0x85,0x23,0x6c,0xc5,0x21,0x6b,0x5b,
0xff,0xff,0x00,0x00,0x00,0x00,0x00,0x00,0x00,0x00,0x00,0x00,0x00,0x00,0x00,0x00,
0x00,0x00,0x00,0x00,0x00,0x00,0x00,0x00,0x00,0x00,0x00,0x00,0x9e,0xf7,0x9e,0xf7,
0x9d,0xf7,0xff,0xff,0xdf,0xff,0xff,0xff,0xff,0xff,0xff,0xff,0x28,0x4a,0x8a,0x52,
0x03,0x31,0x85,0x39,0x64,0x39,0x44,0x31,0x40,0x19,0xe9,0x6b,0x45,0x64,0x25,0x5c,
0x46,0x53,0xc1,0x19,0x84,0x29,0xa4,0x21,0x23,0x4b,0xa5,0x53,0xc0,0x18,0xb8,0xce,
0x56,0xff,0x6f,0xc5,0xd2,0xd5,0x99,0xff,0xd8,0xd6,0xa4,0x29,0xe3,0x5b,0x86,0x6c,
0x85,0x74,0x44,0x64,0x23,0x64,0x85,0x64,0x06,0x7d,0x84,0x64,0x04,0x2a,0xeb,0x63,
0xff,0xff,0x00,0x00,0x00,0x00,0x00,0x00,0x00,0x00,0x00,0x00,0x00,0x00,0x00,0x00,
0x00,0x00,0x00,0x00,0x00,0x00,0x00,0x00,0x00,0x00,0x00,0x00,0x9e,0xf7,0x9e,0xf7,
0x9e,0xef,0xdf,0xff,0xff,0xff,0xdf,0xff,0xff,0xff,0xaf,0x7b,0x44,0x39,0x64,0x41,
0xe5,0x59,0x05,0x62,0xc2,0x29,0xa9,0x6b,0xc6,0x74,0x84,0x74,0xa5,0x6c,0x84,0x6c,
0xa6,0x4b,0x03,0x3b,0xc6,0x3a,0xe2,0x29,0x01,0x22,0x49,0x74,0x45,0x32,0x69,0x63,
0xb9,0xde,0xb9,0xe6,0xfa,0xe6,0xb9,0xe6,0x8a,0x5b,0x65,0x42,0x03,0x54,0x85,0x6c,
0xe5,0x74,0xc5,0x7c,0x06,0x75,0x05,0x7d,0xc6,0x74,0x23,0x64,0x05,0x22,0x8b,0x5b,
0xff,0xff,0x00,0x00,0x00,0x00,0x00,0x00,0x00,0x00,0x00,0x00,0x00,0x00,0x00,0x00,
0x00,0x00,0x00,0x00,0x00,0x00,0x00,0x00,0x00,0x00,0x00,0x00,0x9e,0xf7,0xbe,0xf7,
0x9e,0xf7,0xff,0xff,0xff,0xff,0xff,0xff,0xde,0xff,0x65,0x31,0xe4,0x69,0x66,0x72,
0x65,0x7a,0x85,0x72,0x80,0x19,0xaa,0x7c,0x24,0x7d,0x45,0x7d,0x84,0x6c,0x84,0x64,
0x64,0x4b,0x64,0x43,0x25,0x4b,0x22,0x22,0x00,0x2a,0x89,0x74,0x46,0x53,0xc1,0x21,
0x15,0xd6,0xbc,0xff,0xbc,0xff,0x57,0xd6,0xa1,0x21,0xe6,0x42,0xe2,0x5b,0xe6,0x74,
0xc3,0x7c,0x45,0x85,0x44,0x85,0xa5,0x8d,0x25,0x7d,0xa4,0x6c,0x44,0x32,0xaa,0x5b,
0xdf,0xff,0x00,0x00,0x00,0x00,0x00,0x00,0x00,0x00,0x00,0x00,0x00,0x00,0x00,0x00,
0x00,0x00,0x00,0x00,0x00,0x00,0x00,0x00,0x00,0x00,0x00,0x00,0xff,0xff,0xff,0xff,
0xff,0xff,0x5d,0xef,0x9e,0xef,0x9e,0xf7,0xe3,0x28,0xe6,0x51,0x08,0x8b,0x04,0x72,
0x88,0x52,0xe1,0x28,0x83,0x6c,0x26,0x85,0x45,0x64,0x04,0x64,0x06,0x5c,0xc1,0x3a,
0x82,0x2a,0xa6,0x53,0x05,0x54,0xe4,0x53,0xc4,0x21,0x04,0x2a,0xa8,0x5b,0xa0,0x21,
0x63,0x19,0x84,0x21,0x64,0x19,0x63,0x21,0x63,0x43,0xa4,0x53,0x45,0x5c,0xa3,0x53,
0xc3,0x53,0x24,0x64,0x05,0x75,0x62,0x6c,0x49,0x6c,0xe0,0x21,0xc6,0x29,0x9d,0xef,
0x7e,0xef,0x00,0x00,0x00,0x00,0x00,0x00,0x00,0x00,0x00,0x00,0x00,0x00,0x00,0x00,
0x00,0x00,0x00,0x00,0x00,0x00,0x00,0x00,0x00,0x00,0x00,0x00,0xff,0xff,0xff,0xff,
0xff,0xff,0x7d,0xef,0x9d,0xf7,0xd3,0x9c,0xa0,0x38,0x88,0x6a,0xe7,0x8a,0x04,0x6a,
0x87,0x52,0x22,0x21,0x44,0x6c,0x24,0x64,0x85,0x8d,0x24,0x7d,0xc2,0x3a,0x24,0x3b,
0x65,0x8d,0xc3,0x74,0x84,0x6c,0x03,0x5c,0x83,0x21,0x63,0x19,0x87,0x63,0xa0,0x19,
0xe0,0x21,0xa7,0x53,0xa2,0x3a,0x65,0x4b,0xe2,0x5b,0x85,0x6c,0xc5,0x74,0x64,0x64,
0xe5,0x63,0x84,0x53,0x06,0x64,0x81,0x32,0x64,0x31,0xa5,0x31,0x65,0x31,0x30,0x84,
0x7d,0xf7,0x00,0x00,0x00,0x00,0x00,0x00,0x00,0x00,0x00,0x00,0x00,0x00,0x00,0x00,
0x00,0x00,0x00,0x00,0x00,0x00,0x00,0x00,0x00,0x00,0x00,0x00,0xff,0xff,0xff,0xff,
0xff,0xff,0x5d,0xef,0xe7,0x39,0x24,0x29,0x05,0x62,0x25,0x6a,0x47,0x52,0x42,0x39,
0xc0,0x11,0x0b,0x85,0x46,0x85,0x25,0x85,0x87,0x6c,0x62,0x4b,0x07,0x96,0x23,0x7d,
0x25,0x7d,0x25,0x85,0x06,0x75,0x63,0x6c,0xa4,0x21,0x42,0x19,0x07,0x4b,0x81,0x21,
0x24,0x64,0x44,0x6c,0x45,0x21,0x03,0x19,0xa1,0x2a,0x06,0x64,0x24,0x5c,0xe3,0x5b,
0x4a,0x6c,0xa0,0x19,0x23,0x11,0x64,0x19,0x26,0x6a,0x66,0x7a,0xe7,0x51,0x03,0x39,
0x82,0x10,0x00,0x00,0x00,0x00,0x00,0x00,0x00,0x00,0x00,0x00,0x00,0x00,0x00,0x00,
0x00,0x00,0x00,0x00,0x00,0x00,0x00,0x00,0x00,0x00,0x00,0x00,0xff,0xff,0xff,0xff,
0xff,0xff,0x7d,0xef,0xa6,0x41,0x04,0x21,0xc4,0x61,0x05,0x62,0x46,0x5a,0x63,0x31,
0xe0,0x19,0xea,0x74,0x45,0x8d,0x24,0x7d,0x24,0x64,0xe3,0x5b,0x85,0x8d,0x64,0x85,
0xa4,0x74,0xc5,0x74,0xe5,0x7c,0x43,0x64,0x83,0x29,0x63,0x19,0x06,0x53,0x22,0x2a,
0x45,0x74,0x62,0x53,0x64,0x31,0x44,0x29,0x61,0x32,0x66,0x53,0x84,0x5b,0x64,0x4b,
0x26,0x53,0xe2,0x21,0x43,0x31,0xa5,0x31,0x05,0x6a,0x25,0x62,0xc5,0x51,0x44,0x39,
0xc3,0x20,0x00,0x00,0x00,0x00,0x00,0x00,0x00,0x00,0x00,0x00,0x00,0x00,0x00,0x00,
0x00,0x00,0x00,0x00,0x00,0x00,0x00,0x00,0x00,0x00,0x00,0x00,0xff,0xff,0xff,0xff,
0xff,0xff,0x3d,0xef,0xa7,0x39,0x04,0x29,0xe6,0x51,0x84,0x49,0xe6,0x39,0x02,0x29,
0xc0,0x11,0x4b,0x8d,0xe4,0x74,0x86,0x95,0x01,0x3b,0xc7,0x7c,0x07,0x96,0x65,0x8d,
0x64,0x64,0xa5,0x74,0xe6,0x74,0x22,0x64,0xa5,0x21,0x63,0x21,0xe2,0x3a,0xa5,0x5b,
0x49,0x7c,0xa0,0x29,0x85,0x41,0x64,0x41,0x64,0x21,0x84,0x29,0x64,0x19,0x43,0x19,
0x44,0x19,0x64,0x21,0x44,0x39,0xc6,0x59,0xe6,0x59,0x84,0x51,0xa6,0x41,0x03,0x31,
0x83,0x10,0x00,0x00,0x00,0x00,0x00,0x00,0x00,0x00,0x00,0x00,0x00,0x00,0x00,0x00,
0x00,0x00,0x00,0x00,0x00,0x00,0x00,0x00,0x00,0x00,0x00,0x00,0x9e,0xf7,0x9e,0xf7,
0x7d,0xf7,0xdf,0xff,0xde,0xff,0xe3,0x18,0x42,0x49,0x67,0x6a,0x87,0x6a,0x02,0x31,
0xa1,0x21,0x06,0x43,0x68,0x8d,0x81,0x4b,0xa3,0x74,0x05,0x75,0x25,0x7d,0x83,0x64,
0xe5,0x7c,0x02,0x54,0xe7,0x6b,0x00,0x22,0x67,0x5b,0x80,0x19,0xe1,0x6b,0x84,0x74,
0x44,0x31,0x64,0x31,0x44,0x39,0x64,0x39,0x64,0x41,0x44,0x39,0x43,0x49,0x85,0x49,
0xa5,0x51,0xa5,0x49,0xa4,0x59,0xa4,0x51,0xc5,0x59,0xa4,0x51,0xe3,0x28,0xc3,0x20,
0xaa,0x5a,0x00,0x00,0x00,0x00,0x00,0x00,0x00,0x00,0x00,0x00,0x00,0x00,0x00,0x00,
0x00,0x00,0x00,0x00,0x00,0x00,0x00,0x00,0x00,0x00,0x00,0x00,0x9e,0xef,0x7e,0xf7,
0x7e,0xef,0xdf,0xff,0x24,0x31,0xc6,0x49,0x66,0x7a,0x66,0x82,0x46,0x6a,0x05,0x6a,
0x47,0x52,0xc1,0x28,0xe7,0x74,0xa2,0x53,0x25,0x7d,0xe4,0x7c,0xc2,0x4b,0x27,0x85,
0xa8,0x53,0x60,0x19,0x03,0x19,0x64,0x29,0xa7,0x5b,0x61,0x3a,0x84,0x7c,0xe2,0x6b,
0x24,0x29,0x04,0x31,0x04,0x29,0x04,0x31,0x24,0x29,0x04,0x31,0x65,0x41,0x64,0x41,
0xa5,0x51,0xa5,0x59,0x26,0x6a,0x05,0x6a,0x88,0x6a,0x63,0x51,0x04,0x21,0x04,0x29,
0xbf,0xf7,0x00,0x00,0x00,0x00,0x00,0x00,0x00,0x00,0x00,0x00,0x00,0x00,0x00,0x00,
0x00,0x00,0x00,0x00,0x00,0x00,0x00,0x00,0x00,0x00,0x00,0x00,0x7d,0xf7,0x9e,0xf7,
0x9e,0xff,0xff,0xff,0xc1,0x38,0x88,0x6a,0xa6,0x92,0x85,0x8a,0x87,0x72,0xa4,0x51,
0xa5,0x39,0xc2,0x18,0x83,0x6c,0xc5,0x74,0xa5,0x74,0xa2,0x4b,0x47,0x53,0xe2,0x21,
0x85,0x31,0x44,0x21,0x03,0x31,0x24,0x31,0x40,0x32,0x48,0x6c,0xe5,0x6b,0xe2,0x4a,
0x04,0x31,0x04,0x29,0xc2,0x30,0xa5,0x41,0xc5,0x59,0x84,0x49,0x04,0x31,0x44,0x31,
0x24,0x39,0x44,0x31,0x43,0x49,0x06,0x5a,0xa4,0x59,0xc5,0x59,0x24,0x39,0x03,0x31,
0x03,0x29,0x00,0x00,0x00,0x00,0x00,0x00,0x00,0x00,0x00,0x00,0x00,0x00,0x00,0x00,
0x00,0x00,0x00,0x00,0x00,0x00,0x00,0x00,0x00,0x00,0x00,0x00,0x9e,0xef,0x7e,0xf7,
0xbf,0xf7,0xff,0xff,0x04,0x29,0xa6,0x49,0xa4,0x59,0x46,0x72,0x87,0x72,0xe4,0x61,
0xe7,0x49,0x03,0x31,0x22,0x2a,0xc4,0x42,0x05,0x2a,0x83,0x21,0x24,0x21,0x44,0x29,
0xa5,0x39,0x44,0x31,0x45,0x39,0xe3,0x30,0xa0,0x19,0x09,0x6c,0x27,0x5b,0xa0,0x29,
0x24,0x29,0x44,0x39,0x44,0x39,0x85,0x49,0x85,0x41,0x64,0x49,0x04,0x29,0x04,0x31,
0x64,0x41,0xc5,0x51,0x26,0x6a,0x05,0x6a,0xe6,0x61,0xc5,0x61,0xc6,0x49,0x44,0x41,
0x25,0x21,0x00,0x00,0x00,0x00,0x00,0x00,0x00,0x00,0x00,0x00,0x00,0x00,0x00,0x00,
0x00,0x00,0x00,0x00,0x00,0x00,0x00,0x00,0x00,0x00,0x00,0x00,0xff,0xff,0xff,0xff,
0xff,0xff,0xff,0xff,0xb5,0xc5,0x86,0x39,0xa4,0x59,0xe5,0x59,0x86,0x7a,0xe4,0x61,
0xe5,0x61,0x05,0x5a,0xa3,0x31,0x25,0x3a,0x23,0x29,0x44,0x29,0x24,0x31,0x24,0x29,
0x64,0x41,0x85,0x41,0x44,0x39,0x03,0x29,0x60,0x29,0xa9,0x6b,0xc7,0x62,0x41,0x29,
0x03,0x39,0x85,0x41,0x64,0x49,0x64,0x41,0x84,0x49,0x84,0x41,0x23,0x31,0x44,0x31,
0x83,0x59,0xe5,0x59,0x45,0x7a,0x46,0x72,0x66,0x7a,0x45,0x6a,0x06,0x62,0x64,0x49,
0x04,0x29,0x00,0x00,0x00,0x00,0x00,0x00,0x00,0x00,0x00,0x00,0x00,0x00,0x00,0x00,
0x00,0x00,0x00,0x00,0x00,0x00,0x00,0x00,0x00,0x00,0x00,0x00,0xff,0xff,0xff,0xff,
0xff,0xff,0x7d,0xf7,0xff,0xff,0x24,0x29,0x45,0x39,0x44,0x39,0xc5,0x59,0xc4,0x59,
0xc5,0x59,0xc5,0x59,0x65,0x31,0x03,0x29,0xc3,0x20,0x65,0x39,0x65,0x39,0x03,0x31,
0x04,0x29,0x65,0x41,0x65,0x41,0x64,0x41,0x04,0x29,0x04,0x31,0x45,0x29,0x24,0x31,
0x85,0x41,0x64,0x41,0x85,0x39,0x03,0x31,0x04,0x21,0x04,0x31,0x85,0x49,0xa4,0x51,
0xe5,0x61,0x25,0x72,0x45,0x72,0x86,0x82,0x26,0x62,0xc4,0x61,0x85,0x49,0xa5,0x51,
0xa6,0x39,0x00,0x08,0x00,0x00,0x00,0x00,0x00,0x00,0x00,0x00,0x00,0x00,0x00,0x00,
0x00,0x00,0x00,0x00,0x00,0x00,0x00,0x00,0x00,0x00,0x00,0x00,0xff,0xff,0xff,0xff,
0xff,0xff,0x7d,0xef,0x04,0x29,0x04,0x21,0xc4,0x61,0x87,0x72,0x46,0x6a,0x43,0x49,
0x64,0x41,0x64,0x39,0xa5,0x51,0x64,0x41,0xa4,0x59,0xe5,0x59,0xe5,0x61,0x64,0x49,
0xe3,0x28,0x04,0x21,0x03,0x31,0x85,0x39,0x44,0x39,0x03,0x31,0x44,0x39,0x85,0x41,
0x44,0x39,0x03,0x29,0x24,0x31,0x03,0x29,0x22,0x49,0xa8,0x72,0x86,0x7a,0xa3,0x59,
0xa5,0x59,0xa5,0x51,0xe4,0x69,0x26,0x6a,0x46,0x6a,0xa4,0x51,0xe5,0x61,0xe5,0x59,
0xe6,0x51,0x00,0x08,0x00,0x00,0x00,0x00,0x00,0x00,0x00,0x00,0x00,0x00,0x00,0x00,
0x00,0x00,0x00,0x00,0x00,0x00,0x00,0x00,0x00,0x00,0x00,0x00,0xff,0xff,0xff,0xff,
0xff,0xff,0xcf,0x83,0xe3,0x28,0xc6,0x51,0x45,0x72,0xc7,0x8a,0x26,0x62,0x63,0x51,
0xa5,0x59,0x26,0x6a,0x86,0x7a,0x25,0x72,0x86,0x7a,0x45,0x7a,0x46,0x6a,0xc4,0x61,
0x65,0x41,0x03,0x39,0x65,0x39,0x03,0x31,0x65,0x39,0x44,0x41,0x65,0x41,0x24,0x41,
0xe4,0x20,0x24,0x31,0x63,0x49,0x47,0x72,0x66,0x72,0x86,0x82,0xa7,0x82,0x24,0x72,
0x26,0x6a,0xe5,0x69,0x44,0x41,0x06,0x62,0x06,0x5a,0x64,0x51,0x85,0x41,0x44,0x41,
0x45,0x31,0x00,0x08,0x00,0x00,0x00,0x00,0x00,0x00,0x00,0x00,0x00,0x00,0x00,0x00,
0x00,0x00,0x00,0x00,0x00,0x00,0x00,0x00,0x00,0x00,0x00,0x00,0xff,0xff,0xff,0xff,
0xff,0xff,0x45,0x29,0x24,0x72,0xc7,0x82,0x86,0x82,0x25,0x72,0x45,0x7a,0x25,0x6a,
0x25,0x7a,0xa7,0x7a,0x25,0x6a,0xe5,0x61,0xc4,0x69,0x05,0x6a,0x63,0x59,0x47,0x6a,
0x25,0x72,0x25,0x6a,0x46,0x6a,0x83,0x49,0x63,0x51,0x87,0x6a,0x46,0x6a,0xa4,0x51,
0x23,0x41,0xe6,0x51,0x25,0x7a,0x25,0x72,0xc6,0x92,0xa6,0x82,0x05,0x72,0x05,0x6a,
0x05,0x72,0x25,0x6a,0x05,0x6a,0x25,0x6a,0x25,0x72,0x66,0x72,0x64,0x41,0x23,0x31,
0xc3,0x20,0x00,0x00,0x00,0x00,0x00,0x00,0x00,0x00,0x00,0x00,0x00,0x00,0x00,0x00,
0x00,0x00,0x00,0x00,0x00,0x00,0x00,0x00,0x00,0x00,0x00,0x00,0x9e,0xef,0x7e,0xf7,
0xdf,0xff,0x45,0x31,0x05,0x6a,0xa7,0x8a,0xa7,0x7a,0x04,0x72,0x46,0x6a,0x25,0x72,
0x46,0x72,0x46,0x7a,0xe5,0x61,0xc4,0x61,0xe5,0x61,0x05,0x6a,0x43,0x49,0x46,0x6a,
0x46,0x6a,0x05,0x6a,0x26,0x62,0x63,0x51,0x63,0x49,0x67,0x72,0x06,0x5a,0x43,0x49,
0x44,0x39,0xc6,0x51,0x45,0x72,0x45,0x72,0x08,0x93,0xa6,0x8a,0x26,0x6a,0x05,0x6a,
0x26,0x6a,0x25,0x72,0x46,0x6a,0x46,0x72,0x26,0x6a,0x25,0x72,0x65,0x39,0x23,0x39,
0x04,0x21,0x00,0x00,0x00,0x00,0x00,0x00,0x00,0x00,0x00,0x00,0x00,0x00,0x00,0x00,
0x00,0x00,0x00,0x00,0x00,0x00,0x00,0x00,0x00,0x00,0x00,0x00,0x9d,0xf7,0x9e,0xf7,
0xbe,0xff,0x24,0x29,0x45,0x7a,0x46,0x72,0xe4,0x69,0x25,0x6a,0x63,0x49,0xc5,0x51,
0x03,0x72,0x08,0x8b,0x05,0x72,0x46,0x72,0x05,0x6a,0x63,0x49,0xe4,0x69,0x46,0x72,
0x66,0x7a,0x25,0x6a,0x05,0x6a,0x25,0x6a,0x45,0x82,0x86,0x7a,0x45,0x72,0x05,0x6a,
0xe6,0x61,0x64,0x49,0x01,0x41,0x67,0x6a,0x25,0x72,0x25,0x6a,0xe4,0x69,0x45,0x72,
0xe4,0x71,0xa7,0x7a,0xa8,0x82,0x63,0x51,0x45,0x7a,0x66,0x72,0x64,0x49,0x44,0x41,
0x03,0x21,0x00,0x00,0x00,0x00,0x00,0x00,0x00,0x00,0x00,0x00,0x00,0x00,0x00,0x00,
0x00,0x00,0x00,0x00,0x00,0x00,0x00,0x00,0x00,0x00,0x00,0x00,0x9e,0xf7,0x7e,0xf7,
0x9e,0xf7,0xe3,0x20,0x65,0x41,0x23,0x41,0xe6,0x51,0x43,0x41,0xa4,0x51,0x46,0x72,
0x46,0x72,0x45,0x7a,0x06,0x62,0x05,0x6a,0x26,0x6a,0x25,0x72,0xe6,0x59,0x43,0x49,
0x44,0x41,0xa5,0x51,0xa5,0x59,0xe5,0x61,0xc7,0x8a,0x04,0x7a,0x45,0x72,0x86,0x8a,
0x06,0x6a,0xc4,0x61,0x85,0x49,0x43,0x41,0xc5,0x51,0x64,0x49,0x25,0x6a,0x05,0x72,
0x45,0x72,0x66,0x7a,0x26,0x6a,0x46,0x72,0x26,0x62,0x84,0x59,0x85,0x49,0xa5,0x51,
0x85,0x39,0x00,0x08,0x00,0x00,0x00,0x00,0x00,0x00,0x00,0x00,0x00,0x00,0x00,0x00,
0x00,0x00,0x00,0x00,0x00,0x00,0x00,0x00,0x00,0x00,0x00,0x00,0x9e,0xf7,0x9e,0xf7,
0x7d,0xf7,0x04,0x21,0xe2,0x30,0x65,0x39,0x43,0x49,0xa5,0x49,0x44,0x82,0xc6,0x8a,
0xc6,0x8a,0x45,0x72,0x04,0x72,0x66,0x72,0x26,0x6a,0xa4,0x51,0x84,0x49,0x43,0x39,
0xe5,0x69,0xe5,0x61,0xa4,0x61,0xe5,0x61,0x25,0x72,0x45,0x72,0x05,0x6a,0x05,0x6a,
0x25,0x72,0x66,0x72,0xe5,0x61,0x63,0x49,0x23,0x39,0xa5,0x41,0x83,0x59,0x26,0x62,
0x25,0x6a,0xc4,0x59,0x46,0x72,0xa4,0x59,0xa5,0x51,0xa5,0x49,0x84,0x49,0xa5,0x49,
0xa5,0x41,0x00,0x08,0x00,0x00,0x00,0x00,0x00,0x00,0x00,0x00,0x00,0x00,0x00,0x00,
0x00,0x00,0x00,0x00,0x00,0x00,0x00,0x00,0x00,0x00,0x00,0x00,0x9e,0xef,0x7d,0xf7,
0x7e,0xef,0x9e,0xf7,0xc2,0x20,0xa6,0x49,0xc5,0x51,0x26,0x6a,0xe5,0x59,0x84,0x59,
0xe5,0x61,0x05,0x6a,0x47,0x6a,0x63,0x51,0xa5,0x49,0x85,0x49,0xa5,0x49,0xa5,0x51,
0xc7,0x8a,0x86,0x8a,0xc7,0x82,0x65,0x7a,0xe6,0x59,0xa4,0x59,0xc5,0x59,0x26,0x6a,
0x46,0x6a,0x05,0x6a,0x05,0x62,0xa4,0x59,0x85,0x39,0x03,0x31,0x85,0x49,0x84,0x51,
0x84,0x49,0xe5,0x61,0x84,0x49,0xc5,0x59,0x85,0x41,0x44,0x41,0x64,0x41,0x64,0x49,
0xa6,0x39,0x00,0x08,0x00,0x00,0x00,0x00,0x00,0x00,0x00,0x00,0x00,0x00,0x00,0x00,
0x00,0x00,0x00,0x00,0x00,0x00,0x00,0x00,0x00,0x00,0x00,0x00,0x00,0x00,0x00,0x00,
0x00,0x00,0x00,0x00,0x00,0x00,0x00,0x00,0x00,0x00,0x00,0x00,0x00,0x00,0x00,0x00,
0x00,0x00,0x00,0x00,0x00,0x00,0x00,0x00,0x00,0x00,0x00,0x00,0x00,0x00,0x00,0x00,
0x00,0x00,0x00,0x00,0x00,0x00,0x00,0x00,0x00,0x00,0x00,0x00,0x00,0x00,0x00,0x00,
0x00,0x00,0x00,0x00,0x00,0x00,0x00,0x00,0x00,0x00,0x00,0x00,0x00,0x00,0x00,0x00,
0x00,0x00,0x00,0x00,0x00,0x00,0x00,0x00,0x00,0x00,0x00,0x00,0x00,0x00,0x00,0x00,
0x00,0x00,0x00,0x00,0x00,0x00,0x00,0x00,0x00,0x00,0x00,0x00,0x00,0x00,0x00,0x00,
0x00,0x00,0x00,0x00,0x00,0x00,0x00,0x00,0x00,0x00,0x00,0x00,0x00,0x00,0x00,0x00,
0x00,0x00,0x00,0x00,0x00,0x00,0x00,0x00,0x00,0x00,0x00,0x00,0x00,0x00,0x00,0x00,
0x00,0x00,0x00,0x00,0x00,0x00,0x00,0x00,0x00,0x00,0x00,0x00,0x00,0x00,0x00,0x00,
0x00,0x00,0x00,0x00,0x00,0x00,0x00,0x00,0x00,0x00,0x00,0x00,0x00,0x00,0x00,0x00,
0x00,0x00,0x00,0x00,0x00,0x00,0x00,0x00,0x00,0x00,0x00,0x00,0x00,0x00,0x00,0x00,
0x00,0x00,0x00,0x00,0x00,0x00,0x00,0x00,0x00,0x00,0x00,0x00,0x00,0x00,0x00,0x00,
0x00,0x00,0x00,0x00,0x00,0x00,0x00,0x00,0x00,0x00,0x00,0x00,0x00,0x00,0x00,0x00,
0x00,0x00,0x00,0x00,0x00,0x00,0x00,0x00,0x00,0x00,0x00,0x00,0x00,0x00,0x00,0x00,
0x00,0x00,0x00,0x00,0x00,0x00,0x00,0x00,0x00,0x00,0x00,0x00,0x00,0x00,0x00,0x00,
0x00,0x00,0x00,0x00,0x00,0x00,0x00,0x00,0x00,0x00,0x00,0x00,0x00,0x00,0x00,0x00,
0x00,0x00,0x00,0x00,0x00,0x00,0x00,0x00,0x00,0x00,0x00,0x00,0x00,0x00,0x00,0x00,
0x00,0x00,0x00,0x00,0x00,0x00,0x00,0x00,0x00,0x00,0x00,0x00,0x00,0x00,0x00,0x00,
0x00,0x00,0x00,0x00,0x00,0x00,0x00,0x00,0x00,0x00,0x00,0x00,0x00,0x00,0x00,0x00,
0x00,0x00,0x00,0x00,0x00,0x00,0x00,0x00,0x00,0x00,0x00,0x00,0x00,0x00,0x00,0x00,
0x00,0x00,0x00,0x00,0x00,0x00,0x00,0x00,0x00,0x00,0x00,0x00,0x00,0x00,0x00,0x00,
0x00,0x00,0x00,0x00,0x00,0x00,0x00,0x00,0x00,0x00,0x00,0x00,0x00,0x00,0x00,0x00,
0x00,0x00,0x00,0x00,0x00,0x00,0x00,0x00,0x00,0x00,0x00,0x00,0x00,0x00,0x00,0x00,
0x00,0x00,0x00,0x00,0x00,0x00,0x00,0x00,0x00,0x00,0x00,0x00,0x00,0x00,0x00,0x00,
0x00,0x00,0x00,0x00,0x00,0x00,0x00,0x00,0x00,0x00,0x00,0x00,0x00,0x00,0x00,0x00,
0x00,0x00,0x00,0x00,0x00,0x00,0x00,0x00,0x00,0x00,0x00,0x00,0x00,0x00,0x00,0x00,
0x00,0x00,0x00,0x00,0x00,0x00,0x00,0x00,0x00,0x00,0x00,0x00,0x00,0x00,0x00,0x00,
0x00,0x00,0x00,0x00,0x00,0x00,0x00,0x00,0x00,0x00,0x00,0x00,0x00,0x00,0x00,0x00,
0x00,0x00,0x00,0x00,0x00,0x00,0x00,0x00,0x00,0x00,0x00,0x00,0x00,0x00,0x00,0x00,
0x00,0x00,0x00,0x00,0x00,0x00,0x00,0x00,0x00,0x00,0x00,0x00,0x00,0x00,0x00,0x00,
0x00,0x00,0x00,0x00,0x00,0x00,0x00,0x00,0x00,0x00,0x00,0x00,0x00,0x00,0x00,0x00,
0x00,0x00,0x00,0x00,0x00,0x00,0x00,0x00,0x00,0x00,0x00,0x00,0x00,0x00,0x00,0x00,
0x00,0x00,0x00,0x00,0x00,0x00,0x00,0x00,0x00,0x00,0x00,0x00,0x00,0x00,0x00,0x00,
0x00,0x00,0x00,0x00,0x00,0x00,0x00,0x00,0x00,0x00,0x00,0x00,0x00,0x00,0x00,0x00,
0x00,0x00,0x00,0x00,0x00,0x00,0x00,0x00,0x00,0x00,0x00,0x00,0x00,0x00,0x00,0x00,
0x00,0x00,0x00,0x00,0x00,0x00,0x00,0x00,0x00,0x00,0x00,0x00,0x00,0x00,0x00,0x00,
0x00,0x00,0x00,0x00,0xff,0xff,0xff,0xff,0x00,0x00,0x00,0x00,0x00,0x00,0x00,0x00,
0x00,0x00,0x00,0x00,0x00,0x00,0x00,0x00,0x00,0x00,0x00,0x00,0x00,0x00,0x00,0x00,
0x00,0x00,0x00,0x00,0x00,0x00,0x00,0x00,0x00,0x00,0x00,0x00,0x00,0x00,0x00,0x00,
0x00,0x00,0x00,0x00,0x00,0x00,0x00,0x00,0x00,0xff,0xff,0xff,0xff,0xff,0xff,0xff,
0xff,0x00,0x00,0x00,0x00,0x00,0x00,0x00,0x00,0x00,0x00,0x00,0x00,0x00,0x00,0x00,
0x00,0x00,0x00,0x00,0x00,0x00,0x00,0x00,0x00,0x00,0x00,0x00,0x00,0x00,0x00,0x00,
0x00,0x00,0x00,0x00,0x00,0x00,0x00,0x00,0x00,0x00,0x00,0x00,0x00,0x00,0xff,0xff,
0xff,0xff,0xff,0xff,0xff,0xff,0xff,0xff,0xff,0xff,0x00,0x00,0x00,0x00,0x00,0x00,
0x00,0x00,0x00,0x00,0x00,0x00,0x00,0x00,0x00,0x00,0x00,0x00,0x00,0x00,0x00,0x00,
0x00,0x00,0x00,0x00,0x00,0x00,0x00,0x00,0x00,0x00,0x00,0x00,0x00,0x00,0x00,0x00,
0x00,0x00,0x00,0x00,0x00,0xff,0xff,0xff,0xff,0xff,0xff,0xff,0xff,0xff,0xff,0xff,
0xff,0xff,0x00,0x00,0x00,0x00,0x00,0x00,0x00,0x00,0x00,0x00,0x00,0x00,0x00,0x00,
0x00,0x00,0x00,0x00,0x00,0x00,0x00,0x00,0x00,0x00,0x00,0x00,0x00,0x00,0x00,0x00,
0x00,0x00,0x00,0x00,0x00,0xff,0xff,0xff,0x00,0x00,0x00,0x00,0x00,0xff,0xff,0xff,
0xff,0xff,0xff,0xff,0xff,0xff,0xff,0xff,0xff,0xff,0x00,0x00,0x00,0x00,0x00,0x00,
0x00,0x00,0x00,0x00,0x00,0x00,0x00,0x00,0x00,0x00,0x00,0x00,0x00,0x00,0x00,0x00,
0x00,0x00,0x00,0x00,0x00,0x00,0x00,0x00,0x00,0xff,0xff,0xff,0x00,0xff,0xff,0xff,
0xff,0x00,0x00,0x00,0xff,0xff,0xff,0xff,0xff,0xff,0xff,0xff,0xff,0xff,0xff,0xff,
0xff,0xff,0x00,0x00,0x00,0x00,0x00,0x00,0x00,0x00,0x00,0x00,0x00,0x00,0x00,0x00,
0x00,0x00,0x00,0x00,0x00,0x00,0x00,0x00,0x00,0x00,0x00,0x00,0x00,0x00,0xff,0xff,
0xff,0xff,0xff,0xff,0xff,0xff,0xff,0xff,0xff,0xff,0x00,0x00,0xff,0xff,0xff,0xff,
0xff,0xff,0xff,0xff,0xff,0xff,0xff,0xff,0xff,0xff,0xff,0x00,0x00,0x00,0x00,0x00,
0x00,0x00,0x00,0x00,0x00,0x00,0x00,0x00,0x00,0x00,0x00,0x00,0x00,0x00,0x00,0x00,
0x00,0x00,0x00,0x00,0x00,0xff,0xff,0xff,0xff,0xff,0xff,0xff,0xff,0xff,0xff,0xff,
0xff,0xff,0xff,0x00,0xff,0xff,0xff,0xff,0xff,0xff,0xff,0xff,0xff,0xff,0xff,0xff,
0xff,0xff,0xff,0x00,0x00,0x00,0x00,0x00,0x00,0x00,0x00,0x00,0x00,0x00,0x00,0x00,
0x00,0x00,0x00,0x00,0x00,0x00,0x00,0x00,0x00,0x00,0x00,0x00,0x00,0xff,0xff,0xff,
0xff,0xff,0xff,0xff,0xff,0xff,0xff,0xff,0xff,0xff,0xff,0xff,0xff,0xff,0xff,0xff,
0xff,0xff,0xff,0xff,0xff,0xff,0xff,0xff,0xff,0xff,0xff,0x00,0x00,0x00,0x00,0x00,
0x00,0x00,0x00,0x00,0x00,0x00,0x00,0x00,0x00,0x00,0x00,0x00,0x00,0x00,0x00,0x00,
0x00,0x00,0x00,0x00,0x00,0xff,0xff,0xff,0xff,0xff,0xff,0xff,0xff,0xff,0xff,0xff,
0xff,0xff,0xff,0xff,0xff,0xff,0xff,0xff,0xff,0xff,0xff,0xff,0xff,0xff,0xff,0xff,
0xff,0xff,0x00,0x00,0x00,0x00,0x00,0x00,0x00,0x00,0x00,0x00,0x00,0x00,0x00,0x00,
0x00,0x00,0x00,0x00,0x00,0x00,0x00,0x00,0x00,0x00,0x00,0x00,0x00,0xff,0xff,0xff,
0xff,0xff,0xff,0xff,0xff,0xff,0xff,0xff,0xff,0xff,0xff,0xff,0xff,0xff,0xff,0xff,
0xff,0xff,0xff,0xff,0xff,0xff,0xff,0xff,0xff,0xff,0x00,0x00,0x00,0x00,0x00,0x00,
0x00,0x00,0x00,0x00,0x00,0x00,0x00,0x00,0x00,0x00,0x00,0x00,0x00,0x00,0x00,0x00,
0x00,0x00,0x00,0x00,0x00,0x00,0xff,0xff,0xff,0xff,0xff,0xff,0xff,0xff,0xff,0xff,
0xff,0xff,0xff,0xff,0xff,0xff,0xff,0xff,0xff,0xff,0xff,0xff,0xff,0xff,0xff,0xff,
0xff,0xff,0x00,0x00,0x00,0x00,0x00,0x00,0x00,0x00,0x00,0x00,0x00,0x00,0x00,0x00,
0x00,0x00,0x00,0x00,0x00,0x00,0x00,0x00,0x00,0x00,0x00,0x00,0x00,0xff,0xff,0xff,
0xff,0xff,0xff,0xff,0xff,0xff,0xff,0xff,0xff,0xff,0xff,0xff,0xff,0xff,0xff,0xff,
0xff,0xff,0xff,0xff,0xff,0xff,0xff,0xff,0xff,0x00,0x00,0x00,0x00,0x00,0x00,0x00,
0x00,0x00,0x00,0x00,0x00,0x00,0x00,0x00,0x00,0x00,0x00,0x00,0x00,0x00,0x00,0x00,
0x00,0x00,0x00,0x00,0x00,0xff,0xff,0xff,0xff,0xff,0xff,0xff,0xff,0xff,0xff,0xff,
0xff,0xff,0xff,0xff,0xff,0xff,0xff,0xff,0xff,0xff,0xff,0xff,0xff,0xff,0x00,0x00,
0x00,0x00,0x00,0x00,0x00,0x00,0x00,0x00,0x00,0x00,0x00,0x00,0x00,0x00,0x00,0x00,
0x00,0x00,0x00,0x00,0x00,0x00,0x00,0x00,0x00,0x00,0x00,0x00,0x00,0xff,0xff,0xff,
0xff,0xff,0xff,0xff,0xff,0xff,0xff,0xff,0xff,0xff,0xff,0xff,0xff,0xff,0xff,0xff,
0xff,0xff,0xff,0x00,0x00,0x00,0xff,0xff,0xff,0xff,0xff,0x00,0x00,0x00,0x00,0x00,
0x00,0x00,0x00,0x00,0x00,0x00,0x00,0x00,0x00,0x00,0x00,0x00,0x00,0x00,0x00,0x00,
0x00,0x00,0x00,0x00,0x00,0x00,0xff,0xff,0xff,0xff,0xff,0xff,0xff,0xff,0xff,0xff,
0xff,0xff,0xff,0xff,0xff,0xff,0xff,0xff,0xff,0xff,0xff,0xff,0xff,0xff,0xff,0xff,
0xff,0xff,0xff,0xff,0xff,0x00,0x00,0x00,0x00,0x00,0x00,0x00,0x00,0x00,0x00,0x00,
0x00,0x00,0x00,0x00,0x00,0x00,0x00,0x00,0x00,0x00,0x00,0x00,0x00,0x00,0x00,0xff,
0xff,0xff,0xff,0xff,0xff,0xff,0xff,0xff,0xff,0xff,0xff,0xff,0xff,0xff,0xff,0xff,
0xff,0xff,0xff,0xff,0xff,0xff,0xff,0xff,0xff,0xff,0xff,0xff,0xff,0x00,0x00,0x00,
0x00,0x00,0x00,0x00,0x00,0x00,0x00,0x00,0x00,0x00,0x00,0x00,0x00,0x00,0x00,0x00,
0x00,0x00,0x00,0x00,0x00,0x00,0x00,0x00,0xff,0xff,0xff,0xff,0xff,0xff,0xff,0xff,
0xff,0xff,0xff,0xff,0xff,0xff,0xff,0xff,0x00,0x00,0x00,0xff,0xff,0xff,0xff,0xff,
0xff,0xff,0xff,0xff,0xff,0xff,0x00,0x00,0x00,0x00,0x00,0x00,0x00,0x00,0x00,0x00,
0x00,0x00,0x00,0x00,0x00,0x00,0x00,0x00,0x00,0x00,0x00,0x00,0x00,0x00,0x00,0x00,
0x00,0x00,0x00,0x00,0xff,0xff,0xff,0xff,0xff,0xff,0xff,0xff,0xff,0xff,0xff,0x00,
0x00,0xff,0xff,0x00,0x00,0xff,0xff,0xff,0xff,0xff,0xff,0xff,0xff,0xff,0xff,0x00,
0x00,0x00,0x00,0x00,0x00,0x00,0x00,0x00,0x00,0x00,0x00,0x00,0x00,0x00,0x00,0x00,
0x00,0x00,0x00,0x00,0x00,0x00,0x00,0x00,0xff,0xff,0xff,0xff,0xff,0xff,0xff,0xff,
0xff,0xff,0xff,0xff,0xff,0xff,0xff,0x00,0xff,0xff,0xff,0xff,0x00,0xff,0xff,0xff,
0xff,0xff,0xff,0xff,0xff,0xff,0xff,0xff,0x00,0x00,0x00,0x00,0x00,0x00,0x00,0x00,
0x00,0x00,0x00,0x00,0x00,0x00,0x00,0x00,0x00,0x00,0x00,0x00,0x00,0x00,0xff,0xff,
0xff,0xff,0xff,0xff,0xff,0xff,0xff,0xff,0xff,0xff,0xff,0xff,0xff,0xff,0xff,0xff,
0x00,0xff,0xff,0x00,0xff,0xff,0xff,0xff,0xff,0xff,0xff,0xff,0xff,0xff,0xff,0xff,
0x00,0x00,0x00,0x00,0x00,0x00,0x00,0x00,0x00,0x00,0x00,0x00,0x00,0x00,0x00,0x00,
0x00,0x00,0x00,0x00,0x00,0xff,0xff,0xff,0xff,0xff,0xff,0xff,0xff,0xff,0xff,0xff,
0xff,0xff,0xff,0xff,0xff,0xff,0xff,0xff,0xff,0xff,0x00,0xff,0xff,0xff,0xff,0xff,
0xff,0xff,0xff,0xff,0xff,0xff,0xff,0xff,0x00,0x00,0x00,0x00,0x00,0x00,0x00,0x00,
0x00,0x00,0x00,0x00,0x00,0x00,0x00,0x00,0x00,0x00,0x00,0x00,0x00,0xff,0xff,0xff,
0xff,0xff,0xff,0xff,0xff,0xff,0xff,0xff,0xff,0xff,0xff,0xff,0xff,0xff,0xff,0xff,
0xff,0x00,0x00,0xff,0xff,0xff,0xff,0xff,0xff,0xff,0xff,0xff,0xff,0xff,0xff,0xff,
0x00,0x00,0x00,0x00,0x00,0x00,0x00,0x00,0x00,0x00,0x00,0x00,0x00,0x00,0x00,0x00,
0x00,0x00,0x00,0x00,0xff,0xff,0xff,0xff,0xff,0xff,0xff,0xff,0xff,0xff,0xff,0xff,
0xff,0xff,0xff,0xff,0xff,0xff,0xff,0xff,0xff,0xff,0xff,0xff,0xff,0xff,0xff,0xff,
0xff,0xff,0xff,0xff,0xff,0xff,0xff,0x00,0x00,0x00,0x00,0x00,0x00,0x00,0x00,0x00,
0x00,0x00,0x00,0x00,0x00,0x00,0x00,0x00,0x00,0x00,0x00,0xff,0xff,0xff,0xff,0xff,
0xff,0xff,0xff,0xff,0xff,0xff,0xff,0xff,0xff,0xff,0xff,0xff,0xff,0xff,0xff,0xff,
0xff,0xff,0xff,0xff,0xff,0xff,0xff,0xff,0xff,0xff,0xff,0xff,0xff,0xff,0xff,0xff,
0x00,0x00,0x00,0x00,0x00,0x00,0x00,0x00,0x00,0x00,0x00,0x00,0x00,0x00,0x00,0x00,
0x00,0x00,0xff,0xff,0xff,0xff,0xff,0xff,0xff,0xff,0xff,0xff,0xff,0xff,0xff,0xff,
0xff,0xff,0xff,0xff,0xff,0xff,0xff,0xff,0xff,0xff,0xff,0xff,0xff,0xff,0xff,0xff,
0xff,0xff,0xff,0xff,0xff,0xff,0xff,0xff,0xff,0x00,0x00,0x00,0x00,0x00,0x00,0x00,
0x00,0x00,0x00,0x00,0x00,0x00,0x00,0x00,0x00,0x00,0xff,0xff,0xff,0xff,0xff,0xff,
0xff,0xff,0xff,0xff,0xff,0xff,0xff,0xff,0xff,0xff,0xff,0xff,0xff,0xff,0xff,0xff,
0xff,0xff,0xff,0xff,0xff,0xff,0xff,0xff,0xff,0xff,0xff,0xff,0xff,0xff,0xff,0xff,
0xff,0x00,0x00,0x00,0x00,0x00,0x00,0x00,0x00,0x00,0x00,0x00,0x00,0x00,0x00,0x00,
0x00,0x00,0xff,0xff,0xff,0xff,0xff,0xff,0xff,0xff,0xff,0xff,0xff,0xff,0xff,0xff,
0xff,0xff,0xff,0xff,0xff,0xff,0xff,0xff,0xff,0xff,0xff,0xff,0xff,0xff,0xff,0xff,
0xff,0xff,0xff,0xff,0xff,0xff,0xff,0xff,0xff,0x00,0x00,0x00,0x00,0x00,0x00,0x00,
0x00,0x00,0x00,0x00,0x00,0x00,0x00,0x00,0x00,0x00,0x00,0xff,0xff,0xff,0xff,0xff,
0xff,0xff,0xff,0xff,0xff,0xff,0xff,0xff,0xff,0xff,0xff,0xff,0xff,0xff,0xff,0xff,
0xff,0xff,0xff,0xff,0xff,0xff,0xff,0xff,0xff,0xff,0xff,0xff,0xff,0xff,0xff,0xff,
0xff,0x00,0x00,0x00,0x00,0x00,0x00,0x00,0x00,0x00,0x00,0x00,0x00,0x00,0x00,0x00,
0x00,0x00,0xff,0xff,0xff,0xff,0xff,0xff,0xff,0xff,0xff,0xff,0xff,0xff,0xff,0xff,
0xff,0xff,0xff,0xff,0xff,0xff,0xff,0xff,0xff,0xff,0xff,0xff,0xff,0xff,0xff,0xff,
0xff,0xff,0xff,0xff,0xff,0xff,0xff,0xff,0x00,0x00,0x00,0x00,0x00,0x00,0x00,0x00,
0x00,0x00,0x00,0x00,0x00,0x00,0x00,0x00,0x00,0x00,0xff,0xff,0xff,0xff,0xff,0xff,
0xff,0xff,0xff,0xff,0xff,0xff,0xff,0xff,0xff,0xff,0xff,0xff,0xff,0xff,0xff,0xff,
0xff,0xff,0xff,0xff,0xff,0xff,0xff,0xff,0xff,0xff,0xff,0xff,0xff,0xff,0xff,0xff,
0xff,0x00,0x00,0x00,0x00,0x00,0x00,0x00,0x00,0x00,0x00,0x00,0x00,0x00,0x00,0x00,
0x00,0x00,0xff,0xff,0xff,0xff,0xff,0xff,0xff,0xff,0xff,0xff,0xff,0xff,0xff,0xff,
0xff,0xff,0xff,0xff,0xff,0xff,0xff,0xff,0xff,0xff,0xff,0xff,0xff,0xff,0xff,0xff,
0xff,0xff,0xff,0xff,0xff,0xff,0xff,0xff,0xff,0x00,0x00,0x00,0x00,0x00,0x00,0x00,
0x00,0x00,0x00,0x00,0x00,0x00,0x00,0x00,0x00,0x00,0xff,0xff,0xff,0xff,0xff,0xff,
0xff,0xff,0xff,0xff,0xff,0xff,0xff,0xff,0xff,0xff,0xff,0xff,0xff,0xff,0xff,0xff,
0xff,0xff,0xff,0xff,0xff,0xff,0xff,0xff,0xff,0xff,0xff,0xff,0xff,0xff,0xff,0xff,
0xff,0x00,0x00,0x00,0x00,0x00,0x00,0x00,0x00,0x00,0x00,0x00,0x00,0x00,0x00,0x00,
0x00,0x00,0x00,0xff,0xff,0xff,0xff,0xff,0xff,0xff,0xff,0xff,0xff,0xff,0xff,0xff,
0xff,0xff,0xff,0xff,0xff,0xff,0xff,0xff,0xff,0xff,0xff,0xff,0xff,0xff,0xff,0xff,
0xff,0xff,0xff,0xff,0xff,0xff,0xff,0xff,0xff,0x00,0x00,0x00,0x00,0x00,0x00,0x00,
0x00,0x00,0x00,0x00,0x00,0x00,0x00,0x00,0x00,0x00,0xff,0xff,0xff,0xff,0xff,0xff,
0xff,0xff,0xff,0xff,0xff,0xff,0xff,0xff,0xff,0xff,0xff,0xff,0xff,0xff,0xff,0xff,
0xff,0xff,0xff,0xff,0xff,0xff,0xff,0xff,0xff,0xff,0xff,0xff,0xff,0xff,0xff,0xff,
0xff,0x00,0x00,0x00,0x00,0x00,0x00,0x00,0x00,0x00,0x00,0x00,0x00,0x00,0x00,0x00,
0x00,0xff,0xff,0xff,0xff,0xff,0xff,0xff,0xff,0xff,0xff,0xff,0xff,0xff,0xff,0xff,
0xff,0xff,0xff,0xff,0xff,0xff,0xff,0xff,0xff,0xff,0xff,0xff,0xff,0xff,0xff,0xff,
0xff,0xff,0xff,0xff,0xff,0xff,0xff,0xff,0xff,0x00,0x00,0x00,0x00,0x00,0x00,0x00,
0x00,0x00,0x00,0x00,0x00,0x00,0x00,0x00,0x00,0xff,0xff,0xff,0xff,0xff,0xff,0xff,
0xff,0xff,0xff,0xff,0xff,0xff,0xff,0xff,0xff,0xff,0xff,0xff,0xff,0xff,0xff,0xff,
0xff,0xff,0xff,0xff,0xff,0xff,0xff,0xff,0xff,0xff,0xff,0xff,0xff,0xff,0xff,0xff,
0xff,0x00,0x00,0x00,0x00,0x00,0x00,0x00,0x00,0x00,0x00,0x00,0x00,0x00,0x00,0x00,
0x00,0xff,0xff,0xff,0xff,0xff,0xff,0xff,0xff,0xff,0xff,0xff,0xff,0xff,0xff,0xff,
0xff,0xff,0xff,0xff,0xff,0xff,0xff,0xff,0xff,0xff,0xff,0xff,0xff,0xff,0xff,0xff,
0xff,0xff,0xff,0xff,0xff,0xff,0xff,0xff,0xff,0x00,0x00,0x00,0x00,0x00,0x00,0x00,
0x00,0x00,0x00,0x00,0x00,0x00,0x00,0x00,0x00,0xff,0xff,0xff,0xff,0xff,0xff,0xff,
0xff,0xff,0xff,0xff,0xff,0xff,0xff,0xff,0xff,0xff,0xff,0xff,0xff,0xff,0xff,0xff,
0xff,0xff,0xff,0xff,0xff,0xff,0xff,0xff,0xff,0xff,0xff,0xff,0xff,0xff,0xff,0xff,
0xff,0x00,0x00,0x00,0x00,0x00,0x00,0x00,0x00,0x00,0x00,0x00,0x00,0x00,0x00,0x00,
0x00,0xff,0xff,0xff,0xff,0xff,0xff,0xff,0xff,0xff,0xff,0xff,0xff,0xff,0xff,0xff,
0xff,0xff,0xff,0xff,0xff,0xff,0xff,0xff,0xff,0xff,0xff,0xff,0xff,0xff,0xff,0xff,
0xff,0xff,0xff,0xff,0xff,0xff,0xff,0xff,0xff,0x00,0x00,0x00,0x00,0x00,0x00,0x00,
0x00,0x00,0x00,0x00,0x00,0x00,0x00,0x00,0x00,0xff,0xff,0xff,0xff,0xff,0xff,0xff,
0xff,0xff,0xff,0xff,0xff,0xff,0xff,0xff,0xff,0xff,0xff,0xff,0xff,0xff,0xff,0xff,
0xff,0xff,0xff,0xff,0xff,0xff,0xff,0xff,0xff,0xff,0xff,0xff,0xff,0xff,0xff,0xff,
0xff,0x00,0x00,0x00,0x00,0x00,0x00,0x00,0x00,0x00,0x00,0x00,0x00,0x00,0x00,0x00,
0x00,0x00,0xff,0xff,0xff,0xff,0xff,0xff,0xff,0xff,0xff,0xff,0xff,0xff,0xff,0xff,
0xff,0xff,0xff,0xff,0xff,0xff,0xff,0xff,0xff,0xff,0xff,0xff,0xff,0xff,0xff,0xff,
0xff,0xff,0xff,0xff,0xff,0xff,0xff,0xff,0xff,0x00,0x00,0x00,0x00,0x00,0x00,0x00,

};
static const lv_image_dsc_t s_farm_strawberry_1 = {
    .header.magic = LV_IMAGE_HEADER_MAGIC,
    .header.cf = LV_COLOR_FORMAT_RGB565A8,
    .header.flags = 0,
    .header.w = 56,
    .header.h = 52,
    .header.stride = 112,
    .data_size = sizeof(s_farm_strawberry_1_map),
    .data = s_farm_strawberry_1_map,
};

static const LV_ATTRIBUTE_MEM_ALIGN LV_ATTRIBUTE_LARGE_CONST uint8_t s_farm_strawberry_2_map[] = {
0x00,0x00,0x00,0x00,0x00,0x00,0x00,0x00,0x00,0x00,0x00,0x00,0x7d,0xf7,0x9e,0xf7,
0x9e,0xf7,0x9e,0xf7,0xff,0xff,0xff,0xff,0xff,0xff,0xff,0xff,0x7d,0xf7,0x9e,0xf7,
0x9d,0xf7,0xbe,0xf7,0xbe,0xff,0xff,0xff,0xff,0xff,0xff,0xff,0xde,0xff,0xbe,0xf7,
0x9e,0xf7,0x9e,0xf7,0x5d,0xef,0xdf,0xff,0xde,0xff,0xdf,0xff,0xdf,0xff,0xbe,0xf7,
0x9d,0xf7,0xbe,0xf7,0x7d,0xf7,0xff,0xff,0xff,0xff,0xff,0xff,0xdf,0xff,0x9e,0xef,
0x9d,0xf7,0xbe,0xf7,0xbe,0xff,0xff,0xff,0xff,0xff,0xff,0xff,0xff,0xff,0x9e,0xf7,
0x9d,0xf7,0xbe,0xf7,0x00,0x00,0x00,0x00,0x00,0x00,0x00,0x00,0x00,0x00,0x00,0x00,
0x00,0x00,0x00,0x00,0x00,0x00,0x00,0x00,0x00,0x00,0x00,0x00,0x9e,0xf7,0x7e,0xf7,
0xbf,0xf7,0x9e,0xf7,0xff,0xff,0xff,0xff,0xff,0xff,0xff,0xff,0x9e,0xef,0x7e,0xf7,
0x9e,0xf7,0x9e,0xf7,0xdf,0xf7,0xff,0xff,0xff,0xff,0xff,0xff,0xdf,0xf7,0x9e,0xf7,
0xbf,0xf7,0x9e,0xf7,0x7e,0xef,0xff,0xff,0xff,0xff,0xdf,0xff,0xff,0xff,0x9e,0xf7,
0xbf,0xf7,0x9e,0xf7,0x9e,0xf7,0xff,0xff,0xff,0xff,0xff,0xff,0xff,0xff,0x7e,0xf7,
0xbf,0xf7,0x9e,0xf7,0xbf,0xf7,0xff,0xff,0xff,0xff,0xff,0xff,0xff,0xff,0x7e,0xf7,
0x9e,0xef,0x9e,0xf7,0x00,0x00,0x00,0x00,0x00,0x00,0x00,0x00,0x00,0x00,0x00,0x00,
0x00,0x00,0x00,0x00,0x00,0x00,0x00,0x00,0x00,0x00,0x00,0x00,0xff,0xff,0xff,0xff,
0xff,0xff,0xff,0xff,0x9e,0xf7,0xbe,0xf7,0x9d,0xf7,0x9e,0xf7,0xff,0xff,0xff,0xff,
0xff,0xff,0xff,0xff,0xbe,0xff,0x9e,0xf7,0x9d,0xf7,0x9e,0xf7,0xbe,0xff,0xff,0xff,
0xff,0xff,0xff,0xff,0xdf,0xff,0xbe,0xf7,0x9d,0xf7,0x9e,0xf7,0x9e,0xf7,0xff,0xff,
0xff,0xff,0xff,0xff,0xff,0xff,0xbe,0xf7,0x9e,0xf7,0x9e,0xf7,0x9d,0xf7,0xff,0xff,
0xff,0xff,0xff,0xff,0xff,0xff,0x9e,0xf7,0x9d,0xf7,0xbe,0xf7,0x7d,0xf7,0xff,0xff,
0xff,0xff,0xff,0xff,0x00,0x00,0x00,0x00,0x00,0x00,0x00,0x00,0x00,0x00,0x00,0x00,
0x00,0x00,0x00,0x00,0x00,0x00,0x00,0x00,0x00,0x00,0x00,0x00,0xff,0xff,0xff,0xff,
0xff,0xff,0xff,0xff,0x9e,0xf7,0x7e,0xf7,0x9e,0xef,0x7e,0xf7,0xff,0xff,0xff,0xff,
0xff,0xff,0xff,0xff,0xbf,0xf7,0x7e,0xf7,0x9e,0xef,0x7e,0xf7,0xdf,0xf7,0xdf,0xff,
0xff,0xff,0xdf,0xff,0xff,0xff,0x9e,0xf7,0x9e,0xef,0x9e,0xf7,0x9e,0xef,0xff,0xff,
0xff,0xff,0xff,0xff,0xff,0xff,0x9e,0xf7,0x9e,0xef,0x7e,0xf7,0x9e,0xef,0xff,0xff,
0xff,0xff,0xff,0xff,0xff,0xff,0x7e,0xf7,0x9e,0xef,0x9e,0xf7,0x9e,0xf7,0xff,0xff,
0xff,0xff,0xdf,0xff,0x00,0x00,0x00,0x00,0x00,0x00,0x00,0x00,0x00,0x00,0x00,0x00,
0x00,0x00,0x00,0x00,0x00,0x00,0x00,0x00,0x00,0x00,0x00,0x00,0xff,0xff,0xff,0xff,
0xff,0xff,0xff,0xff,0x9e,0xf7,0xbe,0xf7,0x9d,0xf7,0x9e,0xf7,0xff,0xff,0xff,0xff,
0xff,0xff,0xff,0xff,0xbe,0xff,0x9e,0xf7,0x7d,0xf7,0x9e,0xf7,0xbe,0xff,0xff,0xff,
0xff,0xff,0xff,0xff,0xff,0xff,0xbe,0xf7,0x7d,0xf7,0x9e,0xf7,0x9e,0xf7,0xff,0xff,
0xff,0xff,0xff,0xff,0xff,0xff,0xbe,0xf7,0x9d,0xf7,0xbe,0xf7,0x9e,0xf7,0xff,0xff,
0xff,0xff,0xff,0xff,0xff,0xff,0x9e,0xf7,0x9e,0xf7,0x9e,0xf7,0x9e,0xf7,0xff,0xff,
0xff,0xff,0xff,0xff,0x00,0x00,0x00,0x00,0x00,0x00,0x00,0x00,0x00,0x00,0x00,0x00,
0x00,0x00,0x00,0x00,0x00,0x00,0x00,0x00,0x00,0x00,0x00,0x00,0xff,0xff,0xff,0xff,
0xff,0xff,0xff,0xff,0x9e,0xf7,0x7e,0xf7,0x9e,0xef,0x7e,0xf7,0xff,0xff,0xff,0xff,
0xff,0xff,0xff,0xff,0xbf,0xf7,0x7e,0xf7,0x9e,0xef,0x7e,0xf7,0xdf,0xf7,0xff,0xff,
0xff,0xff,0xff,0xff,0xff,0xff,0x7e,0xf7,0x9e,0xef,0x9e,0xf7,0x9e,0xf7,0xdf,0xff,
0xff,0xff,0xff,0xff,0xff,0xff,0x9e,0xf7,0x9e,0xef,0x7e,0xf7,0x9e,0xf7,0xff,0xff,
0xff,0xff,0xff,0xff,0xff,0xff,0x7e,0xf7,0x9e,0xef,0x7e,0xf7,0x9e,0xf7,0xff,0xff,
0xff,0xff,0xff,0xff,0x00,0x00,0x00,0x00,0x00,0x00,0x00,0x00,0x00,0x00,0x00,0x00,
0x00,0x00,0x00,0x00,0x00,0x00,0x00,0x00,0x00,0x00,0x00,0x00,0x9d,0xf7,0x9e,0xf7,
0x7d,0xf7,0x9e,0xf7,0xff,0xff,0xff,0xff,0xff,0xff,0xff,0xff,0x9d,0xf7,0xbe,0xf7,
0x9e,0xf7,0x9e,0xf7,0xbe,0xff,0xff,0xff,0xff,0xff,0xff,0xff,0xbe,0xff,0xbe,0xf7,
0x9d,0xf7,0xbe,0xf7,0x9d,0xf7,0xff,0xff,0xff,0xff,0xff,0xff,0xff,0xff,0x7d,0xef,
0x9e,0xff,0xbe,0xf7,0x7d,0xf7,0xff,0xff,0xff,0xff,0xff,0xff,0xff,0xff,0xbe,0xf7,
0x9d,0xf7,0xbe,0xf7,0x9d,0xf7,0xff,0xff,0xff,0xff,0xff,0xff,0xff,0xff,0x9e,0xf7,
0x9d,0xf7,0xbe,0xf7,0x00,0x00,0x00,0x00,0x00,0x00,0x00,0x00,0x00,0x00,0x00,0x00,
0x00,0x00,0x00,0x00,0x00,0x00,0x00,0x00,0x00,0x00,0x00,0x00,0x9e,0xef,0x9e,0xf7,
0x9e,0xef,0x7e,0xf7,0xff,0xff,0xff,0xff,0xff,0xff,0xff,0xff,0x9e,0xef,0x9e,0xf7,
0x9e,0xf7,0x9e,0xf7,0xbf,0xf7,0xdf,0xff,0xff,0xff,0xff,0xff,0xdf,0xf7,0x9e,0xf7,
0x9e,0xf7,0x9e,0xf7,0x9e,0xef,0xdf,0xff,0xff,0xff,0xdf,0xff,0xdf,0xf7,0x5d,0xef,
0x7e,0xef,0x7d,0xf7,0x7e,0xef,0xdf,0xff,0xff,0xff,0xff,0xff,0xff,0xff,0x7e,0xf7,
0x9e,0xef,0x7e,0xf7,0x9e,0xf7,0xff,0xff,0xff,0xff,0xff,0xff,0xff,0xff,0x7e,0xf7,
0x9e,0xef,0x7e,0xf7,0x00,0x00,0x00,0x00,0x00,0x00,0x00,0x00,0x00,0x00,0x00,0x00,
0x00,0x00,0x00,0x00,0x00,0x00,0x00,0x00,0x00,0x00,0x00,0x00,0x7d,0xf7,0x9e,0xf7,
0x9d,0xf7,0xbe,0xf7,0xdf,0xff,0xff,0xff,0xff,0xff,0xff,0xff,0x9d,0xf7,0xbe,0xf7,
0x9d,0xf7,0x9e,0xf7,0xbe,0xff,0xff,0xff,0xff,0xff,0xff,0xff,0xbe,0xff,0xbe,0xf7,
0x9d,0xf7,0xbe,0xf7,0x9d,0xf7,0xff,0xff,0xde,0xff,0xff,0xff,0x23,0x2a,0x44,0x2a,
0xa4,0x29,0xfd,0xef,0x7d,0xf7,0xff,0xff,0xff,0xff,0xff,0xff,0xff,0xff,0xbe,0xf7,
0x9d,0xf7,0x9e,0xf7,0x9e,0xf7,0xff,0xff,0xff,0xff,0xff,0xff,0xff,0xff,0x9e,0xf7,
0x7d,0xf7,0x9e,0xf7,0x00,0x00,0x00,0x00,0x00,0x00,0x00,0x00,0x00,0x00,0x00,0x00,
0x00,0x00,0x00,0x00,0x00,0x00,0x00,0x00,0x00,0x00,0x00,0x00,0x9e,0xef,0x7e,0xf7,
0x9e,0xf7,0x7e,0xf7,0xff,0xff,0xff,0xff,0xff,0xff,0xff,0xff,0x9e,0xf7,0x7e,0xf7,
0x9e,0xef,0x7e,0xf7,0xdf,0xf7,0xff,0xff,0xff,0xff,0xff,0xff,0xbf,0xf7,0x9e,0xf7,
0x9e,0xf7,0x9e,0xf7,0xbf,0xf7,0xdf,0xff,0x65,0x32,0x24,0x32,0xa3,0x74,0xa6,0x95,
0xe8,0x5b,0x60,0x11,0x5d,0xe7,0xff,0xff,0xff,0xff,0xdf,0xff,0xff,0xff,0x9e,0xf7,
0x9e,0xef,0x7e,0xf7,0x9e,0xef,0xff,0xff,0xff,0xff,0xff,0xff,0xff,0xff,0x7e,0xf7,
0x9e,0xf7,0x7e,0xf7,0x00,0x00,0x00,0x00,0x00,0x00,0x00,0x00,0x00,0x00,0x00,0x00,
0x00,0x00,0x00,0x00,0x00,0x00,0x00,0x00,0x00,0x00,0x00,0x00,0xdf,0xff,0xff,0xff,
0xff,0xff,0xff,0xff,0x9e,0xf7,0xbe,0xf7,0xbe,0xff,0xbe,0xf7,0xff,0xff,0xff,0xff,
0xdf,0xff,0xff,0xff,0xbe,0xff,0xbe,0xf7,0xbe,0xff,0xbe,0xf7,0xbe,0xff,0xff,0xff,
0xdf,0xff,0xff,0xff,0x9b,0xef,0xc5,0x29,0x67,0x95,0x84,0x74,0xc2,0x7c,0x65,0x8d,
0xc8,0x7c,0x80,0x2a,0xc4,0x21,0xe4,0x21,0x9e,0xf7,0xbe,0xf7,0x9e,0xf7,0xff,0xff,
0xdf,0xff,0xff,0xff,0xdf,0xff,0xbe,0xf7,0xbe,0xff,0xbe,0xf7,0x9e,0xf7,0xff,0xff,
0xff,0xff,0xff,0xff,0x00,0x00,0x00,0x00,0x00,0x00,0x00,0x00,0x00,0x00,0x00,0x00,
0x00,0x00,0x00,0x00,0x00,0x00,0x00,0x00,0x00,0x00,0x00,0x00,0xff,0xff,0xdf,0xff,
0xff,0xff,0xff,0xff,0x9e,0xef,0x7e,0xf7,0xbf,0xf7,0x7e,0xf7,0xff,0xff,0xdf,0xff,
0xff,0xff,0xdf,0xff,0x9e,0xf7,0x9e,0xf7,0x9e,0xf7,0x7e,0xf7,0xbf,0xf7,0xff,0xff,
0xff,0xff,0xbf,0xff,0x42,0x2a,0x66,0x53,0x45,0x6c,0x44,0x74,0xe4,0x7c,0x65,0x8d,
0xc9,0x74,0x60,0x32,0xe9,0x5b,0x80,0x19,0x5d,0xef,0x7d,0xf7,0x7e,0xef,0xdf,0xff,
0xff,0xff,0xff,0xff,0xff,0xff,0x9e,0xf7,0x9e,0xf7,0x7e,0xf7,0x9e,0xf7,0xff,0xff,
0xff,0xff,0xff,0xff,0x00,0x00,0x00,0x00,0x00,0x00,0x00,0x00,0x00,0x00,0x00,0x00,
0x00,0x00,0x00,0x00,0x00,0x00,0x00,0x00,0x00,0x00,0x00,0x00,0xff,0xff,0xff,0xff,
0xff,0xff,0xff,0xff,0x9e,0xff,0x9e,0xf7,0x9e,0xff,0xbe,0xf7,0xde,0xff,0xca,0x4a,
0xe9,0x4a,0xe9,0x4a,0x9d,0xf7,0xbe,0xf7,0x7d,0xf7,0x9e,0xf7,0xbe,0xff,0xff,0xff,
0xff,0xff,0x3c,0xe7,0x40,0x32,0xe9,0x84,0xa5,0x9d,0x43,0x85,0xc0,0x63,0xa8,0x95,
0x25,0x85,0x22,0x64,0x49,0x7c,0x80,0x19,0xde,0xff,0xda,0xd6,0x7d,0xf7,0xff,0xff,
0xff,0xff,0xff,0xff,0xff,0xff,0xbe,0xf7,0x9d,0xf7,0x9e,0xf7,0x9e,0xff,0xff,0xff,
0xff,0xff,0xff,0xff,0x00,0x00,0x00,0x00,0x00,0x00,0x00,0x00,0x00,0x00,0x00,0x00,
0x00,0x00,0x00,0x00,0x00,0x00,0x00,0x00,0x00,0x00,0x00,0x00,0xff,0xff,0xff,0xff,
0xff,0xff,0xdf,0xff,0xbf,0xf7,0x7e,0xf7,0xbf,0xf7,0x9e,0xf7,0xc0,0x00,0xa3,0x21,
0xc3,0x19,0xa2,0x19,0x74,0x9d,0x26,0x32,0x84,0x19,0xbd,0xef,0xff,0xff,0xff,0xff,
0xff,0xf7,0xa5,0x29,0x86,0x6c,0xc3,0x5b,0xe6,0x9d,0x02,0x85,0xa0,0x53,0xe9,0xa5,
0x26,0x7d,0xe1,0x5b,0xe8,0x7c,0x61,0x53,0xc4,0x21,0xb7,0xce,0x7e,0xef,0xdf,0xff,
0xff,0xff,0xff,0xff,0xff,0xff,0x7e,0xf7,0x9e,0xf7,0x7e,0xf7,0xbf,0xf7,0xff,0xff,
0xff,0xff,0xff,0xff,0x00,0x00,0x00,0x00,0x00,0x00,0x00,0x00,0x00,0x00,0x00,0x00,
0x00,0x00,0x00,0x00,0x00,0x00,0x00,0x00,0x00,0x00,0x00,0x00,0xff,0xff,0xff,0xff,
0xff,0xff,0xff,0xff,0x7d,0xf7,0x9e,0xef,0x04,0x22,0x04,0x22,0x41,0x32,0x6a,0x74,
0x05,0x7d,0xc5,0x74,0xe0,0x21,0x08,0x64,0x89,0x74,0x81,0x32,0xff,0xff,0xbe,0xf7,
0xfe,0xff,0xc5,0x29,0xc5,0x84,0x03,0x64,0xe4,0x84,0xe4,0x7c,0xa0,0x53,0x88,0x8d,
0xe5,0x63,0x63,0x4b,0xc4,0x7c,0xe5,0x7c,0x29,0x74,0xb3,0xbe,0x7d,0xf7,0xff,0xff,
0xff,0xff,0xff,0xff,0xdf,0xff,0x9e,0xef,0x9d,0xf7,0x9e,0xf7,0x9e,0xf7,0xff,0xff,
0xff,0xff,0xff,0xff,0x00,0x00,0x00,0x00,0x00,0x00,0x00,0x00,0x00,0x00,0x00,0x00,
0x00,0x00,0x00,0x00,0x00,0x00,0x00,0x00,0x00,0x00,0x00,0x00,0x9e,0xef,0x9e,0xf7,
0x9e,0xef,0x7d,0xf7,0xfe,0xef,0x63,0x21,0x06,0x7d,0xa5,0x7c,0x07,0x7d,0x43,0x64,
0x64,0x64,0x06,0x7d,0xe6,0x74,0xe2,0x5b,0x87,0x6c,0xe4,0x5b,0x85,0x19,0x9d,0xef,
0xff,0xf7,0xa5,0x29,0xc4,0x7c,0x25,0x8d,0xa4,0x53,0xe4,0x63,0x23,0x3b,0xa5,0x53,
0x83,0x53,0x66,0x74,0xc5,0x74,0x84,0x74,0x6b,0x74,0x93,0xbe,0xdf,0xff,0x9e,0xf7,
0x9e,0xef,0x5d,0xef,0x5d,0xef,0xdf,0xff,0xff,0xff,0xff,0xff,0xff,0xff,0x7e,0xf7,
0x9e,0xef,0x7e,0xf7,0x00,0x00,0x00,0x00,0x00,0x00,0x00,0x00,0x00,0x00,0x00,0x00,
0x00,0x00,0x00,0x00,0x00,0x00,0x00,0x00,0x00,0x00,0x00,0x00,0x9d,0xf7,0x9e,0xf7,
0x9e,0xf7,0xbe,0xf7,0xfe,0xf7,0xc5,0x29,0xa4,0x74,0x84,0x6c,0xc2,0x5b,0x86,0x6c,
0xe4,0x74,0x05,0x75,0x05,0x7d,0xa4,0x6c,0x05,0x7d,0xc4,0x74,0x27,0x53,0xc5,0x3a,
0xfe,0xff,0xf2,0x94,0x44,0x74,0x85,0x74,0x66,0x53,0x01,0x22,0xc3,0x21,0xa3,0x19,
0xc2,0x63,0x24,0x6c,0x24,0x6c,0x45,0x64,0x65,0x42,0xd7,0xce,0xdf,0xff,0xbe,0xf7,
0x58,0xce,0xd6,0xb5,0x17,0xc6,0xff,0xf7,0xde,0xff,0xff,0xff,0xff,0xff,0x9e,0xf7,
0x9d,0xf7,0xbe,0xf7,0x00,0x00,0x00,0x00,0x00,0x00,0x00,0x00,0x00,0x00,0x00,0x00,
0x00,0x00,0x00,0x00,0x00,0x00,0x00,0x00,0x00,0x00,0x00,0x00,0x9e,0xef,0x7e,0xf7,
0x9e,0xef,0x9e,0xf7,0xff,0xf7,0x85,0x29,0xe2,0x3a,0x47,0x74,0xa6,0x6c,0x82,0x53,
0xe4,0x53,0x65,0x6c,0xa4,0x6c,0xa4,0x74,0x67,0x85,0xa4,0x74,0x69,0x64,0x20,0x22,
0x9d,0xe7,0x4f,0x7c,0x26,0x5c,0x05,0x64,0x27,0x4b,0x80,0x19,0xbd,0xf7,0x5b,0xf7,
0xa1,0x21,0x67,0x5b,0x45,0x64,0x45,0x6c,0x64,0x19,0xfe,0xf7,0x7d,0xe7,0x13,0xa5,
0x42,0x09,0xc4,0x21,0xe5,0x21,0xf9,0xce,0x6b,0x53,0x87,0x42,0xdf,0xff,0x7e,0xf7,
0x9e,0xef,0x7e,0xf7,0x00,0x00,0x00,0x00,0x00,0x00,0x00,0x00,0x00,0x00,0x00,0x00,
0x00,0x00,0x00,0x00,0x00,0x00,0x00,0x00,0x00,0x00,0x00,0x00,0x7d,0xf7,0x9e,0xf7,
0x7d,0xf7,0x9e,0xf7,0xff,0xff,0xff,0xff,0x80,0x19,0xa8,0x5b,0xc3,0x74,0x25,0x7d,
0x65,0x53,0xa2,0x32,0xc1,0x5b,0x27,0x7d,0x84,0x6c,0x06,0x75,0xe6,0x63,0xe2,0x3a,
0x25,0x32,0xa3,0x19,0x62,0x19,0xe4,0x19,0x05,0x3a,0x9b,0xef,0xbc,0xff,0xbc,0xff,
0xbd,0xf7,0x84,0x29,0xa5,0x63,0x85,0x53,0xa0,0x10,0xfa,0xd6,0x11,0x95,0x83,0x19,
0xe0,0x19,0xa9,0x74,0xc3,0x21,0xc3,0x19,0x62,0x11,0x42,0x09,0xff,0xff,0xdf,0xff,
0x7d,0xf7,0x9e,0xf7,0x00,0x00,0x00,0x00,0x00,0x00,0x00,0x00,0x00,0x00,0x00,0x00,
0x00,0x00,0x00,0x00,0x00,0x00,0x00,0x00,0x00,0x00,0x00,0x00,0xff,0xff,0xff,0xff,
0xff,0xff,0xdf,0xff,0xbc,0xe7,0xc5,0x29,0xc5,0x6c,0xe5,0x7c,0x46,0x7d,0x04,0x7d,
0x47,0x85,0xe2,0x5b,0xc4,0x32,0xa3,0x3a,0x86,0x64,0xe3,0x5b,0xe5,0x53,0xe5,0x5b,
0x26,0x32,0x9b,0xef,0x9d,0xf7,0x9c,0xff,0x64,0x29,0xbd,0xf7,0x9c,0xf7,0x9b,0xff,
0xfe,0xef,0xa5,0x29,0xa6,0x3a,0xa2,0x19,0xfe,0xf7,0x43,0x19,0x42,0x22,0x45,0x4b,
0xc5,0x6c,0xe5,0x7c,0x25,0x7d,0x25,0x7d,0x44,0x64,0x85,0x6c,0xc4,0x21,0x83,0x19,
0xff,0xff,0xff,0xff,0x00,0x00,0x00,0x00,0x00,0x00,0x00,0x00,0x00,0x00,0x00,0x00,
0x00,0x00,0x00,0x00,0x00,0x00,0x00,0x00,0x00,0x00,0x00,0x00,0xff,0xff,0xff,0xff,
0xff,0xff,0xff,0xff,0x7b,0xe7,0xe5,0x29,0x62,0x6c,0x46,0x85,0x44,0x85,0x04,0x75,
0xe3,0x7c,0x66,0x85,0xe5,0x74,0xe2,0x53,0x81,0x32,0xc6,0x5b,0x83,0x53,0xe5,0x53,
0x22,0x21,0xfe,0xf7,0xdd,0xff,0x9d,0xf7,0x6c,0x9c,0x91,0xbd,0x97,0xde,0xbc,0xff,
0xd4,0xbd,0xe5,0x39,0xc3,0x21,0x05,0x2a,0x63,0x32,0xe5,0x3a,0x22,0x5c,0xe5,0x74,
0xc5,0x74,0x03,0x54,0x46,0x85,0x63,0x64,0x61,0x4b,0x45,0x64,0xc7,0x5b,0xe0,0x19,
0x43,0x21,0xfe,0xf7,0x00,0x00,0x00,0x00,0x00,0x00,0x00,0x00,0x00,0x00,0x00,0x00,
0x00,0x00,0x00,0x00,0x00,0x00,0x00,0x00,0x00,0x00,0x00,0x00,0xff,0xff,0xff,0xff,
0xff,0xff,0xdf,0xff,0x7e,0xef,0x7d,0xf7,0x04,0x22,0xe3,0x29,0xe4,0x53,0x24,0x64,
0xe4,0x53,0xe4,0x5b,0x05,0x54,0x04,0x5c,0x86,0x53,0x82,0x32,0x23,0x3b,0xa5,0x53,
0x44,0x19,0xdd,0xf7,0xbc,0xff,0x15,0xce,0xc0,0xd4,0x21,0xe5,0x09,0xcd,0xec,0xed,
0x6c,0x6b,0x9d,0xf7,0x9c,0xe7,0x64,0x29,0xe1,0x21,0x26,0x4b,0x02,0x5c,0xc5,0x7c,
0xc3,0x4b,0x65,0x6c,0xa2,0x53,0xa6,0x74,0xc4,0x74,0x25,0x85,0xe6,0x74,0x63,0x6c,
0x07,0x4b,0x85,0x42,0x00,0x00,0x00,0x00,0x00,0x00,0x00,0x00,0x00,0x00,0x00,0x00,
0x00,0x00,0x00,0x00,0x00,0x00,0x00,0x00,0x00,0x00,0x00,0x00,0xff,0xff,0xff,0xff,
0xff,0xff,0xff,0xff,0x9e,0xff,0x9e,0xf7,0x00,0x2a,0x28,0x64,0xc4,0x7c,0xc5,0x74,
0x65,0x8d,0x25,0x7d,0x64,0x6c,0x85,0x6c,0x64,0x4b,0xe2,0x32,0xc3,0x3a,0xe4,0x3a,
0xe4,0x29,0x05,0x2a,0x72,0xf6,0xcc,0xb4,0xe7,0xfe,0xa6,0xee,0x45,0xfe,0xc0,0xc4,
0x39,0xf7,0xbc,0xff,0xbb,0xff,0xbc,0xff,0xc1,0x21,0x47,0x4b,0xa4,0x53,0x23,0x3b,
0x83,0x32,0x83,0x2a,0x64,0x4b,0x23,0x3b,0x41,0x43,0x45,0x5c,0x24,0x64,0x44,0x5c,
0xa5,0x42,0xc6,0x3a,0x00,0x00,0x00,0x00,0x00,0x00,0x00,0x00,0x00,0x00,0x00,0x00,
0x00,0x00,0x00,0x00,0x00,0x00,0x00,0x00,0x00,0x00,0x00,0x00,0x9e,0xef,0x7e,0xf7,
0x9e,0xef,0x9e,0xf7,0xff,0xff,0xdf,0xff,0xff,0xef,0x23,0x19,0xe3,0x21,0x85,0x3a,
0xe4,0x5b,0x24,0x64,0x25,0x5c,0xc3,0x53,0x45,0x43,0xa2,0x32,0xa5,0x4b,0x23,0x43,
0xe5,0x21,0x25,0x32,0x93,0xee,0x6a,0xac,0xe1,0xed,0xe1,0xf5,0xa4,0xed,0x20,0xbc,
0x98,0xde,0x9c,0xff,0xbc,0xf7,0x7c,0xff,0xa2,0x19,0x45,0x32,0x43,0x22,0xc4,0x3a,
0xa2,0x53,0x07,0x85,0xe5,0x7c,0xc4,0x7c,0x05,0x7d,0x04,0x85,0xe8,0x5b,0xa0,0x19,
0xa4,0x19,0x47,0x3a,0x00,0x00,0x00,0x00,0x00,0x00,0x00,0x00,0x00,0x00,0x00,0x00,
0x00,0x00,0x00,0x00,0x00,0x00,0x00,0x00,0x00,0x00,0x00,0x00,0x7d,0xf7,0x9e,0xf7,
0x9e,0xf7,0xbe,0xf7,0xff,0xff,0xff,0xff,0xbe,0xff,0xff,0xff,0xfe,0xff,0x64,0x19,
0x43,0x19,0x63,0x19,0x02,0x43,0x64,0x4b,0xc3,0x21,0xc4,0x21,0xa0,0x19,0x67,0x53,
0x22,0x21,0xfe,0xf7,0xbc,0xff,0xb8,0xde,0x82,0xcc,0xc0,0xb3,0x08,0xcd,0xc3,0x9b,
0xb0,0xa4,0xf9,0xe6,0x5a,0xef,0x02,0x19,0xe1,0x29,0x26,0x4b,0x63,0x53,0x26,0x64,
0x65,0x6c,0xc3,0x53,0xa4,0x74,0xc5,0x74,0xc3,0x7c,0x66,0x8d,0x83,0x21,0x83,0x19,
0xba,0xde,0xbe,0xf7,0x00,0x00,0x00,0x00,0x00,0x00,0x00,0x00,0x00,0x00,0x00,0x00,
0x00,0x00,0x00,0x00,0x00,0x00,0x00,0x00,0x00,0x00,0x00,0x00,0x9e,0xef,0x7e,0xf7,
0x9e,0xef,0x9e,0xf7,0xff,0xff,0xdf,0xff,0xff,0xff,0xdf,0xff,0x7e,0xef,0x9e,0xf7,
0x7c,0xdf,0x43,0x21,0xc3,0x19,0x04,0x2a,0xc5,0x29,0xfe,0xf7,0x42,0x11,0xc4,0x21,
0x22,0x19,0x7b,0xef,0x9d,0xf7,0xbe,0xff,0x8d,0x9c,0xf6,0xee,0xb7,0xde,0x19,0xf7,
0x27,0x32,0x64,0x21,0xa4,0x19,0x63,0x19,0xa3,0x32,0x86,0x53,0xc4,0x53,0xe5,0x63,
0x05,0x7d,0xa4,0x74,0x63,0x43,0xe5,0x5b,0xc2,0x53,0x85,0x74,0x68,0x53,0xc2,0x21,
0xbf,0xf7,0x7e,0xf7,0x00,0x00,0x00,0x00,0x00,0x00,0x00,0x00,0x00,0x00,0x00,0x00,
0x00,0x00,0x00,0x00,0x00,0x00,0x00,0x00,0x00,0x00,0x00,0x00,0x7d,0xf7,0xbe,0xf7,
0x9d,0xf7,0xbe,0xf7,0xff,0xff,0xff,0xff,0xdf,0xff,0xff,0xff,0x9c,0xef,0xc5,0x29,
0xc0,0x21,0x29,0x6c,0x44,0x74,0x65,0x6c,0x87,0x53,0xa0,0x11,0xa3,0x21,0x05,0x2a,
0x86,0x4a,0x41,0x19,0xd9,0xe6,0xed,0x83,0x02,0x21,0xfe,0xff,0xbd,0xff,0xde,0xff,
0xbb,0xf7,0xa4,0x29,0x47,0x53,0xc2,0x21,0x61,0x19,0x25,0x2a,0x83,0x53,0xe5,0x5b,
0xc2,0x5b,0x85,0x6c,0xc5,0x7c,0x43,0x64,0xa7,0x5b,0x41,0x22,0x84,0x21,0x2a,0x53,
0x9e,0xff,0x9e,0xef,0x00,0x00,0x00,0x00,0x00,0x00,0x00,0x00,0x00,0x00,0x00,0x00,
0x00,0x00,0x00,0x00,0x00,0x00,0x00,0x00,0x00,0x00,0x00,0x00,0xff,0xff,0xff,0xff,
0xff,0xff,0xdf,0xff,0x7e,0xef,0x7d,0xf7,0x7e,0xe7,0x92,0x94,0xc0,0x19,0xeb,0x8c,
0xe8,0x9d,0x24,0x85,0xe7,0x7c,0xc2,0x5b,0xe6,0x5b,0x43,0x4b,0x83,0x19,0xa3,0x21,
0xa2,0x19,0x86,0x3a,0x23,0x09,0xa4,0x19,0x25,0x3a,0xd4,0xbd,0x9c,0xf7,0x1a,0xef,
0x42,0x11,0xc4,0x29,0x64,0x21,0xfd,0xff,0xff,0xf7,0x64,0x29,0xc3,0x19,0x44,0x2a,
0x64,0x4b,0x44,0x4b,0x03,0x22,0x64,0x32,0xc6,0x3a,0x4c,0x7c,0x71,0x84,0xff,0xff,
0xff,0xff,0xdf,0xff,0x00,0x00,0x00,0x00,0x00,0x00,0x00,0x00,0x00,0x00,0x00,0x00,
0x00,0x00,0x00,0x00,0x00,0x00,0x00,0x00,0x00,0x00,0x00,0x00,0xff,0xff,0xff,0xff,
0xff,0xff,0xff,0xff,0x9d,0xf7,0x9e,0xef,0x7c,0xe7,0x64,0x21,0xe2,0x63,0x69,0x8d,
0x26,0x8d,0x63,0x6c,0x25,0x6c,0xa3,0x53,0x62,0x32,0xe5,0x3a,0x83,0x3a,0x46,0x4b,
0xc1,0x21,0xe6,0x42,0xa0,0x21,0x87,0x5b,0x66,0x5b,0x21,0x2a,0x67,0x4a,0xa8,0x4a,
0xc0,0x31,0xea,0x94,0x64,0xb5,0x03,0x9d,0xe9,0xa4,0xb5,0xf7,0xe3,0x29,0x24,0x2a,
0xe4,0x4a,0xa4,0x3a,0xa2,0x21,0x24,0x2a,0xe5,0x31,0xfd,0xef,0x7d,0xf7,0xff,0xff,
0xff,0xff,0xff,0xff,0x00,0x00,0x00,0x00,0x00,0x00,0x00,0x00,0x00,0x00,0x00,0x00,
0x00,0x00,0x00,0x00,0x00,0x00,0x00,0x00,0x00,0x00,0x00,0x00,0xff,0xff,0xff,0xff,
0xff,0xff,0xdf,0xff,0x9e,0xf7,0x9e,0xf7,0xa1,0x19,0x27,0x4b,0xc5,0x74,0x06,0x85,
0xe5,0x74,0x05,0x85,0x06,0x5c,0x43,0x4b,0x03,0x43,0xa5,0x5b,0x84,0x4b,0xc5,0x5b,
0xc5,0x3a,0x23,0x32,0xe0,0x21,0x0a,0x95,0xa7,0x5b,0xe0,0x29,0xee,0x73,0x84,0x29,
0x80,0x63,0x47,0xa5,0xe7,0x8c,0x61,0x63,0x86,0xa5,0xa6,0xad,0x45,0x2a,0xe3,0x29,
0xe6,0x29,0x56,0xbe,0xbf,0xf7,0x9e,0xf7,0x9e,0xef,0x9e,0xf7,0x7e,0xef,0xff,0xff,
0xff,0xff,0xff,0xff,0x00,0x00,0x00,0x00,0x00,0x00,0x00,0x00,0x00,0x00,0x00,0x00,
0x00,0x00,0x00,0x00,0x00,0x00,0x00,0x00,0x00,0x00,0x00,0x00,0xff,0xff,0xff,0xff,
0xff,0xff,0xff,0xff,0x7d,0xf7,0x9e,0xf7,0x20,0x2a,0x4b,0x8d,0x27,0x8d,0xc1,0x53,
0x03,0x64,0xe6,0x7c,0xc5,0x5b,0x02,0x43,0xc2,0x5b,0xc6,0x74,0x23,0x64,0x64,0x6c,
0xa8,0x7c,0x60,0x2a,0x00,0x32,0xc9,0x8c,0xc7,0x6b,0x82,0x3a,0xb8,0xce,0x64,0x21,
0x63,0x84,0xc5,0x8c,0xcb,0x9c,0x40,0x21,0xe0,0x52,0x2a,0xbe,0x87,0x6b,0xc0,0x29,
0x45,0x3a,0xf8,0xce,0x95,0xb5,0xff,0xff,0x7d,0xf7,0x9e,0xf7,0x7d,0xf7,0xff,0xff,
0xff,0xff,0xff,0xff,0x00,0x00,0x00,0x00,0x00,0x00,0x00,0x00,0x00,0x00,0x00,0x00,
0x00,0x00,0x00,0x00,0x00,0x00,0x00,0x00,0x00,0x00,0x00,0x00,0x9e,0xef,0x7e,0xf7,
0x9e,0xef,0x7e,0xf7,0xdf,0xff,0xff,0xff,0xe0,0x19,0xc7,0x63,0xe2,0x53,0x27,0x8d,
0x69,0x8d,0x20,0x4b,0x00,0x3b,0xc7,0x7c,0xc4,0x6c,0x25,0x85,0x43,0x64,0xc5,0x7c,
0x2b,0x8d,0xe0,0x29,0x20,0x53,0xa8,0xad,0xc3,0x31,0xa7,0x52,0xc4,0x31,0x25,0x42,
0x28,0x9d,0xc0,0x52,0x01,0x29,0xd7,0xee,0x00,0x2a,0x49,0x7c,0xcd,0xad,0x60,0x21,
0x47,0x4b,0xc0,0x21,0x44,0x19,0xbe,0xf7,0xdf,0xf7,0xff,0xff,0xff,0xff,0x7e,0xf7,
0x9e,0xf7,0x9e,0xf7,0x00,0x00,0x00,0x00,0x00,0x00,0x00,0x00,0x00,0x00,0x00,0x00,
0x00,0x00,0x00,0x00,0x00,0x00,0x00,0x00,0x00,0x00,0x00,0x00,0x7d,0xf7,0x9e,0xf7,
0x9e,0xf7,0x9e,0xf7,0xfe,0xf7,0x43,0x19,0xc3,0x7c,0xe7,0x9d,0xe6,0xa5,0x23,0x85,
0xa5,0x5b,0xa1,0x32,0x64,0x95,0xc6,0x95,0x42,0x6c,0xc8,0x95,0xe2,0x63,0x85,0x6c,
0xe7,0x6b,0xc0,0x21,0xc0,0x6b,0xc6,0xa5,0xa3,0x39,0x46,0x42,0x80,0x29,0x48,0x7c,
0xe7,0x83,0xe0,0x39,0x64,0x39,0x64,0x31,0x23,0x32,0x85,0x3a,0x68,0x9d,0x81,0x5b,
0x01,0x85,0x87,0xae,0xeb,0x8c,0xa0,0x19,0xbe,0xff,0xff,0xff,0xff,0xff,0x9e,0xf7,
0x9e,0xf7,0xbe,0xf7,0x00,0x00,0x00,0x00,0x00,0x00,0x00,0x00,0x00,0x00,0x00,0x00,
0x00,0x00,0x00,0x00,0x00,0x00,0x00,0x00,0x00,0x00,0x00,0x00,0x9e,0xef,0x7e,0xf7,
0x9e,0xef,0x9e,0xf7,0xff,0xf7,0xc2,0x10,0xc7,0x95,0x24,0x8d,0x05,0x7d,0xc4,0x7c,
0xe0,0x3a,0xa7,0x7c,0x85,0x8d,0x64,0x95,0x84,0x6c,0xe5,0x7c,0x63,0x6c,0xa4,0x74,
0x84,0x21,0x84,0x21,0xa0,0x63,0x67,0x9d,0x85,0x29,0xa4,0x31,0x80,0x21,0xea,0x94,
0xa4,0x31,0x83,0x31,0x61,0x11,0x07,0x4b,0xc5,0x74,0x80,0x53,0x04,0x64,0x85,0x74,
0x00,0x22,0x4a,0x8d,0x84,0x21,0x64,0x21,0x24,0x21,0xbe,0xf7,0xff,0xff,0x7d,0xf7,
0x9e,0xf7,0x9e,0xf7,0x00,0x00,0x00,0x00,0x00,0x00,0x00,0x00,0x00,0x00,0x00,0x00,
0x00,0x00,0x00,0x00,0x00,0x00,0x00,0x00,0x00,0x00,0x00,0x00,0x9d,0xf7,0x9e,0xf7,
0x9d,0xf7,0xbe,0xf7,0xfe,0xff,0x03,0x11,0x43,0x74,0xc5,0x74,0x67,0x8d,0xa1,0x4b,
0x20,0x4b,0x28,0x85,0x65,0x8d,0x04,0x7d,0x05,0x85,0xa3,0x6c,0xa4,0x5b,0x43,0x4b,
0x64,0x31,0xa5,0x31,0x60,0x63,0x67,0x9d,0x63,0x29,0x64,0x29,0x84,0x84,0x43,0x74,
0x62,0x31,0x86,0x52,0x08,0x74,0xc0,0x21,0xc9,0x8c,0xc0,0x21,0x80,0x29,0x90,0xc6,
0xc5,0x52,0x60,0x19,0xca,0xcd,0x08,0xad,0x44,0x31,0x44,0x29,0x9e,0xff,0x9e,0xf7,
0x9e,0xff,0xbe,0xf7,0x00,0x00,0x00,0x00,0x00,0x00,0x00,0x00,0x00,0x00,0x00,0x00,
0x00,0x00,0x00,0x00,0x00,0x00,0x00,0x00,0x00,0x00,0x00,0x00,0xff,0xff,0xff,0xff,
0xff,0xff,0xdf,0xff,0x9e,0xef,0x9e,0xf7,0x60,0x09,0xcb,0x84,0x07,0x75,0xe2,0x5b,
0x45,0x85,0x24,0x8d,0xc6,0x74,0x43,0x6c,0x43,0x64,0xa5,0x74,0x25,0x32,0xa3,0x21,
0x84,0x31,0xa5,0x39,0xe0,0x63,0xa7,0xa5,0x45,0x21,0xe3,0x18,0x26,0x95,0xe0,0x73,
0x84,0x31,0xa4,0x39,0x03,0x2a,0x44,0x3a,0x60,0x21,0x09,0x7c,0xad,0xbd,0x95,0xff,
0x0b,0xce,0xca,0xcd,0x8e,0xde,0x6e,0xe6,0x24,0x29,0x44,0x31,0x45,0x29,0xbe,0xff,
0xff,0xff,0xff,0xff,0x00,0x00,0x00,0x00,0x00,0x00,0x00,0x00,0x00,0x00,0x00,0x00,
0x00,0x00,0x00,0x00,0x00,0x00,0x00,0x00,0x00,0x00,0x00,0x00,0xff,0xff,0xff,0xff,
0xff,0xff,0xff,0xff,0x7d,0xff,0xc6,0x39,0x00,0x2a,0xaa,0x7c,0x42,0x6c,0xe5,0x7c,
0x65,0x8d,0xc3,0x6c,0x66,0x8d,0x42,0x64,0x46,0x5b,0xc1,0x21,0xa1,0x42,0xc6,0x5b,
0x63,0x31,0x84,0x31,0x60,0x42,0xaa,0xa5,0x44,0x29,0x03,0x19,0x8a,0xad,0x40,0x3a,
0xa4,0x41,0x84,0x39,0xc1,0x5a,0x0e,0xbe,0x28,0xb5,0x31,0xef,0x54,0xff,0x75,0xff,
0x73,0xff,0xd2,0xee,0xcb,0xcd,0xcf,0xe6,0x02,0x31,0x27,0x52,0x44,0x31,0xbe,0xff,
0xff,0xff,0xff,0xff,0x00,0x00,0x00,0x00,0x00,0x00,0x00,0x00,0x00,0x00,0x00,0x00,
0x00,0x00,0x00,0x00,0x00,0x00,0x00,0x00,0x00,0x00,0x00,0x00,0xff,0xff,0xff,0xff,
0xff,0xff,0xff,0xff,0x49,0x52,0xc6,0x49,0x83,0x21,0x05,0x3a,0x04,0x5c,0x44,0x6c,
0x00,0x22,0x69,0x74,0x67,0x53,0x80,0x21,0x24,0x21,0xa5,0x39,0x80,0x19,0x69,0x84,
0xe9,0x73,0xa0,0x31,0xc0,0x29,0xaa,0x94,0xc0,0x21,0xc7,0x6b,0x2a,0x9d,0xc0,0x31,
0xc5,0x41,0x23,0x31,0x21,0x42,0x34,0xef,0xd0,0xe6,0x11,0xf7,0x94,0xff,0x4e,0xde,
0xb3,0xff,0x6e,0xde,0x8f,0xde,0x6b,0xbd,0x23,0x31,0xe6,0x51,0x07,0x52,0x23,0x39,
0xbf,0xf7,0xdf,0xff,0x00,0x00,0x00,0x00,0x00,0x00,0x00,0x00,0x00,0x00,0x00,0x00,
0x00,0x00,0x00,0x00,0x00,0x00,0x00,0x00,0x00,0x00,0x00,0x00,0xff,0xff,0xff,0xff,
0xff,0xff,0xff,0xff,0x27,0x52,0xc6,0x41,0xe5,0x49,0x23,0x29,0x84,0x29,0x85,0x21,
0x64,0x31,0x84,0x31,0x64,0x39,0xc6,0x39,0x64,0x49,0xa5,0x49,0x40,0x21,0xc6,0x4a,
0xc9,0x94,0xa0,0x29,0x80,0x29,0x89,0x8c,0xc0,0x31,0x8b,0xa5,0x07,0x84,0xa0,0x29,
0x64,0x39,0x44,0x29,0xe0,0x39,0x6c,0xa5,0x71,0xff,0xab,0xbd,0x72,0xff,0x29,0xad,
0xd5,0xff,0xa8,0x8c,0x8e,0xde,0x87,0x9c,0x43,0x39,0x06,0x4a,0xc6,0x51,0x03,0x31,
0x9e,0xff,0xff,0xff,0x00,0x00,0x00,0x00,0x00,0x00,0x00,0x00,0x00,0x00,0x00,0x00,
0x00,0x00,0x00,0x00,0x00,0x00,0x00,0x00,0x00,0x00,0x00,0x00,0x9e,0xef,0x7e,0xf7,
0x9e,0xef,0x7d,0xf7,0xcb,0x5a,0x04,0x29,0x64,0x39,0xa5,0x51,0x26,0x62,0xe5,0x61,
0x85,0x49,0x64,0x49,0xe6,0x51,0x64,0x49,0x85,0x41,0x64,0x49,0x65,0x29,0x03,0x21,
0xc8,0x94,0x40,0x42,0x60,0x21,0x48,0x84,0xe0,0x31,0x2a,0x9d,0x27,0x5b,0x60,0x29,
0x65,0x39,0x85,0x49,0x45,0x21,0x81,0x08,0xeb,0xc5,0x6d,0xde,0xcf,0xe6,0xc7,0xac,
0xf2,0xee,0x33,0xff,0xed,0x94,0xa0,0x10,0x24,0x31,0xa6,0x49,0x25,0x29,0x04,0x29,
0x5d,0xe7,0x7e,0xf7,0x00,0x00,0x00,0x00,0x00,0x00,0x00,0x00,0x00,0x00,0x00,0x00,
0x00,0x00,0x00,0x00,0x00,0x00,0x00,0x00,0x00,0x00,0x00,0x00,0x7d,0xf7,0x9e,0xf7,
0x7d,0xf7,0xdf,0xff,0xa9,0x6a,0xe7,0x51,0x46,0x72,0x46,0x6a,0x45,0x72,0x25,0x6a,
0xa5,0x51,0x64,0x41,0x64,0x49,0x85,0x41,0x43,0x41,0x64,0x39,0x84,0x39,0x03,0x21,
0x03,0x7c,0x81,0x63,0x60,0x29,0x8a,0x8c,0x40,0x42,0x0a,0x95,0x47,0x6b,0x80,0x29,
0x24,0x39,0x65,0x39,0x43,0x31,0x64,0x29,0x21,0x4a,0x8f,0xb5,0xae,0xe6,0x6e,0xde,
0x2a,0xad,0x12,0xe7,0x8c,0x94,0x20,0x21,0x63,0x49,0x07,0x5a,0x24,0x29,0x7d,0xf7,
0x7d,0xf7,0x9e,0xf7,0x00,0x00,0x00,0x00,0x00,0x00,0x00,0x00,0x00,0x00,0x00,0x00,
0x00,0x00,0x00,0x00,0x00,0x00,0x00,0x00,0x00,0x00,0x00,0x00,0x9e,0xef,0x7e,0xf7,
0x9e,0xef,0xff,0xff,0x44,0x39,0x07,0x5a,0x87,0x7a,0x86,0x82,0x46,0x6a,0xc4,0x61,
0x85,0x41,0x44,0x41,0x64,0x41,0x64,0x49,0x65,0x39,0x44,0x39,0x45,0x29,0xc2,0x20,
0x83,0x5b,0xa3,0x63,0xa0,0x29,0x8a,0x8c,0x60,0x3a,0x27,0x7c,0xc8,0x5a,0x41,0x29,
0x04,0x29,0x24,0x31,0x86,0x39,0x24,0x31,0xe0,0x18,0x8d,0x94,0x4e,0xd6,0x8f,0xde,
0xa8,0x9c,0x4e,0xd6,0xe8,0x5a,0x42,0x31,0x44,0x39,0x85,0x49,0x45,0x31,0x07,0x4a,
0x9e,0xf7,0x7e,0xf7,0x00,0x00,0x00,0x00,0x00,0x00,0x00,0x00,0x00,0x00,0x00,0x00,
0x00,0x00,0x00,0x00,0x00,0x00,0x00,0x00,0x00,0x00,0x00,0x00,0x7d,0xf7,0x9e,0xf7,
0x9e,0xff,0xff,0xff,0x43,0x49,0x68,0x62,0xc6,0x92,0x07,0x93,0x25,0x62,0x63,0x49,
0x44,0x41,0x64,0x39,0x64,0x41,0x85,0x41,0x65,0x41,0x03,0x31,0xe3,0x28,0xe3,0x20,
0xa0,0x4a,0x06,0x6c,0xa0,0x31,0x69,0x84,0x81,0x3a,0xa6,0x63,0xe7,0x62,0x41,0x21,
0x03,0x31,0x65,0x31,0xa5,0x49,0x24,0x31,0x22,0x29,0x46,0x4a,0xa7,0xa4,0x2e,0xce,
0x4d,0xd6,0x8a,0xbd,0x23,0x31,0xa6,0x39,0x64,0x49,0x65,0x41,0x64,0x39,0x03,0x29,
0x9e,0xff,0xbe,0xf7,0x00,0x00,0x00,0x00,0x00,0x00,0x00,0x00,0x00,0x00,0x00,0x00,
0x00,0x00,0x00,0x00,0x00,0x00,0x00,0x00,0x00,0x00,0x00,0x00,0xdf,0xff,0xdf,0xff,
0xff,0xff,0xff,0xff,0x04,0x29,0x85,0x41,0x26,0x6a,0x46,0x72,0x26,0x6a,0x25,0x72,
0xe6,0x51,0x23,0x41,0x04,0x29,0x24,0x31,0x85,0x41,0x44,0x41,0xe4,0x20,0xc3,0x20,
0x20,0x19,0x48,0x63,0x60,0x21,0x88,0x6b,0xc3,0x42,0x44,0x5b,0x64,0x29,0x43,0x29,
0x65,0x41,0x44,0x41,0x65,0x39,0x44,0x41,0x65,0x31,0x44,0x31,0x85,0x29,0x03,0x21,
0xc3,0x10,0x24,0x21,0x64,0x41,0xa5,0x51,0x64,0x49,0x26,0x6a,0xa6,0x41,0x03,0x31,
0xbf,0xf7,0xdf,0xff,0x00,0x00,0x00,0x00,0x00,0x00,0x00,0x00,0x00,0x00,0x00,0x00,
0x00,0x00,0x00,0x00,0x00,0x00,0x00,0x00,0x00,0x00,0x00,0x00,0xff,0xff,0xff,0xff,
0xff,0xff,0xff,0xff,0x30,0x94,0x44,0x29,0x63,0x49,0xc5,0x51,0xc6,0x8a,0x85,0x7a,
0x46,0x72,0xc4,0x59,0x64,0x41,0x44,0x31,0x03,0x31,0x04,0x29,0x03,0x39,0x64,0x39,
0x24,0x31,0x24,0x29,0x03,0x29,0x04,0x29,0x04,0x31,0x04,0x29,0xe2,0x28,0xa5,0x39,
0x84,0x49,0x44,0x39,0x64,0x41,0x03,0x31,0xe3,0x30,0xa6,0x41,0x64,0x39,0x64,0x31,
0x23,0x31,0x65,0x39,0xc4,0x61,0x87,0x72,0x66,0x72,0xe4,0x61,0x26,0x62,0xa4,0x51,
0x65,0x31,0xdf,0xff,0x00,0x00,0x00,0x00,0x00,0x00,0x00,0x00,0x00,0x00,0x00,0x00,
0x00,0x00,0x00,0x00,0x00,0x00,0x00,0x00,0x00,0x00,0x00,0x00,0xff,0xff,0xdf,0xff,
0xff,0xff,0xbf,0xff,0x24,0x29,0x65,0x39,0x46,0x72,0x25,0x72,0x26,0x6a,0x84,0x59,
0x65,0x41,0x23,0x41,0x02,0x39,0x67,0x72,0x27,0x5a,0xe2,0x38,0xe4,0x20,0xe3,0x28,
0x24,0x31,0xa5,0x49,0x45,0x39,0x03,0x31,0x25,0x29,0x04,0x29,0x44,0x39,0x64,0x41,
0x04,0x29,0xe3,0x28,0xe3,0x28,0x65,0x41,0x47,0x62,0x43,0x49,0x64,0x39,0x64,0x41,
0x07,0x5a,0x43,0x49,0xc5,0x59,0xe5,0x61,0xc5,0x59,0xc5,0x61,0xe5,0x59,0xe5,0x61,
0x45,0x29,0xbf,0xff,0x00,0x00,0x00,0x00,0x00,0x00,0x00,0x00,0x00,0x00,0x00,0x00,
0x00,0x00,0x00,0x00,0x00,0x00,0x00,0x00,0x00,0x00,0x00,0x00,0xff,0xff,0xff,0xff,
0xdf,0xff,0x24,0x21,0x02,0x41,0x47,0x62,0xc7,0x8a,0xc3,0x61,0xe5,0x61,0xa4,0x59,
0x22,0x41,0xe5,0x51,0x45,0x7a,0xc7,0x8a,0x66,0x7a,0xe4,0x69,0xe4,0x69,0x05,0x6a,
0x84,0x51,0xa5,0x51,0x03,0x39,0x85,0x39,0x84,0x49,0x85,0x41,0x03,0x29,0x03,0x29,
0x23,0x39,0x85,0x41,0x63,0x59,0x46,0x6a,0xe7,0x92,0x85,0x7a,0x43,0x49,0xe5,0x51,
0xa6,0x82,0x45,0x72,0x83,0x59,0x46,0x6a,0x05,0x62,0x84,0x49,0x64,0x49,0x64,0x39,
0x03,0x29,0xdf,0xff,0x00,0x00,0x00,0x00,0x00,0x00,0x00,0x00,0x00,0x00,0x00,0x00,
0x00,0x00,0x00,0x00,0x00,0x00,0x00,0x00,0x00,0x00,0x00,0x00,0xbf,0xf7,0x9e,0xf7,
0xbe,0xf7,0x04,0x21,0xe4,0x69,0xa7,0x8a,0x05,0x62,0x05,0x6a,0x46,0x72,0x05,0x72,
0xe5,0x61,0xe5,0x61,0x46,0x6a,0x05,0x72,0xe4,0x61,0x46,0x72,0x46,0x72,0x45,0x7a,
0x26,0x72,0x25,0x72,0x63,0x49,0x67,0x72,0x88,0x72,0x63,0x51,0x24,0x29,0xc3,0x28,
0xc5,0x59,0x67,0x72,0x86,0x7a,0x45,0x7a,0x66,0x72,0x25,0x72,0x26,0x6a,0x26,0x72,
0x46,0x72,0x45,0x7a,0x05,0x6a,0x25,0x72,0x05,0x62,0xa4,0x59,0xa6,0x41,0xe3,0x30,
0xbf,0xf7,0x7e,0xf7,0x00,0x00,0x00,0x00,0x00,0x00,0x00,0x00,0x00,0x00,0x00,0x00,
0x00,0x00,0x00,0x00,0x00,0x00,0x00,0x00,0x00,0x00,0x00,0x00,0x7d,0xf7,0x9e,0xf7,
0x9e,0xff,0x25,0x29,0x25,0x72,0x25,0x6a,0x25,0x6a,0x83,0x51,0x84,0x51,0xc5,0x51,
0x65,0x7a,0xc7,0x82,0x26,0x6a,0x63,0x49,0xc3,0x61,0x66,0x72,0x05,0x72,0x46,0x72,
0xa3,0x59,0x46,0x6a,0x25,0x72,0x46,0x72,0xe4,0x69,0x46,0x6a,0x66,0x7a,0x46,0x6a,
0xc5,0x61,0xc5,0x59,0xa4,0x59,0xc5,0x51,0x23,0x41,0xc5,0x51,0x25,0x72,0x46,0x72,
0x04,0x72,0x46,0x72,0x46,0x72,0x83,0x51,0x62,0x51,0x67,0x6a,0xa5,0x49,0x03,0x31,
0xde,0xff,0xbe,0xf7,0x00,0x00,0x00,0x00,0x00,0x00,0x00,0x00,0x00,0x00,0x00,0x00,
0x00,0x00,0x00,0x00,0x00,0x00,0x00,0x00,0x00,0x00,0x00,0x00,0x9e,0xef,0x7e,0xf7,
0x9e,0xf7,0x45,0x31,0xa5,0x49,0x84,0x51,0x85,0x41,0x24,0x41,0xe2,0x38,0x47,0x6a,
0x06,0x62,0x05,0x6a,0x46,0x6a,0x05,0x6a,0x25,0x6a,0x25,0x72,0xe6,0x51,0x84,0x49,
0x85,0x39,0x85,0x49,0x45,0x72,0x07,0x93,0x05,0x62,0x26,0x72,0xc7,0x82,0x45,0x7a,
0x26,0x62,0xc4,0x61,0x64,0x51,0x47,0x72,0xe6,0x59,0xa4,0x51,0x84,0x49,0x06,0x62,
0xe4,0x69,0xa7,0x82,0xc5,0x59,0x26,0x72,0x27,0x62,0x84,0x51,0x47,0x62,0x63,0x51,
0x45,0x29,0xdf,0xff,0x00,0x00,0x00,0x00,0x00,0x00,0x00,0x00,0x00,0x00,0x00,0x00,
0x00,0x00,0x00,0x00,0x00,0x00,0x00,0x00,0x00,0x00,0x00,0x00,0x9d,0xf7,0x9e,0xf7,
0x7d,0xf7,0x65,0x29,0x43,0x41,0x64,0x41,0x83,0x59,0x67,0x6a,0x05,0x6a,0xe5,0x61,
0xe7,0x92,0x45,0x72,0x25,0x72,0x25,0x6a,0x84,0x49,0xa4,0x49,0x64,0x49,0x64,0x41,
0x05,0x6a,0xc4,0x59,0xc4,0x69,0xc4,0x61,0xe4,0x69,0x25,0x6a,0xe5,0x61,0xa5,0x59,
0x63,0x51,0xe6,0x59,0x46,0x7a,0x25,0x72,0x45,0x72,0x05,0x62,0x44,0x41,0x44,0x39,
0x22,0x49,0x27,0x62,0x26,0x6a,0x83,0x51,0x84,0x51,0xa5,0x51,0x44,0x49,0x64,0x41,
0x24,0x29,0xff,0xff,0x00,0x00,0x00,0x00,0x00,0x00,0x00,0x00,0x00,0x00,0x00,0x00,
0x00,0x00,0x00,0x00,0x00,0x00,0x00,0x00,0x00,0x00,0x00,0x00,0x9e,0xef,0x7d,0xf7,
0x7e,0xef,0xfb,0xe6,0xa6,0x41,0x65,0x41,0xa5,0x51,0xc5,0x59,0x47,0x6a,0x63,0x51,
0x05,0x6a,0x45,0x72,0xa5,0x49,0x84,0x51,0x64,0x41,0x64,0x49,0x26,0x62,0x26,0x6a,
0x87,0x7a,0x25,0x72,0x05,0x6a,0xe5,0x71,0xe5,0x61,0xe4,0x61,0xe5,0x59,0x64,0x51,
0xa5,0x49,0x84,0x51,0x84,0x51,0xe5,0x61,0x05,0x62,0x25,0x72,0xa6,0x49,0x44,0x41,
0x44,0x39,0x64,0x49,0x87,0x72,0xc4,0x61,0x84,0x51,0x06,0x62,0x85,0x41,0x44,0x41,
0x25,0x29,0x9e,0xff,0x00,0x00,0x00,0x00,0x00,0x00,0x00,0x00,0x00,0x00,0x00,0x00,
0x00,0x00,0x00,0x00,0x00,0x00,0x00,0x00,0x00,0x00,0x00,0x00,0x00,0x00,0x00,0x00,
0x00,0x00,0x00,0x00,0x00,0x00,0x00,0x00,0x00,0x00,0x00,0x00,0x00,0x00,0x00,0x00,
0x00,0x00,0x00,0x00,0x00,0x00,0x00,0x00,0x00,0x00,0x00,0x00,0x00,0x00,0x00,0x00,
0x00,0x00,0x00,0x00,0x00,0x00,0x00,0x00,0x00,0x00,0x00,0x00,0x00,0x00,0x00,0x00,
0x00,0x00,0x00,0x00,0x00,0x00,0x00,0x00,0x00,0x00,0x00,0x00,0x00,0x00,0x00,0x00,
0x00,0x00,0x00,0x00,0x00,0x00,0x00,0x00,0x00,0x00,0x00,0x00,0x00,0x00,0x00,0x00,
0x00,0x00,0x00,0x00,0x00,0x00,0x00,0x00,0x00,0x00,0x00,0x00,0x00,0x00,0x00,0x00,
0x00,0x00,0x00,0x00,0x00,0x00,0x00,0x00,0x00,0x00,0x00,0x00,0x00,0x00,0x00,0x00,
0x00,0x00,0x00,0x00,0x00,0x00,0x00,0x00,0x00,0x00,0x00,0x00,0x00,0x00,0x00,0x00,
0x00,0x00,0x00,0x00,0x00,0x00,0x00,0x00,0x00,0x00,0x00,0x00,0x00,0x00,0x00,0x00,
0x00,0x00,0x00,0x00,0x00,0x00,0x00,0x00,0x00,0x00,0x00,0x00,0x00,0x00,0x00,0x00,
0x00,0x00,0x00,0x00,0x00,0x00,0x00,0x00,0x00,0x00,0x00,0x00,0x00,0x00,0x00,0x00,
0x00,0x00,0x00,0x00,0x00,0x00,0x00,0x00,0x00,0x00,0x00,0x00,0x00,0x00,0x00,0x00,
0x00,0x00,0x00,0x00,0x00,0x00,0x00,0x00,0x00,0x00,0x00,0x00,0x00,0x00,0x00,0x00,
0x00,0x00,0x00,0x00,0x00,0x00,0x00,0x00,0x00,0x00,0x00,0x00,0x00,0x00,0x00,0x00,
0x00,0x00,0x00,0x00,0x00,0x00,0x00,0x00,0x00,0x00,0x00,0x00,0x00,0x00,0x00,0x00,
0x00,0x00,0x00,0x00,0x00,0x00,0x00,0x00,0x00,0x00,0x00,0x00,0x00,0x00,0x00,0x00,
0x00,0x00,0x00,0x00,0x00,0x00,0x00,0x00,0x00,0x00,0x00,0x00,0x00,0x00,0x00,0x00,
0x00,0x00,0x00,0x00,0x00,0x00,0x00,0x00,0x00,0x00,0x00,0x00,0x00,0x00,0x00,0x00,
0x00,0x00,0x00,0x00,0x00,0x00,0x00,0x00,0x00,0x00,0x00,0x00,0x00,0x00,0x00,0x00,
0x00,0x00,0x00,0x00,0x00,0x00,0x00,0x00,0x00,0x00,0x00,0x00,0x00,0x00,0x00,0x00,
0x00,0x00,0x00,0x00,0x00,0x00,0x00,0x00,0x00,0x00,0x00,0x00,0x00,0x00,0x00,0x00,
0x00,0x00,0x00,0x00,0x00,0x00,0x00,0x00,0x00,0x00,0x00,0x00,0x00,0x00,0x00,0x00,
0x00,0x00,0x00,0x00,0x00,0x00,0x00,0x00,0x00,0x00,0x00,0x00,0x00,0x00,0x00,0x00,
0x00,0x00,0x00,0x00,0x00,0x00,0x00,0x00,0x00,0x00,0x00,0x00,0x00,0x00,0x00,0x00,
0x00,0x00,0x00,0x00,0x00,0x00,0x00,0x00,0x00,0x00,0x00,0x00,0x00,0x00,0x00,0x00,
0x00,0x00,0x00,0x00,0x00,0x00,0x00,0x00,0x00,0x00,0x00,0x00,0x00,0x00,0x00,0x00,
0x00,0x00,0x00,0x00,0x00,0x00,0x00,0x00,0x00,0x00,0x00,0x00,0x00,0x00,0x00,0x00,
0x00,0x00,0x00,0x00,0x00,0x00,0x00,0x00,0x00,0x00,0x00,0x00,0x00,0x00,0x00,0x00,
0x00,0x00,0x00,0x00,0x00,0x00,0x00,0x00,0x00,0x00,0x00,0x00,0x00,0x00,0xff,0xff,
0xff,0x00,0x00,0x00,0x00,0x00,0x00,0x00,0x00,0x00,0x00,0x00,0x00,0x00,0x00,0x00,
0x00,0x00,0x00,0x00,0x00,0x00,0x00,0x00,0x00,0x00,0x00,0x00,0x00,0x00,0x00,0x00,
0x00,0x00,0x00,0x00,0x00,0x00,0x00,0x00,0x00,0x00,0x00,0x00,0x00,0x00,0x00,0x00,
0x00,0x00,0x00,0x00,0xff,0xff,0xff,0xff,0xff,0xff,0x00,0x00,0x00,0x00,0x00,0x00,
0x00,0x00,0x00,0x00,0x00,0x00,0x00,0x00,0x00,0x00,0x00,0x00,0x00,0x00,0x00,0x00,
0x00,0x00,0x00,0x00,0x00,0x00,0x00,0x00,0x00,0x00,0x00,0x00,0x00,0x00,0x00,0x00,
0x00,0x00,0x00,0x00,0x00,0x00,0x00,0x00,0x00,0x00,0x00,0xff,0xff,0xff,0xff,0xff,
0xff,0xff,0xff,0xff,0x00,0x00,0x00,0x00,0x00,0x00,0x00,0x00,0x00,0x00,0x00,0x00,
0x00,0x00,0x00,0x00,0x00,0x00,0x00,0x00,0x00,0x00,0x00,0x00,0x00,0x00,0x00,0x00,
0x00,0x00,0x00,0x00,0x00,0x00,0x00,0x00,0x00,0x00,0x00,0x00,0x00,0x00,0x00,0x00,
0x00,0x00,0xff,0xff,0xff,0xff,0xff,0xff,0xff,0xff,0xff,0xff,0x00,0x00,0x00,0x00,
0x00,0x00,0x00,0x00,0x00,0x00,0x00,0x00,0x00,0x00,0x00,0x00,0x00,0x00,0x00,0x00,
0x00,0x00,0x00,0x00,0x00,0x00,0x00,0x00,0x00,0x00,0x00,0x00,0x00,0x00,0x00,0xff,
0xff,0xff,0x00,0x00,0x00,0x00,0x00,0x00,0x00,0x00,0xff,0xff,0xff,0xff,0xff,0xff,
0xff,0xff,0xff,0xff,0x00,0xff,0x00,0x00,0x00,0x00,0x00,0x00,0x00,0x00,0x00,0x00,
0x00,0x00,0x00,0x00,0x00,0x00,0x00,0x00,0x00,0x00,0x00,0x00,0x00,0x00,0x00,0x00,
0x00,0x00,0x00,0x00,0x00,0x00,0xff,0xff,0xff,0xff,0xff,0xff,0xff,0x00,0x00,0x00,
0x00,0xff,0xff,0xff,0xff,0xff,0xff,0xff,0xff,0xff,0xff,0xff,0xff,0xff,0x00,0x00,
0x00,0x00,0x00,0x00,0x00,0x00,0x00,0x00,0x00,0x00,0x00,0x00,0x00,0x00,0x00,0x00,
0x00,0x00,0x00,0x00,0x00,0x00,0x00,0x00,0x00,0x00,0x00,0x00,0xff,0xff,0xff,0xff,
0xff,0xff,0xff,0xff,0xff,0xff,0x00,0x00,0x00,0xff,0xff,0xff,0xff,0xff,0xff,0xff,
0xff,0xff,0xff,0xff,0xff,0xff,0x00,0x00,0x00,0x00,0x00,0x00,0x00,0x00,0x00,0x00,
0x00,0x00,0x00,0x00,0x00,0x00,0x00,0x00,0x00,0x00,0x00,0x00,0x00,0x00,0x00,0x00,
0x00,0x00,0x00,0xff,0xff,0xff,0xff,0xff,0xff,0xff,0xff,0xff,0xff,0xff,0xff,0x00,
0x00,0xff,0xff,0xff,0xff,0xff,0xff,0xff,0xff,0xff,0xff,0xff,0xff,0xff,0x00,0x00,
0x00,0x00,0x00,0x00,0x00,0x00,0x00,0x00,0x00,0x00,0x00,0x00,0x00,0x00,0x00,0x00,
0x00,0x00,0x00,0x00,0x00,0x00,0x00,0x00,0x00,0x00,0x00,0xff,0xff,0xff,0xff,0xff,
0xff,0xff,0xff,0xff,0xff,0xff,0xff,0xff,0x00,0xff,0xff,0xff,0xff,0xff,0xff,0xff,
0xff,0xff,0xff,0xff,0xff,0xff,0x00,0x00,0xff,0xff,0xff,0x00,0x00,0x00,0x00,0x00,
0x00,0x00,0x00,0x00,0x00,0x00,0x00,0x00,0x00,0x00,0x00,0x00,0x00,0x00,0x00,0x00,
0x00,0x00,0x00,0xff,0xff,0xff,0xff,0xff,0xff,0xff,0xff,0xff,0xff,0xff,0xff,0xff,
0x00,0xff,0xff,0xff,0xff,0xff,0x00,0x00,0xff,0xff,0xff,0xff,0xff,0x00,0x00,0xff,
0xff,0xff,0xff,0xff,0xff,0xff,0x00,0x00,0x00,0x00,0x00,0x00,0x00,0x00,0x00,0x00,
0x00,0x00,0x00,0x00,0x00,0x00,0x00,0x00,0x00,0x00,0x00,0x00,0xff,0xff,0xff,0xff,
0xff,0xff,0xff,0xff,0xff,0xff,0xff,0xff,0xff,0xff,0xff,0xff,0xff,0x00,0x00,0x00,
0x00,0xff,0xff,0xff,0xff,0x00,0xff,0xff,0xff,0xff,0xff,0xff,0xff,0xff,0x00,0x00,
0x00,0x00,0x00,0x00,0x00,0x00,0x00,0x00,0x00,0x00,0x00,0x00,0x00,0x00,0x00,0x00,
0x00,0x00,0x00,0xff,0xff,0xff,0xff,0xff,0xff,0xff,0xff,0xff,0xff,0xff,0xff,0xff,
0xff,0x00,0x00,0x00,0xff,0x00,0x00,0x00,0x00,0xff,0xff,0xff,0x00,0xff,0xff,0xff,
0xff,0xff,0xff,0xff,0xff,0xff,0xff,0xff,0x00,0x00,0x00,0x00,0x00,0x00,0x00,0x00,
0x00,0x00,0x00,0x00,0x00,0x00,0x00,0x00,0x00,0x00,0x00,0xff,0xff,0xff,0xff,0xff,
0xff,0xff,0xff,0xff,0xff,0xff,0xff,0xff,0xff,0x00,0x00,0x00,0xff,0xff,0xff,0x00,
0xff,0xff,0xff,0xff,0xff,0xff,0xff,0xff,0xff,0xff,0xff,0xff,0xff,0xff,0xff,0xff,
0xff,0x00,0x00,0x00,0x00,0x00,0x00,0x00,0x00,0x00,0x00,0x00,0x00,0x00,0x00,0x00,
0x00,0x00,0x00,0x00,0xff,0xff,0xff,0xff,0xff,0xff,0xff,0xff,0xff,0xff,0xff,0xff,
0xff,0x00,0x00,0xff,0xff,0xff,0xff,0xff,0xff,0x00,0x00,0xff,0xff,0xff,0xff,0xff,
0xff,0xff,0xff,0xff,0xff,0xff,0xff,0xff,0xff,0xff,0x00,0x00,0x00,0x00,0x00,0x00,
0x00,0x00,0x00,0x00,0x00,0x00,0x00,0x00,0x00,0x00,0x00,0x00,0xff,0xff,0xff,0xff,
0xff,0xff,0xff,0xff,0xff,0xff,0xff,0xff,0xff,0xff,0xff,0xff,0xff,0xff,0xff,0xff,
0x00,0x00,0x00,0x00,0xff,0xff,0xff,0xff,0xff,0xff,0xff,0xff,0xff,0xff,0xff,0xff,
0xff,0xff,0x00,0x00,0x00,0x00,0x00,0x00,0x00,0x00,0x00,0x00,0x00,0x00,0x00,0x00,
0x00,0x00,0x00,0x00,0x00,0xff,0xff,0xff,0xff,0xff,0xff,0xff,0xff,0xff,0xff,0xff,
0xff,0xff,0xff,0xff,0xff,0xff,0xff,0xff,0xff,0x00,0x00,0x00,0xff,0xff,0xff,0xff,
0xff,0xff,0xff,0xff,0xff,0xff,0xff,0xff,0xff,0xff,0x00,0x00,0x00,0x00,0x00,0x00,
0x00,0x00,0x00,0x00,0x00,0x00,0x00,0x00,0x00,0x00,0x00,0x00,0x00,0x00,0x00,0xff,
0xff,0xff,0xff,0xff,0xff,0xff,0xff,0xff,0xff,0x00,0x00,0xff,0xff,0xff,0xff,0xff,
0xff,0xff,0x00,0xff,0xff,0xff,0xff,0xff,0xff,0xff,0xff,0xff,0xff,0xff,0xff,0xff,
0xff,0x00,0x00,0x00,0x00,0x00,0x00,0x00,0x00,0x00,0x00,0x00,0x00,0x00,0x00,0x00,
0x00,0x00,0x00,0x00,0x00,0x00,0x00,0x00,0x00,0xff,0xff,0xff,0xff,0x00,0xff,0xff,
0xff,0x00,0x00,0x00,0xff,0xff,0xff,0x00,0xff,0xff,0xff,0xff,0xff,0xff,0xff,0xff,
0xff,0xff,0xff,0xff,0xff,0xff,0xff,0xff,0x00,0x00,0x00,0x00,0x00,0x00,0x00,0x00,
0x00,0x00,0x00,0x00,0x00,0x00,0x00,0x00,0x00,0x00,0x00,0x00,0x00,0x00,0x00,0xff,
0xff,0xff,0xff,0xff,0xff,0xff,0xff,0xff,0xff,0xff,0xff,0xff,0xff,0x00,0x00,0x00,
0x00,0xff,0xff,0xff,0xff,0xff,0xff,0xff,0xff,0xff,0xff,0xff,0xff,0xff,0xff,0xff,
0x00,0x00,0x00,0x00,0x00,0x00,0x00,0x00,0x00,0x00,0x00,0x00,0x00,0x00,0x00,0x00,
0x00,0x00,0x00,0x00,0x00,0xff,0xff,0xff,0xff,0xff,0xff,0xff,0xff,0xff,0xff,0xff,
0xff,0xff,0xff,0xff,0xff,0xff,0x00,0x00,0xff,0xff,0xff,0x00,0x00,0xff,0xff,0xff,
0xff,0xff,0xff,0xff,0xff,0xff,0xff,0x00,0x00,0x00,0x00,0x00,0x00,0x00,0x00,0x00,
0x00,0x00,0x00,0x00,0x00,0x00,0x00,0x00,0x00,0x00,0x00,0x00,0x00,0xff,0xff,0xff,
0xff,0xff,0xff,0xff,0xff,0xff,0xff,0xff,0xff,0xff,0xff,0xff,0xff,0xff,0xff,0xff,
0xff,0xff,0xff,0xff,0xff,0x00,0xff,0xff,0xff,0xff,0xff,0xff,0xff,0x00,0x00,0x00,
0x00,0x00,0x00,0x00,0x00,0x00,0x00,0x00,0x00,0x00,0x00,0x00,0x00,0x00,0x00,0x00,
0x00,0x00,0x00,0x00,0xff,0xff,0xff,0xff,0xff,0xff,0xff,0xff,0xff,0xff,0xff,0xff,
0xff,0xff,0xff,0xff,0xff,0xff,0xff,0xff,0xff,0xff,0xff,0xff,0xff,0xff,0xff,0xff,
0xff,0xff,0x00,0x00,0x00,0x00,0x00,0x00,0x00,0x00,0x00,0x00,0x00,0x00,0x00,0x00,
0x00,0x00,0x00,0x00,0x00,0x00,0x00,0x00,0x00,0x00,0x00,0x00,0xff,0xff,0xff,0xff,
0xff,0xff,0xff,0xff,0xff,0xff,0xff,0xff,0xff,0xff,0xff,0xff,0xff,0xff,0xff,0xff,
0xff,0xff,0xff,0xff,0xff,0xff,0xff,0xff,0xff,0xff,0xff,0x00,0x00,0x00,0x00,0x00,
0x00,0x00,0x00,0x00,0x00,0x00,0x00,0x00,0x00,0x00,0x00,0x00,0x00,0x00,0x00,0x00,
0x00,0x00,0x00,0x00,0xff,0xff,0xff,0xff,0xff,0xff,0xff,0xff,0xff,0xff,0xff,0xff,
0xff,0xff,0xff,0xff,0xff,0xff,0xff,0xff,0xff,0xff,0xff,0xff,0xff,0xff,0xff,0xff,
0xff,0xff,0xff,0x00,0x00,0x00,0x00,0x00,0x00,0x00,0x00,0x00,0x00,0x00,0x00,0x00,
0x00,0x00,0x00,0x00,0x00,0x00,0x00,0x00,0x00,0x00,0x00,0xff,0xff,0xff,0xff,0xff,
0xff,0xff,0xff,0xff,0xff,0xff,0xff,0xff,0xff,0xff,0xff,0xff,0xff,0xff,0xff,0xff,
0xff,0xff,0xff,0xff,0xff,0xff,0xff,0xff,0xff,0xff,0xff,0xff,0x00,0x00,0x00,0x00,
0x00,0x00,0x00,0x00,0x00,0x00,0x00,0x00,0x00,0x00,0x00,0x00,0x00,0x00,0x00,0x00,
0x00,0x00,0x00,0xff,0xff,0xff,0xff,0xff,0xff,0xff,0xff,0xff,0xff,0xff,0xff,0xff,
0xff,0xff,0xff,0xff,0xff,0xff,0xff,0xff,0xff,0xff,0xff,0xff,0xff,0xff,0xff,0xff,
0xff,0xff,0xff,0xff,0xff,0x00,0x00,0x00,0x00,0x00,0x00,0x00,0x00,0x00,0x00,0x00,
0x00,0x00,0x00,0x00,0x00,0x00,0x00,0x00,0x00,0x00,0x00,0xff,0xff,0xff,0xff,0xff,
0xff,0xff,0xff,0xff,0xff,0xff,0xff,0xff,0xff,0xff,0xff,0xff,0xff,0xff,0xff,0xff,
0xff,0xff,0xff,0xff,0xff,0xff,0xff,0xff,0xff,0xff,0xff,0xff,0xff,0xff,0x00,0x00,
0x00,0x00,0x00,0x00,0x00,0x00,0x00,0x00,0x00,0x00,0x00,0x00,0x00,0x00,0x00,0x00,
0x00,0x00,0x00,0x00,0xff,0xff,0xff,0xff,0xff,0xff,0xff,0xff,0xff,0xff,0xff,0xff,
0xff,0xff,0xff,0xff,0xff,0xff,0xff,0xff,0xff,0xff,0xff,0xff,0xff,0xff,0xff,0xff,
0xff,0xff,0xff,0xff,0xff,0xff,0xff,0x00,0x00,0x00,0x00,0x00,0x00,0x00,0x00,0x00,
0x00,0x00,0x00,0x00,0x00,0x00,0x00,0x00,0x00,0x00,0x00,0xff,0xff,0xff,0xff,0xff,
0xff,0xff,0xff,0xff,0xff,0xff,0xff,0xff,0xff,0xff,0xff,0xff,0xff,0xff,0xff,0xff,
0xff,0xff,0xff,0xff,0xff,0xff,0xff,0xff,0xff,0xff,0xff,0xff,0xff,0xff,0xff,0x00,
0x00,0x00,0x00,0x00,0x00,0x00,0x00,0x00,0x00,0x00,0x00,0x00,0x00,0x00,0x00,0x00,
0x00,0x00,0xff,0xff,0xff,0xff,0xff,0xff,0xff,0xff,0xff,0xff,0xff,0xff,0xff,0xff,
0xff,0xff,0xff,0xff,0xff,0xff,0xff,0xff,0xff,0xff,0xff,0xff,0xff,0xff,0xff,0xff,
0xff,0xff,0xff,0xff,0xff,0xff,0xff,0xff,0x00,0x00,0x00,0x00,0x00,0x00,0x00,0x00,
0x00,0x00,0x00,0x00,0x00,0x00,0x00,0x00,0x00,0x00,0xff,0xff,0xff,0xff,0xff,0xff,
0xff,0xff,0xff,0xff,0xff,0xff,0xff,0xff,0xff,0xff,0xff,0xff,0xff,0xff,0xff,0xff,
0xff,0xff,0xff,0xff,0xff,0xff,0xff,0xff,0x00,0xff,0xff,0xff,0xff,0xff,0xff,0xff,
0x00,0x00,0x00,0x00,0x00,0x00,0x00,0x00,0x00,0x00,0x00,0x00,0x00,0x00,0x00,0x00,
0x00,0x00,0xff,0xff,0xff,0xff,0xff,0xff,0xff,0xff,0xff,0xff,0xff,0xff,0xff,0xff,
0xff,0xff,0xff,0xff,0xff,0xff,0xff,0xff,0xff,0xff,0xff,0xff,0xff,0xff,0xff,0xff,
0xff,0xff,0xff,0xff,0xff,0xff,0xff,0xff,0x00,0x00,0x00,0x00,0x00,0x00,0x00,0x00,
0x00,0x00,0x00,0x00,0x00,0x00,0x00,0x00,0x00,0x00,0xff,0xff,0xff,0xff,0xff,0xff,
0xff,0xff,0xff,0xff,0xff,0xff,0xff,0xff,0xff,0xff,0xff,0xff,0xff,0xff,0xff,0xff,
0xff,0xff,0xff,0xff,0xff,0xff,0xff,0xff,0xff,0xff,0xff,0xff,0xff,0xff,0xff,0x00,
0x00,0x00,0x00,0x00,0x00,0x00,0x00,0x00,0x00,0x00,0x00,0x00,0x00,0x00,0x00,0x00,
0x00,0x00,0xff,0xff,0xff,0xff,0xff,0xff,0xff,0xff,0xff,0xff,0xff,0xff,0xff,0xff,
0xff,0xff,0xff,0xff,0xff,0xff,0xff,0xff,0xff,0xff,0xff,0xff,0xff,0xff,0xff,0xff,
0xff,0xff,0xff,0xff,0xff,0xff,0xff,0xff,0x00,0x00,0x00,0x00,0x00,0x00,0x00,0x00,
0x00,0x00,0x00,0x00,0x00,0x00,0x00,0x00,0x00,0x00,0xff,0xff,0xff,0xff,0xff,0xff,
0xff,0xff,0xff,0xff,0xff,0xff,0xff,0xff,0xff,0xff,0xff,0xff,0xff,0xff,0xff,0xff,
0xff,0xff,0xff,0xff,0xff,0xff,0xff,0xff,0xff,0xff,0xff,0xff,0xff,0xff,0xff,0xff,
0x00,0x00,0x00,0x00,0x00,0x00,0x00,0x00,0x00,0x00,0x00,0x00,0x00,0x00,0x00,0x00,
0x00,0x00,0xff,0xff,0xff,0xff,0xff,0xff,0xff,0xff,0xff,0xff,0xff,0xff,0xff,0xff,
0xff,0xff,0xff,0xff,0xff,0xff,0xff,0xff,0xff,0xff,0xff,0xff,0xff,0xff,0xff,0xff,
0xff,0xff,0xff,0xff,0xff,0xff,0xff,0xff,0x00,0x00,0x00,0x00,0x00,0x00,0x00,0x00,
0x00,0x00,0x00,0x00,0x00,0x00,0x00,0x00,0x00,0x00,0xff,0xff,0xff,0xff,0xff,0xff,
0xff,0xff,0xff,0xff,0xff,0xff,0xff,0xff,0xff,0xff,0xff,0xff,0xff,0xff,0xff,0xff,
0xff,0xff,0xff,0xff,0xff,0xff,0xff,0xff,0xff,0xff,0xff,0xff,0xff,0xff,0xff,0xff,
0xff,0x00,0x00,0x00,0x00,0x00,0x00,0x00,0x00,0x00,0x00,0x00,0x00,0x00,0x00,0x00,
0x00,0x00,0xff,0xff,0xff,0xff,0xff,0xff,0xff,0xff,0xff,0xff,0xff,0xff,0xff,0xff,
0xff,0xff,0xff,0xff,0xff,0xff,0xff,0xff,0xff,0xff,0xff,0xff,0xff,0xff,0xff,0xff,
0xff,0xff,0xff,0xff,0xff,0xff,0xff,0xff,0xff,0x00,0x00,0x00,0x00,0x00,0x00,0x00,
0x00,0x00,0x00,0x00,0x00,0x00,0x00,0x00,0x00,0xff,0xff,0xff,0xff,0xff,0xff,0xff,
0xff,0xff,0xff,0xff,0xff,0xff,0xff,0xff,0xff,0xff,0xff,0xff,0xff,0xff,0xff,0xff,
0xff,0xff,0xff,0xff,0xff,0xff,0xff,0xff,0xff,0xff,0xff,0xff,0xff,0xff,0xff,0xff,
0xff,0x00,0x00,0x00,0x00,0x00,0x00,0x00,0x00,0x00,0x00,0x00,0x00,0x00,0x00,0x00,
0x00,0xff,0xff,0xff,0xff,0xff,0xff,0xff,0xff,0xff,0xff,0xff,0xff,0xff,0xff,0xff,
0xff,0xff,0xff,0xff,0xff,0xff,0xff,0xff,0xff,0xff,0xff,0xff,0xff,0xff,0xff,0xff,
0xff,0xff,0xff,0xff,0xff,0xff,0xff,0xff,0x00,0x00,0x00,0x00,0x00,0x00,0x00,0x00,
0x00,0x00,0x00,0x00,0x00,0x00,0x00,0x00,0x00,0xff,0xff,0xff,0xff,0xff,0xff,0xff,
0xff,0xff,0xff,0xff,0xff,0xff,0xff,0xff,0xff,0xff,0xff,0xff,0xff,0xff,0xff,0xff,
0xff,0xff,0xff,0xff,0xff,0xff,0xff,0xff,0xff,0xff,0xff,0xff,0xff,0xff,0xff,0xff,
0x00,0x00,0x00,0x00,0x00,0x00,0x00,0x00,0x00,0x00,0x00,0x00,0x00,0x00,0x00,0x00,
0x00,0xff,0xff,0xff,0xff,0xff,0xff,0xff,0xff,0xff,0xff,0xff,0xff,0xff,0xff,0xff,
0xff,0xff,0xff,0xff,0xff,0xff,0xff,0xff,0xff,0xff,0xff,0xff,0xff,0xff,0xff,0xff,
0xff,0xff,0xff,0xff,0xff,0xff,0xff,0xff,0xff,0x00,0x00,0x00,0x00,0x00,0x00,0x00,
0x00,0x00,0x00,0x00,0x00,0x00,0x00,0x00,0x00,0xff,0xff,0xff,0xff,0xff,0xff,0xff,
0xff,0xff,0xff,0xff,0xff,0xff,0xff,0xff,0xff,0xff,0xff,0xff,0xff,0xff,0xff,0xff,
0xff,0xff,0xff,0xff,0xff,0xff,0xff,0xff,0xff,0xff,0xff,0xff,0xff,0xff,0xff,0xff,
0xff,0x00,0x00,0x00,0x00,0x00,0x00,0x00,0x00,0x00,0x00,0x00,0x00,0x00,0x00,0x00,
0x00,0x00,0xff,0xff,0xff,0xff,0xff,0xff,0xff,0xff,0xff,0xff,0xff,0xff,0xff,0xff,
0xff,0xff,0xff,0xff,0xff,0xff,0xff,0xff,0xff,0xff,0xff,0xff,0xff,0xff,0xff,0xff,
0xff,0xff,0xff,0xff,0xff,0xff,0xff,0xff,0xff,0x00,0x00,0x00,0x00,0x00,0x00,0x00,

};
static const lv_image_dsc_t s_farm_strawberry_2 = {
    .header.magic = LV_IMAGE_HEADER_MAGIC,
    .header.cf = LV_COLOR_FORMAT_RGB565A8,
    .header.flags = 0,
    .header.w = 56,
    .header.h = 52,
    .header.stride = 112,
    .data_size = sizeof(s_farm_strawberry_2_map),
    .data = s_farm_strawberry_2_map,
};

static const LV_ATTRIBUTE_MEM_ALIGN LV_ATTRIBUTE_LARGE_CONST uint8_t s_farm_strawberry_3_map[] = {
0x00,0x00,0x00,0x00,0x00,0x00,0x00,0x00,0x9d,0xf7,0xff,0xff,0xff,0xff,0xff,0xff,
0xff,0xff,0x7e,0xef,0x7d,0xf7,0xbe,0xf7,0xa6,0x41,0x04,0x21,0x43,0x39,0xa5,0x49,
0x84,0x49,0x44,0x41,0xc3,0x28,0x45,0x31,0x24,0x31,0xe4,0x20,0x84,0x51,0xa5,0x49,
0x44,0x41,0x64,0x41,0x44,0x39,0x04,0x29,0x03,0x39,0xa6,0x49,0x84,0x49,0xa5,0x49,
0x64,0x41,0x03,0x29,0x03,0x39,0x65,0x39,0x64,0x49,0xa5,0x49,0xe3,0x28,0x24,0x29,
0x84,0x49,0x84,0x49,0x64,0x41,0x03,0x31,0x2c,0x6b,0xff,0xff,0xff,0xff,0xff,0xff,
0x9d,0xf7,0xbe,0xf7,0x9d,0xf7,0x00,0x00,0x00,0x00,0x00,0x00,0x00,0x00,0x00,0x00,
0x00,0x00,0x00,0x00,0x00,0x00,0x00,0x00,0xff,0xff,0x7e,0xf7,0x9e,0xf7,0x9e,0xf7,
0x9e,0xf7,0xff,0xff,0xff,0xff,0xff,0xff,0xff,0xff,0x5d,0xef,0x8e,0x73,0x65,0x31,
0x46,0x31,0x04,0x29,0x9e,0xf7,0xdf,0xff,0xbe,0xf7,0x9a,0xd6,0x04,0x29,0xe3,0x28,
0x04,0x29,0x04,0x31,0x86,0x31,0xbf,0xff,0x3d,0xe7,0x25,0x31,0x25,0x31,0x45,0x39,
0xc3,0x18,0xdf,0xff,0xdf,0xff,0x24,0x29,0x45,0x31,0x04,0x31,0xdc,0xde,0x7e,0xf7,
0xc3,0x18,0x45,0x31,0x45,0x29,0xdf,0xff,0x9e,0xf7,0x7d,0xf7,0x9e,0xef,0x7e,0xf7,
0xff,0xff,0xff,0xff,0xff,0xff,0x00,0x00,0x00,0x00,0x00,0x00,0x00,0x00,0x00,0x00,
0x00,0x00,0x00,0x00,0x00,0x00,0x00,0x00,0xff,0xff,0x9e,0xf7,0x9e,0xf7,0x9e,0xf7,
0x9e,0xf7,0xff,0xff,0xff,0xff,0xff,0xff,0xff,0xff,0xbe,0xf7,0x9d,0xf7,0xbe,0xf7,
0x9e,0xf7,0xdf,0xf7,0xdf,0xff,0xff,0xff,0xff,0xff,0xff,0xff,0xb2,0x9c,0x72,0x8c,
0x51,0x94,0x92,0x94,0xdf,0xff,0xff,0xff,0xff,0xff,0xbf,0xf7,0xdf,0xff,0xff,0xff,
0x9e,0xf7,0xff,0xff,0xff,0xff,0xff,0xff,0xbe,0xff,0xbe,0xf7,0x7d,0xf7,0xbe,0xf7,
0xde,0xff,0xdf,0xf7,0xbe,0xff,0xff,0xff,0x7d,0xf7,0x9e,0xf7,0x9d,0xf7,0x9e,0xf7,
0xff,0xff,0xff,0xff,0xff,0xff,0x00,0x00,0x00,0x00,0x00,0x00,0x00,0x00,0x00,0x00,
0x00,0x00,0x00,0x00,0x00,0x00,0x00,0x00,0xff,0xff,0x7e,0xf7,0xbe,0xf7,0x9e,0xf7,
0x9e,0xef,0xdf,0xff,0xff,0xff,0xff,0xff,0xff,0xff,0x9e,0xf7,0xbf,0xf7,0x9e,0xf7,
0x9e,0xef,0xdf,0xff,0xff,0xff,0xff,0xff,0xff,0xff,0x9e,0xf7,0x9e,0xf7,0x7d,0xf7,
0x9e,0xf7,0xff,0xff,0xff,0xff,0xff,0xff,0xff,0xff,0x7e,0xf7,0x7e,0xef,0x9e,0xf7,
0xbf,0xf7,0xff,0xff,0xff,0xff,0xff,0xff,0x7e,0xef,0x7d,0xf7,0x9e,0xef,0x9e,0xf7,
0xff,0xff,0xdf,0xff,0xff,0xff,0xff,0xff,0x7e,0xef,0x7e,0xf7,0x9e,0xef,0x9e,0xf7,
0xff,0xff,0xdf,0xff,0xff,0xff,0x00,0x00,0x00,0x00,0x00,0x00,0x00,0x00,0x00,0x00,
0x00,0x00,0x00,0x00,0x00,0x00,0x00,0x00,0xff,0xff,0x9e,0xf7,0x9d,0xf7,0xbe,0xf7,
0x9e,0xf7,0xff,0xff,0xff,0xff,0xff,0xff,0xff,0xff,0x9e,0xf7,0x9e,0xf7,0xbe,0xf7,
0x9d,0xf7,0xff,0xff,0xff,0xff,0xff,0xff,0xff,0xff,0xbe,0xf7,0x9d,0xf7,0x9e,0xf7,
0x7d,0xf7,0xff,0xff,0xff,0xff,0xff,0xff,0xff,0xff,0x9e,0xf7,0x7d,0xf7,0xbe,0xf7,
0xbe,0xff,0xff,0xff,0xff,0xff,0xff,0xff,0x7d,0xf7,0x9e,0xf7,0x9d,0xf7,0xbe,0xf7,
0xff,0xff,0xff,0xff,0xff,0xff,0xff,0xff,0x9d,0xf7,0x9e,0xf7,0x9e,0xf7,0xbe,0xf7,
0xff,0xff,0xff,0xff,0xff,0xff,0x00,0x00,0x00,0x00,0x00,0x00,0x00,0x00,0x00,0x00,
0x00,0x00,0x00,0x00,0x00,0x00,0x00,0x00,0x9e,0xef,0xff,0xff,0xff,0xff,0xff,0xff,
0xff,0xff,0x7d,0xf7,0x9e,0xf7,0x7e,0xf7,0x9e,0xef,0xff,0xff,0xff,0xff,0xdf,0xff,
0xff,0xff,0x9e,0xf7,0x9e,0xf7,0x7e,0xf7,0x9e,0xf7,0xff,0xff,0xff,0xff,0xff,0xff,
0xff,0xff,0x9e,0xf7,0x9e,0xf7,0x7e,0xf7,0x9e,0xef,0xff,0xff,0xff,0xff,0xff,0xff,
0xdf,0xff,0x7e,0xf7,0x9e,0xef,0x9e,0xf7,0xff,0xff,0xff,0xff,0xff,0xff,0xff,0xff,
0x9e,0xef,0x7e,0xf7,0x9e,0xef,0x7e,0xf7,0xff,0xff,0xff,0xff,0xff,0xff,0xff,0xff,
0x9e,0xef,0x7e,0xf7,0x9e,0xef,0x00,0x00,0x00,0x00,0x00,0x00,0x00,0x00,0x00,0x00,
0x00,0x00,0x00,0x00,0x00,0x00,0x00,0x00,0x7d,0xf7,0xff,0xff,0xff,0xff,0xff,0xff,
0xff,0xff,0x9e,0xef,0x9e,0xf7,0x9e,0xf7,0x9e,0xf7,0xff,0xff,0xff,0xff,0xff,0xff,
0xff,0xff,0xbe,0xf7,0x9e,0xf7,0xbe,0xf7,0x9e,0xff,0xff,0xff,0xff,0xff,0xff,0xff,
0xff,0xff,0xbe,0xf7,0x9d,0xf7,0x9e,0xf7,0x9d,0xf7,0xff,0xff,0xff,0xff,0xff,0xff,
0xdf,0xff,0x9e,0xf7,0x9d,0xf7,0xbe,0xf7,0xff,0xff,0xff,0xff,0xff,0xff,0xff,0xff,
0x9e,0xff,0xbe,0xf7,0x9e,0xf7,0x9e,0xf7,0xff,0xff,0xff,0xff,0xff,0xff,0xff,0xff,
0x9d,0xf7,0xbe,0xf7,0x9d,0xf7,0x00,0x00,0x00,0x00,0x00,0x00,0x00,0x00,0x00,0x00,
0x00,0x00,0x00,0x00,0x00,0x00,0x00,0x00,0x9e,0xef,0xdf,0xff,0xff,0xff,0xff,0xff,
0xff,0xff,0x7e,0xf7,0x9e,0xef,0x7e,0xf7,0x9e,0xf7,0xff,0xff,0xff,0xff,0xff,0xff,
0xff,0xff,0x9e,0xf7,0x9e,0xf7,0x7e,0xf7,0xbf,0xf7,0xff,0xff,0xff,0xff,0xff,0xff,
0xff,0xff,0x9e,0xf7,0x7e,0xef,0x7d,0xf7,0x9e,0xf7,0xff,0xff,0xff,0xff,0xdf,0xff,
0xdf,0xff,0x7e,0xf7,0x9e,0xef,0x9e,0xf7,0xff,0xff,0xff,0xff,0xff,0xff,0xdf,0xff,
0x9e,0xf7,0x9e,0xf7,0xbf,0xf7,0x7e,0xf7,0xff,0xff,0xff,0xff,0xff,0xff,0xdf,0xff,
0x9e,0xef,0x7e,0xf7,0x9e,0xef,0x00,0x00,0x00,0x00,0x00,0x00,0x00,0x00,0x00,0x00,
0x00,0x00,0x00,0x00,0x00,0x00,0x00,0x00,0x9e,0xf7,0xff,0xff,0xff,0xff,0xff,0xff,
0xff,0xff,0x9e,0xf7,0x7d,0xf7,0x9e,0xf7,0x9d,0xf7,0xff,0xff,0xff,0xff,0xff,0xff,
0xff,0xff,0x9e,0xf7,0x9d,0xf7,0x9e,0xf7,0x9d,0xf7,0xff,0xff,0xff,0xff,0xff,0xff,
0xde,0xff,0xbe,0xf7,0x04,0x2a,0xe4,0x21,0x06,0x3a,0xfd,0xef,0xdf,0xff,0xff,0xff,
0xdf,0xff,0x9e,0xf7,0x7d,0xf7,0x9e,0xf7,0xff,0xff,0xff,0xff,0xff,0xff,0xff,0xff,
0x9d,0xf7,0xbe,0xf7,0x9e,0xf7,0x9e,0xf7,0xff,0xff,0xff,0xff,0xff,0xff,0xff,0xff,
0x7d,0xf7,0x9e,0xf7,0x9d,0xf7,0x00,0x00,0x00,0x00,0x00,0x00,0x00,0x00,0x00,0x00,
0x00,0x00,0x00,0x00,0x00,0x00,0x00,0x00,0xff,0xff,0x7e,0xf7,0x9e,0xf7,0x7e,0xf7,
0x9e,0xef,0xff,0xff,0xff,0xff,0xff,0xff,0xff,0xff,0x7e,0xf7,0x9e,0xef,0x7e,0xf7,
0x9e,0xef,0xff,0xff,0xff,0xff,0xdf,0xff,0xff,0xff,0x7e,0xf7,0x7e,0xef,0x7d,0xf7,
0x7d,0xe7,0xa6,0x31,0x86,0x8d,0x65,0x8d,0x89,0x6c,0x20,0x2a,0xff,0xff,0x3d,0xef,
0x9e,0xef,0xff,0xff,0xff,0xff,0xdf,0xff,0x9e,0xef,0x9e,0xf7,0x9e,0xf7,0x7e,0xf7,
0xff,0xff,0xff,0xff,0xff,0xff,0xdf,0xff,0x9e,0xef,0x7e,0xf7,0x9e,0xf7,0x7e,0xf7,
0xff,0xff,0xff,0xff,0xff,0xff,0x00,0x00,0x00,0x00,0x00,0x00,0x00,0x00,0x00,0x00,
0x00,0x00,0x00,0x00,0x00,0x00,0x00,0x00,0xff,0xff,0x9e,0xf7,0x9e,0xf7,0x9e,0xf7,
0x9d,0xf7,0xff,0xff,0xff,0xff,0xff,0xff,0xff,0xff,0x9e,0xf7,0x9e,0xf7,0x9e,0xf7,
0x7d,0xf7,0xff,0xff,0xff,0xff,0xff,0xff,0xff,0xff,0x9e,0xf7,0x7d,0xf7,0x7d,0xef,
0x40,0x2a,0x8c,0x95,0xa6,0x95,0xc3,0x74,0x86,0x95,0xe3,0x74,0xc4,0x29,0x22,0x09,
0x9e,0xff,0xff,0xff,0xff,0xff,0xff,0xff,0x9e,0xf7,0xbe,0xf7,0x9d,0xf7,0xbe,0xf7,
0xff,0xff,0xff,0xff,0xff,0xff,0xff,0xff,0x9d,0xf7,0x9e,0xf7,0x9d,0xf7,0xbe,0xf7,
0xff,0xff,0xff,0xff,0xff,0xff,0x00,0x00,0x00,0x00,0x00,0x00,0x00,0x00,0x00,0x00,
0x00,0x00,0x00,0x00,0x00,0x00,0x00,0x00,0xff,0xff,0x7e,0xf7,0x9e,0xf7,0x7e,0xf7,
0x9e,0xf7,0xdf,0xff,0xff,0xff,0xff,0xff,0xff,0xff,0x7e,0xf7,0xbf,0xf7,0x7d,0xf7,
0x7e,0xef,0xdf,0xff,0xff,0xff,0xdf,0xff,0xff,0xff,0x9e,0xf7,0xdb,0xd6,0xf7,0xbd,
0x60,0x2a,0x29,0x8d,0x47,0x85,0xc2,0x5b,0xe6,0x95,0x64,0x8d,0x42,0x4b,0x29,0x8d,
0x44,0x19,0xfe,0xf7,0xff,0xff,0xff,0xff,0x9e,0xef,0x7e,0xf7,0x9e,0xf7,0x9e,0xf7,
0xff,0xff,0xff,0xff,0xff,0xff,0xff,0xff,0x9e,0xef,0x7e,0xf7,0x9e,0xef,0x9e,0xf7,
0xff,0xff,0xff,0xff,0xff,0xff,0x00,0x00,0x00,0x00,0x00,0x00,0x00,0x00,0x00,0x00,
0x00,0x00,0x00,0x00,0x00,0x00,0x00,0x00,0xbe,0xff,0xff,0xff,0xdf,0xff,0xff,0xff,
0xff,0xff,0xbe,0xf7,0x7d,0xf7,0x9e,0xf7,0x9e,0xf7,0xff,0xff,0xa2,0x11,0x82,0x09,
0xe6,0x39,0xfe,0xf7,0xff,0xff,0x7e,0xef,0x7d,0xf7,0xff,0xff,0xa0,0x19,0x67,0x53,
0xc0,0x3a,0xaa,0x95,0xe7,0x84,0x61,0x4b,0xa7,0x95,0x42,0x64,0x65,0x95,0x45,0x85,
0x02,0x19,0xbd,0xe7,0x9e,0xff,0xbe,0xf7,0xdf,0xff,0xff,0xff,0xff,0xff,0xff,0xff,
0xbe,0xff,0xbe,0xf7,0x9d,0xf7,0xbe,0xf7,0xdf,0xff,0xff,0xff,0xdf,0xff,0xff,0xff,
0x9e,0xf7,0xbe,0xf7,0xbe,0xff,0x00,0x00,0x00,0x00,0x00,0x00,0x00,0x00,0x00,0x00,
0x00,0x00,0x00,0x00,0x00,0x00,0x00,0x00,0x9e,0xf7,0xff,0xff,0xff,0xff,0xdf,0xff,
0xff,0xff,0x9e,0xf7,0x7e,0xef,0x5d,0xef,0xbb,0xe7,0x87,0x42,0x25,0x5c,0x25,0x6c,
0xc5,0x19,0x43,0x19,0xa5,0x21,0x7c,0xe7,0xdf,0xf7,0xff,0xff,0xc0,0x19,0x8a,0x74,
0xc1,0x53,0x2a,0xa6,0x08,0x7d,0x61,0x4b,0xc6,0x74,0x64,0x6c,0x66,0x8d,0x04,0x85,
0xe2,0x10,0x3b,0xdf,0xbf,0xf7,0x7e,0xf7,0xdf,0xf7,0xbf,0xff,0xdf,0xf7,0xff,0xff,
0x9f,0xf7,0x7e,0xf7,0x5d,0xe7,0x7d,0xf7,0xdf,0xff,0xff,0xff,0xff,0xff,0xff,0xff,
0x9e,0xf7,0x7e,0xf7,0x9e,0xf7,0x00,0x00,0x00,0x00,0x00,0x00,0x00,0x00,0x00,0x00,
0x00,0x00,0x00,0x00,0x00,0x00,0x00,0x00,0x9d,0xf7,0xff,0xff,0xff,0xff,0xff,0xff,
0xff,0xff,0x9e,0xf7,0xb3,0xad,0x83,0x21,0xa1,0x3a,0x89,0x74,0x24,0x85,0x86,0x8d,
0x48,0x6c,0x00,0x22,0x08,0x6c,0xa0,0x19,0x27,0x42,0xfe,0xf7,0xa0,0x19,0x6b,0x8d,
0xe4,0x84,0xc4,0x7c,0x47,0x8d,0x81,0x4b,0xe1,0x5b,0x67,0x8d,0x69,0x95,0xc0,0x32,
0xa9,0x84,0xc0,0x19,0x9e,0xff,0x7e,0xef,0xdc,0xef,0xc5,0x29,0x45,0x3a,0x5a,0xd7,
0x04,0x2a,0xe3,0x21,0xa4,0x29,0xfe,0xf7,0xff,0xff,0xff,0xff,0xff,0xff,0xff,0xff,
0x9e,0xf7,0xbe,0xf7,0x9e,0xf7,0x00,0x00,0x00,0x00,0x00,0x00,0x00,0x00,0x00,0x00,
0x00,0x00,0x00,0x00,0x00,0x00,0x00,0x00,0x9e,0xef,0xdf,0xff,0xff,0xff,0xff,0xff,
0xff,0xff,0x7e,0xf7,0x40,0x22,0xc9,0x7c,0x45,0x64,0x24,0x64,0xa7,0x8d,0xe3,0x7c,
0xc6,0x74,0x03,0x64,0xc5,0x74,0xa4,0x74,0x65,0x21,0xbe,0xf7,0xc0,0x19,0x2a,0x8d,
0x27,0x85,0xa1,0x5b,0x48,0x85,0x40,0x4b,0x02,0x5c,0x66,0x8d,0xc2,0x53,0xe7,0x7c,
0xca,0x7c,0xa0,0x19,0xbe,0xf7,0xbe,0xff,0x00,0x1a,0x2b,0x8d,0xaa,0x74,0xe0,0x21,
0x26,0x7d,0xe5,0x7c,0x0a,0x7d,0x20,0x2a,0x25,0x22,0x45,0x2a,0xdf,0xff,0xdf,0xff,
0x9e,0xef,0x9e,0xf7,0x9e,0xef,0x00,0x00,0x00,0x00,0x00,0x00,0x00,0x00,0x00,0x00,
0x00,0x00,0x00,0x00,0x00,0x00,0x00,0x00,0xff,0xff,0x9e,0xf7,0x9d,0xf7,0x9e,0xf7,
0x9d,0xf7,0xbe,0xf7,0xc0,0x21,0xa7,0x53,0x64,0x8d,0x65,0x8d,0x66,0x74,0x62,0x4b,
0x21,0x64,0x46,0x85,0xe3,0x5b,0x25,0x64,0x49,0x74,0x00,0x22,0xe0,0x21,0x48,0x6c,
0xc5,0x84,0x03,0x64,0x06,0x64,0xe2,0x32,0xc7,0x7c,0x41,0x4b,0x04,0x85,0x25,0x85,
0x29,0x6c,0xa0,0x11,0x25,0x3a,0xe4,0x29,0xe4,0x7c,0x25,0x7d,0x01,0x64,0x26,0x7d,
0x05,0x85,0x42,0x64,0xa5,0x74,0x85,0x6c,0x64,0x6c,0x44,0x64,0x63,0x21,0xdd,0xef,
0xff,0xff,0xff,0xff,0xff,0xff,0x00,0x00,0x00,0x00,0x00,0x00,0x00,0x00,0x00,0x00,
0x00,0x00,0x00,0x00,0x00,0x00,0x00,0x00,0xff,0xff,0x7e,0xf7,0x9e,0xef,0x7e,0xf7,
0x9e,0xf7,0xdf,0xff,0x36,0xb6,0x43,0x21,0xe4,0x53,0x04,0x64,0x25,0x5c,0x83,0x53,
0xe0,0x3a,0x29,0x85,0x04,0x5c,0x65,0x6c,0x65,0x64,0x03,0x5c,0x42,0x2a,0x46,0x53,
0x43,0x64,0x47,0x8d,0xe4,0x3a,0xa3,0x3a,0x84,0x4b,0x84,0x53,0xc5,0x6c,0xc5,0x7c,
0xc4,0x21,0xc4,0x21,0x84,0x4b,0x26,0x6c,0xc5,0x74,0x43,0x6c,0x24,0x7d,0x23,0x85,
0xa4,0x6c,0xe5,0x7c,0x43,0x64,0x06,0x7d,0xc5,0x74,0x63,0x6c,0x44,0x19,0xbd,0xef,
0xff,0xff,0xff,0xff,0xff,0xff,0x00,0x00,0x00,0x00,0x00,0x00,0x00,0x00,0x00,0x00,
0x00,0x00,0x00,0x00,0x00,0x00,0x00,0x00,0xff,0xff,0x9e,0xf7,0x9e,0xf7,0x9e,0xf7,
0x7d,0xf7,0xff,0xff,0x03,0x22,0xe3,0x19,0x24,0x85,0xe4,0x7c,0x44,0x8d,0x03,0x7d,
0xe7,0x84,0x41,0x43,0xc2,0x3a,0xa6,0x53,0xa7,0x5b,0xe0,0x19,0x62,0x19,0x42,0x11,
0x40,0x2a,0x28,0x64,0xa6,0x5b,0x41,0x2a,0xa1,0x53,0xc6,0x74,0x44,0x64,0x23,0x5c,
0x23,0x2a,0x85,0x2a,0x63,0x6c,0x06,0x7d,0x24,0x64,0x45,0x64,0x48,0x8d,0x20,0x3b,
0x62,0x4b,0x45,0x64,0x45,0x6c,0xa3,0x4b,0xc6,0x42,0x40,0x09,0x5d,0xef,0x9e,0xf7,
0xff,0xff,0xff,0xff,0xff,0xff,0x00,0x00,0x00,0x00,0x00,0x00,0x00,0x00,0x00,0x00,
0x00,0x00,0x00,0x00,0x00,0x00,0x00,0x00,0xff,0xff,0x7e,0xf7,0x9e,0xef,0x7e,0xf7,
0x9e,0xef,0xbf,0xff,0x20,0x22,0x48,0x6c,0x26,0x85,0xa4,0x7c,0x46,0x64,0x83,0x53,
0xc4,0x53,0xa3,0x53,0xa3,0x32,0x65,0x53,0xe5,0x29,0xdc,0xf7,0xde,0xff,0x9d,0xff,
0xb3,0xa5,0xe4,0x31,0x23,0x2a,0xc5,0x42,0xa4,0x53,0xa3,0x53,0x88,0x53,0x00,0x09,
0x98,0xdf,0x67,0x5b,0x65,0x64,0x65,0x6c,0x05,0x5c,0x25,0x64,0x04,0x3b,0x24,0x43,
0x84,0x74,0xc4,0x7c,0x05,0x7d,0x04,0x85,0x89,0x74,0x40,0x32,0xd3,0x94,0x7d,0xef,
0xff,0xff,0xdf,0xff,0xff,0xff,0x00,0x00,0x00,0x00,0x00,0x00,0x00,0x00,0x00,0x00,
0x00,0x00,0x00,0x00,0x00,0x00,0x00,0x00,0x9d,0xf7,0xff,0xff,0xff,0xff,0xff,0xff,
0xff,0xff,0x7e,0xef,0xb0,0x8c,0xa4,0x21,0x60,0x32,0x48,0x6c,0x65,0x95,0x24,0x85,
0x26,0x8d,0x02,0x5c,0xa6,0x5b,0x41,0x2a,0xa4,0x31,0xbc,0xef,0x9c,0xff,0xbd,0xff,
0xb3,0xb5,0x52,0xa5,0xfe,0xff,0xc5,0x29,0x83,0x53,0xa4,0x53,0x63,0x21,0x27,0x32,
0x77,0xe7,0x46,0x53,0xe3,0x5b,0x25,0x5c,0x63,0x32,0x83,0x2a,0x42,0x6c,0xc4,0x74,
0xa3,0x53,0x05,0x5c,0x03,0x64,0x45,0x64,0x68,0x74,0x60,0x2a,0x34,0xa5,0xff,0xff,
0x9d,0xf7,0xbe,0xf7,0x9e,0xf7,0x00,0x00,0x00,0x00,0x00,0x00,0x00,0x00,0x00,0x00,
0x00,0x00,0x00,0x00,0x00,0x00,0x00,0x00,0x9e,0xf7,0xff,0xff,0xff,0xff,0xff,0xff,
0xff,0xff,0x7e,0xf7,0x7d,0xef,0xdf,0xff,0x84,0x6c,0xe6,0x84,0xc5,0x74,0x43,0x6c,
0xe5,0x53,0x83,0x53,0xa5,0x21,0xdd,0xf7,0x19,0xe7,0xab,0x7b,0x79,0xf7,0x13,0xd6,
0xed,0x7b,0xbb,0xff,0xde,0xff,0xbd,0xff,0xe3,0x19,0xe6,0x42,0xa5,0x29,0x9c,0xef,
0x60,0x11,0x06,0x4b,0x45,0x43,0x03,0x43,0x45,0x64,0x04,0x64,0x84,0x6c,0x64,0x6c,
0x45,0x85,0x45,0x8d,0x08,0x64,0xe0,0x21,0xe6,0x29,0x16,0xb6,0xff,0xff,0xdf,0xff,
0x9e,0xf7,0x9e,0xf7,0x9e,0xf7,0x00,0x00,0x00,0x00,0x00,0x00,0x00,0x00,0x00,0x00,
0x00,0x00,0x00,0x00,0x00,0x00,0x00,0x00,0x9e,0xf7,0xff,0xff,0xff,0xff,0xff,0xff,
0xff,0xff,0x9e,0xef,0x9d,0xf7,0x8d,0x6b,0x23,0x2a,0x64,0x2a,0xc2,0x5b,0x86,0x6c,
0x08,0x6c,0x00,0x22,0x9c,0xff,0xde,0xff,0xb8,0xff,0x94,0xe6,0x40,0xdd,0xa6,0xfe,
0xe9,0xcc,0xf1,0xfe,0x9c,0xff,0xbd,0xff,0x24,0x2a,0x45,0x2a,0xc2,0x39,0xaa,0x73,
0x41,0x19,0x46,0x32,0xc3,0x21,0xc3,0x21,0xe3,0x29,0xc3,0x19,0xc4,0x5b,0xe5,0x5b,
0x24,0x6c,0x86,0x74,0x28,0x6c,0xc0,0x19,0xb2,0x94,0xff,0xff,0xff,0xff,0xff,0xff,
0x9e,0xf7,0xbe,0xf7,0x9d,0xf7,0x00,0x00,0x00,0x00,0x00,0x00,0x00,0x00,0x00,0x00,
0x00,0x00,0x00,0x00,0x00,0x00,0x00,0x00,0x9e,0xf7,0xdf,0xff,0xff,0xff,0xff,0xff,
0xff,0xff,0x7d,0xf7,0x9e,0xef,0x9e,0xf7,0xbe,0xf7,0x54,0xad,0x84,0x19,0xa4,0x21,
0xc4,0x19,0xe4,0x29,0x7c,0xf7,0xbc,0xff,0x11,0xde,0xec,0xbc,0xae,0xff,0xaa,0xee,
0x09,0xc5,0xd0,0xfe,0x9c,0xff,0xd9,0xe6,0xe4,0x21,0xa3,0x21,0x66,0x52,0x04,0x52,
0x05,0x32,0xa3,0x29,0xa5,0xd6,0x64,0xd6,0xa6,0xce,0x03,0xc6,0x84,0x19,0x43,0x19,
0x84,0x19,0x63,0x19,0x64,0x19,0x43,0x19,0x39,0xc6,0xdf,0xff,0xff,0xff,0xff,0xff,
0x9e,0xf7,0x7e,0xf7,0x9e,0xef,0x00,0x00,0x00,0x00,0x00,0x00,0x00,0x00,0x00,0x00,
0x00,0x00,0x00,0x00,0x00,0x00,0x00,0x00,0xff,0xff,0x9e,0xf7,0x9d,0xf7,0x9e,0xf7,
0x9e,0xf7,0xff,0xff,0xff,0xff,0xff,0xff,0xde,0xff,0xff,0xff,0xff,0xff,0xff,0xff,
0xdd,0xf7,0x84,0x29,0xa3,0x31,0xbc,0xef,0x53,0xde,0xce,0xac,0xc0,0xdc,0xe1,0xdc,
0x45,0x83,0x93,0xee,0x46,0x3a,0x46,0x32,0x46,0x53,0xa0,0x19,0x24,0x52,0x24,0x4a,
0xa0,0x29,0xac,0xa5,0x45,0x3a,0xa3,0x21,0x22,0x9d,0xc5,0xad,0x86,0x4a,0x41,0x19,
0xad,0xce,0xa0,0x42,0xbe,0xff,0xff,0xff,0x5d,0xf7,0x9e,0xef,0x7d,0xf7,0x9e,0xf7,
0xff,0xff,0xff,0xff,0xff,0xff,0x00,0x00,0x00,0x00,0x00,0x00,0x00,0x00,0x00,0x00,
0x00,0x00,0x00,0x00,0x00,0x00,0x00,0x00,0xff,0xff,0x7e,0xf7,0x9e,0xf7,0x9e,0xf7,
0x9e,0xf7,0xff,0xff,0xff,0xff,0xdf,0xff,0xff,0xf7,0xc2,0x10,0x44,0x2a,0x44,0x32,
0x03,0x22,0x85,0x3a,0x26,0x32,0xc4,0x29,0xb9,0xd6,0x9c,0xf7,0x3a,0xef,0x32,0xb5,
0x1b,0xe7,0xdd,0xff,0xff,0xf7,0x27,0x3a,0x08,0x64,0xa0,0x19,0x25,0x32,0xa2,0x21,
0xec,0xbd,0xa0,0x31,0x03,0x19,0x64,0x31,0xa0,0x21,0x09,0x74,0xec,0xa5,0x80,0x42,
0x80,0x32,0xa8,0x84,0x0d,0x95,0xf9,0xff,0x7e,0xef,0x7e,0xf7,0x9e,0xef,0x7e,0xf7,
0xff,0xff,0xff,0xff,0xff,0xff,0x00,0x00,0x00,0x00,0x00,0x00,0x00,0x00,0x00,0x00,
0x00,0x00,0x00,0x00,0x00,0x00,0x00,0x00,0xff,0xff,0xbe,0xf7,0x9e,0xf7,0xbe,0xf7,
0x9d,0xf7,0xff,0xff,0xfe,0xff,0xe6,0x29,0x60,0x32,0xa9,0x74,0xe4,0x84,0xa3,0x74,
0x82,0x53,0x86,0x6c,0xa6,0x4a,0xfb,0xf7,0xbc,0xff,0xbc,0xff,0xdd,0xff,0x27,0x42,
0xbc,0xff,0xbd,0xff,0xdc,0xf7,0x46,0x3a,0xc6,0x63,0x40,0x2a,0xe2,0x29,0xe6,0x42,
0xcc,0xbd,0xa0,0x31,0x60,0x29,0x47,0x63,0x46,0x53,0x43,0x32,0x63,0x95,0x64,0x95,
0x44,0x21,0x24,0x19,0x84,0x29,0xa5,0x21,0x3c,0xef,0x9e,0xef,0x9d,0xf7,0xbe,0xf7,
0xff,0xff,0xff,0xff,0xff,0xff,0x00,0x00,0x00,0x00,0x00,0x00,0x00,0x00,0x00,0x00,
0x00,0x00,0x00,0x00,0x00,0x00,0x00,0x00,0xff,0xff,0x9e,0xf7,0x9e,0xf7,0x9e,0xf7,
0x9e,0xef,0xdf,0xff,0x37,0xae,0x64,0x19,0x67,0x8d,0xa3,0x7c,0x27,0x64,0x63,0x53,
0x67,0x53,0xe1,0x29,0xa3,0x29,0xae,0x94,0xf9,0xe6,0x7b,0xff,0xc8,0x4a,0xc4,0x31,
0x5b,0xef,0x19,0xef,0x62,0x19,0x25,0x32,0x26,0x43,0xe1,0x21,0xc0,0x29,0xaa,0x8c,
0xa9,0x8c,0xa0,0x31,0x45,0x8d,0x82,0x7c,0x28,0x53,0x61,0x21,0x00,0x43,0x28,0x8d,
0xc2,0x50,0xc6,0x79,0x85,0xa1,0x03,0x99,0x04,0x21,0x9e,0xff,0x9e,0xef,0x9e,0xf7,
0xff,0xff,0xff,0xff,0xff,0xff,0x00,0x00,0x00,0x00,0x00,0x00,0x00,0x00,0x00,0x00,
0x00,0x00,0x00,0x00,0x00,0x00,0x00,0x00,0x9d,0xf7,0xff,0xff,0xff,0xff,0xff,0xff,
0xff,0xff,0x9e,0xf7,0x16,0xb6,0x64,0x19,0x85,0x7c,0x03,0x64,0xc3,0x63,0xc4,0x5b,
0x20,0x3a,0xec,0xad,0xca,0xad,0xa0,0x42,0xe4,0x31,0x25,0x32,0xe3,0x31,0x85,0x3a,
0xc3,0x21,0x05,0x2a,0x46,0x5b,0xc0,0x21,0xe5,0x4a,0xe1,0x21,0xa0,0x31,0x6d,0xc6,
0xc3,0x52,0xe4,0x52,0x05,0x3a,0xa4,0x21,0xe2,0x48,0x44,0x49,0xc5,0x61,0x02,0x41,
0x63,0xc1,0xe5,0xc9,0x85,0xda,0xa2,0xb1,0x65,0x41,0x5c,0xff,0xff,0xff,0xff,0xff,
0x9d,0xf7,0x9e,0xf7,0x9d,0xf7,0x00,0x00,0x00,0x00,0x00,0x00,0x00,0x00,0x00,0x00,
0x00,0x00,0x00,0x00,0x00,0x00,0x00,0x00,0x9e,0xef,0xdf,0xff,0xff,0xff,0xff,0xff,
0xff,0xff,0x9e,0xf7,0xde,0xef,0xa5,0x31,0x25,0x32,0xc4,0x31,0x48,0x53,0x40,0x19,
0x42,0x9d,0xe4,0xb5,0x86,0x42,0xc2,0x31,0xe3,0x42,0x44,0x53,0xc4,0x3a,0x83,0x3a,
0xe0,0x29,0x2a,0x95,0x89,0x84,0x80,0x29,0xc6,0x42,0x60,0x19,0x00,0x74,0x07,0xbe,
0xa5,0x29,0x84,0x29,0x23,0x39,0x44,0x49,0x85,0xa1,0x03,0x99,0xe5,0xe1,0xe4,0xe9,
0x07,0xf3,0x64,0xe2,0xc7,0xda,0x41,0xa9,0xe7,0x79,0xc2,0x58,0xff,0xff,0xff,0xff,
0x9e,0xf7,0x7e,0xf7,0x9e,0xef,0x00,0x00,0x00,0x00,0x00,0x00,0x00,0x00,0x00,0x00,
0x00,0x00,0x00,0x00,0x00,0x00,0x00,0x00,0x9d,0xf7,0xff,0xff,0xff,0xff,0xff,0xff,
0xff,0xff,0xff,0xff,0xe0,0x29,0x8f,0xb6,0x40,0x32,0xab,0x9d,0x63,0x21,0x63,0x19,
0xa6,0xad,0x21,0x74,0x83,0x29,0xa4,0x29,0xe3,0x31,0x04,0x32,0xa3,0x42,0xe4,0x42,
0xc4,0x4a,0x22,0x2a,0xab,0xb5,0xc0,0x29,0x04,0x32,0x62,0x19,0x64,0xad,0xc1,0x94,
0xa1,0x18,0xa5,0x31,0x42,0x99,0xe5,0xa9,0xa5,0xea,0x64,0xda,0x89,0xec,0x8d,0xfd,
0xa5,0xea,0xe3,0xd1,0x84,0xc1,0x84,0xc1,0xc6,0x81,0xc2,0x58,0xff,0xff,0xff,0xff,
0x9d,0xf7,0xbe,0xf7,0x9e,0xf7,0x00,0x00,0x00,0x00,0x00,0x00,0x00,0x00,0x00,0x00,
0x00,0x00,0x00,0x00,0x00,0x00,0x00,0x00,0x9e,0xef,0xdf,0xff,0xff,0xff,0xdf,0xff,
0xff,0xff,0x9e,0xff,0x47,0x32,0x43,0x19,0x49,0x8d,0x00,0x4b,0x83,0x74,0x46,0x95,
0x0a,0x95,0xa0,0x31,0xa0,0x21,0x0d,0xbe,0x06,0xae,0x22,0x9d,0x63,0x29,0x25,0x4a,
0xe6,0x4a,0xc1,0x29,0xe5,0x94,0xe1,0x7b,0xa4,0x21,0x62,0x21,0x67,0xa5,0x20,0x63,
0x62,0x08,0x04,0x21,0x22,0x91,0x66,0xc2,0x66,0xda,0x45,0xda,0x0b,0xfc,0xc2,0xc1,
0xad,0xfd,0x20,0xaa,0x20,0xb2,0xaa,0xfc,0xe7,0x71,0xa2,0x50,0xff,0xff,0xdf,0xff,
0x7e,0xef,0x7e,0xf7,0x9e,0xef,0x00,0x00,0x00,0x00,0x00,0x00,0x00,0x00,0x00,0x00,
0x00,0x00,0x00,0x00,0x00,0x00,0x00,0x00,0xff,0xff,0x9e,0xf7,0x9d,0xf7,0x9e,0xf7,
0x5d,0xf7,0x71,0x8c,0x22,0x21,0xa5,0x29,0x62,0x21,0x25,0x32,0x8d,0xbe,0xe0,0x3a,
0xc7,0x8c,0xa0,0x3a,0x89,0x84,0x60,0x19,0x80,0x42,0x68,0x74,0xc3,0x20,0x65,0x31,
0x65,0x4a,0xc3,0x29,0x60,0x63,0x27,0x95,0x60,0x29,0xa7,0x6b,0x6a,0xa5,0xe0,0x29,
0xa5,0x49,0x03,0x31,0x01,0xa1,0x46,0xc2,0x45,0xe2,0x45,0xd2,0x45,0xe2,0x04,0xd2,
0xe4,0xc9,0x63,0xb1,0x67,0xf3,0xe2,0xc1,0xc6,0x89,0x82,0x58,0xbe,0xff,0x9e,0xf7,
0xff,0xff,0xff,0xff,0xff,0xff,0x00,0x00,0x00,0x00,0x00,0x00,0x00,0x00,0x00,0x00,
0x00,0x00,0x00,0x00,0x00,0x00,0x00,0x00,0xff,0xff,0x7e,0xf7,0x9e,0xef,0x7e,0xf7,
0x7e,0xef,0xc3,0x18,0x44,0xa1,0x64,0xb1,0xe7,0x71,0x81,0x48,0x46,0x3a,0x83,0x29,
0x20,0x2a,0x68,0x7c,0x83,0x3a,0xa7,0x63,0xa8,0x42,0x42,0x19,0xa9,0x8c,0xc0,0x31,
0xc5,0x39,0x84,0x39,0xa0,0x29,0xea,0x94,0x40,0x21,0x8b,0xad,0x49,0x74,0xa0,0x29,
0xa5,0x41,0x23,0x39,0xe2,0x70,0xe6,0x91,0x22,0xc2,0xa7,0xfb,0xa4,0xc1,0xe5,0xd1,
0xe7,0xe2,0x61,0xb9,0xa9,0xf3,0x80,0xb1,0xe7,0x79,0xa2,0x58,0xdf,0xf7,0x9e,0xf7,
0xff,0xff,0xff,0xff,0xff,0xff,0x00,0x00,0x00,0x00,0x00,0x00,0x00,0x00,0x00,0x00,
0x00,0x00,0x00,0x00,0x00,0x00,0x00,0x00,0xff,0xff,0x9e,0xef,0x7d,0xf7,0x9e,0xef,
0x73,0xed,0x67,0x8a,0xe4,0xd1,0x25,0xd2,0xe4,0xd1,0xa4,0xc1,0x02,0x89,0x64,0x91,
0xc1,0x18,0xa5,0x31,0x82,0x41,0xe4,0x41,0x24,0x42,0xa3,0x29,0x24,0x95,0xc2,0x84,
0x43,0x31,0xa4,0x31,0x80,0x29,0xa9,0x84,0xa0,0x39,0x0c,0xbe,0x26,0x5b,0xa0,0x29,
0x63,0x49,0xe5,0x51,0x43,0x49,0xc6,0x51,0xa0,0xc1,0xe6,0xe2,0x60,0xb9,0x67,0xf3,
0x83,0xc9,0x83,0xc1,0x63,0xb9,0xe5,0xc1,0x03,0x31,0xbe,0xff,0x7d,0xf7,0x9e,0xf7,
0xff,0xff,0xff,0xff,0xff,0xff,0x00,0x00,0x00,0x00,0x00,0x00,0x00,0x00,0x00,0x00,
0x00,0x00,0x00,0x00,0x00,0x00,0x00,0x00,0xbf,0xf7,0xdf,0xff,0xdf,0xff,0xdf,0xff,
0x20,0x58,0xa9,0xaa,0x05,0xdb,0x4a,0xfc,0x44,0xd2,0x89,0xfb,0xe4,0xc9,0x83,0xc9,
0x65,0x99,0xa2,0x88,0xa5,0x89,0xc2,0x70,0x64,0x31,0x64,0x39,0x20,0x32,0xe9,0x94,
0x85,0x21,0x03,0x21,0x63,0x19,0x84,0x29,0x80,0x7c,0x05,0xbe,0xa5,0x29,0x43,0x21,
0x84,0x21,0xa4,0x29,0xc6,0x49,0x44,0x41,0x23,0x89,0x84,0x99,0x64,0xc1,0x84,0xc9,
0x63,0xca,0x46,0xf3,0x85,0xa9,0xe2,0xa0,0x04,0x21,0xbe,0xff,0xff,0xff,0xdf,0xff,
0xbf,0xf7,0x9e,0xf7,0xbf,0xf7,0x00,0x00,0x00,0x00,0x00,0x00,0x00,0x00,0x00,0x00,
0x00,0x00,0x00,0x00,0x00,0x00,0x00,0x00,0x9d,0xf7,0xff,0xff,0xff,0xff,0xff,0xff,
0x00,0x58,0x68,0xa2,0x6a,0xfc,0x83,0xca,0x45,0xdb,0x8f,0xfd,0xc0,0xd1,0x67,0xfb,
0x44,0xda,0x81,0xb9,0xe4,0xc1,0x83,0xb1,0x65,0x51,0x03,0x39,0x81,0x31,0xc7,0x52,
0xc0,0x29,0x2b,0x8d,0x86,0x95,0x83,0x6c,0x04,0xae,0x62,0x95,0xc0,0x29,0xc8,0x63,
0x6a,0xa5,0x80,0x3a,0x84,0x49,0x84,0x41,0x03,0x21,0x04,0x21,0xe2,0x98,0xc5,0xb1,
0xa3,0xc9,0x04,0xca,0xa5,0x91,0xc2,0x68,0x03,0x29,0xdf,0xff,0xff,0xff,0xff,0xff,
0x9d,0xf7,0xbe,0xf7,0x9d,0xf7,0x00,0x00,0x00,0x00,0x00,0x00,0x00,0x00,0x00,0x00,
0x00,0x00,0x00,0x00,0x00,0x00,0x00,0x00,0x9e,0xef,0xff,0xff,0xff,0xff,0xdf,0xff,
0x20,0x50,0x67,0xa2,0x05,0xda,0x25,0xe2,0x04,0xda,0x24,0xea,0xa3,0xda,0xe7,0xfb,
0xe5,0xd1,0x42,0xc1,0x49,0xf4,0x00,0xb2,0xa6,0x51,0x23,0x49,0xc6,0x39,0xe2,0x28,
0xc5,0x7c,0x64,0x74,0x64,0x21,0x03,0x21,0xc2,0x7c,0x07,0xa6,0xc5,0x29,0xa1,0x08,
0xa4,0x74,0x66,0x95,0x44,0x19,0x43,0x21,0x84,0x49,0xa5,0x51,0x24,0x21,0x04,0x21,
0x64,0xa9,0x03,0xa1,0xe7,0x81,0x60,0x58,0x04,0x19,0xdf,0xff,0xff,0xff,0xff,0xff,
0x9e,0xef,0x7e,0xf7,0x9e,0xf7,0x00,0x00,0x00,0x00,0x00,0x00,0x00,0x00,0x00,0x00,
0x00,0x00,0x00,0x00,0x00,0x00,0x00,0x00,0x9e,0xf7,0xff,0xff,0xff,0xff,0xff,0xff,
0x20,0x60,0x48,0xa2,0x81,0xca,0xca,0xfc,0x87,0xfb,0x02,0xca,0x24,0xe2,0x85,0xe2,
0xc4,0xd1,0x63,0xc1,0x63,0xb1,0x43,0xa1,0xa5,0x59,0x44,0x49,0x84,0x39,0x23,0x29,
0x03,0x31,0x23,0x29,0xe6,0x79,0x03,0x59,0x21,0x6c,0x86,0x8d,0x43,0x39,0x64,0x39,
0xa3,0x21,0xc4,0x21,0x03,0x39,0x03,0x31,0xa4,0x51,0xa5,0x49,0x85,0x41,0x24,0x31,
0x03,0x29,0x24,0x21,0x03,0x31,0xa6,0x41,0x64,0x41,0x65,0x39,0xff,0xff,0xff,0xff,
0x9e,0xf7,0xbe,0xf7,0x9e,0xf7,0x00,0x00,0x00,0x00,0x00,0x00,0x00,0x00,0x00,0x00,
0x00,0x00,0x00,0x00,0x00,0x00,0x00,0x00,0xff,0xff,0x7d,0xf7,0x9e,0xef,0x9e,0xf7,
0x41,0x40,0x85,0x71,0xe5,0xd1,0x83,0xc9,0xa6,0xe2,0x24,0xda,0x64,0xb9,0x64,0xc1,
0xc2,0xb9,0x27,0xeb,0xa5,0x99,0x23,0x91,0x44,0x29,0xc5,0x41,0x03,0x31,0x65,0x49,
0x84,0xc1,0xe5,0xd9,0xc5,0xc1,0x63,0xb9,0x03,0x11,0x03,0x19,0x03,0x51,0xc5,0x71,
0xa5,0x91,0xe2,0x88,0x44,0x71,0xc2,0x68,0x44,0x31,0x65,0x41,0x64,0x41,0xa5,0x51,
0x03,0x31,0xa5,0x51,0xc5,0x59,0xe5,0x61,0x86,0x41,0x24,0x39,0x7e,0xef,0x7e,0xf7,
0xff,0xff,0xff,0xff,0xff,0xff,0x00,0x00,0x00,0x00,0x00,0x00,0x00,0x00,0x00,0x00,
0x00,0x00,0x00,0x00,0x00,0x00,0x00,0x00,0xff,0xff,0x9e,0xf7,0x9e,0xf7,0xbe,0xf7,
0x3d,0xef,0x62,0x10,0x83,0xc9,0xc4,0xc9,0x45,0xe2,0xa2,0xc9,0xe9,0xf3,0xa0,0xa1,
0x29,0xfc,0x80,0xa9,0x84,0x81,0xa1,0x58,0xa3,0x39,0xe4,0x39,0xa0,0x60,0x09,0xab,
0x21,0xba,0x0d,0xfd,0x04,0xe2,0x24,0xe2,0xe5,0x99,0x02,0x79,0x62,0xb9,0xe5,0xc9,
0xc5,0xc1,0x23,0xa9,0x63,0xa1,0x63,0x99,0x64,0x41,0x64,0x39,0x85,0x49,0x64,0x41,
0xc5,0x59,0xc5,0x51,0x26,0x6a,0xc4,0x51,0x64,0x39,0x44,0x31,0x5d,0xf7,0x9e,0xf7,
0xff,0xff,0xff,0xff,0xff,0xff,0x00,0x00,0x00,0x00,0x00,0x00,0x00,0x00,0x00,0x00,
0x00,0x00,0x00,0x00,0x00,0x00,0x00,0x00,0xff,0xff,0x9e,0xf7,0x9e,0xef,0x7e,0xf7,
0x7e,0xef,0x82,0x10,0x23,0xb1,0xe6,0xd1,0xa3,0xc9,0xc4,0xd1,0x63,0xb9,0x83,0xc1,
0x03,0x91,0x03,0x99,0xe4,0x20,0x25,0x31,0xa4,0x39,0xa4,0x41,0x60,0x50,0x29,0xb3,
0x42,0xc2,0x6b,0xfc,0x12,0xfe,0x05,0xc3,0xc8,0xfb,0x83,0xe2,0x82,0xc2,0xcb,0xfc,
0xe3,0xb9,0x45,0xd2,0x66,0xc2,0x41,0xa1,0x45,0x31,0x24,0x39,0x24,0x39,0xc6,0x51,
0x65,0x41,0x84,0x49,0xc5,0x59,0x26,0x6a,0x45,0x29,0x66,0x39,0x7e,0xef,0x7e,0xf7,
0xff,0xff,0xdf,0xff,0xff,0xff,0x00,0x00,0x00,0x00,0x00,0x00,0x00,0x00,0x00,0x00,
0x00,0x00,0x00,0x00,0x00,0x00,0x00,0x00,0xff,0xff,0x9e,0xf7,0x7d,0xf7,0x9e,0xf7,
0x9d,0xf7,0x75,0xad,0x81,0x58,0xe6,0x81,0xa3,0xc9,0xa4,0xc1,0xa4,0xc9,0x63,0xb1,
0x44,0x61,0x82,0x40,0x23,0x39,0x65,0x39,0x44,0x41,0x65,0x39,0x60,0x50,0x88,0x92,
0x04,0xd2,0x04,0xd2,0xe3,0xd9,0xc6,0xea,0x64,0xea,0x64,0xe2,0x64,0xda,0xe3,0xc9,
0xe4,0xc9,0x83,0xb9,0x63,0xa1,0x23,0x91,0x24,0x39,0x44,0x39,0x64,0x41,0x64,0x39,
0x64,0x49,0x64,0x41,0x45,0x72,0x05,0x6a,0x85,0x41,0xc3,0x20,0x7d,0xf7,0xbe,0xf7,
0xff,0xff,0xff,0xff,0xff,0xff,0x00,0x00,0x00,0x00,0x00,0x00,0x00,0x00,0x00,0x00,
0x00,0x00,0x00,0x00,0x00,0x00,0x00,0x00,0x9e,0xef,0xdf,0xff,0xff,0xff,0xff,0xff,
0xff,0xff,0x9e,0xf7,0x96,0xb5,0xc3,0x20,0x84,0xb1,0x43,0xb1,0xa7,0x69,0x41,0x48,
0x04,0x29,0x04,0x31,0x44,0x39,0x24,0x39,0x44,0x39,0x24,0x39,0x24,0x29,0x03,0x29,
0xe1,0xb1,0x4a,0xfc,0xe5,0xc9,0xc4,0xd1,0x05,0xda,0xc3,0xd1,0x46,0xda,0x62,0xc9,
0x84,0xb1,0x84,0xb1,0x07,0x82,0x81,0x58,0x25,0x29,0xe3,0x28,0x04,0x29,0x04,0x31,
0x64,0x51,0x67,0x72,0x46,0x6a,0x25,0x6a,0xa6,0x41,0xc2,0x30,0xff,0xff,0xff,0xff,
0x9e,0xef,0x9e,0xf7,0x9e,0xef,0x00,0x00,0x00,0x00,0x00,0x00,0x00,0x00,0x00,0x00,
0x00,0x00,0x00,0x00,0x00,0x00,0x00,0x00,0x9d,0xf7,0xff,0xff,0xff,0xff,0xff,0xff,
0xff,0xff,0x7d,0xef,0x5d,0xf7,0x04,0x21,0x43,0x69,0x63,0x69,0x44,0x49,0xe3,0x38,
0x44,0x39,0x44,0x31,0x03,0x39,0x65,0x39,0x44,0x39,0x64,0x39,0x64,0x39,0x03,0x29,
0xa1,0xb9,0x85,0xca,0xa5,0xe2,0xe3,0xc1,0x03,0xda,0x65,0xda,0x63,0xc1,0x84,0xc1,
0x45,0xca,0x83,0xa9,0x85,0x69,0xc3,0x48,0x44,0x39,0x24,0x29,0xa4,0x51,0xe5,0x59,
0x05,0x72,0x26,0x6a,0x05,0x6a,0x46,0x6a,0xc5,0x59,0x64,0x41,0x65,0x31,0xdf,0xff,
0x9d,0xf7,0xbe,0xf7,0x7d,0xf7,0x00,0x00,0x00,0x00,0x00,0x00,0x00,0x00,0x00,0x00,
0x00,0x00,0x00,0x00,0x00,0x00,0x00,0x00,0x9e,0xf7,0xdf,0xff,0xff,0xff,0xff,0xff,
0xff,0xff,0x3d,0xef,0xbf,0xff,0x03,0x29,0xa5,0x49,0x64,0x41,0x85,0x41,0x44,0x41,
0x64,0x39,0x64,0x41,0x65,0x41,0x44,0x41,0x64,0x39,0x85,0x41,0x65,0x39,0x24,0x39,
0x61,0x58,0xc6,0x89,0x86,0xd2,0xe3,0xc9,0x27,0xe3,0xe2,0xc1,0xa9,0xeb,0x60,0xa9,
0x68,0xe3,0x80,0xa9,0xc3,0x20,0x24,0x31,0xa5,0x49,0x44,0x41,0x66,0x72,0x66,0x7a,
0xe6,0x51,0x23,0x41,0xe6,0x51,0x84,0x51,0x45,0x39,0x24,0x39,0x25,0x21,0xbe,0xff,
0x9e,0xf7,0x9e,0xf7,0x9e,0xef,0x00,0x00,0x00,0x00,0x00,0x00,0x00,0x00,0x00,0x00,
0x00,0x00,0x00,0x00,0x00,0x00,0x00,0x00,0x9e,0xf7,0xff,0xff,0xff,0xff,0xff,0xff,
0xff,0xff,0x7d,0xef,0x03,0x31,0x65,0x31,0x84,0x51,0x64,0x49,0x64,0x49,0x64,0x41,
0x23,0x41,0x85,0x41,0x84,0x49,0x64,0x41,0x44,0x41,0x64,0x39,0x03,0x39,0x44,0x39,
0xa1,0x50,0xe6,0x71,0xc3,0xc9,0x24,0xd2,0x07,0xeb,0xc2,0xb1,0xc7,0xeb,0xa0,0xa1,
0xa3,0xa9,0xa3,0xa1,0x23,0x31,0x64,0x31,0x84,0x49,0x23,0x39,0x85,0x82,0x65,0x7a,
0x06,0x62,0x63,0x41,0xa5,0x59,0xa4,0x49,0x44,0x41,0x44,0x39,0xa2,0x18,0xdf,0xff,
0x9e,0xf7,0xbe,0xf7,0x9d,0xf7,0x00,0x00,0x00,0x00,0x00,0x00,0x00,0x00,0x00,0x00,
0x00,0x00,0x00,0x00,0x00,0x00,0x00,0x00,0xff,0xff,0x7e,0xf7,0x9e,0xef,0x7e,0xf7,
0x7e,0xef,0xdf,0xff,0x23,0x39,0x68,0x6a,0x46,0x6a,0xe4,0x69,0x85,0x49,0x64,0x49,
0xe5,0x59,0x84,0x59,0x05,0x6a,0x25,0x72,0x06,0x6a,0x05,0x72,0xc5,0x51,0x63,0x51,
0x45,0x29,0xc3,0x28,0x22,0xa9,0xa4,0xc1,0xc3,0xb9,0x86,0xda,0xe5,0xb9,0x42,0xb1,
0x05,0x49,0xc3,0x40,0x45,0x39,0x65,0x41,0x26,0x6a,0x05,0x6a,0x05,0x6a,0x05,0x72,
0x46,0x6a,0xa4,0x61,0xe5,0x59,0xc4,0x59,0x86,0x41,0xe3,0x30,0x7e,0xef,0x9e,0xf7,
0xff,0xff,0xff,0xff,0xff,0xff,0x00,0x00,0x00,0x00,0x00,0x00,0x00,0x00,0x00,0x00,
0x00,0x00,0x00,0x00,0x00,0x00,0x00,0x00,0xff,0xff,0x9e,0xf7,0x9d,0xf7,0x9e,0xf7,
0x7d,0xf7,0xff,0xff,0x02,0x39,0x27,0x5a,0x46,0x72,0xe5,0x59,0x84,0x51,0x64,0x41,
0x45,0x7a,0x05,0x6a,0x25,0x72,0x25,0x6a,0x45,0x7a,0x45,0x72,0xe5,0x61,0xa4,0x51,
0x64,0x39,0x03,0x29,0xa3,0x89,0xe4,0x91,0x81,0xb1,0xa6,0xd2,0x83,0xa9,0x83,0xa1,
0x03,0x31,0x44,0x39,0x44,0x39,0x85,0x41,0x25,0x72,0x86,0x7a,0x25,0x72,0x25,0x6a,
0x45,0x72,0x05,0x6a,0xa4,0x59,0x26,0x62,0xa5,0x49,0x23,0x31,0x38,0xce,0x9e,0xf7,
0xdf,0xff,0xff,0xff,0xff,0xff,0x00,0x00,0x00,0x00,0x00,0x00,0x00,0x00,0x00,0x00,
0x00,0x00,0x00,0x00,0x00,0x00,0x00,0x00,0xff,0xff,0x7e,0xf7,0x9e,0xef,0x7e,0xf7,
0x7e,0xef,0xbf,0xff,0xe3,0x28,0x65,0x39,0x84,0x41,0xc5,0x51,0x26,0x62,0x05,0x6a,
0x46,0x72,0x04,0x72,0xc5,0x59,0xe5,0x69,0x05,0x62,0x05,0x6a,0x85,0x41,0x24,0x41,
0xc5,0x51,0x84,0x51,0x85,0x41,0x03,0x31,0x44,0x69,0x64,0x71,0x85,0x51,0x03,0x49,
0x65,0x41,0x64,0x41,0xc5,0x51,0xa5,0x59,0x45,0x39,0x65,0x41,0x05,0x62,0x05,0x6a,
0x05,0x6a,0x45,0x72,0x06,0x5a,0x63,0x49,0xa5,0x49,0xa5,0x51,0x25,0x29,0x5d,0xf7,
0xff,0xff,0xdf,0xff,0xff,0xff,0x00,0x00,0x00,0x00,0x00,0x00,0x00,0x00,0x00,0x00,
0x00,0x00,0x00,0x00,0x00,0x00,0x00,0x00,0xff,0xff,0x9e,0xf7,0x9d,0xf7,0x9e,0xf7,
0x7d,0xf7,0xdf,0xff,0x81,0x18,0x85,0x39,0x83,0x51,0xe5,0x59,0x25,0x72,0x05,0x62,
0x07,0x93,0x24,0x72,0xe4,0x69,0x66,0x72,0xa4,0x59,0x84,0x49,0x02,0x39,0x64,0x41,
0x05,0x6a,0xa4,0x51,0x84,0x49,0x64,0x39,0x24,0x31,0x45,0x31,0x23,0x31,0x85,0x39,
0x84,0x49,0xa4,0x49,0xe5,0x69,0x05,0x62,0x23,0x39,0x64,0x39,0x63,0x51,0x47,0x62,
0x04,0x72,0x46,0x72,0xe5,0x59,0xa4,0x49,0x84,0x49,0xa5,0x49,0x24,0x31,0x7d,0xf7,
0xff,0xff,0xff,0xff,0xff,0xff,0x00,0x00,0x00,0x00,0x00,0x00,0x00,0x00,0x00,0x00,
0x00,0x00,0x00,0x00,0x00,0x00,0x00,0x00,0x9e,0xef,0xff,0xff,0xff,0xff,0xdf,0xff,
0xff,0xff,0x7d,0xf7,0xff,0xff,0x45,0x31,0x84,0x49,0xa5,0x59,0xa5,0x49,0xc5,0x51,
0x26,0x62,0x83,0x59,0xa5,0x49,0x84,0x49,0x65,0x39,0x23,0x39,0xe5,0x61,0x46,0x7a,
0x66,0x7a,0x05,0x72,0xa5,0x49,0x64,0x49,0x85,0x41,0x44,0x41,0x65,0x41,0x64,0x49,
0x05,0x62,0xe5,0x61,0xe5,0x59,0xe5,0x61,0x65,0x41,0x64,0x49,0x24,0x31,0x85,0x49,
0x84,0x49,0xe5,0x59,0xe6,0x51,0x64,0x49,0x65,0x39,0x03,0x39,0x82,0x10,0xbe,0xff,
0x9e,0xf7,0x9e,0xf7,0x9e,0xef,0x00,0x00,0x00,0x00,0x00,0x00,0x00,0x00,0x00,0x00,
0x00,0x00,0x00,0x00,0x00,0x00,0x00,0x00,0x00,0x00,0x00,0x00,0xff,0xff,0xff,0xff,
0xff,0xff,0xff,0xff,0xff,0xff,0xff,0xff,0xff,0xff,0xff,0xff,0xff,0xff,0xff,0xff,
0xff,0xff,0xff,0xff,0xff,0xff,0xff,0xff,0xff,0xff,0xff,0xff,0xff,0x00,0x00,0x00,
0x00,0x00,0x00,0x00,0x00,0x00,0x00,0x00,0x00,0x00,0x00,0x00,0x00,0x00,0x00,0x00,
0x00,0x00,0x00,0x00,0x00,0x00,0xff,0xff,0xff,0xff,0x00,0x00,0x00,0xff,0xff,0xff,
0xff,0xff,0xff,0x00,0x00,0xff,0xff,0xff,0xff,0x00,0x00,0xff,0xff,0xff,0x00,0x00,
0xff,0xff,0xff,0x00,0x00,0x00,0x00,0x00,0x00,0x00,0x00,0x00,0x00,0x00,0x00,0x00,
0x00,0x00,0x00,0x00,0x00,0x00,0x00,0x00,0x00,0x00,0x00,0x00,0x00,0x00,0x00,0x00,
0x00,0x00,0x00,0x00,0x00,0x00,0xff,0xff,0xff,0xff,0x00,0x00,0x00,0x00,0x00,0x00,
0x00,0x00,0x00,0x00,0x00,0x00,0x00,0x00,0x00,0x00,0x00,0x00,0x00,0x00,0x00,0x00,
0x00,0x00,0x00,0x00,0x00,0x00,0x00,0x00,0x00,0x00,0x00,0x00,0x00,0x00,0x00,0x00,
0x00,0x00,0x00,0x00,0x00,0x00,0x00,0x00,0x00,0x00,0x00,0x00,0x00,0x00,0x00,0x00,
0x00,0x00,0x00,0x00,0x00,0x00,0x00,0x00,0x00,0x00,0x00,0x00,0x00,0x00,0x00,0x00,
0x00,0x00,0x00,0x00,0x00,0x00,0x00,0x00,0x00,0x00,0x00,0x00,0x00,0x00,0x00,0x00,
0x00,0x00,0x00,0x00,0x00,0x00,0x00,0x00,0x00,0x00,0x00,0x00,0x00,0x00,0x00,0x00,
0x00,0x00,0x00,0x00,0x00,0x00,0x00,0x00,0x00,0x00,0x00,0x00,0x00,0x00,0x00,0x00,
0x00,0x00,0x00,0x00,0x00,0x00,0x00,0x00,0x00,0x00,0x00,0x00,0x00,0x00,0x00,0x00,
0x00,0x00,0x00,0x00,0x00,0x00,0x00,0x00,0x00,0x00,0x00,0x00,0x00,0x00,0x00,0x00,
0x00,0x00,0x00,0x00,0x00,0x00,0x00,0x00,0x00,0x00,0x00,0x00,0x00,0x00,0x00,0x00,
0x00,0x00,0x00,0x00,0x00,0x00,0x00,0x00,0x00,0x00,0x00,0x00,0x00,0x00,0x00,0x00,
0x00,0x00,0x00,0x00,0x00,0x00,0x00,0x00,0x00,0x00,0x00,0x00,0x00,0x00,0x00,0x00,
0x00,0x00,0x00,0x00,0x00,0x00,0x00,0x00,0x00,0x00,0x00,0x00,0x00,0x00,0x00,0x00,
0x00,0x00,0x00,0x00,0x00,0x00,0x00,0x00,0x00,0x00,0x00,0x00,0x00,0x00,0x00,0x00,
0x00,0x00,0x00,0x00,0x00,0x00,0x00,0x00,0x00,0x00,0x00,0x00,0x00,0x00,0x00,0x00,
0x00,0x00,0x00,0x00,0x00,0x00,0x00,0x00,0x00,0x00,0x00,0x00,0x00,0x00,0x00,0x00,
0x00,0x00,0x00,0x00,0x00,0x00,0x00,0x00,0x00,0x00,0x00,0x00,0x00,0x00,0x00,0x00,
0x00,0x00,0x00,0x00,0x00,0x00,0x00,0x00,0x00,0x00,0x00,0x00,0x00,0x00,0x00,0x00,
0x00,0x00,0x00,0x00,0x00,0x00,0x00,0x00,0x00,0x00,0x00,0x00,0x00,0x00,0x00,0x00,
0x00,0x00,0x00,0x00,0x00,0x00,0x00,0x00,0x00,0x00,0x00,0x00,0x00,0x00,0x00,0x00,
0x00,0x00,0x00,0x00,0x00,0x00,0x00,0x00,0x00,0x00,0xff,0xff,0xff,0x00,0x00,0x00,
0x00,0x00,0x00,0x00,0x00,0x00,0x00,0x00,0x00,0x00,0x00,0x00,0x00,0x00,0x00,0x00,
0x00,0x00,0x00,0x00,0x00,0x00,0x00,0x00,0x00,0x00,0x00,0x00,0x00,0x00,0x00,0x00,
0x00,0x00,0x00,0x00,0x00,0x00,0x00,0x00,0x00,0x00,0x00,0x00,0x00,0x00,0x00,0x00,
0x00,0xff,0xff,0xff,0xff,0xff,0x00,0x00,0x00,0x00,0x00,0x00,0x00,0x00,0x00,0x00,
0x00,0x00,0x00,0x00,0x00,0x00,0x00,0x00,0x00,0x00,0x00,0x00,0x00,0x00,0x00,0x00,
0x00,0x00,0x00,0x00,0x00,0x00,0x00,0x00,0x00,0x00,0x00,0x00,0x00,0x00,0x00,0x00,
0x00,0x00,0x00,0x00,0x00,0x00,0x00,0x00,0xff,0xff,0xff,0xff,0xff,0xff,0xff,0xff,
0x00,0x00,0x00,0x00,0x00,0x00,0x00,0x00,0x00,0x00,0x00,0x00,0x00,0x00,0x00,0x00,
0x00,0x00,0x00,0x00,0x00,0x00,0x00,0x00,0x00,0x00,0x00,0x00,0x00,0x00,0x00,0x00,
0x00,0x00,0x00,0x00,0x00,0x00,0x00,0x00,0x00,0x00,0x00,0x00,0x00,0x00,0xff,0xff,
0xff,0xff,0xff,0xff,0xff,0xff,0xff,0xff,0xff,0x00,0x00,0x00,0x00,0x00,0x00,0x00,
0x00,0x00,0x00,0x00,0x00,0x00,0x00,0x00,0x00,0x00,0x00,0x00,0x00,0x00,0x00,0x00,
0x00,0x00,0x00,0x00,0x00,0x00,0x00,0x00,0x00,0x00,0x00,0x00,0x00,0x00,0xff,0xff,
0xff,0x00,0x00,0x00,0x00,0x00,0xff,0xff,0xff,0xff,0xff,0xff,0xff,0xff,0xff,0xff,
0xff,0x00,0x00,0x00,0x00,0x00,0x00,0x00,0x00,0x00,0x00,0x00,0x00,0x00,0x00,0x00,
0x00,0x00,0x00,0x00,0x00,0x00,0x00,0x00,0x00,0x00,0x00,0x00,0x00,0x00,0x00,0x00,
0x00,0x00,0x00,0x00,0x00,0xff,0xff,0xff,0xff,0xff,0xff,0x00,0x00,0x00,0xff,0xff,
0xff,0xff,0xff,0xff,0xff,0xff,0xff,0xff,0xff,0x00,0x00,0x00,0x00,0x00,0x00,0x00,
0x00,0x00,0x00,0x00,0x00,0x00,0x00,0x00,0x00,0x00,0x00,0x00,0x00,0x00,0x00,0x00,
0x00,0x00,0x00,0x00,0x00,0x00,0x00,0x00,0x00,0x00,0xff,0xff,0xff,0xff,0xff,0xff,
0xff,0xff,0xff,0xff,0xff,0x00,0xff,0xff,0xff,0xff,0xff,0xff,0xff,0xff,0xff,0xff,
0xff,0xff,0x00,0x00,0x00,0xff,0xff,0x00,0xff,0xff,0xff,0x00,0x00,0x00,0x00,0x00,
0x00,0x00,0x00,0x00,0x00,0x00,0x00,0x00,0x00,0x00,0x00,0x00,0x00,0x00,0x00,0x00,
0x00,0x00,0xff,0xff,0xff,0xff,0xff,0xff,0xff,0xff,0xff,0xff,0xff,0x00,0xff,0xff,
0xff,0xff,0xff,0xff,0xff,0xff,0xff,0xff,0xff,0xff,0x00,0x00,0xff,0xff,0xff,0xff,
0xff,0xff,0xff,0xff,0xff,0xff,0x00,0x00,0x00,0x00,0x00,0x00,0x00,0x00,0x00,0x00,
0x00,0x00,0x00,0x00,0x00,0x00,0x00,0x00,0x00,0x00,0xff,0xff,0xff,0xff,0xff,0xff,
0xff,0xff,0xff,0xff,0xff,0xff,0xff,0xff,0xff,0xff,0xff,0xff,0xff,0xff,0xff,0xff,
0xff,0xff,0xff,0xff,0xff,0xff,0xff,0xff,0xff,0xff,0xff,0xff,0xff,0xff,0xff,0x00,
0x00,0x00,0x00,0x00,0x00,0x00,0x00,0x00,0x00,0x00,0x00,0x00,0x00,0x00,0x00,0x00,
0x00,0x00,0xff,0xff,0xff,0xff,0xff,0xff,0xff,0xff,0xff,0xff,0xff,0xff,0xff,0xff,
0xff,0xff,0xff,0xff,0xff,0xff,0xff,0xff,0xff,0xff,0xff,0xff,0xff,0xff,0xff,0xff,
0xff,0xff,0xff,0xff,0xff,0xff,0xff,0x00,0x00,0x00,0x00,0x00,0x00,0x00,0x00,0x00,
0x00,0x00,0x00,0x00,0x00,0x00,0x00,0x00,0x00,0x00,0xff,0xff,0xff,0xff,0xff,0xff,
0xff,0xff,0xff,0xff,0xff,0xff,0xff,0xff,0xff,0xff,0xff,0xff,0xff,0xff,0xff,0xff,
0xff,0xff,0xff,0xff,0xff,0xff,0xff,0xff,0xff,0xff,0xff,0xff,0xff,0xff,0x00,0x00,
0x00,0x00,0x00,0x00,0x00,0x00,0x00,0x00,0x00,0x00,0x00,0x00,0x00,0x00,0x00,0x00,
0x00,0x00,0xff,0xff,0xff,0xff,0xff,0xff,0xff,0xff,0xff,0xff,0xff,0x00,0x00,0x00,
0xff,0xff,0xff,0xff,0xff,0xff,0xff,0xff,0x00,0xff,0xff,0xff,0xff,0xff,0xff,0xff,
0xff,0xff,0xff,0xff,0xff,0xff,0xff,0x00,0x00,0x00,0x00,0x00,0x00,0x00,0x00,0x00,
0x00,0x00,0x00,0x00,0x00,0x00,0x00,0x00,0x00,0x00,0xff,0xff,0xff,0xff,0xff,0xff,
0xff,0xff,0xff,0xff,0xff,0x00,0x00,0x00,0xff,0xff,0x00,0xff,0xff,0xff,0xff,0xff,
0x00,0xff,0xff,0xff,0xff,0xff,0xff,0xff,0xff,0xff,0xff,0xff,0xff,0xff,0xff,0x00,
0x00,0x00,0x00,0x00,0x00,0x00,0x00,0x00,0x00,0x00,0x00,0x00,0x00,0x00,0x00,0x00,
0x00,0x00,0x00,0x00,0xff,0xff,0xff,0xff,0xff,0xff,0xff,0x00,0x00,0xff,0x00,0xff,
0xff,0x00,0x00,0x00,0xff,0xff,0xff,0x00,0xff,0xff,0xff,0xff,0xff,0xff,0xff,0xff,
0xff,0xff,0xff,0xff,0xff,0xff,0x00,0x00,0x00,0x00,0x00,0x00,0x00,0x00,0x00,0x00,
0x00,0x00,0x00,0x00,0x00,0x00,0x00,0x00,0x00,0x00,0x00,0xff,0xff,0xff,0xff,0xff,
0xff,0xff,0x00,0x00,0x00,0xff,0xff,0xff,0xff,0x00,0x00,0x00,0xff,0xff,0xff,0xff,
0xff,0xff,0xff,0xff,0xff,0xff,0xff,0xff,0xff,0xff,0xff,0xff,0xff,0x00,0x00,0x00,
0x00,0x00,0x00,0x00,0x00,0x00,0x00,0x00,0x00,0x00,0x00,0x00,0x00,0x00,0x00,0x00,
0x00,0x00,0x00,0x00,0x00,0xff,0xff,0xff,0xff,0xff,0x00,0x00,0xff,0xff,0xff,0xff,
0xff,0x00,0x00,0xff,0xff,0xff,0xff,0xff,0xff,0xff,0xff,0xff,0xff,0xff,0xff,0xff,
0xff,0xff,0xff,0xff,0xff,0x00,0x00,0x00,0x00,0x00,0x00,0x00,0x00,0x00,0x00,0x00,
0x00,0x00,0x00,0x00,0x00,0x00,0x00,0x00,0x00,0x00,0x00,0x00,0x00,0x00,0x00,0x00,
0x00,0xff,0xff,0x00,0xff,0xff,0xff,0xff,0xff,0xff,0xff,0xff,0xff,0xff,0xff,0xff,
0xff,0xff,0xff,0xff,0xff,0xff,0xff,0xff,0xff,0xff,0x00,0x00,0x00,0x00,0x00,0x00,
0x00,0x00,0x00,0x00,0x00,0x00,0x00,0x00,0x00,0x00,0x00,0x00,0x00,0x00,0x00,0x00,
0x00,0x00,0x00,0x00,0x00,0xff,0xff,0xff,0xff,0xff,0xff,0xff,0xff,0x00,0x00,0xff,
0x00,0x00,0x00,0xff,0xff,0xff,0xff,0xff,0xff,0xff,0xff,0xff,0xff,0xff,0xff,0xff,
0xff,0xff,0xff,0x00,0x00,0x00,0x00,0x00,0x00,0x00,0x00,0x00,0x00,0x00,0x00,0x00,
0x00,0x00,0x00,0x00,0x00,0x00,0x00,0x00,0x00,0x00,0x00,0xff,0xff,0xff,0xff,0xff,
0xff,0xff,0xff,0x00,0x00,0x00,0x00,0xff,0x00,0x00,0x00,0xff,0xff,0xff,0xff,0xff,
0xff,0xff,0xff,0xff,0xff,0xff,0xff,0xff,0xff,0xff,0xff,0xff,0x00,0x00,0x00,0x00,
0x00,0x00,0x00,0x00,0x00,0x00,0x00,0x00,0x00,0x00,0x00,0x00,0x00,0x00,0x00,0x00,
0x00,0x00,0xff,0xff,0xff,0xff,0xff,0xff,0xff,0xff,0xff,0xff,0xff,0x00,0xff,0xff,
0x00,0x00,0xff,0xff,0xff,0xff,0xff,0xff,0xff,0xff,0xff,0xff,0xff,0xff,0xff,0xff,
0xff,0xff,0xff,0xff,0xff,0x00,0x00,0x00,0x00,0x00,0x00,0x00,0x00,0x00,0x00,0x00,
0x00,0x00,0x00,0x00,0x00,0x00,0x00,0x00,0x00,0x00,0xff,0xff,0xff,0xff,0xff,0xff,
0xff,0xff,0xff,0xff,0xff,0xff,0xff,0xff,0xff,0xff,0xff,0xff,0xff,0xff,0xff,0xff,
0xff,0xff,0xff,0xff,0xff,0xff,0xff,0xff,0xff,0xff,0xff,0xff,0xff,0x00,0x00,0x00,
0x00,0x00,0x00,0x00,0x00,0x00,0x00,0x00,0x00,0x00,0x00,0x00,0x00,0x00,0x00,0x00,
0x00,0x00,0x00,0xff,0xff,0xff,0xff,0xff,0xff,0xff,0xff,0xff,0xff,0xff,0xff,0xff,
0xff,0xff,0xff,0xff,0xff,0xff,0xff,0xff,0xff,0xff,0xff,0xff,0xff,0xff,0xff,0xff,
0xff,0xff,0xff,0xff,0xff,0xff,0x00,0x00,0x00,0x00,0x00,0x00,0x00,0x00,0x00,0x00,
0x00,0x00,0x00,0x00,0x00,0x00,0x00,0x00,0x00,0x00,0xff,0xff,0xff,0xff,0xff,0xff,
0xff,0xff,0xff,0xff,0xff,0xff,0xff,0xff,0xff,0xff,0xff,0xff,0xff,0xff,0xff,0xff,
0xff,0xff,0xff,0xff,0xff,0xff,0xff,0xff,0xff,0xff,0xff,0xff,0xff,0xff,0x00,0x00,
0x00,0x00,0x00,0x00,0x00,0x00,0x00,0x00,0x00,0x00,0x00,0x00,0x00,0x00,0x00,0x00,
0x00,0x00,0xff,0xff,0xff,0xff,0xff,0xff,0xff,0xff,0xff,0xff,0xff,0xff,0xff,0xff,
0xff,0xff,0xff,0xff,0xff,0xff,0xff,0xff,0xff,0xff,0xff,0xff,0xff,0xff,0xff,0xff,
0xff,0xff,0xff,0xff,0xff,0xff,0x00,0x00,0x00,0x00,0x00,0x00,0x00,0x00,0x00,0x00,
0x00,0x00,0x00,0x00,0x00,0x00,0x00,0x00,0x00,0xff,0xff,0xff,0xff,0xff,0xff,0xff,
0xff,0xff,0xff,0xff,0xff,0xff,0xff,0xff,0xff,0xff,0xff,0xff,0xff,0xff,0xff,0xff,
0xff,0xff,0xff,0xff,0xff,0xff,0xff,0xff,0xff,0xff,0xff,0xff,0xff,0xff,0x00,0x00,
0x00,0x00,0x00,0x00,0x00,0x00,0x00,0x00,0x00,0x00,0x00,0x00,0x00,0x00,0x00,0x00,
0x00,0xff,0xff,0xff,0xff,0xff,0xff,0xff,0xff,0xff,0xff,0xff,0xff,0xff,0xff,0xff,
0xff,0xff,0xff,0xff,0xff,0xff,0xff,0xff,0xff,0xff,0xff,0xff,0xff,0xff,0xff,0xff,
0xff,0xff,0xff,0xff,0xff,0xff,0x00,0x00,0x00,0x00,0x00,0x00,0x00,0x00,0x00,0x00,
0x00,0x00,0x00,0x00,0x00,0x00,0x00,0x00,0xff,0xff,0xff,0xff,0xff,0xff,0xff,0xff,
0xff,0xff,0xff,0xff,0xff,0xff,0xff,0xff,0xff,0xff,0xff,0xff,0xff,0xff,0xff,0xff,
0xff,0xff,0xff,0xff,0xff,0xff,0xff,0xff,0xff,0xff,0xff,0xff,0xff,0x00,0x00,0x00,
0x00,0x00,0x00,0x00,0x00,0x00,0x00,0x00,0x00,0x00,0x00,0x00,0x00,0x00,0x00,0x00,
0xff,0xff,0xff,0xff,0xff,0xff,0xff,0xff,0xff,0xff,0xff,0xff,0xff,0xff,0xff,0xff,
0xff,0xff,0xff,0xff,0xff,0xff,0xff,0xff,0xff,0xff,0xff,0xff,0xff,0xff,0xff,0xff,
0xff,0xff,0xff,0xff,0xff,0x00,0x00,0x00,0x00,0x00,0x00,0x00,0x00,0x00,0x00,0x00,
0x00,0x00,0x00,0x00,0x00,0x00,0x00,0x00,0xff,0xff,0xff,0xff,0xff,0xff,0xff,0xff,
0xff,0xff,0xff,0xff,0xff,0xff,0xff,0xff,0xff,0xff,0xff,0xff,0xff,0xff,0xff,0xff,
0xff,0xff,0xff,0xff,0xff,0xff,0xff,0xff,0xff,0xff,0xff,0xff,0xff,0x00,0x00,0x00,
0x00,0x00,0x00,0x00,0x00,0x00,0x00,0x00,0x00,0x00,0x00,0x00,0x00,0x00,0x00,0x00,
0xff,0xff,0xff,0xff,0xff,0xff,0xff,0xff,0xff,0xff,0xff,0xff,0xff,0xff,0xff,0xff,
0xff,0xff,0xff,0xff,0xff,0xff,0xff,0xff,0xff,0xff,0xff,0xff,0xff,0xff,0xff,0xff,
0xff,0xff,0xff,0xff,0xff,0x00,0x00,0x00,0x00,0x00,0x00,0x00,0x00,0x00,0x00,0x00,
0x00,0x00,0x00,0x00,0x00,0x00,0x00,0x00,0xff,0xff,0xff,0xff,0xff,0xff,0xff,0xff,
0xff,0xff,0xff,0xff,0xff,0xff,0xff,0xff,0xff,0xff,0xff,0xff,0xff,0xff,0xff,0xff,
0xff,0xff,0xff,0xff,0xff,0xff,0xff,0xff,0xff,0xff,0xff,0xff,0xff,0xff,0x00,0x00,
0x00,0x00,0x00,0x00,0x00,0x00,0x00,0x00,0x00,0x00,0x00,0x00,0x00,0x00,0x00,0x00,
0xff,0xff,0xff,0xff,0xff,0xff,0xff,0xff,0xff,0xff,0xff,0xff,0xff,0xff,0xff,0xff,
0xff,0xff,0xff,0xff,0xff,0xff,0xff,0xff,0xff,0xff,0xff,0xff,0xff,0xff,0xff,0xff,
0xff,0xff,0xff,0xff,0xff,0xff,0x00,0x00,0x00,0x00,0x00,0x00,0x00,0x00,0x00,0x00,
0x00,0x00,0x00,0x00,0x00,0x00,0x00,0x00,0x00,0xff,0xff,0xff,0xff,0xff,0xff,0xff,
0xff,0xff,0xff,0xff,0xff,0xff,0xff,0xff,0xff,0xff,0xff,0xff,0xff,0xff,0xff,0xff,
0xff,0xff,0xff,0xff,0xff,0xff,0xff,0xff,0xff,0xff,0xff,0xff,0xff,0xff,0x00,0x00,
0x00,0x00,0x00,0x00,0x00,0x00,0x00,0x00,0x00,0x00,0x00,0x00,0x00,0x00,0x00,0x00,
0x00,0xff,0xff,0xff,0xff,0xff,0xff,0xff,0xff,0xff,0xff,0xff,0xff,0xff,0xff,0xff,
0xff,0xff,0xff,0xff,0xff,0xff,0xff,0xff,0xff,0xff,0xff,0xff,0xff,0xff,0xff,0xff,
0xff,0xff,0xff,0xff,0xff,0xff,0x00,0x00,0x00,0x00,0x00,0x00,0x00,0x00,0x00,0x00,
0x00,0x00,0x00,0x00,0x00,0x00,0x00,0x00,0x00,0xff,0xff,0xff,0xff,0xff,0xff,0xff,
0xff,0xff,0xff,0xff,0xff,0xff,0xff,0xff,0xff,0xff,0xff,0xff,0xff,0xff,0xff,0xff,
0xff,0xff,0xff,0xff,0xff,0xff,0xff,0xff,0xff,0xff,0xff,0xff,0xff,0xff,0x00,0x00,
0x00,0x00,0x00,0x00,0x00,0x00,0x00,0x00,0x00,0x00,0x00,0x00,0x00,0x00,0x00,0x00,
0x00,0x00,0xff,0xff,0xff,0xff,0xff,0xff,0xff,0xff,0xff,0xff,0xff,0xff,0xff,0xff,
0xff,0xff,0xff,0xff,0xff,0xff,0xff,0xff,0xff,0xff,0xff,0xff,0xff,0xff,0xff,0xff,
0xff,0xff,0xff,0xff,0xff,0xff,0x00,0x00,0x00,0x00,0x00,0x00,0x00,0x00,0x00,0x00,
0x00,0x00,0x00,0x00,0x00,0x00,0x00,0x00,0x00,0x00,0x00,0xff,0xff,0xff,0xff,0xff,
0xff,0xff,0xff,0xff,0xff,0xff,0xff,0xff,0xff,0xff,0xff,0xff,0xff,0xff,0xff,0xff,
0xff,0xff,0xff,0xff,0xff,0xff,0xff,0xff,0xff,0xff,0xff,0xff,0xff,0xff,0xff,0x00,
0x00,0x00,0x00,0x00,0x00,0x00,0x00,0x00,0x00,0x00,0x00,0x00,0x00,0x00,0x00,0x00,
0x00,0x00,0x00,0xff,0xff,0xff,0xff,0xff,0xff,0xff,0xff,0xff,0xff,0xff,0xff,0xff,
0xff,0xff,0xff,0xff,0xff,0xff,0xff,0xff,0xff,0xff,0xff,0xff,0xff,0xff,0xff,0xff,
0xff,0xff,0xff,0xff,0xff,0xff,0xff,0x00,0x00,0x00,0x00,0x00,0x00,0x00,0x00,0x00,
0x00,0x00,0x00,0x00,0x00,0x00,0x00,0x00,0x00,0x00,0xff,0xff,0xff,0xff,0xff,0xff,
0xff,0xff,0xff,0xff,0xff,0xff,0xff,0xff,0xff,0xff,0xff,0xff,0xff,0xff,0xff,0xff,
0xff,0xff,0xff,0xff,0xff,0xff,0xff,0xff,0xff,0xff,0xff,0xff,0xff,0xff,0xff,0x00,
0x00,0x00,0x00,0x00,0x00,0x00,0x00,0x00,0x00,0x00,0x00,0x00,0x00,0x00,0x00,0x00,
0x00,0x00,0xff,0xff,0xff,0xff,0xff,0xff,0xff,0xff,0xff,0xff,0xff,0xff,0xff,0xff,
0xff,0xff,0xff,0xff,0xff,0xff,0xff,0xff,0xff,0xff,0xff,0xff,0xff,0xff,0xff,0xff,
0xff,0xff,0xff,0xff,0xff,0xff,0x00,0x00,0x00,0x00,0x00,0x00,0x00,0x00,0x00,0x00,
0x00,0x00,0x00,0x00,0x00,0x00,0x00,0x00,0x00,0x00,0xff,0xff,0xff,0xff,0xff,0xff,
0xff,0xff,0xff,0xff,0xff,0xff,0xff,0xff,0xff,0xff,0xff,0xff,0xff,0xff,0xff,0xff,
0xff,0xff,0xff,0xff,0xff,0xff,0xff,0xff,0xff,0xff,0xff,0xff,0xff,0xff,0xff,0x00,
0x00,0x00,0x00,0x00,0x00,0x00,0x00,0x00,0x00,0x00,0x00,0x00,0x00,0x00,0x00,0x00,
0x00,0x00,0xff,0xff,0xff,0xff,0xff,0xff,0xff,0xff,0xff,0xff,0xff,0xff,0xff,0xff,
0xff,0xff,0xff,0xff,0xff,0xff,0xff,0xff,0xff,0xff,0xff,0xff,0xff,0xff,0xff,0xff,
0xff,0xff,0xff,0xff,0xff,0xff,0xff,0x00,0x00,0x00,0x00,0x00,0x00,0x00,0x00,0x00,
0x00,0x00,0x00,0x00,0x00,0x00,0x00,0x00,0x00,0x00,0xff,0xff,0xff,0xff,0xff,0xff,
0xff,0xff,0xff,0xff,0xff,0xff,0xff,0xff,0xff,0xff,0xff,0xff,0xff,0xff,0xff,0xff,
0xff,0xff,0xff,0xff,0xff,0xff,0xff,0xff,0xff,0xff,0xff,0xff,0xff,0xff,0xff,0x00,
0x00,0x00,0x00,0x00,0x00,0x00,0x00,0x00,0x00,0x00,0x00,0x00,0x00,0x00,0x00,0x00,
0x00,0x00,0x00,0xff,0xff,0xff,0xff,0xff,0xff,0xff,0xff,0xff,0xff,0xff,0xff,0xff,
0xff,0xff,0xff,0xff,0xff,0xff,0xff,0xff,0xff,0xff,0xff,0xff,0xff,0xff,0xff,0xff,
0xff,0xff,0xff,0xff,0xff,0xff,0xff,0x00,0x00,0x00,0x00,0x00,0x00,0x00,0x00,0x00,

};
static const lv_image_dsc_t s_farm_strawberry_3 = {
    .header.magic = LV_IMAGE_HEADER_MAGIC,
    .header.cf = LV_COLOR_FORMAT_RGB565A8,
    .header.flags = 0,
    .header.w = 56,
    .header.h = 52,
    .header.stride = 112,
    .data_size = sizeof(s_farm_strawberry_3_map),
    .data = s_farm_strawberry_3_map,
};

static const LV_ATTRIBUTE_MEM_ALIGN LV_ATTRIBUTE_LARGE_CONST uint8_t s_farm_herb_0_map[] = {
0x00,0x00,0x00,0x00,0x00,0x00,0x00,0x00,0x00,0x00,0x00,0x00,0x00,0x00,0xff,0xff,
0xff,0xff,0xff,0xff,0xff,0xff,0x9e,0xf7,0x9d,0xf7,0x9e,0xf7,0x9e,0xff,0xbe,0xf7,
0xff,0xff,0xff,0xff,0xff,0xff,0xff,0xff,0xff,0xff,0x9e,0xf7,0x9d,0xf7,0xbe,0xf7,
0x9e,0xf7,0x9e,0xf7,0xff,0xff,0xff,0xff,0xff,0xff,0xff,0xff,0xff,0xff,0xbe,0xf7,
0x9e,0xf7,0x9e,0xf7,0x9e,0xf7,0x9e,0xf7,0xff,0xff,0xff,0xff,0xff,0xff,0xff,0xff,
0xff,0xff,0xbe,0xf7,0x9d,0xf7,0x9e,0xf7,0x9e,0xf7,0x9e,0xf7,0xff,0xff,0xff,0xff,
0x00,0x00,0x00,0x00,0x00,0x00,0x00,0x00,0x00,0x00,0x00,0x00,0x00,0x00,0x00,0x00,
0x00,0x00,0x00,0x00,0x00,0x00,0x00,0x00,0x00,0x00,0x00,0x00,0x00,0x00,0xff,0xff,
0xff,0xff,0xff,0xff,0xff,0xff,0x9e,0xf7,0x9e,0xf7,0x7e,0xf7,0x9e,0xf7,0x9e,0xf7,
0xff,0xff,0xff,0xff,0xff,0xff,0xdf,0xff,0xff,0xff,0x7e,0xf7,0x9e,0xef,0x9e,0xf7,
0x9e,0xef,0x7e,0xf7,0xff,0xff,0xff,0xff,0xff,0xff,0xff,0xff,0xff,0xff,0x9e,0xf7,
0x9e,0xf7,0x7e,0xf7,0x9e,0xf7,0x7e,0xf7,0xff,0xff,0xff,0xff,0xff,0xff,0xdf,0xff,
0xff,0xff,0x7e,0xf7,0x9e,0xef,0x9e,0xf7,0x9e,0xf7,0x9e,0xf7,0xff,0xff,0xff,0xff,
0x00,0x00,0x00,0x00,0x00,0x00,0x00,0x00,0x00,0x00,0x00,0x00,0x00,0x00,0x00,0x00,
0x00,0x00,0x00,0x00,0x00,0x00,0x00,0x00,0x00,0x00,0x00,0x00,0x00,0x00,0xff,0xff,
0xff,0xff,0xff,0xff,0xff,0xff,0xbe,0xf7,0x9e,0xf7,0x9e,0xf7,0x9e,0xf7,0xbe,0xf7,
0xff,0xff,0xff,0xff,0xff,0xff,0xff,0xff,0xff,0xff,0xbe,0xf7,0x9e,0xf7,0xbe,0xf7,
0x9e,0xf7,0x9e,0xf7,0xff,0xff,0xff,0xff,0xff,0xff,0xff,0xff,0xff,0xff,0xbe,0xf7,
0x9d,0xf7,0x9e,0xf7,0x9d,0xf7,0x9e,0xf7,0xff,0xff,0xff,0xff,0xff,0xff,0xff,0xff,
0xff,0xff,0xbe,0xf7,0x9e,0xf7,0x9e,0xf7,0x9e,0xff,0xbe,0xf7,0xff,0xff,0xff,0xff,
0x00,0x00,0x00,0x00,0x00,0x00,0x00,0x00,0x00,0x00,0x00,0x00,0x00,0x00,0x00,0x00,
0x00,0x00,0x00,0x00,0x00,0x00,0x00,0x00,0x00,0x00,0x00,0x00,0x00,0x00,0xff,0xff,
0xff,0xff,0xff,0xff,0xff,0xff,0x9e,0xf7,0x9e,0xef,0x7e,0xf7,0x9e,0xf7,0x7e,0xf7,
0xff,0xff,0xff,0xff,0xff,0xff,0xff,0xff,0xff,0xff,0x9e,0xf7,0x9e,0xf7,0x7e,0xf7,
0x9e,0xef,0x9e,0xf7,0xff,0xff,0xff,0xff,0xff,0xff,0xff,0xff,0xff,0xff,0x9e,0xf7,
0x9e,0xf7,0x7e,0xf7,0x9e,0xf7,0x9e,0xf7,0xff,0xff,0xff,0xff,0xff,0xff,0xff,0xff,
0xff,0xff,0x7e,0xf7,0x9e,0xf7,0x7e,0xf7,0xbf,0xf7,0x7e,0xf7,0xff,0xff,0xff,0xff,
0x00,0x00,0x00,0x00,0x00,0x00,0x00,0x00,0x00,0x00,0x00,0x00,0x00,0x00,0x00,0x00,
0x00,0x00,0x00,0x00,0x00,0x00,0x00,0x00,0x00,0x00,0x00,0x00,0x00,0x00,0x9e,0xf7,
0x9e,0xf7,0x9e,0xf7,0x9d,0xf7,0xff,0xff,0xff,0xff,0xff,0xff,0xff,0xff,0xff,0xff,
0x9d,0xf7,0x9e,0xf7,0x7d,0xf7,0xbe,0xf7,0x9e,0xf7,0xff,0xff,0xff,0xff,0xff,0xff,
0xff,0xff,0xff,0xff,0x7d,0xf7,0x9e,0xf7,0x9d,0xf7,0x9e,0xf7,0x7d,0xf7,0xff,0xff,
0xff,0xff,0xff,0xff,0xff,0xff,0xff,0xff,0x9d,0xf7,0x9e,0xf7,0x7d,0xf7,0x9e,0xf7,
0x9d,0xf7,0xff,0xff,0xff,0xff,0xff,0xff,0xff,0xff,0xff,0xff,0x7d,0xf7,0x9e,0xf7,
0x00,0x00,0x00,0x00,0x00,0x00,0x00,0x00,0x00,0x00,0x00,0x00,0x00,0x00,0x00,0x00,
0x00,0x00,0x00,0x00,0x00,0x00,0x00,0x00,0x00,0x00,0x00,0x00,0x00,0x00,0x9e,0xf7,
0x9e,0xef,0x7e,0xf7,0x9e,0xef,0xff,0xff,0xff,0xff,0xff,0xff,0xff,0xff,0xff,0xff,
0x9e,0xf7,0x7e,0xf7,0x9e,0xef,0x7e,0xf7,0x9e,0xf7,0xff,0xff,0xff,0xff,0xdf,0xff,
0xff,0xff,0xff,0xff,0x9e,0xef,0x7e,0xf7,0x9e,0xef,0x7e,0xf7,0x9e,0xef,0xdf,0xff,
0xff,0xff,0xff,0xff,0xff,0xff,0xff,0xff,0x9e,0xf7,0x7e,0xf7,0x9e,0xef,0x7e,0xf7,
0x9e,0xef,0xff,0xff,0xff,0xff,0xdf,0xff,0xff,0xff,0xff,0xff,0x9e,0xef,0x7e,0xf7,
0x00,0x00,0x00,0x00,0x00,0x00,0x00,0x00,0x00,0x00,0x00,0x00,0x00,0x00,0x00,0x00,
0x00,0x00,0x00,0x00,0x00,0x00,0x00,0x00,0x00,0x00,0x00,0x00,0x00,0x00,0x9e,0xf7,
0x9e,0xf7,0x9e,0xf7,0x9d,0xf7,0xff,0xff,0xff,0xff,0xff,0xff,0xff,0xff,0xff,0xff,
0x9d,0xf7,0x9e,0xf7,0x7d,0xf7,0xbe,0xf7,0x9e,0xf7,0xff,0xff,0xff,0xff,0xff,0xff,
0xff,0xff,0xff,0xff,0x7d,0xf7,0xbe,0xf7,0x9e,0xf7,0x9e,0xf7,0x7d,0xf7,0xff,0xff,
0xff,0xff,0xff,0xff,0xff,0xff,0xff,0xff,0x9e,0xf7,0x9e,0xf7,0x7d,0xf7,0x9e,0xf7,
0x9d,0xf7,0xff,0xff,0xff,0xff,0xff,0xff,0xff,0xff,0xff,0xff,0x9d,0xf7,0x9e,0xf7,
0x00,0x00,0x00,0x00,0x00,0x00,0x00,0x00,0x00,0x00,0x00,0x00,0x00,0x00,0x00,0x00,
0x00,0x00,0x00,0x00,0x00,0x00,0x00,0x00,0x00,0x00,0x00,0x00,0x00,0x00,0x7e,0xf7,
0x9e,0xf7,0x9e,0xf7,0x9e,0xef,0xdf,0xff,0xff,0xff,0xff,0xff,0xff,0xff,0xff,0xff,
0x9e,0xef,0x7e,0xf7,0x9e,0xef,0x9e,0xf7,0x9e,0xf7,0xff,0xff,0xff,0xff,0xff,0xff,
0xff,0xff,0xff,0xff,0x9e,0xef,0x9e,0xf7,0x9e,0xef,0x7e,0xf7,0x9e,0xef,0xdf,0xff,
0xff,0xff,0xff,0xff,0xff,0xff,0xff,0xff,0x9e,0xf7,0x7e,0xf7,0x9e,0xef,0x7e,0xf7,
0x9e,0xef,0xff,0xff,0xff,0xff,0xff,0xff,0xff,0xff,0xdf,0xff,0x9e,0xef,0x7e,0xf7,
0x00,0x00,0x00,0x00,0x00,0x00,0x00,0x00,0x00,0x00,0x00,0x00,0x00,0x00,0x00,0x00,
0x00,0x00,0x00,0x00,0x00,0x00,0x00,0x00,0x00,0x00,0x00,0x00,0x00,0x00,0x9e,0xf7,
0x7d,0xf7,0x9e,0xf7,0x9e,0xf7,0xff,0xff,0xff,0xff,0xff,0xff,0xff,0xff,0xff,0xff,
0x9d,0xf7,0xbe,0xf7,0x9d,0xf7,0xbe,0xf7,0x9d,0xf7,0xff,0xff,0xff,0xff,0xff,0xff,
0xff,0xff,0xff,0xff,0x9d,0xf7,0xbe,0xf7,0x9d,0xf7,0x9e,0xf7,0x9d,0xf7,0xff,0xff,
0xff,0xff,0xff,0xff,0xff,0xff,0xff,0xff,0x7d,0xf7,0xbe,0xf7,0x9d,0xf7,0xbe,0xf7,
0x9d,0xf7,0xff,0xff,0xff,0xff,0xff,0xff,0xff,0xff,0xff,0xff,0x9d,0xf7,0xbe,0xf7,
0x00,0x00,0x00,0x00,0x00,0x00,0x00,0x00,0x00,0x00,0x00,0x00,0x00,0x00,0x00,0x00,
0x00,0x00,0x00,0x00,0x00,0x00,0x00,0x00,0x00,0x00,0x00,0x00,0x00,0x00,0xff,0xff,
0xff,0xff,0xff,0xff,0xff,0xff,0x7e,0xf7,0x9e,0xef,0x7e,0xf7,0x9e,0xef,0x7e,0xf7,
0xff,0xff,0xff,0xff,0xff,0xff,0xff,0xff,0xff,0xff,0x7e,0xf7,0x9e,0xef,0x7e,0xf7,
0x9e,0xf7,0x7e,0xf7,0xff,0xff,0xff,0xff,0xff,0xff,0xdf,0xff,0xff,0xff,0x7e,0xf7,
0x9e,0xef,0x7e,0xf7,0x9e,0xef,0x7e,0xf7,0xff,0xff,0xff,0xff,0xff,0xff,0xff,0xff,
0xff,0xff,0x7e,0xf7,0x9e,0xef,0x7e,0xf7,0x9e,0xef,0x7e,0xf7,0xff,0xff,0xff,0xff,
0x00,0x00,0x00,0x00,0x00,0x00,0x00,0x00,0x00,0x00,0x00,0x00,0x00,0x00,0x00,0x00,
0x00,0x00,0x00,0x00,0x00,0x00,0x00,0x00,0x00,0x00,0x00,0x00,0x00,0x00,0xff,0xff,
0xff,0xff,0xff,0xff,0xff,0xff,0x9e,0xf7,0x9d,0xf7,0x9e,0xf7,0x9d,0xf7,0xbe,0xf7,
0xff,0xff,0xff,0xff,0xff,0xff,0xff,0xff,0xff,0xff,0x9e,0xf7,0x7d,0xf7,0x9e,0xf7,
0x9d,0xf7,0x9e,0xf7,0xff,0xff,0xff,0xff,0xff,0xff,0xff,0xff,0xff,0xff,0x9e,0xf7,
0x9d,0xf7,0x9e,0xf7,0x9d,0xf7,0x9e,0xf7,0xff,0xff,0xff,0xff,0xff,0xff,0xff,0xff,
0xff,0xff,0x9e,0xf7,0x7d,0xf7,0x9e,0xf7,0x9e,0xf7,0x9e,0xf7,0xff,0xff,0xff,0xff,
0x00,0x00,0x00,0x00,0x00,0x00,0x00,0x00,0x00,0x00,0x00,0x00,0x00,0x00,0x00,0x00,
0x00,0x00,0x00,0x00,0x00,0x00,0x00,0x00,0x00,0x00,0x00,0x00,0x00,0x00,0xff,0xff,
0xff,0xff,0xff,0xff,0xff,0xff,0x7e,0xf7,0x9e,0xef,0x7e,0xf7,0x9e,0xf7,0x7e,0xf7,
0xff,0xff,0xff,0xff,0xff,0xff,0xff,0xff,0xff,0xff,0x7e,0xf7,0x9e,0xef,0x9e,0xf7,
0x9e,0xf7,0x7e,0xf7,0xff,0xff,0xff,0xff,0xff,0xff,0xdf,0xff,0xff,0xff,0x9e,0xf7,
0x9e,0xef,0x7e,0xf7,0x9e,0xef,0x7e,0xf7,0xff,0xff,0xff,0xff,0xff,0xff,0xdf,0xff,
0xff,0xff,0x7e,0xf7,0x9e,0xef,0x7e,0xf7,0x9e,0xf7,0x7e,0xf7,0xff,0xff,0xff,0xff,
0x00,0x00,0x00,0x00,0x00,0x00,0x00,0x00,0x00,0x00,0x00,0x00,0x00,0x00,0x00,0x00,
0x00,0x00,0x00,0x00,0x00,0x00,0x00,0x00,0x00,0x00,0x00,0x00,0x00,0x00,0xff,0xff,
0xff,0xff,0xff,0xff,0xff,0xff,0x9e,0xf7,0x9d,0xf7,0x9e,0xf7,0x9e,0xf7,0x9e,0xf7,
0xff,0xff,0xff,0xff,0xff,0xff,0xff,0xff,0xff,0xff,0x9e,0xf7,0x9d,0xf7,0x9e,0xf7,
0x9d,0xf7,0xbe,0xf7,0xff,0xff,0xff,0xff,0xff,0xff,0xff,0xff,0xff,0xff,0x9e,0xf7,
0x9d,0xf7,0x9e,0xf7,0x9d,0xf7,0x9e,0xf7,0xff,0xff,0xff,0xff,0xff,0xff,0xff,0xff,
0xff,0xff,0x9e,0xf7,0x9d,0xf7,0x9e,0xf7,0x9e,0xf7,0xbe,0xf7,0xff,0xff,0xff,0xff,
0x00,0x00,0x00,0x00,0x00,0x00,0x00,0x00,0x00,0x00,0x00,0x00,0x00,0x00,0x00,0x00,
0x00,0x00,0x00,0x00,0x00,0x00,0x00,0x00,0x00,0x00,0x00,0x00,0x00,0x00,0xff,0xff,
0xff,0xff,0xff,0xff,0xff,0xff,0x7e,0xf7,0x9e,0xef,0x7e,0xf7,0x9e,0xf7,0x9e,0xf7,
0xff,0xff,0xff,0xff,0xff,0xff,0xdf,0xff,0xff,0xff,0x7e,0xf7,0x9e,0xf7,0x9e,0xf7,
0x9e,0xf7,0x9e,0xf7,0xff,0xff,0xff,0xff,0xff,0xff,0xff,0xff,0xff,0xff,0x7e,0xf7,
0x9e,0xf7,0x7e,0xf7,0x9e,0xef,0x9e,0xf7,0xff,0xff,0xff,0xff,0xff,0xff,0xff,0xff,
0xff,0xff,0x9e,0xf7,0x9e,0xef,0x7e,0xf7,0x9e,0xf7,0x7e,0xf7,0xff,0xff,0xff,0xff,
0x00,0x00,0x00,0x00,0x00,0x00,0x00,0x00,0x00,0x00,0x00,0x00,0x00,0x00,0x00,0x00,
0x00,0x00,0x00,0x00,0x00,0x00,0x00,0x00,0x00,0x00,0x00,0x00,0x00,0x00,0x9e,0xf7,
0x9d,0xf7,0x9e,0xf7,0x9d,0xf7,0xff,0xff,0xff,0xff,0xff,0xff,0xff,0xff,0xff,0xff,
0x7d,0xf7,0x9e,0xf7,0x9d,0xf7,0x9e,0xf7,0x9d,0xf7,0xff,0xff,0xff,0xff,0xff,0xff,
0xff,0xff,0xff,0xff,0x9d,0xf7,0x9e,0xf7,0x9d,0xf7,0x9e,0xf7,0x7d,0xf7,0xff,0xff,
0xff,0xff,0xff,0xff,0xff,0xff,0xff,0xff,0x7d,0xf7,0x9e,0xf7,0x9d,0xf7,0xbe,0xf7,
0x9e,0xf7,0xff,0xff,0xff,0xff,0xff,0xff,0xff,0xff,0xff,0xff,0x9d,0xf7,0x9e,0xf7,
0x00,0x00,0x00,0x00,0x00,0x00,0x00,0x00,0x00,0x00,0x00,0x00,0x00,0x00,0x00,0x00,
0x00,0x00,0x00,0x00,0x00,0x00,0x00,0x00,0x00,0x00,0x00,0x00,0x00,0x00,0x9e,0xf7,
0x9e,0xf7,0x7e,0xf7,0x9e,0xef,0xff,0xff,0xff,0xff,0xff,0xff,0xff,0xff,0xff,0xff,
0x9e,0xef,0x7e,0xf7,0x9e,0xef,0x7e,0xf7,0x9e,0xef,0xdf,0xff,0xff,0xff,0xff,0xff,
0xff,0xff,0xff,0xff,0x9e,0xef,0x7e,0xf7,0x9e,0xef,0x7e,0xf7,0x9e,0xef,0xdf,0xff,
0xff,0xff,0xff,0xff,0xff,0xff,0xff,0xff,0x9e,0xef,0x7e,0xf7,0x9e,0xef,0x7e,0xf7,
0x9e,0xef,0xff,0xff,0xff,0xff,0xff,0xff,0xff,0xff,0xff,0xff,0x9e,0xf7,0x7e,0xf7,
0x00,0x00,0x00,0x00,0x00,0x00,0x00,0x00,0x00,0x00,0x00,0x00,0x00,0x00,0x00,0x00,
0x00,0x00,0x00,0x00,0x00,0x00,0x00,0x00,0x00,0x00,0x00,0x00,0x00,0x00,0x9e,0xf7,
0x9d,0xf7,0x9e,0xf7,0x9d,0xf7,0xff,0xff,0xff,0xff,0xff,0xff,0xff,0xff,0xff,0xff,
0x9d,0xf7,0x9e,0xf7,0x7d,0xf7,0x9e,0xf7,0x9d,0xf7,0xff,0xff,0xff,0xff,0xff,0xff,
0xff,0xff,0xff,0xff,0x9d,0xf7,0x9e,0xf7,0x7d,0xf7,0x9e,0xf7,0x7d,0xf7,0xff,0xff,
0xff,0xff,0xff,0xff,0xff,0xff,0xff,0xff,0x9e,0xf7,0x9e,0xf7,0x9d,0xf7,0xbe,0xf7,
0x9e,0xf7,0xff,0xff,0xff,0xff,0xff,0xff,0xff,0xff,0xff,0xff,0x9e,0xf7,0x9e,0xf7,
0x00,0x00,0x00,0x00,0x00,0x00,0x00,0x00,0x00,0x00,0x00,0x00,0x00,0x00,0x00,0x00,
0x00,0x00,0x00,0x00,0x00,0x00,0x00,0x00,0x00,0x00,0x00,0x00,0x00,0x00,0x7e,0xf7,
0x9e,0xef,0x7e,0xf7,0x9e,0xef,0xdf,0xff,0xff,0xff,0xff,0xff,0xff,0xff,0xdf,0xff,
0x9e,0xef,0x7e,0xf7,0x9e,0xef,0x7e,0xf7,0x9e,0xf7,0xff,0xff,0xff,0xff,0xff,0xff,
0xff,0xff,0xdf,0xff,0x9e,0xef,0x9e,0xf7,0x9e,0xef,0x7e,0xf7,0x9e,0xef,0xff,0xff,
0xff,0xff,0xff,0xff,0xff,0xff,0xff,0xff,0x9e,0xf7,0x7e,0xf7,0x9e,0xef,0x9e,0xf7,
0x9e,0xef,0xff,0xff,0xff,0xff,0xff,0xff,0xff,0xff,0xff,0xff,0x9e,0xf7,0x7e,0xf7,
0x00,0x00,0x00,0x00,0x00,0x00,0x00,0x00,0x00,0x00,0x00,0x00,0x00,0x00,0x00,0x00,
0x00,0x00,0x00,0x00,0x00,0x00,0x00,0x00,0x00,0x00,0x00,0x00,0x00,0x00,0x9e,0xf7,
0x9e,0xf7,0xbe,0xf7,0x9d,0xf7,0xff,0xff,0xff,0xff,0xff,0xff,0xff,0xff,0xff,0xff,
0x9d,0xf7,0x9e,0xf7,0x9d,0xf7,0x9e,0xf7,0x9e,0xf7,0xff,0xff,0xff,0xff,0xff,0xff,
0xff,0xff,0xff,0xff,0x7d,0xf7,0x9e,0xf7,0x9d,0xf7,0x9e,0xf7,0x9e,0xf7,0xff,0xff,
0xff,0xff,0xff,0xff,0xff,0xff,0xff,0xff,0x9e,0xf7,0xbe,0xf7,0x9d,0xf7,0xbe,0xf7,
0x9e,0xf7,0xff,0xff,0xff,0xff,0xff,0xff,0xff,0xff,0xff,0xff,0x9d,0xf7,0x9e,0xf7,
0x00,0x00,0x00,0x00,0x00,0x00,0x00,0x00,0x00,0x00,0x00,0x00,0x00,0x00,0x00,0x00,
0x00,0x00,0x00,0x00,0x00,0x00,0x00,0x00,0x00,0x00,0x00,0x00,0x00,0x00,0xdf,0xff,
0xff,0xff,0xff,0xff,0xff,0xff,0x7e,0xf7,0x9e,0xef,0x7e,0xf7,0x9e,0xef,0x7e,0xf7,
0xff,0xff,0xff,0xff,0xff,0xff,0xff,0xff,0xff,0xff,0x7e,0xf7,0x9e,0xef,0x7e,0xf7,
0x9e,0xef,0x7e,0xf7,0xff,0xff,0xff,0xff,0xff,0xff,0xff,0xff,0xff,0xff,0x9e,0xf7,
0x9e,0xef,0x7e,0xf7,0x9e,0xf7,0x7e,0xf7,0xff,0xff,0xff,0xff,0xff,0xff,0xff,0xff,
0xff,0xff,0x9e,0xf7,0x9e,0xef,0x7e,0xf7,0x9e,0xef,0x9e,0xf7,0xff,0xff,0xdf,0xff,
0x00,0x00,0x00,0x00,0x00,0x00,0x00,0x00,0x00,0x00,0x00,0x00,0x00,0x00,0x00,0x00,
0x00,0x00,0x00,0x00,0x00,0x00,0x00,0x00,0x00,0x00,0x00,0x00,0x00,0x00,0xff,0xff,
0xff,0xff,0xff,0xff,0xff,0xff,0x9e,0xf7,0x9d,0xf7,0x9e,0xf7,0x7d,0xf7,0x9e,0xf7,
0xff,0xff,0xff,0xff,0xff,0xff,0xff,0xff,0xff,0xff,0x9e,0xf7,0x7d,0xf7,0x9e,0xf7,
0x9d,0xf7,0x9e,0xf7,0xff,0xff,0xff,0xff,0xff,0xff,0xff,0xff,0xff,0xff,0xbe,0xf7,
0x9d,0xf7,0x9e,0xf7,0x9e,0xf7,0x9e,0xf7,0xff,0xff,0xff,0xff,0xff,0xff,0xff,0xff,
0xff,0xff,0x9e,0xf7,0x9d,0xf7,0x9e,0xf7,0x9e,0xf7,0x9e,0xf7,0xff,0xff,0xff,0xff,
0x00,0x00,0x00,0x00,0x00,0x00,0x00,0x00,0x00,0x00,0x00,0x00,0x00,0x00,0x00,0x00,
0x00,0x00,0x00,0x00,0x00,0x00,0x00,0x00,0x00,0x00,0x00,0x00,0x00,0x00,0xdf,0xff,
0xff,0xff,0xff,0xff,0xff,0xff,0x7e,0xf7,0x9e,0xef,0x7e,0xf7,0x9e,0xef,0x7e,0xf7,
0xff,0xff,0xff,0xff,0xff,0xff,0xff,0xff,0xff,0xff,0x7e,0xf7,0x9e,0xef,0x7e,0xf7,
0x9e,0xef,0x7e,0xf7,0xff,0xff,0xff,0xff,0xff,0xff,0xff,0xff,0xff,0xff,0x9e,0xf7,
0x9e,0xef,0x7e,0xf7,0x9e,0xef,0x7e,0xf7,0xff,0xff,0xff,0xff,0xff,0xff,0xdf,0xff,
0xff,0xff,0x9e,0xf7,0x9e,0xef,0x7e,0xf7,0x9e,0xf7,0x9e,0xf7,0xff,0xff,0xff,0xff,
0x00,0x00,0x00,0x00,0x00,0x00,0x00,0x00,0x00,0x00,0x00,0x00,0x00,0x00,0x00,0x00,
0x00,0x00,0x00,0x00,0x00,0x00,0x00,0x00,0x00,0x00,0x00,0x00,0x00,0x00,0xff,0xff,
0xff,0xff,0xff,0xff,0xff,0xff,0x9e,0xf7,0x9d,0xf7,0x9e,0xf7,0x7d,0xf7,0x9e,0xf7,
0xff,0xff,0xff,0xff,0xff,0xff,0xff,0xff,0xff,0xff,0x9e,0xf7,0x9e,0xf7,0x9e,0xf7,
0x9d,0xf7,0x9e,0xf7,0xff,0xff,0xff,0xff,0xff,0xff,0xff,0xff,0xff,0xff,0xbe,0xf7,
0x9e,0xf7,0x9e,0xf7,0x9e,0xf7,0xbe,0xf7,0xff,0xff,0xff,0xff,0xff,0xff,0xff,0xff,
0xff,0xff,0x9e,0xf7,0x9e,0xf7,0x9e,0xf7,0x9e,0xf7,0x9e,0xf7,0xff,0xff,0xff,0xff,
0x00,0x00,0x00,0x00,0x00,0x00,0x00,0x00,0x00,0x00,0x00,0x00,0x00,0x00,0x00,0x00,
0x00,0x00,0x00,0x00,0x00,0x00,0x00,0x00,0x00,0x00,0x00,0x00,0x00,0x00,0xff,0xff,
0xff,0xff,0xff,0xff,0xff,0xff,0x7e,0xf7,0x9e,0xef,0x7e,0xf7,0x9e,0xef,0x7e,0xf7,
0xff,0xff,0xff,0xff,0xff,0xff,0xff,0xff,0xff,0xff,0x7e,0xf7,0x9e,0xef,0x7e,0xf7,
0x9e,0xef,0x7e,0xf7,0xff,0xff,0xff,0xff,0xff,0xff,0xff,0xff,0xff,0xff,0x7e,0xf7,
0x9e,0xf7,0x7e,0xf7,0x9e,0xf7,0x7e,0xf7,0xff,0xff,0xff,0xff,0xff,0xff,0xdf,0xff,
0xff,0xff,0x7e,0xf7,0x9e,0xef,0x7e,0xf7,0x9e,0xf7,0x7e,0xf7,0xff,0xff,0xff,0xff,
0x00,0x00,0x00,0x00,0x00,0x00,0x00,0x00,0x00,0x00,0x00,0x00,0x00,0x00,0x00,0x00,
0x00,0x00,0x00,0x00,0x00,0x00,0x00,0x00,0x00,0x00,0x00,0x00,0x00,0x00,0x9e,0xf7,
0x9d,0xf7,0x9e,0xf7,0x9d,0xf7,0xff,0xff,0xff,0xff,0xff,0xff,0xff,0xff,0xff,0xff,
0x9d,0xf7,0x9e,0xf7,0x9e,0xf7,0xbe,0xf7,0x9e,0xf7,0xff,0xff,0xff,0xff,0xff,0xff,
0xff,0xff,0xff,0xff,0x9d,0xf7,0x9e,0xf7,0x9d,0xf7,0xbe,0xf7,0x9d,0xf7,0xff,0xff,
0xff,0xff,0xff,0xff,0xff,0xff,0xff,0xff,0x9d,0xf7,0xbe,0xf7,0x9d,0xf7,0x9e,0xf7,
0x9d,0xf7,0xff,0xff,0xff,0xff,0xff,0xff,0xff,0xff,0xff,0xff,0x9d,0xf7,0x9e,0xf7,
0x00,0x00,0x00,0x00,0x00,0x00,0x00,0x00,0x00,0x00,0x00,0x00,0x00,0x00,0x00,0x00,
0x00,0x00,0x00,0x00,0x00,0x00,0x00,0x00,0x00,0x00,0x00,0x00,0x00,0x00,0x7e,0xf7,
0x9e,0xef,0x7e,0xf7,0x9e,0xef,0xff,0xff,0xff,0xff,0xff,0xff,0xff,0xff,0xff,0xff,
0x9e,0xf7,0x7e,0xf7,0x9e,0xef,0x9e,0xf7,0x9e,0xf7,0xff,0xff,0xff,0xff,0xff,0xff,
0xff,0xff,0xff,0xff,0xbf,0xf7,0x7e,0xf7,0x9e,0xf7,0x9e,0xf7,0x9e,0xef,0xdf,0xff,
0xff,0xff,0xff,0xff,0xff,0xff,0xff,0xff,0x9e,0xf7,0x7e,0xf7,0x9e,0xef,0x9e,0xf7,
0x9e,0xf7,0xff,0xff,0xff,0xff,0xff,0xff,0xff,0xff,0xdf,0xff,0x9e,0xef,0x9e,0xf7,
0x00,0x00,0x00,0x00,0x00,0x00,0x00,0x00,0x00,0x00,0x00,0x00,0x00,0x00,0x00,0x00,
0x00,0x00,0x00,0x00,0x00,0x00,0x00,0x00,0x00,0x00,0x00,0x00,0x00,0x00,0x9e,0xf7,
0x9d,0xf7,0xbe,0xf7,0x9d,0xf7,0xff,0xff,0xff,0xff,0xff,0xff,0xff,0xff,0xff,0xff,
0x9d,0xf7,0x9e,0xf7,0x9d,0xf7,0xbe,0xf7,0x9e,0xf7,0xff,0xff,0xff,0xff,0xff,0xff,
0xff,0xff,0xff,0xff,0x9e,0xf7,0x9e,0xf7,0x9d,0xf7,0xbe,0xf7,0x9e,0xf7,0xff,0xff,
0xff,0xff,0xff,0xff,0xff,0xff,0xff,0xff,0x9e,0xff,0x9e,0xf7,0x9d,0xf7,0xbe,0xf7,
0x9e,0xf7,0xff,0xff,0xff,0xff,0xff,0xff,0xff,0xff,0xff,0xff,0x9e,0xf7,0xbe,0xf7,
0x00,0x00,0x00,0x00,0x00,0x00,0x00,0x00,0x00,0x00,0x00,0x00,0x00,0x00,0x00,0x00,
0x00,0x00,0x00,0x00,0x00,0x00,0x00,0x00,0x00,0x00,0x00,0x00,0x00,0x00,0x9e,0xf7,
0x9e,0xef,0x7e,0xf7,0x9e,0xef,0xff,0xff,0xff,0xff,0xff,0xff,0xff,0xff,0xff,0xff,
0x9e,0xef,0x7e,0xf7,0x9e,0xf7,0x7e,0xf7,0x9e,0xf7,0xff,0xff,0xff,0xff,0xdf,0xff,
0xff,0xff,0xff,0xff,0x9e,0xf7,0x7e,0xf7,0x9e,0xf7,0x9e,0xf7,0xbf,0xf7,0xff,0xff,
0xff,0xff,0xff,0xff,0xff,0xff,0xff,0xff,0xbf,0xf7,0x7e,0xf7,0x9e,0xef,0x9e,0xf7,
0xbf,0xf7,0xff,0xff,0xff,0xff,0xff,0xff,0xff,0xff,0xff,0xff,0x9e,0xf7,0x9e,0xf7,
0x00,0x00,0x00,0x00,0x00,0x00,0x00,0x00,0x00,0x00,0x00,0x00,0x00,0x00,0x00,0x00,
0x00,0x00,0x00,0x00,0x00,0x00,0x00,0x00,0x00,0x00,0x00,0x00,0x00,0x00,0xbe,0xf7,
0x9d,0xf7,0x9e,0xf7,0x9d,0xf7,0xff,0xff,0xff,0xff,0xff,0xff,0xff,0xff,0xff,0xff,
0x9d,0xf7,0xbe,0xf7,0x9e,0xf7,0xbe,0xf7,0x9d,0xf7,0xff,0xff,0xff,0xff,0xff,0xff,
0xff,0xff,0xff,0xff,0x7d,0xf7,0x9e,0xf7,0x9e,0xf7,0xbe,0xf7,0x9e,0xf7,0xff,0xff,
0xff,0xff,0xff,0xff,0xff,0xff,0xff,0xff,0x9e,0xf7,0xbe,0xf7,0x9d,0xf7,0xbe,0xf7,
0x9e,0xff,0xff,0xff,0xff,0xff,0xff,0xff,0xff,0xff,0xff,0xff,0x9e,0xf7,0xbe,0xf7,
0x00,0x00,0x00,0x00,0x00,0x00,0x00,0x00,0x00,0x00,0x00,0x00,0x00,0x00,0x00,0x00,
0x00,0x00,0x00,0x00,0x00,0x00,0x00,0x00,0x00,0x00,0x00,0x00,0x00,0x00,0xff,0xff,
0xff,0xff,0xdf,0xff,0xff,0xff,0x7e,0xf7,0x9e,0xef,0x7e,0xf7,0x9e,0xef,0x7e,0xf7,
0xff,0xff,0xff,0xff,0xff,0xff,0xff,0xff,0xff,0xff,0x9e,0xf7,0x9e,0xef,0x7d,0xf7,
0x9e,0xef,0x9e,0xf7,0xff,0xff,0xdf,0xff,0xff,0xff,0xff,0xff,0xff,0xff,0x7e,0xf7,
0x9e,0xef,0x7e,0xf7,0x9e,0xf7,0x7d,0xf7,0xff,0xff,0xff,0xff,0xff,0xff,0xdf,0xff,
0xff,0xff,0x7e,0xf7,0x9e,0xef,0x7e,0xf7,0x9e,0xef,0x9e,0xf7,0xff,0xff,0xff,0xff,
0x00,0x00,0x00,0x00,0x00,0x00,0x00,0x00,0x00,0x00,0x00,0x00,0x00,0x00,0x00,0x00,
0x00,0x00,0x00,0x00,0x00,0x00,0x00,0x00,0x00,0x00,0x00,0x00,0x00,0x00,0xff,0xff,
0xff,0xff,0xff,0xff,0xff,0xff,0x9e,0xf7,0x9d,0xf7,0x9e,0xf7,0x9d,0xf7,0x9e,0xf7,
0xff,0xff,0xff,0xff,0xff,0xff,0xff,0xff,0xff,0xff,0x7e,0xef,0x7d,0xf7,0xff,0xff,
0xff,0xff,0xff,0xff,0xdf,0xff,0xff,0xff,0xde,0xff,0xff,0xff,0xdf,0xff,0x9e,0xf7,
0x9d,0xf7,0x9e,0xf7,0x9d,0xf7,0x7e,0xef,0xdf,0xff,0xff,0xff,0xff,0xff,0xff,0xff,
0xff,0xff,0x9e,0xf7,0x7d,0xf7,0x9e,0xf7,0x9e,0xf7,0xbe,0xf7,0xff,0xff,0xff,0xff,
0x00,0x00,0x00,0x00,0x00,0x00,0x00,0x00,0x00,0x00,0x00,0x00,0x00,0x00,0x00,0x00,
0x00,0x00,0x00,0x00,0x00,0x00,0x00,0x00,0x00,0x00,0x00,0x00,0x00,0x00,0xff,0xff,
0xff,0xff,0xff,0xff,0xff,0xff,0x7e,0xf7,0x9e,0xef,0x7e,0xf7,0x9e,0xef,0x7e,0xf7,
0xff,0xff,0xff,0xff,0xff,0xff,0xdf,0xff,0xff,0xff,0x3d,0xef,0xdd,0xe7,0xe5,0x31,
0x25,0x2a,0xc3,0x21,0x24,0x22,0x65,0x32,0xff,0xff,0xbe,0xff,0xdf,0xff,0x7d,0xf7,
0x9e,0xf7,0x7e,0xf7,0x7e,0xef,0x7d,0xf7,0xdf,0xf7,0xbf,0xff,0xff,0xff,0xff,0xff,
0xff,0xff,0x7e,0xf7,0x9e,0xef,0x9e,0xf7,0x9e,0xf7,0x9e,0xf7,0xff,0xff,0xff,0xff,
0x00,0x00,0x00,0x00,0x00,0x00,0x00,0x00,0x00,0x00,0x00,0x00,0x00,0x00,0x00,0x00,
0x00,0x00,0x00,0x00,0x00,0x00,0x00,0x00,0x00,0x00,0x00,0x00,0x00,0x00,0xff,0xff,
0xff,0xff,0xff,0xff,0xff,0xff,0x9e,0xf7,0x9d,0xf7,0x9e,0xf7,0x9d,0xf7,0x9e,0xf7,
0xff,0xff,0xff,0xff,0xff,0xff,0xff,0xff,0xff,0xff,0x9d,0xef,0xa0,0x21,0x06,0x43,
0xc5,0x9d,0x06,0x9e,0xa4,0x9d,0x06,0x9e,0xe5,0x31,0x73,0xa5,0xdf,0xff,0x9e,0xf7,
0x7d,0xf7,0x7e,0xef,0xe4,0x21,0xc3,0x19,0x82,0x19,0xc3,0x19,0xff,0xff,0xff,0xff,
0xff,0xff,0x9e,0xf7,0x9d,0xf7,0xbe,0xf7,0x9e,0xf7,0x9e,0xf7,0xff,0xff,0xff,0xff,
0x00,0x00,0x00,0x00,0x00,0x00,0x00,0x00,0x00,0x00,0x00,0x00,0x00,0x00,0x00,0x00,
0x00,0x00,0x00,0x00,0x00,0x00,0x00,0x00,0x00,0x00,0x00,0x00,0x00,0x00,0xff,0xff,
0xff,0xff,0xff,0xff,0xff,0xff,0x7e,0xf7,0x9e,0xef,0x7e,0xf7,0x9e,0xef,0x7e,0xf7,
0xff,0xff,0xff,0xff,0xff,0xff,0xff,0xff,0xff,0xef,0x64,0x21,0xa4,0x53,0x46,0x6c,
0xa5,0x8d,0x06,0xa6,0x07,0x9e,0x84,0x95,0x46,0x32,0xa3,0x21,0xff,0xff,0x9e,0xf7,
0x9e,0xef,0x1c,0xe7,0xc5,0x19,0x63,0x11,0x83,0x09,0xe3,0x19,0xb6,0xa5,0xfb,0xd6,
0xff,0xff,0x7e,0xf7,0x9e,0xf7,0x9e,0xf7,0x9e,0xef,0x7e,0xf7,0xff,0xff,0xdf,0xff,
0x00,0x00,0x00,0x00,0x00,0x00,0x00,0x00,0x00,0x00,0x00,0x00,0x00,0x00,0x00,0x00,
0x00,0x00,0x00,0x00,0x00,0x00,0x00,0x00,0x00,0x00,0x00,0x00,0x00,0x00,0x9e,0xf7,
0x7d,0xf7,0xbe,0xf7,0x9d,0xf7,0xff,0xff,0xff,0xff,0xff,0xff,0xff,0xff,0xff,0xff,
0x7d,0xf7,0x9e,0xef,0x7d,0xf7,0x9e,0xef,0xbd,0xef,0xa9,0x42,0xe4,0x84,0xa7,0x95,
0x86,0x95,0xc3,0x74,0x46,0x8d,0x83,0x6c,0xea,0x8c,0x20,0x2a,0xa4,0x29,0xfe,0xf7,
0xfe,0xff,0x84,0x21,0x85,0x9d,0x45,0x8d,0xc6,0x9d,0x64,0x8d,0x05,0x32,0xa3,0x19,
0x8d,0x73,0xff,0xff,0xff,0xff,0xff,0xff,0xff,0xff,0xff,0xff,0x7d,0xf7,0x9e,0xf7,
0x00,0x00,0x00,0x00,0x00,0x00,0x00,0x00,0x00,0x00,0x00,0x00,0x00,0x00,0x00,0x00,
0x00,0x00,0x00,0x00,0x00,0x00,0x00,0x00,0x00,0x00,0x00,0x00,0x00,0x00,0x7e,0xf7,
0x9e,0xef,0x9e,0xf7,0x9e,0xf7,0xff,0xff,0xff,0xff,0xdf,0xff,0xff,0xff,0xff,0xff,
0x9e,0xef,0x7e,0xf7,0x9e,0xef,0x7d,0xf7,0x9d,0xe7,0x89,0x4a,0x63,0x4b,0x46,0x6c,
0x06,0x9e,0xc5,0x9d,0x07,0x7d,0xe2,0x5b,0x24,0x5c,0xe6,0x7c,0x84,0x21,0xfe,0xf7,
0xc0,0x19,0xcc,0xa5,0x28,0x9e,0xe2,0x7c,0x82,0x64,0xc7,0x9d,0x2c,0x85,0x80,0x11,
0xc3,0x10,0xfe,0xff,0xff,0xff,0xdf,0xff,0xff,0xff,0xdf,0xff,0x9e,0xef,0x9e,0xf7,
0x00,0x00,0x00,0x00,0x00,0x00,0x00,0x00,0x00,0x00,0x00,0x00,0x00,0x00,0x00,0x00,
0x00,0x00,0x00,0x00,0x00,0x00,0x00,0x00,0x00,0x00,0x00,0x00,0x00,0x00,0x9e,0xf7,
0x9e,0xf7,0xbe,0xf7,0x9e,0xf7,0xff,0xff,0xff,0xff,0xff,0xff,0xff,0xff,0xff,0xff,
0xbe,0xff,0xff,0xff,0xff,0xff,0xff,0xff,0xde,0xff,0x7e,0xef,0xc0,0x00,0xc4,0x19,
0xa5,0x9d,0x06,0x9e,0x06,0x85,0xc1,0x53,0xc2,0x53,0x07,0x75,0x84,0x21,0xe5,0x29,
0xc0,0x3a,0x67,0x6c,0x02,0x5c,0xe6,0x74,0x85,0x9d,0xa5,0x95,0x49,0x74,0xa0,0x11,
0xe2,0x18,0xff,0xff,0xdf,0xff,0xff,0xff,0xdf,0xff,0xff,0xff,0x9e,0xf7,0xbe,0xf7,
0x00,0x00,0x00,0x00,0x00,0x00,0x00,0x00,0x00,0x00,0x00,0x00,0x00,0x00,0x00,0x00,
0x00,0x00,0x00,0x00,0x00,0x00,0x00,0x00,0x00,0x00,0x00,0x00,0x00,0x00,0x9e,0xf7,
0x9e,0xef,0x7e,0xf7,0x9e,0xf7,0xff,0xff,0xff,0xff,0xdf,0xff,0xbf,0xf7,0xbe,0xff,
0x9e,0xf7,0x86,0x39,0x65,0x31,0x24,0x31,0x45,0x29,0x65,0x31,0x64,0x19,0x84,0x21,
0x24,0x85,0xa6,0x9d,0xa3,0x6c,0x45,0x8d,0x26,0x75,0x83,0x6c,0x84,0x19,0x84,0x21,
0x85,0x64,0x03,0x5c,0x06,0x9e,0xa5,0x9d,0x07,0x9e,0x23,0x8d,0x29,0x6c,0x80,0x21,
0x66,0x31,0x85,0x39,0x0d,0x63,0x9e,0xff,0xbf,0xf7,0xbf,0xff,0xbf,0xf7,0x9e,0xf7,
0x00,0x00,0x00,0x00,0x00,0x00,0x00,0x00,0x00,0x00,0x00,0x00,0x00,0x00,0x00,0x00,
0x00,0x00,0x00,0x00,0x00,0x00,0x00,0x00,0x00,0x00,0x00,0x00,0x00,0x00,0x9e,0xf7,
0x9d,0xf7,0x9e,0xf7,0x9e,0xf7,0xff,0xff,0xff,0xff,0xdf,0xff,0xe3,0x28,0x04,0x21,
0xa4,0x59,0xa8,0x72,0x45,0x7a,0x66,0x72,0x23,0x41,0xc6,0x49,0xa6,0x7a,0x45,0x6a,
0xa0,0x21,0xa8,0x5b,0x24,0x8d,0x65,0x8d,0x62,0x4b,0x86,0x6c,0x41,0x19,0x25,0x2a,
0x60,0x53,0xe9,0x9d,0x45,0x8d,0x65,0x8d,0xa7,0x95,0x22,0x64,0x83,0x41,0xa8,0x62,
0x47,0x72,0xa4,0x51,0x65,0x39,0x24,0x31,0x65,0x31,0xc3,0x18,0xbe,0xff,0xbe,0xf7,
0x00,0x00,0x00,0x00,0x00,0x00,0x00,0x00,0x00,0x00,0x00,0x00,0x00,0x00,0x00,0x00,
0x00,0x00,0x00,0x00,0x00,0x00,0x00,0x00,0x00,0x00,0x00,0x00,0x00,0x00,0xff,0xff,
0xff,0xff,0xdf,0xff,0xff,0xff,0x5d,0xef,0xf4,0xa4,0x04,0x29,0x45,0x72,0x25,0x72,
0xc6,0x8a,0x07,0x9b,0xa7,0x7a,0x25,0x72,0x27,0x62,0x02,0x41,0x66,0x7a,0x45,0x7a,
0x67,0x72,0xe5,0x61,0x85,0x29,0x84,0x31,0xe0,0x19,0x08,0x6c,0x81,0x11,0xe6,0x4a,
0x43,0x11,0x63,0x19,0x84,0x11,0xa4,0x21,0xa5,0x19,0x23,0x19,0xa7,0x7a,0x45,0x72,
0x46,0x6a,0x26,0x72,0x26,0x6a,0x45,0x72,0x66,0x7a,0x86,0x82,0x66,0x31,0x04,0x29,
0x00,0x00,0x00,0x00,0x00,0x00,0x00,0x00,0x00,0x00,0x00,0x00,0x00,0x00,0x00,0x00,
0x00,0x00,0x00,0x00,0x00,0x00,0x00,0x00,0x00,0x00,0x00,0x00,0x00,0x00,0xff,0xff,
0xff,0xff,0xff,0xff,0xff,0xff,0x7e,0xef,0x8d,0x7b,0xe3,0x20,0xe4,0x69,0xe5,0x61,
0x85,0x8a,0x27,0x93,0x86,0x82,0x45,0x72,0x26,0x62,0x23,0x41,0x46,0x7a,0x46,0x72,
0x25,0x72,0xc4,0x59,0x05,0x62,0xe5,0x59,0xe0,0x29,0x08,0x64,0xe0,0x21,0x46,0x4b,
0x84,0x29,0x44,0x19,0x64,0x21,0x84,0x19,0x43,0x21,0xa4,0x21,0x66,0x7a,0x25,0x6a,
0x05,0x72,0x46,0x72,0x25,0x72,0x46,0x6a,0x05,0x72,0x66,0x72,0x24,0x31,0xe3,0x28,
0x00,0x00,0x00,0x00,0x00,0x00,0x00,0x00,0x00,0x00,0x00,0x00,0x00,0x00,0x00,0x00,
0x00,0x00,0x00,0x00,0x00,0x00,0x00,0x00,0x00,0x00,0x00,0x00,0x00,0x00,0xdf,0xff,
0xff,0xff,0xff,0xff,0xff,0xff,0xdb,0xe6,0x44,0x39,0x85,0x49,0x45,0x72,0xc7,0x8a,
0x87,0x7a,0x25,0x72,0x26,0x6a,0x25,0x72,0x84,0x49,0x26,0x6a,0x05,0x62,0x26,0x72,
0x47,0x6a,0xa4,0x59,0xe5,0x61,0xa4,0x61,0xc0,0x19,0x49,0x74,0x84,0x4b,0x84,0x53,
0x64,0x39,0xe6,0x51,0xe6,0x59,0x05,0x62,0xc4,0x59,0x46,0x72,0x05,0x62,0x26,0x72,
0x46,0x6a,0x46,0x72,0x66,0x7a,0xe7,0x92,0x87,0x7a,0x45,0x7a,0x47,0x6a,0x63,0x51,
0x00,0x00,0x00,0x00,0x00,0x00,0x00,0x00,0x00,0x00,0x00,0x00,0x00,0x00,0x00,0x00,
0x00,0x00,0x00,0x00,0x00,0x00,0x00,0x00,0x00,0x00,0x00,0x00,0x00,0x00,0xff,0xff,
0xff,0xff,0xff,0xff,0x59,0xd6,0x45,0x29,0x66,0x7a,0x45,0x72,0xe5,0x69,0x05,0x62,
0xe4,0x69,0x25,0x6a,0xa5,0x59,0x64,0x41,0x25,0x72,0x45,0x6a,0xc7,0x8a,0x45,0x72,
0x25,0x72,0xe4,0x61,0xa4,0x59,0x84,0x49,0xc0,0x21,0xa9,0x7c,0x6c,0x9d,0xe0,0x21,
0xc5,0x61,0xa4,0x51,0xa5,0x59,0xa4,0x49,0x63,0x49,0xe6,0x59,0x65,0x7a,0x45,0x72,
0xe4,0x69,0x25,0x6a,0x45,0x7a,0x46,0x72,0xe4,0x69,0x87,0x7a,0x86,0x82,0x86,0x7a,
0x00,0x00,0x00,0x00,0x00,0x00,0x00,0x00,0x00,0x00,0x00,0x00,0x00,0x00,0x00,0x00,
0x00,0x00,0x00,0x00,0x00,0x00,0x00,0x00,0x00,0x00,0x00,0x00,0x00,0x00,0xff,0xff,
0xff,0xff,0xdf,0xff,0xdb,0xde,0x25,0x29,0xe6,0x59,0xe5,0x61,0x87,0x6a,0x42,0x49,
0x44,0x41,0x44,0x41,0x05,0x6a,0x66,0x7a,0x46,0x72,0x66,0x7a,0xc5,0x59,0xe5,0x61,
0x85,0x41,0x44,0x41,0x45,0x31,0x24,0x39,0xe0,0x21,0x2a,0x8d,0xed,0xa5,0xe0,0x21,
0x65,0x39,0x24,0x41,0x64,0x41,0xa5,0x51,0x65,0x41,0x44,0x41,0xc4,0x59,0xe5,0x69,
0x47,0x62,0x84,0x51,0xe6,0x59,0x64,0x49,0x26,0x6a,0x05,0x6a,0x47,0x62,0x63,0x51,
0x00,0x00,0x00,0x00,0x00,0x00,0x00,0x00,0x00,0x00,0x00,0x00,0x00,0x00,0x00,0x00,
0x00,0x00,0x00,0x00,0x00,0x00,0x00,0x00,0x00,0x00,0x00,0x00,0x00,0x00,0x9e,0xf7,
0x7d,0xf7,0x7d,0xef,0x58,0xd6,0x45,0x29,0xe4,0x61,0x05,0x5a,0x66,0x72,0x63,0x51,
0x43,0x49,0x64,0x41,0x04,0x6a,0x66,0x72,0x65,0x7a,0x66,0x7a,0xe4,0x61,0xe5,0x59,
0x84,0x49,0x85,0x49,0x44,0x41,0x64,0x41,0xc0,0x21,0x2a,0x85,0xcc,0xa5,0xe0,0x21,
0x44,0x41,0x65,0x41,0x84,0x49,0x85,0x49,0x64,0x49,0x64,0x41,0xe4,0x61,0x25,0x6a,
0x25,0x6a,0xa4,0x51,0xc5,0x59,0x84,0x49,0x05,0x6a,0x05,0x6a,0x46,0x72,0xc4,0x59,
0x00,0x00,0x00,0x00,0x00,0x00,0x00,0x00,0x00,0x00,0x00,0x00,0x00,0x00,0x00,0x00,
0x00,0x00,0x00,0x00,0x00,0x00,0x00,0x00,0x00,0x00,0x00,0x00,0x00,0x00,0x7e,0xf7,
0x7e,0xef,0x7d,0xf7,0x9e,0xef,0x45,0x29,0xa5,0x49,0xc5,0x59,0x05,0x6a,0x46,0x72,
0x46,0x6a,0xa4,0x61,0xe5,0x61,0x46,0x72,0xc5,0x51,0x84,0x51,0x64,0x41,0x44,0x41,
0x85,0x39,0xe3,0x30,0x64,0x31,0x64,0x39,0xc0,0x19,0xea,0x84,0x8d,0x95,0xa0,0x21,
0x65,0x41,0x24,0x41,0x64,0x49,0x47,0x6a,0x67,0x72,0xa4,0x61,0xc5,0x49,0x64,0x49,
0x85,0x41,0x44,0x41,0x84,0x49,0x26,0x6a,0x25,0x62,0x45,0x72,0xe5,0x59,0xa4,0x59,
0x00,0x00,0x00,0x00,0x00,0x00,0x00,0x00,0x00,0x00,0x00,0x00,0x00,0x00,0x00,0x00,
0x00,0x00,0x00,0x00,0x00,0x00,0x00,0x00,0x00,0x00,0x00,0x00,0x00,0x00,0x9e,0xf7,
0x7d,0xf7,0xff,0xff,0x64,0x49,0x27,0x5a,0x45,0x7a,0xa6,0x7a,0xe6,0x9a,0xc6,0x92,
0x05,0x6a,0x26,0x6a,0xa4,0x59,0xa4,0x49,0x84,0x49,0x85,0x49,0xe3,0x28,0x04,0x29,
0x02,0x39,0xe6,0x51,0x05,0x5a,0x84,0x49,0xa0,0x21,0x08,0x64,0xea,0x8c,0xe0,0x21,
0x23,0x39,0xc6,0x49,0x85,0x49,0x64,0x41,0x64,0x49,0xc6,0x51,0x42,0x49,0x47,0x62,
0x25,0x72,0x25,0x6a,0x25,0x72,0x46,0x72,0x85,0x82,0xa6,0x82,0x26,0x62,0x63,0x41,
0x00,0x00,0x00,0x00,0x00,0x00,0x00,0x00,0x00,0x00,0x00,0x00,0x00,0x00,0x00,0x00,
0x00,0x00,0x00,0x00,0x00,0x00,0x00,0x00,0x00,0x00,0x00,0x00,0x00,0x00,0x7e,0xf7,
0x9e,0xef,0xff,0xff,0x64,0x39,0x07,0x5a,0xa7,0x7a,0x66,0x82,0xc7,0x82,0x24,0x72,
0x06,0x62,0xa4,0x61,0x45,0x39,0x24,0x39,0x45,0x31,0x03,0x31,0x65,0x39,0x44,0x39,
0x64,0x41,0x64,0x49,0x45,0x31,0x04,0x31,0x60,0x19,0x07,0x53,0xa8,0x5b,0x80,0x21,
0x44,0x31,0x24,0x31,0x04,0x31,0x85,0x49,0xa5,0x49,0x44,0x41,0x64,0x41,0x64,0x49,
0xa5,0x49,0x44,0x41,0x43,0x39,0xc5,0x51,0x26,0x6a,0x05,0x72,0xe5,0x59,0xc4,0x59,
0x00,0x00,0x00,0x00,0x00,0x00,0x00,0x00,0x00,0x00,0x00,0x00,0x00,0x00,0x00,0x00,
0x00,0x00,0x00,0x00,0x00,0x00,0x00,0x00,0x00,0x00,0x00,0x00,0x00,0x00,0x9e,0xf7,
0x9e,0xff,0xff,0xff,0x43,0x39,0x06,0x52,0xa6,0x8a,0x86,0x82,0x86,0x82,0x25,0x72,
0xe5,0x61,0x84,0x51,0x64,0x41,0x24,0x31,0x64,0x39,0x24,0x29,0x84,0x49,0x84,0x41,
0x43,0x41,0x84,0x41,0x03,0x31,0x24,0x31,0x40,0x29,0xc6,0x52,0x27,0x63,0x81,0x29,
0x44,0x39,0x04,0x29,0xc2,0x30,0x85,0x39,0xa5,0x49,0x43,0x39,0x03,0x39,0x85,0x41,
0x85,0x41,0x44,0x39,0x23,0x39,0xa5,0x41,0xe4,0x69,0x05,0x62,0xe5,0x61,0xa4,0x51,
0x00,0x00,0x00,0x00,0x00,0x00,0x00,0x00,0x00,0x00,0x00,0x00,0x00,0x00,0x00,0x00,
0x00,0x00,0x00,0x00,0x00,0x00,0x00,0x00,0x00,0x00,0x00,0x00,0x00,0x00,0xff,0xff,
0xff,0xff,0xff,0xff,0xa2,0x18,0x04,0x31,0xc5,0x51,0xe5,0x59,0x25,0x6a,0xe7,0x92,
0xa7,0x7a,0x04,0x72,0xe6,0x59,0x64,0x51,0x24,0x29,0x03,0x29,0x04,0x29,0x24,0x31,
0x44,0x39,0x64,0x49,0x64,0x41,0x64,0x49,0x25,0x29,0xc3,0x28,0xe4,0x20,0x04,0x31,
0xa5,0x51,0xe5,0x61,0xa5,0x49,0x44,0x49,0x44,0x31,0x04,0x31,0x04,0x29,0x04,0x31,
0x23,0x31,0xc6,0x49,0xa4,0x51,0x46,0x6a,0x66,0x7a,0x86,0x82,0x46,0x6a,0x25,0x72,
0x00,0x00,0x00,0x00,0x00,0x00,0x00,0x00,0x00,0x00,0x00,0x00,0x00,0x00,0x00,0x00,
0x00,0x00,0x00,0x00,0x00,0x00,0x00,0x00,0x00,0x00,0x00,0x00,0x00,0x00,0xff,0xff,
0xff,0xff,0xff,0xff,0xde,0xff,0x04,0x21,0x64,0x49,0xc5,0x51,0x25,0x72,0x05,0x6a,
0xe5,0x61,0xa4,0x51,0x24,0x39,0x04,0x31,0xc3,0x61,0xc8,0x7a,0xa4,0x51,0xa4,0x49,
0xe3,0x28,0x04,0x21,0x24,0x39,0x45,0x31,0xa4,0x49,0x64,0x41,0x43,0x39,0xa5,0x41,
0x84,0x51,0x84,0x49,0x65,0x41,0x03,0x31,0xc1,0x38,0xa9,0x72,0x67,0x6a,0xe2,0x30,
0x01,0x41,0xe9,0x7a,0xc7,0x8a,0x25,0x72,0xe4,0x69,0x25,0x6a,0xe7,0x92,0x45,0x72,
0x00,0x00,0x00,0x00,0x00,0x00,0x00,0x00,0x00,0x00,0x00,0x00,0x00,0x00,0x00,0x00,
0x00,0x00,0x00,0x00,0x00,0x00,0x00,0x00,0x00,0x00,0x00,0x00,0x00,0x00,0xdf,0xff,
0xff,0xff,0xdf,0xff,0x31,0x8c,0x65,0x39,0xe5,0x61,0xe5,0x61,0x26,0x6a,0xe4,0x61,
0xe6,0x59,0xa4,0x59,0x64,0x41,0x64,0x49,0x45,0x7a,0x86,0x8a,0xe5,0x59,0xc4,0x61,
0x44,0x31,0x03,0x31,0x25,0x29,0x24,0x31,0x65,0x39,0x24,0x39,0x24,0x31,0x64,0x41,
0x85,0x41,0x64,0x41,0x44,0x39,0x44,0x39,0x43,0x49,0x87,0x7a,0x88,0x72,0x63,0x59,
0x84,0x51,0x67,0x72,0x66,0x72,0x45,0x7a,0xe5,0x61,0xc4,0x61,0x46,0x72,0x05,0x72,
0x00,0x00,0x00,0x00,0x00,0x00,0x00,0x00,0x00,0x00,0x00,0x00,0x00,0x00,0x00,0x00,
0x00,0x00,0x00,0x00,0x00,0x00,0x00,0x00,0x00,0x00,0x00,0x00,0x00,0x00,0x00,0x00,
0x00,0x00,0x00,0x00,0x00,0x00,0x00,0x00,0x00,0x00,0x00,0x00,0x00,0x00,0x00,0x00,
0x00,0x00,0x00,0x00,0x00,0x00,0x00,0x00,0x00,0x00,0x00,0x00,0x00,0x00,0x00,0x00,
0x00,0x00,0x00,0x00,0x00,0x00,0x00,0x00,0x00,0x00,0x00,0x00,0x00,0x00,0x00,0x00,
0x00,0x00,0x00,0x00,0x00,0x00,0x00,0x00,0x00,0x00,0x00,0x00,0x00,0x00,0x00,0x00,
0x00,0x00,0x00,0x00,0x00,0x00,0x00,0x00,0x00,0x00,0x00,0x00,0x00,0x00,0x00,0x00,
0x00,0x00,0x00,0x00,0x00,0x00,0x00,0x00,0x00,0x00,0x00,0x00,0x00,0x00,0x00,0x00,
0x00,0x00,0x00,0x00,0x00,0x00,0x00,0x00,0x00,0x00,0x00,0x00,0x00,0x00,0x00,0x00,
0x00,0x00,0x00,0x00,0x00,0x00,0x00,0x00,0x00,0x00,0x00,0x00,0x00,0x00,0x00,0x00,
0x00,0x00,0x00,0x00,0x00,0x00,0x00,0x00,0x00,0x00,0x00,0x00,0x00,0x00,0x00,0x00,
0x00,0x00,0x00,0x00,0x00,0x00,0x00,0x00,0x00,0x00,0x00,0x00,0x00,0x00,0x00,0x00,
0x00,0x00,0x00,0x00,0x00,0x00,0x00,0x00,0x00,0x00,0x00,0x00,0x00,0x00,0x00,0x00,
0x00,0x00,0x00,0x00,0x00,0x00,0x00,0x00,0x00,0x00,0x00,0x00,0x00,0x00,0x00,0x00,
0x00,0x00,0x00,0x00,0x00,0x00,0x00,0x00,0x00,0x00,0x00,0x00,0x00,0x00,0x00,0x00,
0x00,0x00,0x00,0x00,0x00,0x00,0x00,0x00,0x00,0x00,0x00,0x00,0x00,0x00,0x00,0x00,
0x00,0x00,0x00,0x00,0x00,0x00,0x00,0x00,0x00,0x00,0x00,0x00,0x00,0x00,0x00,0x00,
0x00,0x00,0x00,0x00,0x00,0x00,0x00,0x00,0x00,0x00,0x00,0x00,0x00,0x00,0x00,0x00,
0x00,0x00,0x00,0x00,0x00,0x00,0x00,0x00,0x00,0x00,0x00,0x00,0x00,0x00,0x00,0x00,
0x00,0x00,0x00,0x00,0x00,0x00,0x00,0x00,0x00,0x00,0x00,0x00,0x00,0x00,0x00,0x00,
0x00,0x00,0x00,0x00,0x00,0x00,0x00,0x00,0x00,0x00,0x00,0x00,0x00,0x00,0x00,0x00,
0x00,0x00,0x00,0x00,0x00,0x00,0x00,0x00,0x00,0x00,0x00,0x00,0x00,0x00,0x00,0x00,
0x00,0x00,0x00,0x00,0x00,0x00,0x00,0x00,0x00,0x00,0x00,0x00,0x00,0x00,0x00,0x00,
0x00,0x00,0x00,0x00,0x00,0x00,0x00,0x00,0x00,0x00,0x00,0x00,0x00,0x00,0x00,0x00,
0x00,0x00,0x00,0x00,0x00,0x00,0x00,0x00,0x00,0x00,0x00,0x00,0x00,0x00,0x00,0x00,
0x00,0x00,0x00,0x00,0x00,0x00,0x00,0x00,0x00,0x00,0x00,0x00,0x00,0x00,0x00,0x00,
0x00,0x00,0x00,0x00,0x00,0x00,0x00,0x00,0x00,0x00,0x00,0x00,0x00,0x00,0x00,0x00,
0x00,0x00,0x00,0x00,0x00,0x00,0x00,0x00,0x00,0x00,0x00,0x00,0x00,0x00,0x00,0x00,
0x00,0x00,0x00,0x00,0x00,0x00,0x00,0x00,0x00,0x00,0x00,0x00,0x00,0x00,0x00,0x00,
0x00,0x00,0x00,0x00,0x00,0x00,0x00,0x00,0x00,0x00,0x00,0x00,0x00,0x00,0x00,0x00,
0x00,0x00,0x00,0x00,0x00,0x00,0x00,0x00,0x00,0x00,0x00,0x00,0x00,0x00,0x00,0x00,
0x00,0x00,0x00,0x00,0x00,0x00,0x00,0x00,0x00,0x00,0x00,0x00,0x00,0x00,0x00,0x00,
0x00,0x00,0x00,0x00,0x00,0x00,0x00,0x00,0x00,0x00,0x00,0x00,0x00,0x00,0x00,0x00,
0x00,0x00,0x00,0x00,0x00,0x00,0x00,0x00,0x00,0x00,0x00,0x00,0x00,0x00,0x00,0x00,
0x00,0x00,0x00,0x00,0x00,0x00,0x00,0x00,0x00,0x00,0x00,0x00,0x00,0x00,0x00,0x00,
0x00,0x00,0x00,0x00,0x00,0x00,0x00,0x00,0x00,0x00,0x00,0x00,0x00,0x00,0x00,0x00,
0x00,0x00,0x00,0x00,0x00,0x00,0x00,0x00,0x00,0x00,0x00,0x00,0x00,0x00,0x00,0x00,
0x00,0x00,0x00,0x00,0x00,0x00,0x00,0x00,0x00,0x00,0x00,0x00,0x00,0x00,0x00,0x00,
0x00,0x00,0x00,0x00,0x00,0x00,0x00,0x00,0x00,0x00,0x00,0x00,0x00,0x00,0x00,0x00,
0x00,0x00,0x00,0x00,0x00,0x00,0x00,0x00,0x00,0x00,0x00,0x00,0x00,0x00,0x00,0x00,
0x00,0x00,0x00,0x00,0x00,0x00,0x00,0x00,0x00,0x00,0x00,0x00,0x00,0x00,0x00,0x00,
0x00,0x00,0x00,0x00,0x00,0x00,0x00,0x00,0x00,0x00,0x00,0x00,0x00,0x00,0x00,0x00,
0x00,0x00,0x00,0x00,0x00,0x00,0x00,0x00,0x00,0x00,0x00,0x00,0x00,0x00,0x00,0x00,
0x00,0x00,0x00,0x00,0x00,0x00,0x00,0x00,0x00,0x00,0x00,0x00,0x00,0x00,0x00,0x00,
0x00,0x00,0x00,0x00,0x00,0x00,0x00,0x00,0x00,0x00,0x00,0x00,0x00,0x00,0x00,0x00,
0x00,0x00,0x00,0x00,0x00,0x00,0x00,0x00,0x00,0x00,0x00,0x00,0x00,0x00,0x00,0x00,
0x00,0x00,0x00,0x00,0x00,0x00,0x00,0x00,0x00,0x00,0x00,0x00,0x00,0x00,0x00,0x00,
0x00,0x00,0x00,0x00,0x00,0x00,0x00,0x00,0x00,0x00,0x00,0x00,0x00,0x00,0x00,0x00,
0x00,0x00,0x00,0x00,0x00,0x00,0x00,0x00,0x00,0x00,0x00,0x00,0x00,0x00,0x00,0x00,
0x00,0x00,0x00,0x00,0x00,0x00,0x00,0x00,0x00,0x00,0x00,0x00,0x00,0x00,0x00,0x00,
0x00,0x00,0x00,0x00,0x00,0x00,0x00,0x00,0x00,0x00,0x00,0x00,0x00,0x00,0x00,0x00,
0x00,0x00,0x00,0x00,0x00,0x00,0x00,0x00,0x00,0x00,0x00,0x00,0x00,0x00,0x00,0x00,
0x00,0x00,0x00,0x00,0x00,0x00,0x00,0x00,0x00,0x00,0x00,0x00,0x00,0x00,0x00,0x00,
0x00,0x00,0x00,0x00,0x00,0x00,0x00,0x00,0x00,0x00,0x00,0x00,0x00,0x00,0x00,0x00,
0x00,0x00,0x00,0x00,0x00,0x00,0x00,0x00,0x00,0x00,0x00,0x00,0x00,0x00,0x00,0x00,
0x00,0x00,0x00,0x00,0x00,0x00,0x00,0x00,0x00,0x00,0x00,0x00,0x00,0x00,0x00,0x00,
0x00,0x00,0x00,0x00,0x00,0x00,0x00,0x00,0x00,0x00,0x00,0x00,0x00,0x00,0x00,0x00,
0x00,0x00,0x00,0x00,0x00,0x00,0x00,0x00,0x00,0x00,0x00,0x00,0x00,0x00,0x00,0x00,
0x00,0x00,0x00,0x00,0x00,0x00,0x00,0x00,0x00,0x00,0x00,0x00,0x00,0x00,0x00,0x00,
0x00,0x00,0x00,0x00,0x00,0x00,0x00,0x00,0x00,0x00,0x00,0x00,0x00,0x00,0x00,0x00,
0x00,0x00,0x00,0x00,0x00,0x00,0x00,0x00,0x00,0x00,0x00,0x00,0x00,0x00,0x00,0x00,
0x00,0x00,0x00,0x00,0x00,0x00,0x00,0x00,0x00,0x00,0x00,0x00,0x00,0x00,0x00,0x00,
0x00,0x00,0x00,0x00,0x00,0x00,0x00,0x00,0x00,0x00,0x00,0x00,0x00,0x00,0x00,0x00,
0x00,0x00,0x00,0x00,0x00,0x00,0x00,0x00,0x00,0x00,0x00,0x00,0x00,0x00,0x00,0x00,
0x00,0x00,0x00,0x00,0x00,0x00,0x00,0x00,0x00,0x00,0x00,0x00,0x00,0x00,0x00,0x00,
0x00,0x00,0x00,0x00,0x00,0x00,0x00,0x00,0x00,0x00,0x00,0x00,0x00,0x00,0x00,0x00,
0x00,0x00,0x00,0x00,0x00,0x00,0x00,0x00,0x00,0x00,0x00,0x00,0x00,0x00,0x00,0x00,
0x00,0x00,0x00,0x00,0x00,0x00,0x00,0x00,0x00,0x00,0x00,0x00,0x00,0x00,0x00,0x00,
0x00,0x00,0x00,0x00,0x00,0x00,0x00,0x00,0x00,0x00,0x00,0x00,0x00,0x00,0x00,0x00,
0x00,0x00,0x00,0x00,0x00,0x00,0x00,0x00,0x00,0x00,0x00,0x00,0x00,0x00,0x00,0x00,
0x00,0x00,0x00,0x00,0x00,0x00,0x00,0x00,0x00,0x00,0x00,0x00,0x00,0x00,0x00,0x00,
0x00,0x00,0x00,0x00,0x00,0x00,0x00,0x00,0x00,0x00,0x00,0x00,0x00,0x00,0x00,0x00,
0x00,0x00,0x00,0x00,0x00,0x00,0x00,0x00,0x00,0x00,0x00,0x00,0x00,0x00,0x00,0x00,
0x00,0x00,0x00,0x00,0x00,0x00,0x00,0x00,0x00,0x00,0x00,0x00,0x00,0x00,0x00,0x00,
0x00,0x00,0x00,0x00,0x00,0x00,0x00,0x00,0x00,0x00,0x00,0x00,0x00,0x00,0x00,0x00,
0x00,0x00,0x00,0x00,0x00,0x00,0x00,0x00,0x00,0x00,0x00,0x00,0x00,0x00,0x00,0x00,
0x00,0x00,0x00,0x00,0x00,0x00,0x00,0x00,0x00,0x00,0x00,0x00,0x00,0x00,0x00,0x00,
0x00,0x00,0x00,0x00,0x00,0x00,0x00,0x00,0x00,0x00,0x00,0x00,0x00,0x00,0x00,0x00,
0x00,0x00,0x00,0x00,0x00,0x00,0x00,0x00,0x00,0x00,0x00,0x00,0x00,0x00,0x00,0x00,
0x00,0x00,0x00,0x00,0x00,0x00,0x00,0x00,0x00,0x00,0x00,0x00,0x00,0x00,0x00,0x00,
0x00,0x00,0x00,0x00,0x00,0x00,0x00,0x00,0x00,0x00,0x00,0x00,0x00,0x00,0x00,0x00,
0x00,0x00,0x00,0x00,0x00,0x00,0x00,0x00,0x00,0x00,0x00,0x00,0x00,0x00,0x00,0x00,
0x00,0x00,0x00,0x00,0x00,0x00,0x00,0x00,0x00,0x00,0x00,0x00,0x00,0x00,0x00,0x00,
0x00,0x00,0x00,0x00,0x00,0x00,0x00,0x00,0x00,0x00,0x00,0x00,0x00,0x00,0x00,0x00,
0x00,0x00,0x00,0x00,0x00,0x00,0x00,0x00,0x00,0x00,0x00,0x00,0x00,0x00,0x00,0x00,
0x00,0x00,0x00,0x00,0x00,0x00,0x00,0x00,0x00,0x00,0x00,0x00,0x00,0x00,0x00,0x00,
0x00,0x00,0x00,0x00,0x00,0x00,0x00,0x00,0x00,0x00,0x00,0x00,0x00,0x00,0x00,0x00,
0x00,0x00,0x00,0x00,0x00,0x00,0x00,0x00,0x00,0x00,0x00,0x00,0x00,0x00,0x00,0x00,
0x00,0x00,0x00,0x00,0x00,0x00,0x00,0x00,0x00,0x00,0x00,0x00,0x00,0x00,0x00,0x00,
0x00,0x00,0x00,0x00,0x00,0x00,0x00,0x00,0x00,0x00,0x00,0x00,0x00,0x00,0x00,0x00,
0x00,0x00,0x00,0x00,0x00,0x00,0x00,0x00,0x00,0x00,0x00,0x00,0x00,0x00,0x00,0x00,
0x00,0x00,0x00,0x00,0x00,0x00,0x00,0x00,0x00,0x00,0x00,0x00,0x00,0x00,0x00,0x00,
0x00,0x00,0x00,0x00,0x00,0x00,0x00,0x00,0x00,0x00,0x00,0x00,0x00,0x00,0x00,0x00,
0x00,0x00,0x00,0x00,0x00,0x00,0x00,0x00,0x00,0x00,0x00,0x00,0x00,0x00,0x00,0x00,
0x00,0x00,0x00,0x00,0x00,0x00,0x00,0x00,0x00,0x00,0x00,0x00,0x00,0x00,0x00,0x00,
0x00,0x00,0x00,0x00,0x00,0x00,0x00,0x00,0x00,0x00,0x00,0x00,0x00,0x00,0x00,0x00,
0x00,0x00,0x00,0x00,0x00,0x00,0x00,0x00,0x00,0x00,0x00,0x00,0x00,0x00,0x00,0x00,
0x00,0x00,0x00,0x00,0x00,0x00,0x00,0x00,0x00,0x00,0x00,0x00,0x00,0x00,0x00,0x00,
0x00,0x00,0x00,0x00,0x00,0x00,0x00,0x00,0x00,0x00,0x00,0x00,0x00,0x00,0x00,0x00,
0x00,0x00,0x00,0x00,0x00,0x00,0x00,0x00,0x00,0x00,0x00,0x00,0x00,0x00,0x00,0x00,
0x00,0x00,0x00,0x00,0x00,0x00,0x00,0x00,0x00,0x00,0x00,0x00,0x00,0x00,0x00,0x00,
0x00,0x00,0x00,0x00,0x00,0x00,0x00,0x00,0x00,0x00,0x00,0x00,0x00,0x00,0x00,0x00,
0x00,0x00,0x00,0x00,0x00,0x00,0x00,0x00,0x00,0x00,0x00,0x00,0x00,0x00,0x00,0x00,
0x00,0x00,0x00,0x00,0x00,0x00,0x00,0x00,0x00,0x00,0x00,0x00,0x00,0x00,0x00,0x00,
0x00,0x00,0x00,0x00,0x00,0x00,0x00,0x00,0x00,0x00,0x00,0x00,0x00,0x00,0x00,0x00,
0x00,0x00,0x00,0x00,0x00,0x00,0x00,0x00,0x00,0x00,0x00,0x00,0x00,0x00,0x00,0x00,
0x00,0x00,0x00,0x00,0x00,0x00,0x00,0x00,0x00,0x00,0x00,0x00,0x00,0x00,0x00,0x00,
0x00,0x00,0x00,0x00,0x00,0x00,0x00,0x00,0x00,0x00,0x00,0x00,0x00,0x00,0x00,0x00,
0x00,0x00,0x00,0x00,0x00,0x00,0x00,0x00,0x00,0x00,0x00,0x00,0x00,0x00,0x00,0x00,
0x00,0x00,0x00,0x00,0x00,0x00,0x00,0x00,0x00,0x00,0x00,0x00,0x00,0x00,0x00,0x00,
0x00,0x00,0x00,0x00,0x00,0x00,0x00,0x00,0x00,0x00,0x00,0x00,0x00,0x00,0x00,0xff,
0xff,0xff,0xff,0xff,0x00,0x00,0x00,0x00,0x00,0x00,0x00,0x00,0x00,0x00,0x00,0x00,
0x00,0x00,0x00,0x00,0x00,0x00,0x00,0x00,0x00,0x00,0x00,0x00,0x00,0x00,0x00,0x00,
0x00,0x00,0x00,0x00,0x00,0x00,0x00,0x00,0x00,0x00,0x00,0x00,0x00,0x00,0x00,0x00,
0x00,0x00,0x00,0x00,0x00,0x00,0xff,0xff,0xff,0xff,0xff,0xff,0xff,0xff,0x00,0x00,
0x00,0x00,0xff,0xff,0xff,0xff,0x00,0x00,0x00,0x00,0x00,0x00,0x00,0x00,0x00,0x00,
0x00,0x00,0x00,0x00,0x00,0x00,0x00,0x00,0x00,0x00,0x00,0x00,0x00,0x00,0x00,0x00,
0x00,0x00,0x00,0x00,0x00,0x00,0x00,0x00,0x00,0x00,0x00,0x00,0x00,0xff,0xff,0xff,
0xff,0xff,0xff,0xff,0xff,0xff,0x00,0x00,0x00,0x00,0xff,0xff,0xff,0xff,0xff,0x00,
0x00,0x00,0x00,0x00,0x00,0x00,0x00,0x00,0x00,0x00,0x00,0x00,0x00,0x00,0x00,0x00,
0x00,0x00,0x00,0x00,0x00,0x00,0x00,0x00,0x00,0x00,0x00,0x00,0x00,0x00,0x00,0x00,
0x00,0x00,0x00,0x00,0x00,0xff,0xff,0xff,0xff,0xff,0xff,0xff,0xff,0xff,0xff,0x00,
0x00,0xff,0xff,0xff,0xff,0xff,0xff,0xff,0xff,0x00,0x00,0x00,0x00,0x00,0x00,0x00,
0x00,0x00,0x00,0x00,0x00,0x00,0x00,0x00,0x00,0x00,0x00,0x00,0x00,0x00,0x00,0x00,
0x00,0x00,0x00,0x00,0x00,0x00,0x00,0x00,0x00,0x00,0x00,0x00,0x00,0xff,0xff,0xff,
0xff,0xff,0xff,0xff,0xff,0xff,0xff,0x00,0xff,0xff,0xff,0xff,0xff,0xff,0xff,0xff,
0xff,0x00,0x00,0x00,0x00,0x00,0x00,0x00,0x00,0x00,0x00,0x00,0x00,0x00,0x00,0x00,
0x00,0x00,0x00,0x00,0x00,0x00,0x00,0x00,0x00,0x00,0x00,0x00,0x00,0x00,0x00,0x00,
0x00,0x00,0x00,0x00,0x00,0x00,0xff,0xff,0xff,0xff,0xff,0xff,0xff,0xff,0xff,0xff,
0xff,0xff,0xff,0xff,0xff,0xff,0xff,0xff,0xff,0x00,0x00,0x00,0x00,0x00,0x00,0x00,
0x00,0x00,0x00,0x00,0x00,0x00,0x00,0x00,0x00,0x00,0x00,0x00,0x00,0x00,0x00,0x00,
0x00,0x00,0x00,0x00,0x00,0x00,0x00,0x00,0x00,0xff,0xff,0xff,0xff,0xff,0xff,0xff,
0xff,0xff,0xff,0xff,0xff,0xff,0xff,0xff,0xff,0xff,0xff,0xff,0xff,0xff,0xff,0xff,
0xff,0xff,0xff,0x00,0x00,0x00,0x00,0x00,0x00,0x00,0x00,0x00,0x00,0x00,0x00,0x00,
0x00,0x00,0x00,0x00,0x00,0x00,0x00,0x00,0x00,0x00,0x00,0x00,0x00,0x00,0xff,0xff,
0xff,0xff,0xff,0xff,0xff,0xff,0xff,0xff,0xff,0xff,0xff,0xff,0xff,0xff,0xff,0xff,
0xff,0xff,0xff,0xff,0xff,0xff,0xff,0xff,0xff,0xff,0xff,0xff,0xff,0xff,0x00,0x00,
0x00,0x00,0x00,0x00,0x00,0x00,0x00,0x00,0x00,0x00,0x00,0x00,0x00,0x00,0x00,0x00,
0x00,0x00,0x00,0x00,0xff,0xff,0xff,0xff,0xff,0xff,0xff,0xff,0xff,0xff,0xff,0xff,
0xff,0xff,0xff,0xff,0xff,0xff,0xff,0xff,0xff,0xff,0xff,0xff,0xff,0xff,0xff,0xff,
0xff,0xff,0xff,0xff,0xff,0xff,0xff,0xff,0x00,0x00,0x00,0x00,0x00,0x00,0x00,0x00,
0x00,0x00,0x00,0x00,0x00,0x00,0x00,0x00,0x00,0x00,0x00,0x00,0xff,0xff,0xff,0xff,
0xff,0xff,0xff,0xff,0xff,0xff,0xff,0xff,0xff,0xff,0xff,0xff,0xff,0xff,0xff,0xff,
0xff,0xff,0xff,0xff,0xff,0xff,0xff,0xff,0xff,0xff,0xff,0xff,0xff,0xff,0xff,0xff,
0x00,0x00,0x00,0x00,0x00,0x00,0x00,0x00,0x00,0x00,0x00,0x00,0x00,0x00,0x00,0x00,
0x00,0x00,0x00,0x00,0xff,0xff,0xff,0xff,0xff,0xff,0xff,0xff,0xff,0xff,0xff,0xff,
0xff,0xff,0xff,0xff,0xff,0xff,0xff,0xff,0xff,0xff,0xff,0xff,0xff,0xff,0xff,0xff,
0xff,0xff,0xff,0xff,0xff,0xff,0xff,0xff,0x00,0x00,0x00,0x00,0x00,0x00,0x00,0x00,
0x00,0x00,0x00,0x00,0x00,0x00,0x00,0x00,0x00,0x00,0xff,0xff,0xff,0xff,0xff,0xff,
0xff,0xff,0xff,0xff,0xff,0xff,0xff,0xff,0xff,0xff,0xff,0xff,0xff,0xff,0xff,0xff,
0xff,0xff,0xff,0xff,0xff,0xff,0xff,0xff,0xff,0xff,0xff,0xff,0xff,0xff,0xff,0xff,
0x00,0x00,0x00,0x00,0x00,0x00,0x00,0x00,0x00,0x00,0x00,0x00,0x00,0x00,0x00,0x00,
0x00,0x00,0x00,0xff,0xff,0xff,0xff,0xff,0xff,0xff,0xff,0xff,0xff,0xff,0xff,0xff,
0xff,0xff,0xff,0xff,0xff,0xff,0xff,0xff,0xff,0xff,0xff,0xff,0xff,0xff,0xff,0xff,
0xff,0xff,0xff,0xff,0xff,0xff,0xff,0xff,0x00,0x00,0x00,0x00,0x00,0x00,0x00,0x00,
0x00,0x00,0x00,0x00,0x00,0x00,0x00,0x00,0x00,0x00,0xff,0xff,0xff,0xff,0xff,0xff,
0xff,0xff,0xff,0xff,0xff,0xff,0xff,0xff,0xff,0xff,0xff,0xff,0xff,0xff,0xff,0xff,
0xff,0xff,0xff,0xff,0xff,0xff,0xff,0xff,0xff,0xff,0xff,0xff,0xff,0xff,0xff,0xff,
0x00,0x00,0x00,0x00,0x00,0x00,0x00,0x00,0x00,0x00,0x00,0x00,0x00,0x00,0x00,0x00,
0x00,0x00,0x00,0xff,0xff,0xff,0xff,0xff,0xff,0xff,0xff,0xff,0xff,0xff,0xff,0xff,
0xff,0xff,0xff,0xff,0xff,0xff,0xff,0xff,0xff,0xff,0xff,0xff,0xff,0xff,0xff,0xff,
0xff,0xff,0xff,0xff,0xff,0xff,0xff,0xff,0x00,0x00,0x00,0x00,0x00,0x00,0x00,0x00,
0x00,0x00,0x00,0x00,0x00,0x00,0x00,0x00,0x00,0x00,0xff,0xff,0xff,0xff,0xff,0xff,
0xff,0xff,0xff,0xff,0xff,0xff,0xff,0xff,0xff,0xff,0xff,0xff,0xff,0xff,0xff,0xff,
0xff,0xff,0xff,0xff,0xff,0xff,0xff,0xff,0xff,0xff,0xff,0xff,0xff,0xff,0xff,0xff,
0x00,0x00,0x00,0x00,0x00,0x00,0x00,0x00,0x00,0x00,0x00,0x00,0x00,0x00,0x00,0x00,
0x00,0x00,0xff,0xff,0xff,0xff,0xff,0xff,0xff,0xff,0xff,0xff,0xff,0xff,0xff,0xff,
0xff,0xff,0xff,0xff,0xff,0xff,0xff,0xff,0xff,0xff,0xff,0xff,0xff,0xff,0xff,0xff,
0xff,0xff,0xff,0xff,0xff,0xff,0xff,0xff,0x00,0x00,0x00,0x00,0x00,0x00,0x00,0x00,
0x00,0x00,0x00,0x00,0x00,0x00,0x00,0x00,0x00,0x00,0xff,0xff,0xff,0xff,0xff,0xff,
0xff,0xff,0xff,0xff,0xff,0xff,0xff,0xff,0xff,0xff,0xff,0xff,0xff,0xff,0xff,0xff,
0xff,0xff,0xff,0xff,0xff,0xff,0xff,0xff,0xff,0xff,0xff,0xff,0xff,0xff,0xff,0xff,
0x00,0x00,0x00,0x00,0x00,0x00,0x00,0x00,0x00,0x00,0x00,0x00,0x00,0x00,0x00,0x00,
0x00,0x00,0xff,0xff,0xff,0xff,0xff,0xff,0xff,0xff,0xff,0xff,0xff,0xff,0xff,0xff,
0xff,0xff,0xff,0xff,0xff,0xff,0xff,0xff,0xff,0xff,0xff,0xff,0xff,0xff,0xff,0xff,
0xff,0xff,0xff,0xff,0xff,0xff,0xff,0xff,0x00,0x00,0x00,0x00,0x00,0x00,0x00,0x00,
0x00,0x00,0x00,0x00,0x00,0x00,0x00,0x00,0x00,0x00,0x00,0xff,0xff,0xff,0xff,0xff,
0xff,0xff,0xff,0xff,0xff,0xff,0xff,0xff,0xff,0xff,0xff,0xff,0xff,0xff,0xff,0xff,
0xff,0xff,0xff,0xff,0xff,0xff,0xff,0xff,0xff,0xff,0xff,0xff,0xff,0xff,0xff,0xff,
0x00,0x00,0x00,0x00,0x00,0x00,0x00,0x00,0x00,0x00,0x00,0x00,0x00,0x00,0x00,0x00,
0x00,0x00,0xff,0xff,0xff,0xff,0xff,0xff,0xff,0xff,0xff,0xff,0xff,0xff,0xff,0xff,
0xff,0xff,0xff,0xff,0xff,0xff,0xff,0xff,0xff,0xff,0xff,0xff,0xff,0xff,0xff,0xff,
0xff,0xff,0xff,0xff,0xff,0xff,0xff,0xff,0x00,0x00,0x00,0x00,0x00,0x00,0x00,0x00,

};
static const lv_image_dsc_t s_farm_herb_0 = {
    .header.magic = LV_IMAGE_HEADER_MAGIC,
    .header.cf = LV_COLOR_FORMAT_RGB565A8,
    .header.flags = 0,
    .header.w = 56,
    .header.h = 52,
    .header.stride = 112,
    .data_size = sizeof(s_farm_herb_0_map),
    .data = s_farm_herb_0_map,
};

static const LV_ATTRIBUTE_MEM_ALIGN LV_ATTRIBUTE_LARGE_CONST uint8_t s_farm_herb_1_map[] = {
0x00,0x00,0x00,0x00,0x00,0x00,0x00,0x00,0x00,0x00,0x00,0x00,0x00,0x00,0x9e,0xf7,
0x9d,0xf7,0xbe,0xf7,0x7d,0xf7,0xff,0xff,0xff,0xff,0xff,0xff,0xff,0xff,0xbe,0xf7,
0x9e,0xf7,0x9e,0xf7,0x7d,0xf7,0x9e,0xf7,0xff,0xff,0xff,0xff,0xff,0xff,0xff,0xff,
0x7d,0xf7,0xbe,0xf7,0x9d,0xf7,0x9e,0xf7,0x9d,0xf7,0xff,0xff,0xff,0xff,0xff,0xff,
0xff,0xff,0x9e,0xf7,0x7d,0xf7,0x9e,0xf7,0x9d,0xf7,0xbe,0xf7,0xff,0xff,0xff,0xff,
0xff,0xff,0xff,0xff,0x9e,0xf7,0x9e,0xf7,0x7d,0xf7,0xbe,0xf7,0xff,0xff,0xff,0xff,
0xff,0xff,0x00,0x00,0x00,0x00,0x00,0x00,0x00,0x00,0x00,0x00,0x00,0x00,0x00,0x00,
0x00,0x00,0x00,0x00,0x00,0x00,0x00,0x00,0x00,0x00,0x00,0x00,0x00,0x00,0xff,0xff,
0xff,0xff,0xff,0xff,0xff,0xff,0x7e,0xf7,0x9e,0xef,0x7e,0xf7,0x9e,0xef,0xdf,0xff,
0xff,0xff,0xdf,0xff,0xff,0xff,0xdf,0xff,0x9e,0xf7,0x7e,0xf7,0x9e,0xef,0x7e,0xf7,
0xff,0xff,0xdf,0xff,0xff,0xff,0xff,0xff,0xff,0xff,0x9e,0xf7,0x9e,0xef,0x7e,0xf7,
0x9e,0xef,0xdf,0xff,0xff,0xff,0xff,0xff,0xff,0xff,0xbe,0xff,0x9e,0xef,0x9e,0xf7,
0x9e,0xef,0x7e,0xf7,0xff,0xff,0xff,0xff,0xff,0xff,0xff,0xff,0x9e,0xef,0x7e,0xf7,
0x9e,0xef,0x00,0x00,0x00,0x00,0x00,0x00,0x00,0x00,0x00,0x00,0x00,0x00,0x00,0x00,
0x00,0x00,0x00,0x00,0x00,0x00,0x00,0x00,0x00,0x00,0x00,0x00,0x00,0x00,0xff,0xff,
0xff,0xff,0xff,0xff,0xff,0xff,0x9e,0xf7,0x9e,0xf7,0xbe,0xf7,0x7d,0xf7,0xff,0xff,
0xff,0xff,0xff,0xff,0xff,0xff,0xff,0xff,0x9e,0xf7,0x9e,0xf7,0x9d,0xf7,0x9e,0xf7,
0xff,0xff,0xff,0xff,0xff,0xff,0xff,0xff,0xff,0xff,0xbe,0xf7,0x9d,0xf7,0x9e,0xf7,
0x9d,0xf7,0xff,0xff,0xff,0xff,0xff,0xff,0xff,0xff,0xbe,0xf7,0x9d,0xf7,0xbe,0xf7,
0x9e,0xf7,0x9e,0xf7,0xff,0xff,0xff,0xff,0xff,0xff,0xff,0xff,0x7d,0xf7,0x9e,0xf7,
0x9d,0xf7,0x00,0x00,0x00,0x00,0x00,0x00,0x00,0x00,0x00,0x00,0x00,0x00,0x00,0x00,
0x00,0x00,0x00,0x00,0x00,0x00,0x00,0x00,0x00,0x00,0x00,0x00,0x00,0x00,0xff,0xff,
0xff,0xff,0xff,0xff,0xff,0xff,0x7e,0xf7,0x9e,0xf7,0x7e,0xf7,0x9e,0xef,0xdf,0xff,
0xff,0xff,0xff,0xff,0xff,0xff,0xff,0xff,0x9e,0xf7,0x7e,0xf7,0x9e,0xef,0x7e,0xf7,
0xff,0xff,0xff,0xff,0xff,0xff,0xff,0xff,0xff,0xff,0x9e,0xf7,0x9e,0xef,0x7e,0xf7,
0xbf,0xf7,0xff,0xff,0xff,0xff,0xff,0xff,0xff,0xff,0x9e,0xf7,0x9e,0xef,0x9e,0xf7,
0x9e,0xf7,0x7e,0xf7,0xff,0xff,0xdf,0xff,0xff,0xff,0xff,0xff,0x9e,0xef,0x9e,0xf7,
0x9e,0xef,0x00,0x00,0x00,0x00,0x00,0x00,0x00,0x00,0x00,0x00,0x00,0x00,0x00,0x00,
0x00,0x00,0x00,0x00,0x00,0x00,0x00,0x00,0x00,0x00,0x00,0x00,0x00,0x00,0xff,0xff,
0xff,0xff,0xff,0xff,0xff,0xff,0x9e,0xf7,0x9d,0xf7,0xbe,0xf7,0x9d,0xf7,0xff,0xff,
0xff,0xff,0xff,0xff,0xff,0xff,0xff,0xff,0x9d,0xf7,0x9e,0xf7,0x9d,0xf7,0x9e,0xf7,
0xff,0xff,0xff,0xff,0xff,0xff,0xff,0xff,0xff,0xff,0x9e,0xf7,0x9d,0xf7,0x9e,0xf7,
0x9e,0xf7,0xff,0xff,0xff,0xff,0xff,0xff,0xff,0xff,0xbe,0xf7,0x9d,0xf7,0xbe,0xf7,
0x9d,0xf7,0x9e,0xf7,0xff,0xff,0xff,0xff,0xff,0xff,0xff,0xff,0x7d,0xf7,0x9e,0xf7,
0x9d,0xf7,0x00,0x00,0x00,0x00,0x00,0x00,0x00,0x00,0x00,0x00,0x00,0x00,0x00,0x00,
0x00,0x00,0x00,0x00,0x00,0x00,0x00,0x00,0x00,0x00,0x00,0x00,0x00,0x00,0xdf,0xff,
0xff,0xff,0xdf,0xff,0xff,0xff,0x7d,0xf7,0x9e,0xef,0x7e,0xf7,0x9e,0xef,0xdf,0xff,
0xff,0xff,0xff,0xff,0xff,0xff,0xdf,0xff,0x9e,0xef,0x7e,0xf7,0x9e,0xef,0x7d,0xf7,
0xff,0xff,0xdf,0xff,0xff,0xff,0xdf,0xff,0xff,0xff,0x7e,0xf7,0x9e,0xef,0x7e,0xf7,
0x9e,0xf7,0xdf,0xff,0xff,0xff,0xff,0xff,0xff,0xff,0xbe,0xff,0x9e,0xef,0x9e,0xf7,
0x9e,0xef,0x7e,0xf7,0xff,0xff,0xdf,0xff,0xff,0xff,0xdf,0xff,0x9e,0xef,0x7e,0xf7,
0x9e,0xef,0x00,0x00,0x00,0x00,0x00,0x00,0x00,0x00,0x00,0x00,0x00,0x00,0x00,0x00,
0x00,0x00,0x00,0x00,0x00,0x00,0x00,0x00,0x00,0x00,0x00,0x00,0x00,0x00,0xbe,0xf7,
0x9d,0xf7,0x9e,0xf7,0x9e,0xf7,0xff,0xff,0xff,0xff,0xff,0xff,0xff,0xff,0xbe,0xf7,
0x9e,0xf7,0xbe,0xf7,0x9d,0xf7,0x9e,0xf7,0xff,0xff,0xff,0xff,0xff,0xff,0xff,0xff,
0x7d,0xf7,0x9e,0xf7,0x7d,0xf7,0x9e,0xf7,0x7d,0xf7,0xff,0xff,0xff,0xff,0xff,0xff,
0xff,0xff,0x9e,0xf7,0x7d,0xf7,0x9e,0xf7,0x9e,0xf7,0xdf,0xff,0xff,0xff,0xff,0xff,
0xff,0xff,0xff,0xff,0x9e,0xf7,0x9e,0xf7,0x7d,0xf7,0x9e,0xf7,0xff,0xff,0xff,0xff,
0xff,0xff,0x00,0x00,0x00,0x00,0x00,0x00,0x00,0x00,0x00,0x00,0x00,0x00,0x00,0x00,
0x00,0x00,0x00,0x00,0x00,0x00,0x00,0x00,0x00,0x00,0x00,0x00,0x00,0x00,0x9e,0xf7,
0x9e,0xf7,0x9e,0xf7,0x9e,0xf7,0xff,0xff,0xff,0xff,0xff,0xff,0xff,0xff,0x9e,0xf7,
0x9e,0xf7,0x7e,0xf7,0x9e,0xef,0x7e,0xf7,0xff,0xff,0xff,0xff,0xff,0xff,0xff,0xff,
0x9e,0xef,0x7e,0xf7,0x9e,0xef,0x7e,0xf7,0x9e,0xef,0xdf,0xff,0xff,0xff,0xff,0xff,
0xff,0xff,0x7e,0xf7,0x9e,0xef,0x7e,0xf7,0x9e,0xf7,0xbf,0xff,0xff,0xff,0xff,0xff,
0xff,0xff,0xff,0xff,0x9e,0xf7,0x9e,0xf7,0x9e,0xef,0x7e,0xf7,0xff,0xff,0xdf,0xff,
0xff,0xff,0x00,0x00,0x00,0x00,0x00,0x00,0x00,0x00,0x00,0x00,0x00,0x00,0x00,0x00,
0x00,0x00,0x00,0x00,0x00,0x00,0x00,0x00,0x00,0x00,0x00,0x00,0x00,0x00,0xbe,0xf7,
0x9e,0xff,0xbe,0xf7,0x9e,0xf7,0xff,0xff,0xff,0xff,0xff,0xff,0xff,0xff,0xbe,0xf7,
0x9e,0xff,0xbe,0xf7,0x9d,0xf7,0x9e,0xf7,0xff,0xff,0xff,0xff,0xff,0xff,0xff,0xff,
0x7d,0xf7,0x9e,0xf7,0x9d,0xf7,0xbe,0xf7,0x7d,0xf7,0xff,0xff,0xff,0xff,0xff,0xff,
0xff,0xff,0x9e,0xf7,0x9e,0xf7,0x9e,0xf7,0x9e,0xf7,0xdf,0xff,0xff,0xff,0xff,0xff,
0xff,0xff,0xff,0xff,0x9e,0xf7,0xbe,0xf7,0x7d,0xf7,0xbe,0xf7,0xff,0xff,0xff,0xff,
0xff,0xff,0x00,0x00,0x00,0x00,0x00,0x00,0x00,0x00,0x00,0x00,0x00,0x00,0x00,0x00,
0x00,0x00,0x00,0x00,0x00,0x00,0x00,0x00,0x00,0x00,0x00,0x00,0x00,0x00,0x7e,0xf7,
0xbf,0xf7,0x9e,0xf7,0x9e,0xf7,0xff,0xff,0xff,0xff,0xdf,0xff,0xff,0xff,0x9e,0xf7,
0xbf,0xf7,0x9e,0xf7,0x9e,0xf7,0x7e,0xf7,0xff,0xff,0xff,0xff,0xff,0xff,0xff,0xff,
0x9e,0xef,0x9e,0xf7,0x9e,0xef,0x9e,0xf7,0x9e,0xef,0xdf,0xff,0xff,0xff,0xff,0xff,
0xff,0xff,0x7e,0xf7,0x9e,0xf7,0x9e,0xf7,0x9e,0xf7,0xbf,0xff,0xff,0xff,0xdf,0xff,
0xff,0xff,0xdf,0xff,0x9e,0xf7,0x9e,0xf7,0x9e,0xef,0x7e,0xf7,0xff,0xff,0xff,0xff,
0xff,0xff,0x00,0x00,0x00,0x00,0x00,0x00,0x00,0x00,0x00,0x00,0x00,0x00,0x00,0x00,
0x00,0x00,0x00,0x00,0x00,0x00,0x00,0x00,0x00,0x00,0x00,0x00,0x00,0x00,0xff,0xff,
0xff,0xff,0xff,0xff,0xff,0xff,0x9e,0xf7,0x9d,0xf7,0x9e,0xf7,0x7d,0xf7,0xff,0xff,
0xff,0xff,0xff,0xff,0xff,0xff,0xff,0xff,0x9d,0xf7,0x9e,0xf7,0x9d,0xf7,0x9e,0xf7,
0xff,0xff,0xff,0xff,0xff,0xff,0xff,0xff,0xff,0xff,0x9e,0xf7,0x9d,0xf7,0x9e,0xf7,
0x9e,0xf7,0xff,0xff,0xff,0xff,0xff,0xff,0xff,0xff,0xbf,0xf7,0x9d,0xf7,0x9e,0xf7,
0x9e,0xf7,0x9e,0xf7,0xff,0xff,0xff,0xff,0xff,0xff,0xff,0xff,0x7d,0xf7,0xbe,0xf7,
0x7d,0xf7,0x00,0x00,0x00,0x00,0x00,0x00,0x00,0x00,0x00,0x00,0x00,0x00,0x00,0x00,
0x00,0x00,0x00,0x00,0x00,0x00,0x00,0x00,0x00,0x00,0x00,0x00,0x00,0x00,0xff,0xff,
0xff,0xff,0xff,0xff,0xff,0xff,0x7e,0xf7,0x9e,0xef,0x9e,0xf7,0x9e,0xef,0xdf,0xff,
0xff,0xff,0xff,0xff,0xff,0xff,0xff,0xff,0x9e,0xf7,0x7e,0xf7,0x9e,0xef,0x7e,0xf7,
0xff,0xff,0xff,0xff,0xff,0xff,0xdf,0xff,0xff,0xff,0x9e,0xf7,0x9e,0xef,0x7e,0xf7,
0x9e,0xf7,0xff,0xff,0xff,0xff,0xff,0xff,0xff,0xff,0xbe,0xff,0x9e,0xef,0x7e,0xf7,
0x9e,0xf7,0x7e,0xf7,0xff,0xff,0xff,0xff,0xff,0xff,0xff,0xff,0x7e,0xef,0x9e,0xf7,
0x9e,0xef,0x00,0x00,0x00,0x00,0x00,0x00,0x00,0x00,0x00,0x00,0x00,0x00,0x00,0x00,
0x00,0x00,0x00,0x00,0x00,0x00,0x00,0x00,0x00,0x00,0x00,0x00,0x00,0x00,0xff,0xff,
0xff,0xff,0xff,0xff,0xff,0xff,0x9e,0xf7,0x9e,0xff,0x9e,0xf7,0x7d,0xf7,0xff,0xff,
0xff,0xff,0xff,0xff,0xff,0xff,0xff,0xff,0x9e,0xff,0x9e,0xf7,0x9d,0xf7,0x9e,0xf7,
0xff,0xff,0xff,0xff,0xff,0xff,0xff,0xff,0xff,0xff,0xbe,0xf7,0x9d,0xf7,0x9e,0xf7,
0x9e,0xf7,0xff,0xff,0xff,0xff,0xff,0xff,0xff,0xff,0xbf,0xf7,0x9d,0xf7,0xbe,0xf7,
0x9e,0xf7,0x9e,0xf7,0xff,0xff,0xff,0xff,0xff,0xff,0xff,0xff,0x7d,0xf7,0xbe,0xf7,
0x7d,0xf7,0x00,0x00,0x00,0x00,0x00,0x00,0x00,0x00,0x00,0x00,0x00,0x00,0x00,0x00,
0x00,0x00,0x00,0x00,0x00,0x00,0x00,0x00,0x00,0x00,0x00,0x00,0x00,0x00,0xff,0xff,
0xff,0xff,0xff,0xff,0xff,0xff,0x7e,0xf7,0x9e,0xef,0x7e,0xf7,0x9e,0xef,0xdf,0xff,
0xff,0xff,0xff,0xff,0xff,0xff,0xff,0xff,0x9e,0xef,0x7e,0xf7,0x9e,0xef,0x9e,0xf7,
0xff,0xff,0xff,0xff,0xff,0xff,0xff,0xff,0xff,0xff,0x7e,0xf7,0x9e,0xef,0x7e,0xf7,
0x9e,0xf7,0xff,0xff,0xff,0xff,0xdf,0xff,0xff,0xff,0xbe,0xff,0x9e,0xef,0x7e,0xf7,
0x9e,0xef,0x9e,0xf7,0xff,0xff,0xdf,0xff,0xff,0xff,0xff,0xff,0x9e,0xef,0x9e,0xf7,
0x9e,0xef,0x00,0x00,0x00,0x00,0x00,0x00,0x00,0x00,0x00,0x00,0x00,0x00,0x00,0x00,
0x00,0x00,0x00,0x00,0x00,0x00,0x00,0x00,0x00,0x00,0x00,0x00,0x00,0x00,0xbe,0xf7,
0x9e,0xf7,0xbe,0xf7,0x9e,0xff,0xff,0xff,0xdf,0xff,0xff,0xff,0xdf,0xff,0xbe,0xf7,
0x9e,0xf7,0xbe,0xf7,0x9e,0xff,0xbe,0xf7,0xdf,0xff,0xff,0xff,0xdf,0xff,0xff,0xff,
0x9e,0xf7,0xbe,0xf7,0x9e,0xf7,0xbe,0xf7,0x9d,0xf7,0xff,0xff,0xdf,0xff,0xff,0xff,
0xff,0xff,0x9e,0xf7,0x9d,0xf7,0xbe,0xf7,0xbe,0xff,0xdf,0xff,0xdf,0xff,0xff,0xff,
0xdf,0xff,0xff,0xff,0x9e,0xf7,0xbe,0xf7,0xbe,0xff,0xbe,0xf7,0xdf,0xff,0xff,0xff,
0xdf,0xff,0x00,0x00,0x00,0x00,0x00,0x00,0x00,0x00,0x00,0x00,0x00,0x00,0x00,0x00,
0x00,0x00,0x00,0x00,0x00,0x00,0x00,0x00,0x00,0x00,0x00,0x00,0x00,0x00,0x7e,0xf7,
0x9e,0xef,0x7e,0xf7,0x9e,0xef,0xff,0xff,0xff,0xff,0xff,0xff,0xff,0xff,0x9e,0xf7,
0x9e,0xef,0x7e,0xf7,0x9e,0xf7,0x7e,0xf7,0xff,0xff,0xff,0xff,0xff,0xff,0xff,0xff,
0x9e,0xef,0x7e,0xf7,0x9e,0xef,0x9e,0xf7,0x9e,0xef,0xff,0xff,0xff,0xff,0xff,0xff,
0xff,0xff,0x7e,0xf7,0x9e,0xef,0x7e,0xf7,0xbf,0xf7,0xdf,0xff,0xff,0xff,0xdf,0xff,
0xff,0xff,0xff,0xff,0x9e,0xef,0x7e,0xf7,0x9e,0xf7,0x7e,0xf7,0xff,0xff,0xff,0xff,
0xff,0xff,0x00,0x00,0x00,0x00,0x00,0x00,0x00,0x00,0x00,0x00,0x00,0x00,0x00,0x00,
0x00,0x00,0x00,0x00,0x00,0x00,0x00,0x00,0x00,0x00,0x00,0x00,0x00,0x00,0xbe,0xf7,
0x9e,0xf7,0x9e,0xf7,0x9d,0xf7,0xff,0xff,0xff,0xff,0xff,0xff,0xff,0xff,0xbe,0xf7,
0x9d,0xf7,0x9e,0xf7,0x9d,0xf7,0x9e,0xef,0xff,0xff,0xff,0xff,0xff,0xff,0xff,0xff,
0x9e,0xf7,0x9e,0xf7,0x7d,0xf7,0x9e,0xf7,0x9d,0xf7,0xff,0xff,0xff,0xff,0xff,0xff,
0xff,0xff,0x9e,0xf7,0x9d,0xf7,0x9e,0xf7,0x9d,0xf7,0xff,0xff,0xff,0xff,0xff,0xff,
0xff,0xff,0xff,0xff,0x9d,0xf7,0x9e,0xf7,0x9e,0xf7,0xbe,0xf7,0xdf,0xff,0xff,0xff,
0xff,0xff,0x00,0x00,0x00,0x00,0x00,0x00,0x00,0x00,0x00,0x00,0x00,0x00,0x00,0x00,
0x00,0x00,0x00,0x00,0x00,0x00,0x00,0x00,0x00,0x00,0x00,0x00,0x00,0x00,0x9e,0xf7,
0x9e,0xf7,0x7e,0xf7,0x9e,0xef,0xdf,0xff,0xff,0xff,0xff,0xff,0xff,0xff,0x9e,0xf7,
0x9e,0xef,0x7e,0xf7,0x9e,0xef,0x7e,0xf7,0xff,0xff,0xff,0xff,0xff,0xff,0xff,0xff,
0x9e,0xef,0x9e,0xf7,0x9e,0xef,0x7e,0xf7,0x9e,0xf7,0xff,0xff,0xff,0xff,0xdf,0xff,
0xff,0xff,0x7e,0xf7,0x9e,0xf7,0x7e,0xf7,0x9e,0xef,0xbf,0xff,0xff,0xff,0xdf,0xff,
0xff,0xff,0xff,0xff,0x9e,0xef,0x9e,0xf7,0x9e,0xf7,0x9e,0xf7,0xff,0xff,0xff,0xff,
0xff,0xff,0x00,0x00,0x00,0x00,0x00,0x00,0x00,0x00,0x00,0x00,0x00,0x00,0x00,0x00,
0x00,0x00,0x00,0x00,0x00,0x00,0x00,0x00,0x00,0x00,0x00,0x00,0x00,0x00,0x9e,0xf7,
0x9d,0xf7,0xbe,0xf7,0x9e,0xf7,0xff,0xff,0xff,0xff,0xff,0xff,0xff,0xff,0xbe,0xf7,
0x9e,0xf7,0xbe,0xf7,0x7d,0xf7,0x9e,0xf7,0xff,0xff,0xff,0xff,0xff,0xff,0xff,0xff,
0x9d,0xf7,0xbe,0xf7,0x9e,0xf7,0xbe,0xf7,0x9e,0xf7,0xff,0xff,0xff,0xff,0xff,0xff,
0xff,0xff,0x9e,0xf7,0xbe,0xff,0xbe,0xf7,0x7d,0xf7,0xdf,0xff,0xff,0xff,0xff,0xff,
0xff,0xff,0xff,0xff,0x7d,0xf7,0xbe,0xf7,0x7d,0xf7,0xbe,0xf7,0xff,0xff,0xff,0xff,
0xff,0xff,0x00,0x00,0x00,0x00,0x00,0x00,0x00,0x00,0x00,0x00,0x00,0x00,0x00,0x00,
0x00,0x00,0x00,0x00,0x00,0x00,0x00,0x00,0x00,0x00,0x00,0x00,0x00,0x00,0xff,0xff,
0xff,0xff,0xff,0xff,0xff,0xff,0x7e,0xf7,0x9e,0xef,0x9e,0xf7,0x9e,0xf7,0xdf,0xff,
0xff,0xff,0xff,0xff,0xff,0xff,0xff,0xff,0x9e,0xf7,0x7e,0xf7,0x9e,0xf7,0x7e,0xf7,
0xff,0xff,0xdf,0xff,0xff,0xff,0xdf,0xff,0xff,0xff,0x7e,0xf7,0x9e,0xf7,0x9e,0xf7,
0xbf,0xf7,0xdf,0xff,0xbf,0xf7,0xbe,0xff,0xbf,0xf7,0x7d,0xf7,0x1a,0xcf,0xc5,0x29,
0x25,0x22,0xc4,0x21,0xa4,0x11,0x01,0x09,0xdf,0xf7,0xff,0xff,0x9e,0xef,0x9e,0xf7,
0x9e,0xf7,0x00,0x00,0x00,0x00,0x00,0x00,0x00,0x00,0x00,0x00,0x00,0x00,0x00,0x00,
0x00,0x00,0x00,0x00,0x00,0x00,0x00,0x00,0x00,0x00,0x00,0x00,0x00,0x00,0xff,0xff,
0xff,0xff,0xff,0xff,0xff,0xff,0x9e,0xf7,0x9e,0xf7,0xbe,0xf7,0x9d,0xf7,0xff,0xff,
0xff,0xff,0xff,0xff,0xff,0xff,0xff,0xff,0x9e,0xf7,0x9e,0xf7,0x9d,0xf7,0x9e,0xf7,
0xff,0xff,0xff,0xff,0xff,0xff,0xff,0xff,0xdf,0xff,0x9e,0xf7,0x9d,0xf7,0xbe,0xf7,
0xbe,0xff,0xdf,0xff,0xe3,0x21,0xe3,0x19,0x82,0x19,0xc3,0x19,0xa0,0x19,0xc8,0x5b,
0x65,0x74,0x66,0x74,0x45,0x6c,0x86,0x74,0xa4,0x29,0xfe,0xf7,0x7d,0xf7,0xbe,0xf7,
0x9d,0xf7,0x00,0x00,0x00,0x00,0x00,0x00,0x00,0x00,0x00,0x00,0x00,0x00,0x00,0x00,
0x00,0x00,0x00,0x00,0x00,0x00,0x00,0x00,0x00,0x00,0x00,0x00,0x00,0x00,0xff,0xff,
0xff,0xff,0xdf,0xff,0xff,0xff,0x7e,0xf7,0x9e,0xef,0x9e,0xf7,0x9e,0xef,0xdf,0xff,
0xff,0xff,0xff,0xff,0xff,0xff,0xdf,0xff,0xbf,0xf7,0x9e,0xf7,0x9e,0xf7,0x9e,0xf7,
0xff,0xff,0xff,0xff,0xff,0xff,0xff,0xff,0xff,0xff,0x7e,0xf7,0x9e,0xef,0x7e,0xf7,
0xce,0x6b,0xe2,0x10,0xa7,0x95,0xa7,0x9d,0x87,0x8d,0x08,0xa6,0x87,0x95,0x05,0x8d,
0x08,0x9e,0xe4,0x7c,0x85,0x6c,0xe6,0x7c,0xe6,0x29,0xfe,0xf7,0x9e,0xef,0x7e,0xf7,
0x9e,0xef,0x00,0x00,0x00,0x00,0x00,0x00,0x00,0x00,0x00,0x00,0x00,0x00,0x00,0x00,
0x00,0x00,0x00,0x00,0x00,0x00,0x00,0x00,0x00,0x00,0x00,0x00,0x00,0x00,0xff,0xff,
0xff,0xff,0xff,0xff,0xff,0xff,0xbe,0xf7,0x9d,0xf7,0x9e,0xf7,0x9d,0xf7,0xff,0xff,
0xff,0xff,0xff,0xff,0xff,0xff,0xff,0xff,0x9d,0xf7,0xbe,0xf7,0x9e,0xf7,0x9e,0xf7,
0xff,0xff,0xff,0xff,0xff,0xff,0xff,0xff,0xdf,0xff,0x7d,0xef,0x9c,0xef,0x06,0x32,
0x22,0x2a,0xc5,0x3a,0x44,0x95,0xa6,0x9d,0x84,0x95,0x27,0xa6,0xa7,0x9d,0x66,0x8d,
0x83,0x53,0x25,0x64,0x24,0x6c,0xc7,0x7c,0x06,0x32,0xfe,0xf7,0x7d,0xf7,0xbe,0xf7,
0x9d,0xf7,0x00,0x00,0x00,0x00,0x00,0x00,0x00,0x00,0x00,0x00,0x00,0x00,0x00,0x00,
0x00,0x00,0x00,0x00,0x00,0x00,0x00,0x00,0x00,0x00,0x00,0x00,0x00,0x00,0x9e,0xf7,
0xbf,0xf7,0x9e,0xf7,0xbf,0xf7,0xdf,0xff,0xff,0xff,0xdf,0xff,0xdf,0xff,0xbe,0xff,
0xbf,0xf7,0x7e,0xf7,0xbf,0xf7,0x9e,0xf7,0xdf,0xf7,0xdf,0xff,0xff,0xff,0xbf,0xff,
0xbf,0xf7,0x9e,0xf7,0xbf,0xf7,0x9e,0xf7,0x9e,0xf7,0x7e,0xf7,0xd9,0xc6,0xc4,0x29,
0x07,0x9e,0xa6,0x95,0xc6,0x95,0x84,0x95,0x44,0x85,0x64,0x8d,0x07,0x75,0x60,0x4b,
0xe5,0x74,0xc5,0x7c,0x65,0x32,0xe3,0x29,0xff,0xff,0xbe,0xff,0xff,0xff,0xdf,0xff,
0xff,0xff,0x00,0x00,0x00,0x00,0x00,0x00,0x00,0x00,0x00,0x00,0x00,0x00,0x00,0x00,
0x00,0x00,0x00,0x00,0x00,0x00,0x00,0x00,0x00,0x00,0x00,0x00,0x00,0x00,0x9e,0xf7,
0x9e,0xf7,0x9e,0xf7,0x9e,0xf7,0xff,0xff,0xff,0xff,0xff,0xff,0xff,0xff,0xbe,0xf7,
0x9d,0xf7,0x9e,0xf7,0xbe,0xff,0x7d,0xef,0xde,0xff,0xff,0xff,0xff,0xff,0xff,0xff,
0x7d,0xf7,0x9e,0xf7,0x7d,0xf7,0x9e,0xf7,0x7d,0xf7,0xdf,0xf7,0x20,0x22,0xa6,0x53,
0xa6,0x95,0x03,0x7d,0x07,0xa6,0x24,0x85,0x84,0x74,0xe1,0x53,0x20,0x43,0xa9,0x95,
0xa7,0x9d,0x83,0x6c,0xc5,0x29,0xfe,0xf7,0x7d,0xf7,0x9e,0xf7,0xff,0xff,0xff,0xff,
0xff,0xff,0x00,0x00,0x00,0x00,0x00,0x00,0x00,0x00,0x00,0x00,0x00,0x00,0x00,0x00,
0x00,0x00,0x00,0x00,0x00,0x00,0x00,0x00,0x00,0x00,0x00,0x00,0x00,0x00,0x7e,0xf7,
0x9e,0xef,0x7e,0xf7,0x7e,0xef,0xdf,0xff,0xff,0xff,0xdf,0xff,0xdf,0xff,0x3c,0xef,
0x04,0x22,0x44,0x2a,0x45,0x22,0xe3,0x21,0xe4,0x21,0xc3,0x21,0xe5,0x21,0x12,0x95,
0xbe,0xf7,0x9e,0xf7,0x7e,0xef,0x7d,0xf7,0x9e,0xef,0x89,0x52,0x40,0x22,0xc9,0x7c,
0xa7,0x8d,0xc3,0x74,0xc7,0x95,0xa2,0x74,0xa3,0x4b,0x29,0x85,0x86,0x8d,0xe3,0x7c,
0xc5,0x6c,0x84,0x6c,0xe6,0x29,0xfe,0xf7,0x7e,0xef,0x7e,0xf7,0xff,0xff,0xdf,0xff,
0xff,0xff,0x00,0x00,0x00,0x00,0x00,0x00,0x00,0x00,0x00,0x00,0x00,0x00,0x00,0x00,
0x00,0x00,0x00,0x00,0x00,0x00,0x00,0x00,0x00,0x00,0x00,0x00,0x00,0x00,0x9e,0xf7,
0x9d,0xf7,0x9e,0xf7,0x7d,0xf7,0xff,0xff,0xff,0xff,0xbe,0xf7,0x04,0x2a,0x46,0x2a,
0xc3,0x7c,0x29,0xa6,0x26,0xae,0xc5,0x9d,0xc6,0xa5,0xa6,0x9d,0xa8,0x7c,0xc2,0x3a,
0xa4,0x29,0xd9,0xce,0x7d,0xf7,0x7d,0xef,0xbc,0xef,0xe5,0x29,0xa5,0x74,0x84,0x6c,
0x05,0x85,0x43,0x64,0xc4,0x5b,0xa4,0x53,0xc2,0x7c,0xe7,0x9d,0x64,0x95,0xe6,0x9d,
0x46,0x85,0x63,0x64,0xe5,0x29,0xff,0xf7,0x7d,0xf7,0x9e,0xef,0xdf,0xff,0xff,0xff,
0xff,0xff,0x00,0x00,0x00,0x00,0x00,0x00,0x00,0x00,0x00,0x00,0x00,0x00,0x00,0x00,
0x00,0x00,0x00,0x00,0x00,0x00,0x00,0x00,0x00,0x00,0x00,0x00,0x00,0x00,0x7e,0xf7,
0x9e,0xef,0x7e,0xf7,0x9e,0xef,0xff,0xff,0xfe,0xef,0xa4,0x21,0x86,0x8d,0x28,0xa6,
0x66,0x8d,0xa6,0x9d,0xc6,0x95,0x65,0x95,0x66,0x8d,0x86,0x95,0x67,0x85,0x25,0x85,
0x4a,0x64,0x40,0x09,0xe3,0x10,0x7c,0xe7,0xbd,0xe7,0xe6,0x31,0x86,0x8d,0xc3,0x7c,
0xe7,0x7c,0xe2,0x5b,0xa4,0x4b,0x46,0x6c,0x65,0x8d,0x65,0x95,0xa6,0x95,0x85,0x9d,
0xaa,0x74,0xe0,0x21,0x5d,0xe7,0x9e,0xf7,0x9e,0xef,0x7d,0xf7,0xff,0xff,0xff,0xff,
0xff,0xff,0x00,0x00,0x00,0x00,0x00,0x00,0x00,0x00,0x00,0x00,0x00,0x00,0x00,0x00,
0x00,0x00,0x00,0x00,0x00,0x00,0x00,0x00,0x00,0x00,0x00,0x00,0x00,0x00,0xff,0xff,
0xff,0xff,0xff,0xff,0xff,0xff,0x7e,0xef,0xfd,0xf7,0x05,0x2a,0x04,0x85,0xa7,0x95,
0xa5,0x9d,0x07,0x9e,0x64,0x74,0x06,0x7d,0xa5,0x9d,0x65,0x8d,0x06,0x9e,0x64,0x85,
0x89,0x74,0x60,0x22,0xe5,0x31,0xb4,0xa5,0xdd,0xf7,0x06,0x32,0x86,0x8d,0xa3,0x6c,
0x26,0x6c,0x22,0x43,0x62,0x53,0xc8,0x74,0xa7,0x9d,0x04,0x7d,0x43,0x64,0x84,0x64,
0x68,0x74,0x20,0x22,0xbe,0xff,0xff,0xff,0xff,0xff,0xff,0xff,0x9d,0xf7,0xbe,0xf7,
0x9e,0xf7,0x00,0x00,0x00,0x00,0x00,0x00,0x00,0x00,0x00,0x00,0x00,0x00,0x00,0x00,
0x00,0x00,0x00,0x00,0x00,0x00,0x00,0x00,0x00,0x00,0x00,0x00,0x00,0x00,0xff,0xff,
0xff,0xff,0xff,0xff,0xff,0xff,0x7e,0xf7,0xfd,0xe7,0x26,0x32,0xe5,0x74,0x66,0x8d,
0x66,0x8d,0x04,0x85,0xa6,0x6c,0xc2,0x5b,0xe4,0x53,0x45,0x64,0xe8,0x95,0x25,0x7d,
0xc6,0x6c,0xe2,0x53,0x2b,0x64,0x22,0x2a,0xdd,0xe7,0xe5,0x31,0x47,0x85,0x63,0x6c,
0x06,0x5c,0x02,0x43,0xe4,0x5b,0xe3,0x5b,0x24,0x5c,0x44,0x64,0x46,0x85,0xa7,0x95,
0x8a,0x6c,0x40,0x2a,0xff,0xff,0xff,0xff,0xff,0xff,0xff,0xff,0x9e,0xef,0x9e,0xf7,
0x9e,0xef,0x00,0x00,0x00,0x00,0x00,0x00,0x00,0x00,0x00,0x00,0x00,0x00,0x00,0x00,
0x00,0x00,0x00,0x00,0x00,0x00,0x00,0x00,0x00,0x00,0x00,0x00,0x00,0x00,0xff,0xff,
0xff,0xff,0xff,0xff,0xff,0xff,0xbe,0xf7,0xbe,0xff,0x9e,0xef,0x60,0x19,0xcb,0x84,
0xa5,0x9d,0xca,0xb6,0xa5,0x95,0xc6,0x95,0xc6,0x7c,0x03,0x5c,0x62,0x4b,0x25,0x5c,
0xc5,0x74,0x23,0x5c,0xaa,0x7c,0x21,0x22,0xfd,0xf7,0xc5,0x29,0x26,0x6c,0x46,0x64,
0x06,0x64,0x80,0x32,0x65,0x74,0x24,0x64,0xe3,0x7c,0x86,0x8d,0xc7,0x9d,0xc3,0x74,
0x07,0x53,0xa9,0x63,0xdf,0xff,0xff,0xff,0xff,0xff,0xff,0xff,0x9d,0xf7,0x9e,0xf7,
0x9d,0xf7,0x00,0x00,0x00,0x00,0x00,0x00,0x00,0x00,0x00,0x00,0x00,0x00,0x00,0x00,
0x00,0x00,0x00,0x00,0x00,0x00,0x00,0x00,0x00,0x00,0x00,0x00,0x00,0x00,0xff,0xff,
0xff,0xff,0xdf,0xff,0xff,0xff,0x9e,0xf7,0x9e,0xf7,0x9e,0xf7,0xff,0xf7,0xe3,0x10,
0x05,0x7d,0x86,0x95,0xa6,0x8d,0x65,0x8d,0xa5,0x8d,0x07,0xa6,0xe5,0x5b,0xc0,0x3a,
0x42,0x43,0x67,0x6c,0xc7,0x6c,0x24,0x5c,0xa4,0x21,0xe1,0x10,0x66,0x4b,0xa6,0x5b,
0x84,0x4b,0xc4,0x53,0x23,0x43,0xe5,0x63,0x45,0x7d,0x65,0x8d,0x47,0x85,0xe5,0x7c,
0x23,0x19,0xbd,0xf7,0xdf,0xff,0xdf,0xff,0xff,0xff,0xff,0xff,0x9e,0xef,0x9e,0xf7,
0x9e,0xef,0x00,0x00,0x00,0x00,0x00,0x00,0x00,0x00,0x00,0x00,0x00,0x00,0x00,0x00,
0x00,0x00,0x00,0x00,0x00,0x00,0x00,0x00,0x00,0x00,0x00,0x00,0x00,0x00,0x9e,0xf7,
0x9d,0xf7,0x9e,0xf7,0x9e,0xf7,0xff,0xff,0xff,0xff,0xff,0xff,0xff,0xff,0xff,0xff,
0x40,0x32,0xaa,0x74,0xa5,0x9d,0x85,0x8d,0x42,0x6c,0x06,0x7d,0xc5,0x7c,0x43,0x64,
0x80,0x32,0xe6,0x53,0x45,0x64,0x04,0x54,0x84,0x29,0xdd,0xef,0xc1,0x21,0xa5,0x3a,
0x62,0x4b,0x46,0x5c,0x25,0x85,0xc4,0x74,0xe4,0x7c,0x05,0x7d,0x89,0x74,0x00,0x22,
0xde,0xff,0xde,0xf7,0x7d,0xf7,0x7d,0xef,0x9d,0xf7,0xbe,0xf7,0xff,0xff,0xff,0xff,
0xff,0xff,0x00,0x00,0x00,0x00,0x00,0x00,0x00,0x00,0x00,0x00,0x00,0x00,0x00,0x00,
0x00,0x00,0x00,0x00,0x00,0x00,0x00,0x00,0x00,0x00,0x00,0x00,0x00,0x00,0x9e,0xf7,
0x9e,0xf7,0x7e,0xf7,0xbf,0xf7,0xff,0xff,0xff,0xff,0xdf,0xff,0xff,0xff,0xbe,0xff,
0xbd,0xef,0x84,0x29,0x45,0x64,0x27,0x85,0xc5,0x74,0x05,0x7d,0xa6,0x6c,0x23,0x64,
0x27,0x5c,0x02,0x43,0x25,0x3b,0x04,0x3b,0xa4,0x19,0xc4,0x29,0xc1,0x19,0x26,0x53,
0x86,0x6c,0xa2,0x53,0xe6,0x5b,0x43,0x4b,0xa6,0x3a,0xc3,0x21,0xc3,0x21,0xc3,0x21,
0x05,0x2a,0xc4,0x29,0x44,0x19,0xfe,0xff,0xbf,0xf7,0x9e,0xf7,0xff,0xff,0xff,0xff,
0xff,0xff,0x00,0x00,0x00,0x00,0x00,0x00,0x00,0x00,0x00,0x00,0x00,0x00,0x00,0x00,
0x00,0x00,0x00,0x00,0x00,0x00,0x00,0x00,0x00,0x00,0x00,0x00,0x00,0x00,0xbe,0xf7,
0x9e,0xf7,0xbe,0xf7,0x9d,0xf7,0xff,0xff,0xff,0xff,0xff,0xff,0xff,0xff,0xdf,0xff,
0x9e,0xff,0x5d,0xe7,0xe3,0x21,0x45,0x2a,0xc1,0x3a,0x06,0x5c,0xe4,0x5b,0xa4,0x4b,
0xc4,0x3a,0xc4,0x32,0xa0,0x32,0xe5,0x53,0x83,0x21,0x83,0x19,0x40,0x19,0xe8,0x63,
0x42,0x32,0x22,0x2a,0xe4,0x31,0xe4,0x21,0x41,0x2a,0x8a,0x6c,0x22,0x64,0x26,0x7d,
0xa7,0x95,0xe4,0x7c,0xa6,0x5b,0xe0,0x19,0xa5,0x31,0x9c,0xef,0xde,0xff,0xff,0xff,
0xff,0xff,0x00,0x00,0x00,0x00,0x00,0x00,0x00,0x00,0x00,0x00,0x00,0x00,0x00,0x00,
0x00,0x00,0x00,0x00,0x00,0x00,0x00,0x00,0x00,0x00,0x00,0x00,0x00,0x00,0x7e,0xf7,
0x9e,0xef,0x9e,0xf7,0x9e,0xef,0xdf,0xff,0xff,0xff,0xff,0xff,0xff,0xff,0x9e,0xf7,
0x9e,0xef,0x5d,0xef,0x7e,0xef,0xb6,0xb5,0xc9,0x42,0xa4,0x29,0xa4,0x21,0x83,0x21,
0xe5,0x21,0xa4,0x21,0xa3,0x19,0xa3,0x21,0xeb,0x84,0xc0,0x21,0xc0,0x19,0x8b,0x7c,
0x62,0x19,0x39,0xdf,0xe2,0x21,0xca,0x63,0x64,0x64,0x47,0x8d,0x27,0x7d,0x43,0x6c,
0x85,0x64,0x44,0x64,0x65,0x8d,0x65,0x95,0x2d,0x8d,0x40,0x11,0xbf,0xf7,0xff,0xff,
0xff,0xff,0x00,0x00,0x00,0x00,0x00,0x00,0x00,0x00,0x00,0x00,0x00,0x00,0x00,0x00,
0x00,0x00,0x00,0x00,0x00,0x00,0x00,0x00,0x00,0x00,0x00,0x00,0x00,0x00,0x9e,0xf7,
0x9e,0xf7,0xbe,0xf7,0x9d,0xf7,0xff,0xff,0xff,0xff,0xff,0xff,0xff,0xff,0xbe,0xf7,
0x7d,0xf7,0x7d,0xef,0x9d,0xf7,0xff,0xff,0x2d,0x74,0xc4,0x21,0x63,0x19,0x43,0x11,
0xa4,0x21,0xc4,0x21,0x62,0x19,0xe4,0x21,0xaa,0x7c,0x20,0x22,0x80,0x19,0xab,0x74,
0xe2,0x29,0x27,0x4b,0x41,0x32,0x8a,0x74,0xc6,0x7c,0x85,0x6c,0x66,0x6c,0x83,0x4b,
0x03,0x85,0xa6,0x95,0x05,0xa6,0x06,0x9e,0xa9,0x7c,0x81,0x32,0xe2,0x18,0xde,0xf7,
0xff,0xff,0x00,0x00,0x00,0x00,0x00,0x00,0x00,0x00,0x00,0x00,0x00,0x00,0x00,0x00,
0x00,0x00,0x00,0x00,0x00,0x00,0x00,0x00,0x00,0x00,0x00,0x00,0x00,0x00,0xdf,0xff,
0xff,0xff,0xff,0xff,0xff,0xff,0x7e,0xf7,0x9e,0xf7,0x7e,0xf7,0x9e,0xef,0xdf,0xff,
0xdf,0xff,0xbe,0xff,0xc3,0x19,0x45,0x32,0x04,0x5c,0xc7,0x7c,0xe5,0x74,0xe5,0x7c,
0xa7,0x6c,0xa2,0x53,0x8a,0x53,0xa2,0x21,0xa7,0x53,0x00,0x22,0x29,0x85,0xc3,0x63,
0xc5,0x21,0x63,0x19,0xa5,0x4b,0x02,0x3b,0xc4,0x32,0xe4,0x3a,0x02,0x33,0xc5,0x5b,
0x24,0x43,0x44,0x4b,0xe5,0x74,0x46,0x8d,0x87,0x6c,0xc0,0x3a,0x87,0x32,0x45,0x32,
0x7e,0xef,0x00,0x00,0x00,0x00,0x00,0x00,0x00,0x00,0x00,0x00,0x00,0x00,0x00,0x00,
0x00,0x00,0x00,0x00,0x00,0x00,0x00,0x00,0x00,0x00,0x00,0x00,0x00,0x00,0xff,0xff,
0xff,0xff,0xff,0xff,0xff,0xff,0x9e,0xf7,0x9e,0xf7,0x9e,0xf7,0x7d,0xf7,0xff,0xff,
0xfe,0xff,0x0b,0x5b,0x00,0x22,0x0d,0x9e,0x64,0x95,0xa6,0x95,0xa6,0x95,0x83,0x6c,
0x22,0x43,0x64,0x4b,0x67,0x53,0x63,0x2a,0xc0,0x21,0xa7,0x5b,0xaa,0x9d,0x20,0x2a,
0x60,0x19,0xc6,0x3a,0xe3,0x3a,0x07,0x5c,0x41,0x4b,0xe8,0x74,0x23,0x8d,0x48,0xa6,
0x66,0x95,0x42,0x64,0xe6,0x7c,0xe2,0x53,0x63,0x6c,0x06,0x7d,0x44,0x32,0xc3,0x19,
0x5d,0xef,0x00,0x00,0x00,0x00,0x00,0x00,0x00,0x00,0x00,0x00,0x00,0x00,0x00,0x00,
0x00,0x00,0x00,0x00,0x00,0x00,0x00,0x00,0x00,0x00,0x00,0x00,0x00,0x00,0xff,0xff,
0xff,0xff,0xdf,0xff,0xff,0xff,0x7d,0xf7,0x9e,0xef,0x9e,0xf7,0x7e,0xef,0xdf,0xff,
0xfe,0xf7,0x64,0x21,0xa5,0x8d,0x07,0xa6,0xa8,0x95,0x83,0x74,0x64,0x43,0x22,0x43,
0xe7,0x5b,0xa1,0x3a,0xa3,0x53,0x45,0x6c,0x68,0x53,0x02,0x2a,0x8b,0x95,0x60,0x32,
0x82,0x19,0x85,0x3a,0x44,0x5c,0x85,0x6c,0x25,0x7d,0x82,0x74,0x64,0x64,0xa5,0x74,
0xe6,0x95,0x06,0xa6,0xc6,0x95,0x85,0x95,0x84,0x4b,0x46,0x6c,0x06,0x5c,0x26,0x64,
0x44,0x19,0x20,0x00,0x00,0x00,0x00,0x00,0x00,0x00,0x00,0x00,0x00,0x00,0x00,0x00,
0x00,0x00,0x00,0x00,0x00,0x00,0x00,0x00,0x00,0x00,0x00,0x00,0x00,0x00,0xff,0xff,
0xff,0xff,0xff,0xff,0xff,0xff,0x7d,0xef,0x7d,0xf7,0xbe,0xf7,0x95,0xb5,0x70,0x84,
0x02,0x32,0x06,0x43,0xc6,0x9d,0x85,0x95,0x44,0x6c,0x65,0x6c,0x62,0x53,0xa3,0x53,
0x02,0x64,0x68,0x8d,0x26,0x85,0x43,0x64,0x66,0x5b,0xc0,0x21,0x68,0x95,0xc2,0x53,
0x43,0x32,0x44,0x32,0x44,0x64,0x44,0x64,0x44,0x8d,0x85,0x8d,0x06,0x85,0x43,0x64,
0x85,0x95,0xe7,0x9d,0x85,0x95,0xa6,0x8d,0x65,0x8d,0xa6,0x8d,0x45,0x64,0xa7,0x6c,
0x22,0x19,0x40,0x00,0x00,0x00,0x00,0x00,0x00,0x00,0x00,0x00,0x00,0x00,0x00,0x00,
0x00,0x00,0x00,0x00,0x00,0x00,0x00,0x00,0x00,0x00,0x00,0x00,0x00,0x00,0x7e,0xf7,
0x9e,0xf7,0x7e,0xf7,0x9e,0xef,0xdf,0xff,0xdf,0xff,0x51,0x8c,0x44,0x21,0x24,0x29,
0x40,0x22,0xe9,0x84,0x06,0x9e,0x84,0x95,0xa2,0x32,0x04,0x43,0xa7,0x8d,0xa7,0x95,
0x02,0x5c,0x67,0x95,0x47,0x85,0x63,0x6c,0x29,0x6c,0x80,0x21,0xa6,0x6c,0x65,0x6c,
0x66,0x32,0x62,0x19,0xc6,0x74,0x64,0x6c,0x04,0x75,0xc7,0x9d,0xa8,0x8d,0xe1,0x5b,
0x02,0x5c,0x88,0x95,0x65,0x85,0x85,0x8d,0xc7,0x8d,0x24,0x7d,0xa8,0x6c,0xc8,0x74,
0x81,0x08,0x00,0x00,0x00,0x00,0x00,0x00,0x00,0x00,0x00,0x00,0x00,0x00,0x00,0x00,
0x00,0x00,0x00,0x00,0x00,0x00,0x00,0x00,0x00,0x00,0x00,0x00,0x00,0x00,0xbe,0xf7,
0x9e,0xff,0x9e,0xf7,0x9d,0xf7,0xff,0xff,0x9e,0xff,0x24,0x21,0x05,0x52,0xe8,0x6a,
0x40,0x32,0x8b,0x95,0x07,0x85,0x40,0x43,0x26,0xa6,0xc5,0x95,0x48,0xae,0xe3,0x7c,
0x45,0x8d,0x86,0x8d,0x66,0x8d,0xa3,0x6c,0xe8,0x6b,0xa0,0x19,0xe2,0x3a,0xeb,0x7c,
0x04,0x42,0xe4,0x31,0x63,0x21,0x26,0x32,0xe4,0x5b,0xa7,0x6c,0x63,0x6c,0x47,0x85,
0xa5,0x74,0x02,0x54,0xe4,0x29,0xa3,0x19,0xa4,0x21,0xe5,0x21,0x84,0x29,0xe2,0x10,
0xbe,0xff,0x00,0x00,0x00,0x00,0x00,0x00,0x00,0x00,0x00,0x00,0x00,0x00,0x00,0x00,
0x00,0x00,0x00,0x00,0x00,0x00,0x00,0x00,0x00,0x00,0x00,0x00,0x00,0x00,0x9e,0xf7,
0x9e,0xef,0x7e,0xf7,0x9e,0xef,0xdf,0xff,0x65,0x39,0x44,0x39,0x28,0x6b,0x41,0x39,
0xc5,0x95,0xc5,0x9d,0xa2,0x53,0xaa,0x9d,0xe6,0x95,0xe6,0x9d,0x27,0x7d,0xe2,0x5b,
0xe7,0x95,0x04,0x85,0x67,0x85,0x83,0x6c,0xa4,0x21,0x63,0x21,0x05,0x5c,0xc8,0x74,
0xe5,0x31,0x63,0x31,0x65,0x31,0x65,0x39,0x85,0x29,0x64,0x29,0xa4,0x21,0xc5,0x29,
0xe6,0x29,0x84,0x21,0x64,0x21,0xe6,0x39,0x05,0x62,0xa7,0x7a,0x69,0x5a,0x03,0x31,
0xdf,0xf7,0x00,0x00,0x00,0x00,0x00,0x00,0x00,0x00,0x00,0x00,0x00,0x00,0x00,0x00,
0x00,0x00,0x00,0x00,0x00,0x00,0x00,0x00,0x00,0x00,0x00,0x00,0x00,0x00,0x9e,0xf7,
0x7d,0xf7,0x9e,0xf7,0x7d,0xf7,0xc3,0x18,0x45,0x72,0x25,0x6a,0xc7,0x6a,0x20,0x31,
0xc7,0x9d,0xa3,0x6c,0x65,0x95,0x44,0x85,0xa6,0x95,0x64,0x85,0x02,0x64,0xc5,0x74,
0x26,0x85,0xe2,0x5b,0xea,0x6b,0xc2,0x21,0x23,0x29,0x24,0x21,0xc8,0x84,0xc4,0x5b,
0x63,0x29,0x84,0x21,0x44,0x32,0x24,0x22,0x03,0x29,0x65,0x29,0x64,0x49,0xc5,0x49,
0xc5,0x59,0xc5,0x51,0x24,0x72,0x45,0x72,0x45,0x7a,0x66,0x7a,0x87,0x7a,0xa4,0x59,
0x82,0x18,0x00,0x00,0x00,0x00,0x00,0x00,0x00,0x00,0x00,0x00,0x00,0x00,0x00,0x00,
0x00,0x00,0x00,0x00,0x00,0x00,0x00,0x00,0x00,0x00,0x00,0x00,0x00,0x00,0x7e,0xf7,
0x9e,0xef,0x7e,0xf7,0x7e,0xef,0x82,0x10,0xe6,0x59,0xc5,0x59,0x87,0x52,0x21,0x31,
0xe3,0x7c,0xc7,0x9d,0xc4,0x53,0x42,0x4b,0x03,0x3b,0xe6,0x5b,0xe5,0x5b,0x83,0x53,
0x23,0x09,0x03,0x11,0x61,0x11,0x28,0x53,0x07,0x3a,0x03,0x21,0x29,0x85,0xa3,0x53,
0x80,0x11,0x27,0x53,0x25,0x5c,0x04,0x5c,0x85,0x4b,0x00,0x22,0x64,0x31,0xc5,0x49,
0x85,0x41,0x64,0x49,0xc5,0x59,0x26,0x6a,0x84,0x51,0x67,0x7a,0xa5,0x51,0xc5,0x59,
0x45,0x29,0x00,0x00,0x00,0x00,0x00,0x00,0x00,0x00,0x00,0x00,0x00,0x00,0x00,0x00,
0x00,0x00,0x00,0x00,0x00,0x00,0x00,0x00,0x00,0x00,0x00,0x00,0x00,0x00,0xff,0xff,
0xff,0xff,0xff,0xff,0xdf,0xff,0xc3,0x18,0x44,0x31,0x64,0x31,0x25,0x4a,0x83,0x31,
0xe3,0x3a,0x45,0x43,0x04,0x32,0xa2,0x19,0x83,0x21,0xa3,0x21,0xe3,0x29,0x04,0x2a,
0x84,0x29,0x43,0x21,0x62,0x21,0xe4,0x29,0x68,0x63,0x81,0x19,0x68,0x95,0xc1,0x53,
0x23,0x4b,0x64,0x4b,0x23,0x43,0x65,0x43,0x04,0x64,0xa3,0x4b,0xc6,0x52,0xa2,0x21,
0x84,0x49,0x84,0x41,0x64,0x49,0x85,0x41,0xa4,0x59,0xe6,0x59,0x85,0x49,0x64,0x39,
0x24,0x31,0x00,0x00,0x00,0x00,0x00,0x00,0x00,0x00,0x00,0x00,0x00,0x00,0x00,0x00,
0x00,0x00,0x00,0x00,0x00,0x00,0x00,0x00,0x00,0x00,0x00,0x00,0x00,0x00,0xff,0xff,
0xff,0xff,0xff,0xff,0xff,0xff,0xff,0xff,0x04,0x21,0xc3,0x20,0x87,0x5a,0x62,0x39,
0xc4,0x21,0xa4,0x21,0xa5,0x21,0x84,0x29,0x64,0x19,0x43,0x19,0x84,0x21,0xa4,0x29,
0x44,0x31,0x64,0x39,0x85,0x29,0x85,0x31,0x09,0x6c,0x60,0x19,0x88,0x8d,0x80,0x4b,
0x84,0x4b,0x84,0x53,0xc4,0x32,0x83,0x32,0x85,0x64,0xe2,0x5b,0x07,0x43,0xa1,0x21,
0x85,0x49,0x44,0x41,0x85,0x41,0x64,0x49,0x85,0x49,0xa5,0x51,0xa5,0x41,0x64,0x41,
0xdc,0xd6,0x00,0x00,0x00,0x00,0x00,0x00,0x00,0x00,0x00,0x00,0x00,0x00,0x00,0x00,
0x00,0x00,0x00,0x00,0x00,0x00,0x00,0x00,0x00,0x00,0x00,0x00,0x00,0x00,0xff,0xff,
0xff,0xff,0xff,0xff,0xff,0xff,0x24,0x21,0xa3,0x61,0x86,0x72,0xa6,0x8a,0xc7,0x8a,
0x84,0x49,0x84,0x41,0xa4,0x59,0xa5,0x51,0x64,0x49,0x64,0x41,0x64,0x49,0x84,0x41,
0x64,0x49,0x44,0x39,0x65,0x31,0x44,0x29,0x28,0x74,0x80,0x19,0x87,0x74,0x63,0x4b,
0xc1,0x21,0x47,0x4b,0x64,0x6c,0x24,0x64,0xc3,0x53,0x66,0x5c,0x28,0x74,0xa0,0x19,
0x23,0x41,0xa5,0x49,0xc4,0x61,0x46,0x6a,0x25,0x6a,0xe5,0x59,0x44,0x39,0xe3,0x20,
0xbe,0xff,0x00,0x00,0x00,0x00,0x00,0x00,0x00,0x00,0x00,0x00,0x00,0x00,0x00,0x00,
0x00,0x00,0x00,0x00,0x00,0x00,0x00,0x00,0x00,0x00,0x00,0x00,0x00,0x00,0xdf,0xff,
0xff,0xff,0xff,0xff,0xff,0xff,0xc3,0x20,0x25,0x6a,0x86,0x82,0xe5,0x61,0x66,0x7a,
0x87,0x72,0xc4,0x69,0x85,0x41,0x03,0x39,0x44,0x39,0x44,0x39,0x65,0x39,0x44,0x41,
0x04,0x21,0x04,0x29,0x24,0x29,0x04,0x29,0xa3,0x32,0xe3,0x42,0xc7,0x63,0xa2,0x42,
0x45,0x29,0x24,0x31,0xe4,0x3a,0x86,0x53,0x84,0x64,0x64,0x64,0xe9,0x63,0x80,0x19,
0x04,0x21,0x24,0x31,0x65,0x39,0x85,0x49,0x44,0x39,0x64,0x49,0xa6,0x41,0x03,0x31,
0x45,0x29,0x00,0x00,0x00,0x00,0x00,0x00,0x00,0x00,0x00,0x00,0x00,0x00,0x00,0x00,
0x00,0x00,0x00,0x00,0x00,0x00,0x00,0x00,0x00,0x00,0x00,0x00,0x00,0x00,0x9e,0xf7,
0x9e,0xf7,0x9e,0xf7,0xde,0xff,0x04,0x21,0x43,0x41,0xc5,0x49,0x04,0x72,0xc7,0x82,
0x25,0x7a,0x45,0x72,0x84,0x51,0x84,0x49,0x44,0x39,0x04,0x29,0x03,0x29,0x24,0x29,
0x64,0x49,0x84,0x41,0xa5,0x41,0x03,0x29,0x40,0x19,0xc6,0x42,0x26,0x5b,0xe2,0x29,
0x24,0x31,0x24,0x29,0x04,0x29,0x24,0x29,0x03,0x21,0x85,0x29,0x05,0x42,0x63,0x21,
0x02,0x39,0xe6,0x51,0xe5,0x61,0x06,0x5a,0xa3,0x61,0x67,0x72,0x25,0x6a,0x46,0x6a,
0x24,0x31,0x00,0x00,0x00,0x00,0x00,0x00,0x00,0x00,0x00,0x00,0x00,0x00,0x00,0x00,
0x00,0x00,0x00,0x00,0x00,0x00,0x00,0x00,0x00,0x00,0x00,0x00,0x00,0x00,0x9e,0xf7,
0x9e,0xf7,0x7e,0xf7,0x7e,0xef,0xe3,0x20,0x04,0x29,0x65,0x41,0x64,0x49,0xe5,0x61,
0x26,0x62,0x43,0x49,0x44,0x39,0x03,0x31,0x24,0x31,0x85,0x41,0x04,0x29,0x03,0x31,
0x04,0x29,0x04,0x31,0x44,0x39,0x44,0x39,0xe4,0x20,0x04,0x29,0x24,0x21,0x44,0x31,
0x44,0x31,0x24,0x31,0x65,0x41,0x64,0x49,0x45,0x29,0x04,0x29,0x44,0x29,0x44,0x31,
0xa4,0x51,0x67,0x72,0x87,0x7a,0x45,0x7a,0x67,0x72,0x46,0x72,0xe6,0x61,0xe5,0x69,
0x45,0x31,0x00,0x08,0x00,0x00,0x00,0x00,0x00,0x00,0x00,0x00,0x00,0x00,0x00,0x00,
0x00,0x00,0x00,0x00,0x00,0x00,0x00,0x00,0x00,0x00,0x00,0x00,0x00,0x00,0x00,0x00,
0x00,0x00,0x00,0x00,0x00,0x00,0x00,0x00,0x00,0x00,0x00,0x00,0x00,0x00,0x00,0x00,
0x00,0x00,0x00,0x00,0x00,0x00,0x00,0x00,0x00,0x00,0x00,0x00,0x00,0x00,0x00,0x00,
0x00,0x00,0x00,0x00,0x00,0x00,0x00,0x00,0x00,0x00,0x00,0x00,0x00,0x00,0x00,0x00,
0x00,0x00,0x00,0x00,0x00,0x00,0x00,0x00,0x00,0x00,0x00,0x00,0x00,0x00,0x00,0x00,
0x00,0x00,0x00,0x00,0x00,0x00,0x00,0x00,0x00,0x00,0x00,0x00,0x00,0x00,0x00,0x00,
0x00,0x00,0x00,0x00,0x00,0x00,0x00,0x00,0x00,0x00,0x00,0x00,0x00,0x00,0x00,0x00,
0x00,0x00,0x00,0x00,0x00,0x00,0x00,0x00,0x00,0x00,0x00,0x00,0x00,0x00,0x00,0x00,
0x00,0x00,0x00,0x00,0x00,0x00,0x00,0x00,0x00,0x00,0x00,0x00,0x00,0x00,0x00,0x00,
0x00,0x00,0x00,0x00,0x00,0x00,0x00,0x00,0x00,0x00,0x00,0x00,0x00,0x00,0x00,0x00,
0x00,0x00,0x00,0x00,0x00,0x00,0x00,0x00,0x00,0x00,0x00,0x00,0x00,0x00,0x00,0x00,
0x00,0x00,0x00,0x00,0x00,0x00,0x00,0x00,0x00,0x00,0x00,0x00,0x00,0x00,0x00,0x00,
0x00,0x00,0x00,0x00,0x00,0x00,0x00,0x00,0x00,0x00,0x00,0x00,0x00,0x00,0x00,0x00,
0x00,0x00,0x00,0x00,0x00,0x00,0x00,0x00,0x00,0x00,0x00,0x00,0x00,0x00,0x00,0x00,
0x00,0x00,0x00,0x00,0x00,0x00,0x00,0x00,0x00,0x00,0x00,0x00,0x00,0x00,0x00,0x00,
0x00,0x00,0x00,0x00,0x00,0x00,0x00,0x00,0x00,0x00,0x00,0x00,0x00,0x00,0x00,0x00,
0x00,0x00,0x00,0x00,0x00,0x00,0x00,0x00,0x00,0x00,0x00,0x00,0x00,0x00,0x00,0x00,
0x00,0x00,0x00,0x00,0x00,0x00,0x00,0x00,0x00,0x00,0x00,0x00,0x00,0x00,0x00,0x00,
0x00,0x00,0x00,0x00,0x00,0x00,0x00,0x00,0x00,0x00,0x00,0x00,0x00,0x00,0x00,0x00,
0x00,0x00,0x00,0x00,0x00,0x00,0x00,0x00,0x00,0x00,0x00,0x00,0x00,0x00,0x00,0x00,
0x00,0x00,0x00,0x00,0x00,0x00,0x00,0x00,0x00,0x00,0x00,0x00,0x00,0x00,0x00,0x00,
0x00,0x00,0x00,0x00,0x00,0x00,0x00,0x00,0x00,0x00,0x00,0x00,0x00,0x00,0x00,0x00,
0x00,0x00,0x00,0x00,0x00,0x00,0x00,0x00,0x00,0x00,0x00,0x00,0x00,0x00,0x00,0x00,
0x00,0x00,0x00,0x00,0x00,0x00,0x00,0x00,0x00,0x00,0x00,0x00,0x00,0x00,0x00,0x00,
0x00,0x00,0x00,0x00,0x00,0x00,0x00,0x00,0x00,0x00,0x00,0x00,0x00,0x00,0x00,0x00,
0x00,0x00,0x00,0x00,0x00,0x00,0x00,0x00,0x00,0x00,0x00,0x00,0x00,0x00,0x00,0x00,
0x00,0x00,0x00,0x00,0x00,0x00,0x00,0x00,0x00,0x00,0x00,0x00,0x00,0x00,0x00,0x00,
0x00,0x00,0x00,0x00,0x00,0x00,0x00,0x00,0x00,0x00,0x00,0x00,0x00,0x00,0x00,0x00,
0x00,0x00,0x00,0x00,0x00,0x00,0x00,0x00,0x00,0x00,0x00,0x00,0x00,0x00,0x00,0x00,
0x00,0x00,0x00,0x00,0x00,0x00,0x00,0x00,0x00,0x00,0x00,0x00,0x00,0x00,0x00,0x00,
0x00,0x00,0x00,0x00,0x00,0x00,0x00,0x00,0x00,0x00,0x00,0x00,0x00,0x00,0x00,0x00,
0x00,0x00,0x00,0x00,0x00,0x00,0x00,0x00,0x00,0x00,0x00,0x00,0x00,0x00,0x00,0x00,
0x00,0x00,0x00,0x00,0x00,0x00,0x00,0x00,0x00,0x00,0x00,0x00,0x00,0x00,0x00,0x00,
0x00,0x00,0x00,0x00,0x00,0x00,0x00,0x00,0x00,0x00,0x00,0x00,0x00,0x00,0x00,0x00,
0x00,0x00,0x00,0x00,0x00,0x00,0x00,0x00,0x00,0x00,0x00,0x00,0x00,0x00,0x00,0x00,
0x00,0x00,0x00,0x00,0x00,0x00,0x00,0x00,0x00,0x00,0x00,0x00,0x00,0x00,0x00,0x00,
0x00,0x00,0x00,0x00,0x00,0x00,0x00,0x00,0x00,0x00,0x00,0x00,0x00,0x00,0x00,0x00,
0x00,0x00,0x00,0x00,0x00,0x00,0x00,0x00,0x00,0x00,0x00,0x00,0x00,0x00,0x00,0x00,
0x00,0x00,0x00,0x00,0x00,0x00,0x00,0x00,0x00,0x00,0x00,0x00,0x00,0x00,0x00,0x00,
0x00,0x00,0x00,0x00,0x00,0x00,0x00,0x00,0x00,0x00,0x00,0x00,0x00,0x00,0x00,0x00,
0x00,0x00,0x00,0x00,0x00,0x00,0x00,0x00,0x00,0x00,0x00,0x00,0x00,0x00,0x00,0x00,
0x00,0x00,0x00,0x00,0x00,0x00,0x00,0x00,0x00,0x00,0x00,0x00,0x00,0x00,0x00,0x00,
0x00,0x00,0x00,0x00,0x00,0x00,0x00,0x00,0x00,0x00,0x00,0x00,0x00,0x00,0x00,0x00,
0x00,0x00,0x00,0x00,0x00,0x00,0x00,0x00,0x00,0x00,0x00,0x00,0x00,0x00,0x00,0x00,
0x00,0x00,0x00,0x00,0x00,0x00,0x00,0x00,0x00,0x00,0x00,0x00,0x00,0x00,0x00,0x00,
0x00,0x00,0x00,0x00,0x00,0x00,0x00,0x00,0x00,0x00,0x00,0x00,0x00,0x00,0x00,0x00,
0x00,0x00,0x00,0x00,0x00,0x00,0x00,0x00,0x00,0x00,0x00,0x00,0x00,0x00,0x00,0x00,
0x00,0x00,0x00,0x00,0x00,0x00,0x00,0x00,0x00,0x00,0x00,0x00,0x00,0x00,0x00,0x00,
0x00,0x00,0x00,0x00,0x00,0x00,0x00,0x00,0x00,0x00,0x00,0x00,0x00,0x00,0x00,0x00,
0x00,0x00,0x00,0x00,0x00,0x00,0x00,0x00,0x00,0x00,0x00,0x00,0x00,0x00,0x00,0x00,
0x00,0x00,0x00,0x00,0x00,0x00,0x00,0x00,0x00,0x00,0x00,0x00,0x00,0x00,0x00,0x00,
0x00,0x00,0x00,0x00,0x00,0x00,0x00,0x00,0x00,0x00,0x00,0x00,0x00,0x00,0x00,0x00,
0x00,0x00,0x00,0x00,0x00,0x00,0x00,0x00,0x00,0x00,0x00,0x00,0x00,0x00,0x00,0x00,
0x00,0x00,0x00,0x00,0x00,0x00,0x00,0x00,0x00,0x00,0x00,0x00,0x00,0x00,0x00,0x00,
0x00,0x00,0x00,0x00,0x00,0x00,0x00,0x00,0x00,0x00,0x00,0x00,0x00,0x00,0x00,0x00,
0x00,0x00,0x00,0x00,0x00,0x00,0x00,0x00,0x00,0x00,0x00,0x00,0x00,0x00,0x00,0x00,
0x00,0x00,0x00,0x00,0x00,0x00,0x00,0x00,0x00,0x00,0x00,0x00,0x00,0x00,0x00,0x00,
0x00,0x00,0x00,0x00,0x00,0x00,0x00,0x00,0x00,0x00,0x00,0x00,0x00,0x00,0x00,0x00,
0x00,0x00,0x00,0x00,0x00,0x00,0x00,0x00,0x00,0x00,0x00,0x00,0x00,0x00,0x00,0x00,
0x00,0x00,0x00,0x00,0x00,0x00,0x00,0x00,0x00,0x00,0x00,0x00,0x00,0x00,0x00,0x00,
0x00,0x00,0x00,0x00,0x00,0x00,0x00,0x00,0x00,0x00,0x00,0x00,0x00,0x00,0x00,0x00,
0x00,0x00,0x00,0x00,0x00,0x00,0x00,0x00,0x00,0x00,0x00,0x00,0x00,0x00,0x00,0x00,
0x00,0x00,0x00,0x00,0x00,0x00,0x00,0x00,0x00,0x00,0x00,0x00,0x00,0x00,0x00,0x00,
0x00,0x00,0x00,0x00,0x00,0x00,0x00,0x00,0x00,0x00,0x00,0x00,0x00,0x00,0x00,0x00,
0x00,0x00,0x00,0x00,0x00,0x00,0x00,0x00,0x00,0x00,0x00,0x00,0x00,0x00,0x00,0x00,
0x00,0x00,0x00,0x00,0x00,0x00,0x00,0x00,0x00,0x00,0x00,0x00,0x00,0x00,0x00,0x00,
0x00,0x00,0x00,0x00,0x00,0x00,0x00,0x00,0x00,0x00,0x00,0x00,0x00,0x00,0x00,0x00,
0x00,0x00,0x00,0x00,0x00,0x00,0x00,0x00,0x00,0x00,0x00,0x00,0x00,0x00,0x00,0x00,
0x00,0x00,0x00,0x00,0x00,0x00,0x00,0x00,0x00,0x00,0x00,0x00,0x00,0x00,0x00,0xff,
0xff,0xff,0xff,0xff,0x00,0x00,0x00,0x00,0x00,0x00,0x00,0x00,0x00,0x00,0x00,0x00,
0x00,0x00,0x00,0x00,0x00,0x00,0x00,0x00,0x00,0x00,0x00,0x00,0x00,0x00,0x00,0x00,
0x00,0x00,0x00,0x00,0x00,0x00,0x00,0x00,0x00,0x00,0x00,0x00,0x00,0x00,0x00,0x00,
0x00,0x00,0xff,0xff,0xff,0xff,0xff,0xff,0xff,0xff,0xff,0xff,0xff,0x00,0x00,0x00,
0x00,0x00,0x00,0x00,0x00,0x00,0x00,0x00,0x00,0x00,0x00,0x00,0x00,0x00,0x00,0x00,
0x00,0x00,0x00,0x00,0x00,0x00,0x00,0x00,0x00,0x00,0x00,0x00,0x00,0x00,0x00,0x00,
0x00,0x00,0x00,0x00,0x00,0x00,0x00,0x00,0xff,0xff,0xff,0xff,0xff,0xff,0xff,0xff,
0xff,0xff,0xff,0xff,0xff,0x00,0x00,0x00,0x00,0x00,0x00,0x00,0x00,0x00,0x00,0x00,
0x00,0x00,0x00,0x00,0x00,0x00,0x00,0x00,0x00,0x00,0x00,0x00,0x00,0x00,0x00,0x00,
0x00,0x00,0x00,0x00,0x00,0x00,0x00,0x00,0x00,0x00,0x00,0x00,0x00,0x00,0x00,0xff,
0xff,0xff,0xff,0xff,0xff,0xff,0xff,0xff,0xff,0xff,0xff,0xff,0xff,0x00,0x00,0x00,
0x00,0x00,0x00,0x00,0x00,0x00,0x00,0x00,0x00,0x00,0x00,0x00,0x00,0x00,0x00,0x00,
0x00,0x00,0x00,0x00,0x00,0x00,0x00,0x00,0x00,0x00,0x00,0x00,0x00,0x00,0x00,0x00,
0x00,0x00,0x00,0x00,0x00,0x00,0xff,0xff,0xff,0xff,0xff,0xff,0xff,0xff,0xff,0xff,
0xff,0xff,0xff,0xff,0x00,0x00,0x00,0x00,0x00,0x00,0x00,0x00,0x00,0x00,0x00,0x00,
0x00,0x00,0x00,0x00,0x00,0x00,0x00,0x00,0x00,0x00,0x00,0x00,0x00,0x00,0x00,0x00,
0x00,0x00,0x00,0x00,0x00,0x00,0x00,0x00,0x00,0x00,0x00,0x00,0x00,0x00,0xff,0xff,
0xff,0xff,0xff,0xff,0xff,0xff,0xff,0xff,0xff,0xff,0xff,0x00,0x00,0x00,0x00,0x00,
0x00,0x00,0x00,0x00,0x00,0x00,0x00,0x00,0x00,0x00,0x00,0x00,0x00,0x00,0x00,0x00,
0x00,0x00,0x00,0x00,0x00,0x00,0x00,0x00,0xff,0xff,0xff,0xff,0xff,0xff,0xff,0xff,
0x00,0x00,0x00,0x00,0x00,0xff,0xff,0xff,0xff,0xff,0xff,0xff,0xff,0xff,0xff,0xff,
0xff,0xff,0xff,0x00,0x00,0x00,0x00,0x00,0x00,0x00,0x00,0x00,0x00,0x00,0x00,0x00,
0x00,0x00,0x00,0x00,0x00,0x00,0x00,0x00,0x00,0x00,0x00,0x00,0x00,0x00,0xff,0xff,
0xff,0xff,0xff,0xff,0xff,0xff,0xff,0xff,0xff,0xff,0x00,0x00,0x00,0xff,0xff,0xff,
0xff,0xff,0xff,0xff,0xff,0xff,0xff,0xff,0xff,0xff,0xff,0x00,0x00,0x00,0x00,0x00,
0x00,0x00,0x00,0x00,0x00,0x00,0x00,0x00,0x00,0x00,0x00,0x00,0x00,0x00,0x00,0x00,
0x00,0x00,0x00,0x00,0x00,0xff,0xff,0xff,0xff,0xff,0xff,0xff,0xff,0xff,0xff,0xff,
0xff,0xff,0xff,0x00,0x00,0xff,0xff,0xff,0xff,0xff,0xff,0xff,0xff,0xff,0xff,0xff,
0xff,0xff,0x00,0x00,0x00,0x00,0x00,0x00,0x00,0x00,0x00,0x00,0x00,0x00,0x00,0x00,
0x00,0x00,0x00,0x00,0x00,0x00,0x00,0x00,0x00,0x00,0x00,0x00,0x00,0xff,0xff,0xff,
0xff,0xff,0xff,0xff,0xff,0xff,0xff,0xff,0xff,0xff,0xff,0xff,0x00,0xff,0xff,0xff,
0xff,0xff,0xff,0xff,0xff,0xff,0xff,0xff,0xff,0xff,0x00,0x00,0x00,0x00,0x00,0x00,
0x00,0x00,0x00,0x00,0x00,0x00,0x00,0x00,0x00,0x00,0x00,0x00,0x00,0x00,0x00,0x00,
0x00,0x00,0x00,0x00,0x00,0xff,0xff,0xff,0xff,0xff,0xff,0xff,0xff,0xff,0xff,0xff,
0xff,0xff,0xff,0xff,0x00,0xff,0xff,0xff,0xff,0xff,0xff,0xff,0xff,0xff,0xff,0xff,
0xff,0xff,0x00,0x00,0x00,0x00,0x00,0x00,0x00,0x00,0x00,0x00,0x00,0x00,0x00,0x00,
0x00,0x00,0x00,0x00,0x00,0x00,0x00,0x00,0x00,0x00,0x00,0x00,0x00,0x00,0xff,0xff,
0xff,0xff,0xff,0xff,0xff,0xff,0xff,0xff,0xff,0xff,0xff,0xff,0x00,0xff,0xff,0xff,
0xff,0xff,0xff,0xff,0xff,0xff,0xff,0xff,0xff,0xff,0x00,0x00,0x00,0x00,0x00,0x00,
0x00,0x00,0x00,0x00,0x00,0x00,0x00,0x00,0x00,0x00,0x00,0x00,0x00,0x00,0x00,0x00,
0x00,0x00,0x00,0x00,0x00,0x00,0x00,0xff,0xff,0xff,0xff,0xff,0xff,0xff,0xff,0xff,
0xff,0xff,0xff,0xff,0xff,0xff,0xff,0xff,0xff,0xff,0xff,0xff,0xff,0xff,0xff,0xff,
0xff,0x00,0x00,0x00,0x00,0x00,0x00,0x00,0x00,0x00,0x00,0x00,0x00,0x00,0x00,0x00,
0x00,0x00,0x00,0x00,0x00,0x00,0x00,0x00,0x00,0x00,0x00,0x00,0x00,0x00,0x00,0x00,
0xff,0xff,0xff,0xff,0xff,0xff,0xff,0xff,0xff,0xff,0xff,0xff,0xff,0x00,0xff,0xff,
0xff,0xff,0xff,0xff,0xff,0xff,0xff,0xff,0x00,0x00,0x00,0x00,0x00,0x00,0x00,0x00,
0x00,0x00,0x00,0x00,0x00,0x00,0x00,0x00,0x00,0x00,0x00,0x00,0x00,0x00,0x00,0x00,
0x00,0x00,0x00,0x00,0x00,0x00,0x00,0x00,0x00,0xff,0xff,0xff,0xff,0xff,0xff,0xff,
0xff,0xff,0xff,0xff,0xff,0xff,0xff,0xff,0xff,0xff,0xff,0xff,0xff,0xff,0xff,0xff,
0xff,0xff,0xff,0x00,0x00,0x00,0x00,0x00,0x00,0x00,0x00,0x00,0x00,0x00,0x00,0x00,
0x00,0x00,0x00,0x00,0x00,0x00,0x00,0x00,0x00,0x00,0x00,0x00,0x00,0x00,0x00,0x00,
0x00,0x00,0xff,0xff,0xff,0xff,0xff,0xff,0xff,0xff,0xff,0xff,0xff,0xff,0xff,0xff,
0xff,0xff,0xff,0xff,0xff,0xff,0xff,0xff,0xff,0xff,0xff,0xff,0xff,0x00,0x00,0x00,
0x00,0x00,0x00,0x00,0x00,0x00,0x00,0x00,0x00,0x00,0x00,0x00,0x00,0x00,0x00,0x00,
0x00,0x00,0x00,0x00,0x00,0x00,0x00,0x00,0x00,0x00,0x00,0xff,0xff,0xff,0xff,0xff,
0xff,0xff,0xff,0xff,0xff,0xff,0xff,0xff,0xff,0x00,0xff,0xff,0xff,0xff,0xff,0xff,
0xff,0xff,0xff,0xff,0xff,0xff,0x00,0x00,0x00,0x00,0x00,0x00,0x00,0x00,0x00,0x00,
0x00,0x00,0x00,0x00,0x00,0x00,0x00,0x00,0x00,0x00,0x00,0x00,0x00,0x00,0x00,0x00,
0x00,0x00,0x00,0x00,0xff,0xff,0xff,0xff,0xff,0xff,0xff,0xff,0xff,0xff,0xff,0xff,
0xff,0xff,0xff,0xff,0xff,0xff,0xff,0xff,0xff,0xff,0xff,0xff,0xff,0xff,0xff,0x00,
0x00,0x00,0x00,0x00,0x00,0x00,0x00,0x00,0x00,0x00,0x00,0x00,0x00,0x00,0x00,0x00,
0x00,0x00,0x00,0x00,0x00,0x00,0x00,0x00,0x00,0x00,0xff,0xff,0xff,0xff,0xff,0xff,
0xff,0xff,0xff,0xff,0xff,0xff,0xff,0xff,0xff,0xff,0xff,0xff,0xff,0xff,0xff,0xff,
0xff,0xff,0xff,0xff,0xff,0xff,0xff,0xff,0x00,0x00,0x00,0x00,0x00,0x00,0x00,0x00,
0x00,0x00,0x00,0x00,0x00,0x00,0x00,0x00,0x00,0x00,0x00,0x00,0x00,0x00,0x00,0x00,
0x00,0xff,0xff,0xff,0xff,0xff,0xff,0xff,0xff,0xff,0xff,0xff,0xff,0xff,0xff,0xff,
0xff,0xff,0xff,0xff,0xff,0xff,0xff,0xff,0xff,0xff,0xff,0xff,0xff,0xff,0xff,0xff,
0x00,0x00,0x00,0x00,0x00,0x00,0x00,0x00,0x00,0x00,0x00,0x00,0x00,0x00,0x00,0x00,
0x00,0x00,0x00,0x00,0x00,0x00,0x00,0x00,0x00,0xff,0xff,0xff,0xff,0xff,0xff,0xff,
0xff,0xff,0xff,0xff,0xff,0xff,0xff,0xff,0xff,0xff,0xff,0xff,0xff,0xff,0xff,0xff,
0xff,0xff,0xff,0xff,0xff,0xff,0xff,0xff,0xff,0x00,0x00,0x00,0x00,0x00,0x00,0x00,
0x00,0x00,0x00,0x00,0x00,0x00,0x00,0x00,0x00,0x00,0x00,0x00,0x00,0x00,0xff,0xff,
0xff,0xff,0xff,0xff,0xff,0xff,0xff,0xff,0xff,0xff,0xff,0xff,0xff,0xff,0xff,0xff,
0xff,0xff,0xff,0xff,0xff,0xff,0xff,0xff,0xff,0xff,0xff,0xff,0xff,0xff,0xff,0xff,
0xff,0x00,0x00,0x00,0x00,0x00,0x00,0x00,0x00,0x00,0x00,0x00,0x00,0x00,0x00,0x00,
0x00,0x00,0x00,0x00,0x00,0xff,0xff,0xff,0xff,0xff,0xff,0xff,0xff,0xff,0xff,0xff,
0xff,0xff,0xff,0xff,0xff,0xff,0xff,0xff,0xff,0xff,0xff,0xff,0xff,0xff,0xff,0xff,
0xff,0xff,0xff,0xff,0xff,0xff,0xff,0xff,0xff,0x00,0x00,0x00,0x00,0x00,0x00,0x00,
0x00,0x00,0x00,0x00,0x00,0x00,0x00,0x00,0x00,0x00,0x00,0x00,0x00,0xff,0xff,0xff,
0xff,0xff,0xff,0xff,0xff,0xff,0xff,0xff,0xff,0xff,0xff,0xff,0xff,0xff,0xff,0xff,
0xff,0xff,0xff,0xff,0xff,0xff,0xff,0xff,0xff,0xff,0xff,0xff,0xff,0xff,0xff,0xff,
0x00,0x00,0x00,0x00,0x00,0x00,0x00,0x00,0x00,0x00,0x00,0x00,0x00,0x00,0x00,0x00,
0x00,0x00,0x00,0x00,0xff,0xff,0xff,0xff,0xff,0xff,0xff,0xff,0xff,0xff,0xff,0xff,
0xff,0xff,0xff,0xff,0xff,0xff,0xff,0xff,0xff,0xff,0xff,0xff,0xff,0xff,0xff,0xff,
0xff,0xff,0xff,0xff,0xff,0xff,0xff,0xff,0x00,0x00,0x00,0x00,0x00,0x00,0x00,0x00,
0x00,0x00,0x00,0x00,0x00,0x00,0x00,0x00,0x00,0x00,0x00,0xff,0xff,0xff,0xff,0xff,
0xff,0xff,0xff,0xff,0xff,0xff,0xff,0xff,0xff,0xff,0xff,0xff,0xff,0xff,0xff,0xff,
0xff,0xff,0xff,0xff,0xff,0xff,0xff,0xff,0xff,0xff,0xff,0xff,0xff,0xff,0xff,0xff,
0xff,0x00,0x00,0x00,0x00,0x00,0x00,0x00,0x00,0x00,0x00,0x00,0x00,0x00,0x00,0x00,
0x00,0x00,0x00,0xff,0xff,0xff,0xff,0xff,0xff,0xff,0xff,0xff,0xff,0xff,0xff,0xff,
0xff,0xff,0xff,0xff,0xff,0xff,0xff,0xff,0xff,0xff,0xff,0xff,0xff,0xff,0xff,0xff,
0xff,0xff,0xff,0xff,0xff,0xff,0xff,0xff,0xff,0x00,0x00,0x00,0x00,0x00,0x00,0x00,
0x00,0x00,0x00,0x00,0x00,0x00,0x00,0x00,0x00,0x00,0x00,0xff,0xff,0xff,0xff,0xff,
0xff,0xff,0xff,0xff,0xff,0xff,0xff,0xff,0xff,0xff,0xff,0xff,0xff,0xff,0xff,0xff,
0xff,0xff,0xff,0xff,0xff,0xff,0xff,0xff,0xff,0xff,0xff,0xff,0xff,0xff,0xff,0xff,
0xff,0x00,0x00,0x00,0x00,0x00,0x00,0x00,0x00,0x00,0x00,0x00,0x00,0x00,0x00,0x00,
0x00,0x00,0x00,0x00,0xff,0xff,0xff,0xff,0xff,0xff,0xff,0xff,0xff,0xff,0xff,0xff,
0xff,0xff,0xff,0xff,0xff,0xff,0xff,0xff,0xff,0xff,0xff,0xff,0xff,0xff,0xff,0xff,
0xff,0xff,0xff,0xff,0xff,0xff,0xff,0xff,0x00,0x00,0x00,0x00,0x00,0x00,0x00,0x00,
0x00,0x00,0x00,0x00,0x00,0x00,0x00,0x00,0x00,0x00,0x00,0xff,0xff,0xff,0xff,0xff,
0xff,0xff,0xff,0xff,0xff,0xff,0xff,0xff,0xff,0xff,0xff,0xff,0xff,0xff,0xff,0xff,
0xff,0xff,0xff,0xff,0xff,0xff,0xff,0xff,0xff,0xff,0xff,0xff,0xff,0xff,0xff,0xff,
0x00,0x00,0x00,0x00,0x00,0x00,0x00,0x00,0x00,0x00,0x00,0x00,0x00,0x00,0x00,0x00,
0x00,0x00,0x00,0xff,0xff,0xff,0xff,0xff,0xff,0xff,0xff,0xff,0xff,0xff,0xff,0xff,
0xff,0xff,0xff,0xff,0xff,0xff,0xff,0xff,0xff,0xff,0xff,0xff,0xff,0xff,0xff,0xff,
0xff,0xff,0xff,0xff,0xff,0xff,0xff,0xff,0xff,0x00,0x00,0x00,0x00,0x00,0x00,0x00,
0x00,0x00,0x00,0x00,0x00,0x00,0x00,0x00,0x00,0x00,0x00,0xff,0xff,0xff,0xff,0xff,
0xff,0xff,0xff,0xff,0xff,0xff,0xff,0xff,0xff,0xff,0xff,0xff,0xff,0xff,0xff,0xff,
0xff,0xff,0xff,0xff,0xff,0xff,0xff,0xff,0xff,0xff,0xff,0xff,0xff,0xff,0xff,0xff,
0xff,0x00,0x00,0x00,0x00,0x00,0x00,0x00,0x00,0x00,0x00,0x00,0x00,0x00,0x00,0x00,
0x00,0x00,0x00,0xff,0xff,0xff,0xff,0xff,0xff,0xff,0xff,0xff,0xff,0xff,0xff,0xff,
0xff,0xff,0xff,0xff,0xff,0xff,0xff,0xff,0xff,0xff,0xff,0xff,0xff,0xff,0xff,0xff,
0xff,0xff,0xff,0xff,0xff,0xff,0xff,0xff,0xff,0x00,0x00,0x00,0x00,0x00,0x00,0x00,

};
static const lv_image_dsc_t s_farm_herb_1 = {
    .header.magic = LV_IMAGE_HEADER_MAGIC,
    .header.cf = LV_COLOR_FORMAT_RGB565A8,
    .header.flags = 0,
    .header.w = 56,
    .header.h = 52,
    .header.stride = 112,
    .data_size = sizeof(s_farm_herb_1_map),
    .data = s_farm_herb_1_map,
};

static const LV_ATTRIBUTE_MEM_ALIGN LV_ATTRIBUTE_LARGE_CONST uint8_t s_farm_herb_2_map[] = {
0x00,0x00,0x00,0x00,0x00,0x00,0x00,0x00,0x00,0x00,0x00,0x00,0x9e,0xf7,0xff,0xff,
0xff,0xff,0xff,0xff,0xdf,0xff,0x25,0x21,0xa4,0x51,0xa5,0x51,0x06,0x6a,0xc5,0x51,
0x04,0x6a,0x25,0x6a,0x06,0x62,0x84,0x41,0x44,0x41,0x64,0x41,0x83,0x59,0x26,0x6a,
0x86,0x82,0x25,0x6a,0x04,0x6a,0x45,0x6a,0xe4,0x61,0x05,0x62,0x84,0x49,0x64,0x41,
0x64,0x49,0x84,0x49,0xe4,0x61,0xe5,0x59,0x05,0x62,0xc5,0x51,0x23,0x39,0x64,0x39,
0x64,0x49,0xa5,0x49,0x64,0x49,0xa5,0x51,0x84,0x49,0xa5,0x49,0x44,0x39,0xa2,0x20,
0xdf,0xff,0x00,0x00,0x00,0x00,0x00,0x00,0x00,0x00,0x00,0x00,0x00,0x00,0x00,0x00,
0x00,0x00,0x00,0x00,0x00,0x00,0x00,0x00,0x00,0x00,0x00,0x00,0x9e,0xf7,0xff,0xff,
0xff,0xff,0xdf,0xff,0xdf,0xff,0x45,0x31,0xa5,0x49,0xa5,0x51,0xa5,0x49,0x85,0x49,
0xa5,0x49,0xa4,0x51,0x85,0x41,0x64,0x49,0x64,0x41,0x23,0x41,0x46,0x6a,0x05,0x72,
0x06,0x62,0xc5,0x59,0xc6,0x51,0x64,0x51,0xe6,0x59,0x84,0x51,0xc5,0x51,0xe6,0x61,
0x06,0x5a,0x43,0x49,0x85,0x41,0x64,0x49,0xa4,0x51,0x87,0x72,0xe6,0x51,0x23,0x41,
0x85,0x41,0x64,0x49,0x84,0x49,0xe6,0x59,0x85,0x41,0x64,0x49,0x25,0x29,0x7e,0xff,
0xff,0xff,0x00,0x00,0x00,0x00,0x00,0x00,0x00,0x00,0x00,0x00,0x00,0x00,0x00,0x00,
0x00,0x00,0x00,0x00,0x00,0x00,0x00,0x00,0x00,0x00,0x00,0x00,0x9e,0xf7,0xff,0xff,
0xff,0xff,0xff,0xff,0xdf,0xff,0x4d,0x6b,0x64,0x39,0x65,0x39,0x84,0x49,0xa5,0x49,
0x64,0x49,0x85,0x49,0x43,0x41,0xc5,0x49,0x04,0x39,0xe3,0x28,0xa4,0x51,0x84,0x49,
0xa4,0x59,0xa5,0x51,0x64,0x49,0x84,0x41,0x44,0x39,0x85,0x41,0x43,0x49,0xa5,0x49,
0x64,0x49,0x85,0x49,0x64,0x41,0x64,0x39,0xa4,0x51,0xa5,0x49,0x64,0x49,0x44,0x39,
0x03,0x31,0x45,0x31,0x84,0x51,0x84,0x49,0x85,0x49,0x03,0x31,0x54,0xad,0xff,0xff,
0xff,0xff,0x00,0x00,0x00,0x00,0x00,0x00,0x00,0x00,0x00,0x00,0x00,0x00,0x00,0x00,
0x00,0x00,0x00,0x00,0x00,0x00,0x00,0x00,0x00,0x00,0x00,0x00,0x9e,0xf7,0xff,0xff,
0xff,0xff,0xdf,0xff,0xff,0xff,0x5d,0xef,0x9e,0xf7,0xe8,0x41,0x85,0x41,0xa5,0x49,
0xc6,0x49,0x64,0x49,0x25,0x29,0xe3,0x20,0x04,0x21,0x25,0x31,0x44,0x39,0x64,0x41,
0xa4,0x49,0xa5,0x59,0x65,0x39,0xc2,0x28,0xae,0x73,0xa2,0x18,0x85,0x41,0xa5,0x51,
0x64,0x41,0x85,0x49,0x04,0x21,0xc3,0x20,0xc6,0x49,0x85,0x49,0x65,0x39,0x61,0x20,
0xd0,0x7b,0xc8,0x41,0x24,0x29,0x24,0x31,0x04,0x21,0x86,0x39,0xdf,0xf7,0xdf,0xff,
0xff,0xff,0x00,0x00,0x00,0x00,0x00,0x00,0x00,0x00,0x00,0x00,0x00,0x00,0x00,0x00,
0x00,0x00,0x00,0x00,0x00,0x00,0x00,0x00,0x00,0x00,0x00,0x00,0xff,0xff,0x9e,0xf7,
0x9d,0xf7,0xbe,0xf7,0xbe,0xff,0xff,0xff,0xff,0xff,0xdf,0xff,0x00,0x08,0xe3,0x18,
0xc3,0x28,0xa2,0x18,0x92,0x9c,0xff,0xff,0xde,0xff,0xff,0xff,0x75,0xb5,0x24,0x29,
0x24,0x31,0x45,0x31,0x24,0x29,0xbe,0xf7,0xbe,0xff,0xff,0xff,0x04,0x31,0x24,0x29,
0xc3,0x28,0x24,0x29,0xff,0xff,0xff,0xff,0x41,0x10,0x82,0x10,0x41,0x10,0xff,0xff,
0x7d,0xf7,0xbe,0xf7,0x92,0x94,0x31,0x84,0x30,0x8c,0xdf,0xff,0x7d,0xf7,0x9e,0xf7,
0x9e,0xf7,0x00,0x00,0x00,0x00,0x00,0x00,0x00,0x00,0x00,0x00,0x00,0x00,0x00,0x00,
0x00,0x00,0x00,0x00,0x00,0x00,0x00,0x00,0x00,0x00,0x00,0x00,0xff,0xff,0x7e,0xf7,
0x9e,0xf7,0x9e,0xf7,0x9e,0xef,0xdf,0xff,0xff,0xff,0xdf,0xff,0xff,0xff,0xbe,0xff,
0xbf,0xf7,0x7d,0xf7,0x9e,0xf7,0xff,0xff,0xff,0xff,0xdf,0xff,0xdf,0xf7,0x7d,0xf7,
0xbf,0xf7,0x9e,0xf7,0x7e,0xef,0xff,0xff,0xff,0xff,0xdf,0xff,0xbf,0xf7,0x7e,0xf7,
0x7e,0xef,0x9e,0xf7,0xdf,0xf7,0xff,0xff,0xdf,0xff,0xbf,0xff,0x9e,0xf7,0x9e,0xf7,
0xbf,0xf7,0x9e,0xf7,0xff,0xff,0xdf,0xff,0xff,0xff,0xff,0xff,0x7e,0xef,0x7e,0xf7,
0x9e,0xf7,0x00,0x00,0x00,0x00,0x00,0x00,0x00,0x00,0x00,0x00,0x00,0x00,0x00,0x00,
0x00,0x00,0x00,0x00,0x00,0x00,0x00,0x00,0x00,0x00,0x00,0x00,0xff,0xff,0x9e,0xf7,
0x9d,0xf7,0xbe,0xf7,0x7d,0xf7,0xff,0xff,0xff,0xff,0xff,0xff,0xff,0xff,0xbe,0xf7,
0x9d,0xf7,0x9e,0xf7,0x9e,0xff,0xff,0xff,0xff,0xff,0xff,0xff,0xdf,0xff,0x9e,0xf7,
0xbe,0xff,0xbe,0xf7,0x7d,0xf7,0xff,0xff,0xff,0xff,0xff,0xff,0xbe,0xff,0x9e,0xf7,
0x7d,0xf7,0xbe,0xf7,0xde,0xff,0xff,0xff,0xff,0xff,0xff,0xff,0xbe,0xff,0x9e,0xf7,
0x9e,0xf7,0xbe,0xf7,0xff,0xff,0xff,0xff,0xff,0xff,0xff,0xff,0x7d,0xf7,0x9e,0xf7,
0x9d,0xf7,0x00,0x00,0x00,0x00,0x00,0x00,0x00,0x00,0x00,0x00,0x00,0x00,0x00,0x00,
0x00,0x00,0x00,0x00,0x00,0x00,0x00,0x00,0x00,0x00,0x00,0x00,0xff,0xff,0x7e,0xf7,
0x9e,0xef,0x7e,0xf7,0x7e,0xef,0xff,0xff,0xff,0xff,0xff,0xff,0xff,0xff,0x9e,0xf7,
0x9e,0xef,0x9e,0xf7,0xbf,0xf7,0xdf,0xff,0xff,0xff,0xff,0xff,0xff,0xff,0x7e,0xf7,
0x9e,0xef,0x7e,0xf7,0x7e,0xef,0xff,0xff,0xff,0xff,0xdf,0xff,0xbf,0xf7,0x7e,0xf7,
0x9e,0xf7,0x9e,0xf7,0xbf,0xf7,0xff,0xff,0xff,0xff,0xff,0xff,0xdf,0xf7,0x7e,0xf7,
0x9e,0xef,0x7e,0xf7,0xff,0xff,0xdf,0xff,0xff,0xff,0xdf,0xff,0x9e,0xef,0x7e,0xf7,
0x9e,0xef,0x00,0x00,0x00,0x00,0x00,0x00,0x00,0x00,0x00,0x00,0x00,0x00,0x00,0x00,
0x00,0x00,0x00,0x00,0x00,0x00,0x00,0x00,0x00,0x00,0x00,0x00,0x9e,0xf7,0xff,0xff,
0xff,0xff,0xff,0xff,0xff,0xff,0x9e,0xf7,0x9e,0xf7,0xbe,0xf7,0x9e,0xf7,0xff,0xff,
0xff,0xff,0xff,0xff,0xff,0xff,0x9e,0xf7,0x9d,0xf7,0xbe,0xf7,0x7d,0xf7,0xff,0xff,
0xff,0xff,0xff,0xff,0xff,0xff,0x9e,0xf7,0x9e,0xf7,0x9e,0xf7,0xbe,0xff,0xff,0xff,
0xff,0xff,0xff,0xff,0xbe,0xff,0x9e,0xf7,0x9d,0xf7,0xbe,0xf7,0xbe,0xff,0xff,0xff,
0xff,0xff,0xff,0xff,0x7d,0xf7,0xbe,0xf7,0x9d,0xf7,0xbe,0xf7,0xff,0xff,0xff,0xff,
0xff,0xff,0x00,0x00,0x00,0x00,0x00,0x00,0x00,0x00,0x00,0x00,0x00,0x00,0x00,0x00,
0x00,0x00,0x00,0x00,0x00,0x00,0x00,0x00,0x00,0x00,0x00,0x00,0x9e,0xf7,0xff,0xff,
0xff,0xff,0xff,0xff,0xff,0xff,0x7e,0xf7,0x9e,0xf7,0x7e,0xf7,0x9e,0xef,0xff,0xff,
0xff,0xff,0xff,0xff,0xff,0xff,0x9e,0xf7,0x9e,0xf7,0x9e,0xf7,0x9e,0xef,0xff,0xff,
0xff,0xff,0xdf,0xff,0xff,0xff,0x7e,0xf7,0x9e,0xef,0x7e,0xf7,0xbf,0xf7,0xdf,0xff,
0xff,0xff,0xff,0xff,0xdf,0xf7,0x9e,0xf7,0x9e,0xef,0x9e,0xf7,0xdf,0xf7,0xff,0xff,
0xff,0xff,0xdf,0xff,0x9e,0xef,0x9e,0xf7,0x9e,0xf7,0x9e,0xf7,0xff,0xff,0xff,0xff,
0xff,0xff,0x00,0x00,0x00,0x00,0x00,0x00,0x00,0x00,0x00,0x00,0x00,0x00,0x00,0x00,
0x00,0x00,0x00,0x00,0x00,0x00,0x00,0x00,0x00,0x00,0x00,0x00,0x9d,0xf7,0xff,0xff,
0xff,0xff,0xff,0xff,0xff,0xff,0x9e,0xf7,0x9e,0xf7,0x9e,0xf7,0x7d,0xf7,0xff,0xff,
0xff,0xff,0xff,0xff,0xff,0xff,0xbe,0xf7,0x9d,0xf7,0xbe,0xf7,0x9d,0xf7,0xff,0xff,
0xff,0xff,0xff,0xff,0xff,0xff,0x9e,0xf7,0x9e,0xff,0xbe,0xf7,0xde,0xff,0xff,0xff,
0xff,0xff,0xff,0xff,0xbe,0xff,0xbe,0xf7,0x9d,0xf7,0xbe,0xf7,0xbe,0xff,0xff,0xff,
0xff,0xff,0xff,0xff,0x7d,0xf7,0xbe,0xf7,0x9d,0xf7,0xbe,0xf7,0xff,0xff,0xff,0xff,
0xff,0xff,0x00,0x00,0x00,0x00,0x00,0x00,0x00,0x00,0x00,0x00,0x00,0x00,0x00,0x00,
0x00,0x00,0x00,0x00,0x00,0x00,0x00,0x00,0x00,0x00,0x00,0x00,0x9e,0xef,0xdf,0xff,
0xff,0xff,0xdf,0xff,0xff,0xff,0x7e,0xf7,0x9e,0xef,0x7d,0xf7,0x7e,0xef,0xff,0xff,
0xff,0xff,0xdf,0xff,0xff,0xff,0x7e,0xf7,0x9e,0xef,0x7e,0xf7,0x9e,0xef,0xff,0xff,
0xff,0xff,0xff,0xff,0xff,0xff,0x7d,0xf7,0xbe,0xf7,0xff,0xff,0xe3,0x19,0x23,0x2a,
0xde,0xef,0xfe,0xf7,0xbf,0xf7,0x9e,0xf7,0x9e,0xef,0x7e,0xf7,0xbf,0xf7,0xff,0xff,
0xff,0xff,0xdf,0xff,0x7e,0xef,0x7e,0xf7,0x9e,0xef,0x7e,0xf7,0xff,0xff,0xdf,0xff,
0xff,0xff,0x00,0x00,0x00,0x00,0x00,0x00,0x00,0x00,0x00,0x00,0x00,0x00,0x00,0x00,
0x00,0x00,0x00,0x00,0x00,0x00,0x00,0x00,0x00,0x00,0x00,0x00,0xff,0xff,0x9e,0xf7,
0x9e,0xf7,0x9e,0xf7,0x9e,0xf7,0xff,0xff,0xff,0xff,0xff,0xff,0xff,0xff,0x9e,0xf7,
0x9e,0xf7,0xbe,0xf7,0x9e,0xf7,0xff,0xff,0xff,0xff,0xff,0xff,0xff,0xff,0xbe,0xf7,
0x9e,0xf7,0xbe,0xf7,0x7d,0xf7,0xdf,0xff,0xfd,0xff,0xe5,0x31,0xa5,0x9d,0x44,0x8d,
0xa3,0x29,0x9a,0xe7,0x9e,0xf7,0xff,0xff,0xff,0xff,0xff,0xff,0xbe,0xff,0x9e,0xf7,
0x9d,0xf7,0xbe,0xf7,0xff,0xff,0xff,0xff,0xff,0xff,0xff,0xff,0x9d,0xf7,0x9e,0xf7,
0x9e,0xf7,0x00,0x00,0x00,0x00,0x00,0x00,0x00,0x00,0x00,0x00,0x00,0x00,0x00,0x00,
0x00,0x00,0x00,0x00,0x00,0x00,0x00,0x00,0x00,0x00,0x00,0x00,0xff,0xff,0x7e,0xf7,
0x9e,0xf7,0x7e,0xf7,0x9e,0xf7,0xdf,0xff,0xff,0xff,0xff,0xff,0xff,0xff,0x9e,0xf7,
0x9e,0xf7,0x7e,0xf7,0x9e,0xef,0xff,0xff,0xff,0xff,0xdf,0xff,0xff,0xff,0x9e,0xf7,
0x9e,0xef,0x7e,0xf7,0x9c,0xe7,0x8b,0x63,0xa0,0x11,0x4a,0x8d,0x03,0x7d,0x27,0xae,
0xa2,0x19,0x61,0x19,0x9e,0xf7,0xff,0xff,0xff,0xff,0xdf,0xff,0xbf,0xf7,0x7e,0xf7,
0x9e,0xef,0x7e,0xf7,0xff,0xff,0xff,0xff,0xff,0xff,0xff,0xff,0x9e,0xef,0x7e,0xf7,
0x9e,0xf7,0x00,0x00,0x00,0x00,0x00,0x00,0x00,0x00,0x00,0x00,0x00,0x00,0x00,0x00,
0x00,0x00,0x00,0x00,0x00,0x00,0x00,0x00,0x00,0x00,0x00,0x00,0xff,0xff,0x9e,0xf7,
0x7d,0xf7,0xbe,0xf7,0x9d,0xf7,0xff,0xff,0xff,0xff,0xff,0xff,0xff,0xff,0xbe,0xf7,
0x9e,0xf7,0xbe,0xf7,0x9e,0xf7,0xff,0xff,0xff,0xff,0xff,0xff,0xff,0xff,0xbe,0xf7,
0x9e,0xf7,0x9e,0xf7,0xe6,0x6b,0x6c,0x95,0x63,0x95,0x06,0xa6,0x21,0x6c,0x09,0xa6,
0x0a,0x8d,0x00,0x22,0x9e,0xf7,0xff,0xff,0xff,0xff,0xff,0xff,0xbe,0xff,0x9e,0xf7,
0x9d,0xf7,0x9e,0xf7,0xff,0xff,0xff,0xff,0xff,0xff,0xff,0xff,0x7d,0xf7,0x9e,0xf7,
0x9d,0xf7,0x00,0x00,0x00,0x00,0x00,0x00,0x00,0x00,0x00,0x00,0x00,0x00,0x00,0x00,
0x00,0x00,0x00,0x00,0x00,0x00,0x00,0x00,0x00,0x00,0x00,0x00,0xff,0xff,0x7e,0xf7,
0x9e,0xef,0x9e,0xf7,0x9e,0xef,0xdf,0xff,0xff,0xff,0xdf,0xff,0xff,0xff,0x7e,0xf7,
0x9e,0xf7,0x9e,0xf7,0x9e,0xf7,0xff,0xff,0xff,0xff,0xff,0xff,0xff,0xff,0x7e,0xf7,
0x9e,0xf7,0x7e,0xf7,0x40,0x22,0xed,0xa5,0x46,0xae,0x66,0xb6,0x46,0x85,0x46,0x95,
0x4a,0x85,0xc0,0x19,0x10,0x74,0xff,0xff,0xff,0xff,0xff,0xff,0xbf,0xf7,0x7e,0xf7,
0x9e,0xf7,0x7e,0xf7,0xff,0xff,0xdf,0xff,0xff,0xff,0xff,0xff,0x9e,0xef,0x7e,0xf7,
0x9e,0xf7,0x00,0x00,0x00,0x00,0x00,0x00,0x00,0x00,0x00,0x00,0x00,0x00,0x00,0x00,
0x00,0x00,0x00,0x00,0x00,0x00,0x00,0x00,0x00,0x00,0x00,0x00,0x9e,0xf7,0xff,0xff,
0xff,0xff,0xff,0xff,0xff,0xff,0xbe,0xf7,0x9e,0xf7,0x9e,0xf7,0x7d,0xf7,0xff,0xff,
0xff,0xff,0xff,0xff,0xff,0xff,0x9e,0xf7,0x9d,0xf7,0xbe,0xf7,0x7d,0xf7,0xff,0xff,
0xfe,0xff,0x26,0x32,0x63,0x6c,0x84,0x6c,0x07,0xa6,0x03,0x7d,0x46,0x8d,0x26,0x7d,
0x6c,0xb6,0x00,0x22,0xb2,0x9c,0x7d,0xef,0x7d,0xf7,0x9e,0xf7,0x9e,0xf7,0xff,0xff,
0xff,0xff,0xff,0xff,0x7d,0xf7,0x9e,0xf7,0x9d,0xf7,0xbe,0xf7,0xff,0xff,0xff,0xff,
0xff,0xff,0x00,0x00,0x00,0x00,0x00,0x00,0x00,0x00,0x00,0x00,0x00,0x00,0x00,0x00,
0x00,0x00,0x00,0x00,0x00,0x00,0x00,0x00,0x00,0x00,0x00,0x00,0x9e,0xef,0xff,0xff,
0xff,0xff,0xff,0xff,0xff,0xff,0x9e,0xf7,0x9e,0xf7,0x7e,0xf7,0x9e,0xef,0xff,0xff,
0xff,0xff,0xdf,0xff,0xff,0xff,0x7e,0xf7,0x9e,0xef,0x7e,0xf7,0x9e,0xef,0xdf,0xff,
0xfe,0xf7,0xe5,0x31,0xa8,0x95,0xe1,0x63,0xa7,0x95,0x82,0x74,0x26,0xae,0x46,0xb6,
0x4a,0x85,0xc0,0x19,0x71,0x8c,0x9d,0xf7,0x7e,0xef,0x7d,0xef,0x9e,0xf7,0xff,0xff,
0xff,0xff,0xdf,0xff,0x9e,0xef,0x7e,0xf7,0x9e,0xf7,0x9e,0xf7,0xff,0xff,0xff,0xff,
0xff,0xff,0x00,0x00,0x00,0x00,0x00,0x00,0x00,0x00,0x00,0x00,0x00,0x00,0x00,0x00,
0x00,0x00,0x00,0x00,0x00,0x00,0x00,0x00,0x00,0x00,0x00,0x00,0x9d,0xf7,0xff,0xff,
0xff,0xff,0xff,0xff,0xff,0xff,0xbe,0xf7,0x9d,0xf7,0xbe,0xf7,0x7d,0xf7,0xff,0xff,
0xff,0xff,0xff,0xff,0xff,0xff,0x9e,0xf7,0x7d,0xf7,0x9e,0xf7,0x7d,0xf7,0xff,0xff,
0xfd,0xf7,0x26,0x32,0xc2,0x7c,0x48,0xa6,0x44,0x6c,0xc3,0x53,0xc5,0x9d,0x84,0x95,
0x67,0x5b,0x60,0x11,0xff,0xff,0xff,0xff,0x65,0x32,0x24,0x22,0x44,0x2a,0x64,0x2a,
0x45,0x32,0xd7,0xbe,0x7d,0xf7,0x7e,0xef,0x9e,0xff,0xbe,0xf7,0xff,0xff,0xff,0xff,
0xff,0xff,0x00,0x00,0x00,0x00,0x00,0x00,0x00,0x00,0x00,0x00,0x00,0x00,0x00,0x00,
0x00,0x00,0x00,0x00,0x00,0x00,0x00,0x00,0x00,0x00,0x00,0x00,0xff,0xff,0x9e,0xf7,
0xbf,0xf7,0x9e,0xf7,0x9e,0xf7,0xdf,0xff,0xff,0xff,0xff,0xff,0xff,0xff,0x9e,0xf7,
0xbf,0xf7,0x9e,0xf7,0xbf,0xf7,0xdf,0xff,0xbf,0xf7,0xbf,0xff,0xff,0xff,0x7e,0xf7,
0xbe,0xef,0x27,0x42,0x40,0x22,0xab,0x9d,0x0a,0x7d,0x80,0x32,0xe8,0x9d,0xc3,0x7c,
0x23,0x11,0xfe,0xf7,0x21,0x22,0x09,0x6c,0xc5,0x9d,0xc5,0xa5,0x85,0x9d,0x85,0x9d,
0x46,0x85,0xe5,0x7c,0xe6,0x3a,0xa1,0x19,0xff,0xff,0xdf,0xff,0x9e,0xf7,0x9e,0xf7,
0xbf,0xf7,0x00,0x00,0x00,0x00,0x00,0x00,0x00,0x00,0x00,0x00,0x00,0x00,0x00,0x00,
0x00,0x00,0x00,0x00,0x00,0x00,0x00,0x00,0x00,0x00,0x00,0x00,0xff,0xff,0x9e,0xf7,
0x9e,0xff,0x9e,0xf7,0x9d,0xf7,0xff,0xff,0xff,0xff,0xff,0xff,0xff,0xff,0x9e,0xf7,
0x7d,0xf7,0x9e,0xef,0xc6,0x3a,0x44,0x22,0xe3,0x21,0x23,0x22,0x05,0x32,0xfe,0xf7,
0xff,0xff,0xff,0xff,0xe0,0x21,0x87,0x53,0x48,0x6c,0x40,0x22,0xc6,0x63,0xe0,0x21,
0xea,0x6b,0x00,0x09,0x64,0x95,0x28,0xa6,0x43,0x8d,0x47,0xa6,0x43,0x6c,0x03,0x5c,
0xe5,0xa5,0x06,0xa6,0x2a,0x8d,0x60,0x2a,0xdf,0xff,0xff,0xff,0x7d,0xf7,0x9e,0xf7,
0x9e,0xf7,0x00,0x00,0x00,0x00,0x00,0x00,0x00,0x00,0x00,0x00,0x00,0x00,0x00,0x00,
0x00,0x00,0x00,0x00,0x00,0x00,0x00,0x00,0x00,0x00,0x00,0x00,0xff,0xff,0x9e,0xf7,
0x9e,0xf7,0x9e,0xf7,0x9e,0xef,0xdf,0xff,0xff,0xff,0xff,0xff,0xff,0xff,0x9e,0xf7,
0xbe,0xef,0x2c,0x63,0xe0,0x3a,0x6a,0xb6,0x46,0xae,0xa7,0xbe,0xea,0xbe,0x06,0xa6,
0x64,0x21,0xdd,0xf7,0x44,0x2a,0x44,0x32,0xa4,0x53,0x86,0x74,0x26,0x43,0xa0,0x19,
0x21,0x22,0x66,0x53,0x06,0x7d,0x84,0x74,0xc2,0x53,0x85,0x74,0xa6,0x95,0x85,0x95,
0x65,0x6c,0x84,0x74,0x06,0x43,0x02,0x2a,0xff,0xff,0xdf,0xff,0x9e,0xef,0x7e,0xf7,
0x9e,0xf7,0x00,0x00,0x00,0x00,0x00,0x00,0x00,0x00,0x00,0x00,0x00,0x00,0x00,0x00,
0x00,0x00,0x00,0x00,0x00,0x00,0x00,0x00,0x00,0x00,0x00,0x00,0xff,0xff,0x9e,0xf7,
0x7d,0xf7,0x9e,0xf7,0x9d,0xf7,0xff,0xff,0xff,0xff,0xff,0xff,0xff,0xff,0xbe,0xf7,
0xbd,0xf7,0x8d,0x6b,0x80,0x32,0xca,0x9d,0xa4,0x9d,0xa5,0x95,0x07,0xa6,0x44,0x85,
0xe3,0x29,0xc3,0x21,0xc9,0x7c,0x00,0x22,0x40,0x32,0x8b,0x95,0x23,0x2a,0x60,0x09,
0x80,0x19,0x89,0x74,0x86,0x74,0x41,0x43,0x85,0x9d,0xa6,0x9d,0x87,0xbe,0x05,0x9e,
0x24,0x6c,0x65,0x6c,0xe2,0x18,0xfe,0xf7,0xff,0xff,0xff,0xff,0x9d,0xf7,0x9e,0xf7,
0x9e,0xf7,0x00,0x00,0x00,0x00,0x00,0x00,0x00,0x00,0x00,0x00,0x00,0x00,0x00,0x00,
0x00,0x00,0x00,0x00,0x00,0x00,0x00,0x00,0x00,0x00,0x00,0x00,0xbf,0xf7,0xdf,0xff,
0xff,0xff,0xdf,0xff,0xff,0xff,0x9e,0xf7,0xbf,0xf7,0x9e,0xf7,0xbf,0xf7,0xdf,0xff,
0xdf,0xf7,0xdf,0xff,0xe2,0x42,0x2a,0x95,0x48,0xa6,0x27,0xae,0x04,0x5c,0x44,0x6c,
0xc9,0x74,0x60,0x2a,0x03,0x7d,0x27,0xa6,0xc5,0x3a,0xe1,0x21,0xe1,0x53,0xe8,0x9d,
0xa9,0x74,0xa1,0x3a,0x23,0x5c,0x48,0x8d,0xa5,0x8d,0xc5,0x9d,0xe7,0x7c,0x24,0x6c,
0x64,0x19,0x47,0x42,0x5d,0xef,0x7e,0xf7,0xbf,0xf7,0x9e,0xf7,0xff,0xff,0xdf,0xff,
0xff,0xff,0x00,0x00,0x00,0x00,0x00,0x00,0x00,0x00,0x00,0x00,0x00,0x00,0x00,0x00,
0x00,0x00,0x00,0x00,0x00,0x00,0x00,0x00,0x00,0x00,0x00,0x00,0x9e,0xf7,0xff,0xff,
0xff,0xff,0xff,0xff,0xff,0xff,0xbe,0xf7,0x9e,0xff,0xbe,0xf7,0x9e,0xf7,0xff,0xff,
0xff,0xff,0xff,0xff,0x35,0xd7,0xa7,0x5b,0x48,0xae,0xc7,0x9d,0xa7,0x9d,0xc3,0x74,
0xc1,0x53,0xa5,0x6c,0x20,0x2a,0x0d,0xa6,0x09,0x8d,0x20,0x2a,0x05,0xa6,0x26,0x9e,
0x04,0x32,0x41,0x09,0x44,0x64,0xe7,0x74,0xe4,0x7c,0x46,0x85,0x20,0x11,0x41,0x11,
0xff,0xff,0xff,0xff,0x7d,0xf7,0x9e,0xf7,0x9e,0xf7,0xbe,0xf7,0xff,0xff,0xff,0xff,
0xff,0xff,0x00,0x00,0x00,0x00,0x00,0x00,0x00,0x00,0x00,0x00,0x00,0x00,0x00,0x00,
0x00,0x00,0x00,0x00,0x00,0x00,0x00,0x00,0x00,0x00,0x00,0x00,0x9e,0xf7,0xff,0xff,
0xff,0xff,0xff,0xff,0xff,0xff,0x9e,0xf7,0x9e,0xf7,0x7e,0xf7,0xbf,0xf7,0xff,0xff,
0xff,0xff,0xdf,0xff,0xff,0xf7,0x4c,0x63,0x24,0x22,0x61,0x11,0x83,0x6c,0x05,0x85,
0x87,0x6c,0xe0,0x3a,0xc4,0x21,0x62,0x19,0xe3,0x21,0x44,0x32,0xe4,0x21,0xa3,0x21,
0x19,0xd7,0xdc,0xf7,0xa4,0x19,0xc4,0x21,0x83,0x19,0x83,0x21,0x23,0x19,0xbd,0xf7,
0xff,0xff,0xdf,0xff,0x5d,0xef,0x7d,0xf7,0x9e,0xf7,0x9e,0xf7,0xff,0xff,0xff,0xff,
0xff,0xff,0x00,0x00,0x00,0x00,0x00,0x00,0x00,0x00,0x00,0x00,0x00,0x00,0x00,0x00,
0x00,0x00,0x00,0x00,0x00,0x00,0x00,0x00,0x00,0x00,0x00,0x00,0x9d,0xf7,0xff,0xff,
0xff,0xff,0xff,0xff,0xff,0xff,0xbe,0xf7,0x9d,0xf7,0xbe,0xf7,0x9e,0xf7,0xff,0xff,
0xdf,0xff,0xbf,0xf7,0xbe,0xff,0xbe,0xf7,0xdd,0xef,0x02,0x11,0x03,0x2a,0x44,0x2a,
0x24,0x2a,0xa2,0x11,0x64,0x95,0x03,0x7d,0x87,0x74,0x80,0x2a,0x25,0x6c,0x66,0x6c,
0xc3,0x21,0xe3,0x21,0xff,0xff,0xdf,0xf7,0xbd,0xf7,0x70,0x84,0x63,0x21,0xc4,0x21,
0x24,0x32,0x41,0x09,0x7d,0xf7,0x7d,0xef,0x7d,0xf7,0x9e,0xf7,0xff,0xff,0xff,0xff,
0xff,0xff,0x00,0x00,0x00,0x00,0x00,0x00,0x00,0x00,0x00,0x00,0x00,0x00,0x00,0x00,
0x00,0x00,0x00,0x00,0x00,0x00,0x00,0x00,0x00,0x00,0x00,0x00,0xff,0xff,0x9e,0xf7,
0xbf,0xf7,0x9e,0xf7,0xbf,0xf7,0xdf,0xff,0xdf,0xff,0xff,0xff,0xdf,0xff,0xff,0xff,
0xfd,0xef,0xc4,0x29,0x04,0x22,0xe3,0x29,0x83,0x19,0x46,0x3a,0xbf,0xf7,0xff,0xff,
0x20,0x22,0x68,0x74,0xc5,0x95,0x84,0x95,0x62,0x4b,0x86,0x74,0xe3,0x74,0xa6,0x95,
0xe3,0x19,0xc6,0x42,0x25,0x2a,0xe4,0x29,0x42,0x22,0xa7,0x5b,0x65,0x6c,0x64,0x6c,
0xc5,0x74,0x84,0x74,0x45,0x2a,0xe3,0x21,0x7e,0xef,0xdf,0xff,0x9e,0xf7,0x9e,0xf7,
0xbf,0xf7,0x00,0x00,0x00,0x00,0x00,0x00,0x00,0x00,0x00,0x00,0x00,0x00,0x00,0x00,
0x00,0x00,0x00,0x00,0x00,0x00,0x00,0x00,0x00,0x00,0x00,0x00,0xff,0xff,0xbe,0xf7,
0x9d,0xf7,0x9e,0xf7,0x7d,0xf7,0xff,0xff,0xff,0xff,0xff,0xff,0x7b,0xe7,0xe5,0x29,
0xe0,0x3a,0xe9,0x95,0xc7,0x9d,0x04,0x7d,0x84,0x5b,0xc5,0x5b,0xc4,0x21,0xe4,0x21,
0x00,0x2a,0x8c,0x95,0x64,0x95,0x68,0xae,0xc0,0x5b,0x09,0x9e,0xa5,0x9d,0x44,0x8d,
0xa1,0x21,0xe6,0x42,0xa2,0x21,0x28,0x4b,0x03,0x64,0xa5,0x6c,0xa4,0x74,0x84,0x6c,
0x25,0x8d,0x45,0x85,0x87,0x95,0x83,0x6c,0xa4,0x31,0xfe,0xf7,0x5d,0xf7,0x9e,0xf7,
0x9e,0xf7,0x00,0x00,0x00,0x00,0x00,0x00,0x00,0x00,0x00,0x00,0x00,0x00,0x00,0x00,
0x00,0x00,0x00,0x00,0x00,0x00,0x00,0x00,0x00,0x00,0x00,0x00,0xff,0xff,0x7e,0xf7,
0x9e,0xf7,0x7e,0xf7,0x9e,0xef,0xdf,0xff,0xff,0xef,0x85,0x29,0x60,0x2a,0x4a,0x8d,
0xa5,0x8d,0xc5,0x9d,0x87,0x8d,0x04,0x7d,0x44,0x5c,0x85,0x6c,0xa9,0x53,0xe2,0x21,
0xe0,0x19,0x89,0x7c,0xc5,0x95,0x26,0xae,0x21,0x64,0x49,0xae,0xe9,0x9d,0xe1,0x63,
0x83,0x19,0xe4,0x29,0x44,0x43,0x84,0x53,0x45,0x64,0xc3,0x5b,0x23,0x3b,0x43,0x4b,
0x43,0x43,0x05,0x64,0xc5,0x74,0x26,0x85,0xcb,0x74,0xe0,0x21,0x5d,0xef,0x9e,0xf7,
0x9e,0xef,0x00,0x00,0x00,0x00,0x00,0x00,0x00,0x00,0x00,0x00,0x00,0x00,0x00,0x00,
0x00,0x00,0x00,0x00,0x00,0x00,0x00,0x00,0x00,0x00,0x00,0x00,0xff,0xff,0x9e,0xf7,
0x9d,0xf7,0x9e,0xf7,0x9e,0xff,0xff,0xff,0x56,0xc6,0xe4,0x29,0xa4,0x95,0x47,0xa6,
0xc6,0x9d,0x24,0x7d,0x46,0x6c,0xe1,0x3a,0x03,0x43,0x24,0x3b,0xc3,0x3a,0x04,0x3b,
0xa1,0x21,0xc2,0x19,0x86,0x95,0x83,0x74,0x05,0xa6,0x67,0xae,0xca,0x84,0x60,0x11,
0x24,0x2a,0xe4,0x21,0x84,0x53,0x43,0x43,0x82,0x3a,0x25,0x43,0x22,0x64,0x27,0x85,
0x06,0xa6,0x65,0x8d,0x24,0x64,0xe3,0x5b,0x65,0x6c,0x45,0x64,0xa5,0x31,0xbd,0xef,
0x9d,0xf7,0x00,0x00,0x00,0x00,0x00,0x00,0x00,0x00,0x00,0x00,0x00,0x00,0x00,0x00,
0x00,0x00,0x00,0x00,0x00,0x00,0x00,0x00,0x00,0x00,0x00,0x00,0xbf,0xf7,0xdf,0xff,
0xdf,0xf7,0xdf,0xff,0xff,0xff,0x7d,0xf7,0x40,0x22,0xea,0x84,0xa6,0x95,0xa5,0x95,
0xa4,0x53,0xa4,0x53,0x01,0x5c,0x25,0x8d,0x84,0x6c,0x83,0x6c,0x07,0x5c,0x03,0x43,
0x67,0x4b,0x60,0x11,0x27,0x85,0xc5,0x84,0xe6,0x9d,0xa5,0x9d,0x04,0x43,0x61,0x32,
0xe1,0x21,0x67,0x53,0xa4,0x19,0xe4,0x29,0xe5,0x5b,0xe5,0x63,0xa4,0x6c,0xe5,0x7c,
0x25,0x7d,0x25,0x85,0x45,0x85,0x45,0x8d,0xa8,0x8d,0x83,0x6c,0xa5,0x21,0xbd,0xef,
0xdf,0xf7,0x00,0x00,0x00,0x00,0x00,0x00,0x00,0x00,0x00,0x00,0x00,0x00,0x00,0x00,
0x00,0x00,0x00,0x00,0x00,0x00,0x00,0x00,0x00,0x00,0x00,0x00,0x9e,0xf7,0xff,0xff,
0xff,0xff,0xff,0xff,0xff,0xff,0xff,0xff,0x40,0x2a,0x6b,0x8d,0x66,0x74,0x62,0x4b,
0xc4,0x9d,0x06,0x9e,0x67,0x95,0xc1,0x5b,0xa6,0x95,0xc7,0x95,0x44,0x6c,0x64,0x64,
0xe4,0x29,0xe4,0x21,0xe4,0x63,0xe8,0x7c,0xe6,0xa5,0x44,0x85,0xc2,0x21,0xa5,0x3a,
0xc4,0x21,0xa3,0x19,0xa3,0x21,0xc4,0x19,0x62,0x19,0xa3,0x19,0x85,0x74,0x24,0x64,
0xa4,0x74,0xa4,0x74,0xa5,0x74,0xe3,0x53,0x83,0x21,0xa4,0x19,0x03,0x19,0xff,0xf7,
0xff,0xff,0x00,0x00,0x00,0x00,0x00,0x00,0x00,0x00,0x00,0x00,0x00,0x00,0x00,0x00,
0x00,0x00,0x00,0x00,0x00,0x00,0x00,0x00,0x00,0x00,0x00,0x00,0x9e,0xf7,0xff,0xff,
0xff,0xff,0xdf,0xff,0xff,0xf7,0xc5,0x29,0x08,0x9e,0xe7,0x9d,0xc4,0x74,0xe8,0x9d,
0x47,0xa6,0xc4,0x9d,0x67,0x8d,0x05,0x85,0xe7,0x95,0xe3,0x7c,0x86,0x6c,0xe4,0x63,
0xe4,0x21,0x65,0x3a,0x00,0x22,0xea,0x84,0x8a,0x74,0xa0,0x21,0x25,0x2a,0x04,0x2a,
0x80,0x2a,0x88,0x74,0xc5,0x74,0xc4,0x7c,0x46,0x64,0x62,0x53,0xa2,0x19,0x24,0x32,
0x24,0x64,0x44,0x6c,0xa5,0x21,0x84,0x21,0xff,0xff,0xbe,0xff,0xdf,0xf7,0xff,0xff,
0xff,0xff,0x00,0x00,0x00,0x00,0x00,0x00,0x00,0x00,0x00,0x00,0x00,0x00,0x00,0x00,
0x00,0x00,0x00,0x00,0x00,0x00,0x00,0x00,0x00,0x00,0x00,0x00,0x9d,0xf7,0xff,0xff,
0xff,0xff,0xff,0xff,0xfe,0xf7,0xa5,0x21,0xa7,0x9d,0xe4,0x74,0xa5,0x95,0xa5,0x95,
0x44,0x8d,0x44,0x85,0x63,0x6c,0x67,0x8d,0x06,0x85,0xa4,0x6c,0xa9,0x63,0x81,0x11,
0x43,0x32,0x44,0x2a,0x82,0x21,0x24,0x2a,0x83,0x21,0x83,0x19,0x83,0x21,0x83,0x21,
0x42,0x4b,0xa4,0x53,0x63,0x74,0x67,0x85,0x64,0x95,0x06,0x9e,0x89,0x7c,0x00,0x22,
0xa3,0x21,0xe4,0x21,0xa5,0x29,0xff,0xff,0xbe,0xff,0xbf,0xf7,0xde,0xff,0xff,0xff,
0xff,0xff,0x00,0x00,0x00,0x00,0x00,0x00,0x00,0x00,0x00,0x00,0x00,0x00,0x00,0x00,
0x00,0x00,0x00,0x00,0x00,0x00,0x00,0x00,0x00,0x00,0x00,0x00,0xdf,0xf7,0x9e,0xf7,
0xbf,0xf7,0x9e,0xf7,0xbd,0xef,0x84,0x29,0xc4,0x3a,0xc4,0x42,0x25,0x2a,0xc3,0x21,
0xa5,0x74,0x43,0x6c,0x85,0x6c,0x23,0x6c,0xe3,0x21,0x81,0x19,0xc4,0x21,0xa3,0x21,
0xe2,0x21,0xa5,0x3a,0xe0,0x19,0x29,0x6c,0xa4,0x19,0xc4,0x21,0xc1,0x19,0x67,0x53,
0x06,0x5c,0xe2,0x3a,0xc3,0x3a,0xc6,0x5b,0x66,0x85,0x04,0x85,0xe8,0x9d,0x83,0x74,
0xa2,0x19,0xe6,0x4a,0xc6,0x3a,0xe3,0x29,0xc5,0x21,0xbd,0xef,0xbf,0xf7,0x9e,0xf7,
0xbf,0xf7,0x00,0x00,0x00,0x00,0x00,0x00,0x00,0x00,0x00,0x00,0x00,0x00,0x00,0x00,
0x00,0x00,0x00,0x00,0x00,0x00,0x00,0x00,0x00,0x00,0x00,0x00,0xff,0xff,0x9e,0xf7,
0x7d,0xf7,0xbe,0xf7,0x9d,0xf7,0xdf,0xf7,0xbe,0xff,0xff,0xff,0xff,0xff,0xca,0x52,
0xc3,0x21,0x83,0x19,0xc3,0x29,0xc3,0x21,0xa3,0x21,0xe4,0x21,0xc0,0x19,0xe6,0x5b,
0x64,0x6c,0x24,0x64,0x03,0x43,0x03,0x3b,0x65,0x6c,0xe4,0x53,0x20,0x2a,0xc7,0x5b,
0x83,0x74,0xe5,0x74,0x06,0x85,0x40,0x4b,0x81,0x74,0x48,0xa6,0xe6,0x9d,0x64,0x8d,
0xe3,0x29,0x04,0x2a,0x83,0x53,0xe5,0x5b,0xe8,0x63,0x01,0x22,0x44,0x29,0xde,0xef,
0x9e,0xf7,0x00,0x00,0x00,0x00,0x00,0x00,0x00,0x00,0x00,0x00,0x00,0x00,0x00,0x00,
0x00,0x00,0x00,0x00,0x00,0x00,0x00,0x00,0x00,0x00,0x00,0x00,0xff,0xff,0x7e,0xf7,
0x9e,0xef,0x7e,0xf7,0x9e,0xef,0xdf,0xff,0xdf,0xf7,0xbe,0xff,0xa4,0x19,0x05,0x32,
0x86,0x4b,0xc2,0x3a,0x25,0x43,0xa3,0x3a,0x25,0x2a,0x83,0x19,0x62,0x64,0x65,0x8d,
0x46,0x85,0x25,0x85,0xa0,0x32,0xc8,0x7c,0x05,0x75,0xa4,0x6c,0xa0,0x19,0x48,0x74,
0x47,0x85,0xe2,0x5b,0x65,0x8d,0xa6,0x9d,0xc9,0x95,0x22,0x64,0x65,0x8d,0xa5,0x95,
0x2b,0x85,0xe0,0x21,0xc2,0x32,0xe6,0x5b,0x05,0x5c,0xe4,0x5b,0x07,0x3b,0xc2,0x19,
0xbf,0xf7,0x00,0x00,0x00,0x00,0x00,0x00,0x00,0x00,0x00,0x00,0x00,0x00,0x00,0x00,
0x00,0x00,0x00,0x00,0x00,0x00,0x00,0x00,0x00,0x00,0x00,0x00,0xff,0xff,0x9e,0xf7,
0x9d,0xf7,0xbe,0xf7,0x7d,0xf7,0xff,0xff,0xfe,0xff,0x03,0x11,0x21,0x43,0x09,0x75,
0xe5,0x5b,0xc4,0x53,0xc6,0x5b,0xe3,0x32,0xe2,0x29,0xa5,0x3a,0xc4,0x9d,0x46,0xa6,
0xa7,0x9d,0x46,0x8d,0x04,0x64,0xe4,0x5b,0x07,0xa6,0xa2,0x6c,0x23,0x4b,0x03,0x43,
0xe3,0x7c,0x65,0x8d,0x03,0x85,0xc6,0x95,0x05,0xa6,0x46,0xa6,0xa0,0x53,0xa9,0x8d,
0x4b,0x95,0x00,0x22,0xc3,0x3a,0x25,0x43,0x65,0x6c,0x65,0x6c,0x66,0x74,0x01,0x3b,
0xde,0xff,0x20,0x00,0x00,0x00,0x00,0x00,0x00,0x00,0x00,0x00,0x00,0x00,0x00,0x00,
0x00,0x00,0x00,0x00,0x00,0x00,0x00,0x00,0x00,0x00,0x00,0x00,0xbf,0xf7,0xdf,0xff,
0xff,0xff,0xdf,0xff,0xdf,0xff,0x9e,0xf7,0x9b,0xdf,0x05,0x32,0xc5,0x6c,0xc5,0x74,
0x26,0x5c,0x63,0x4b,0xc5,0x3a,0xa4,0x3a,0x40,0x22,0x0a,0x8d,0xe8,0x9d,0x83,0x74,
0x87,0x6c,0x62,0x53,0xc9,0x95,0xc0,0x5b,0xc7,0x9d,0x03,0x85,0x86,0x53,0xe0,0x21,
0x80,0x11,0x28,0x6c,0x45,0x85,0x45,0x8d,0xe6,0x95,0xe6,0x9d,0x68,0x85,0xe1,0x5b,
0x0b,0x85,0xc0,0x21,0xe3,0x3a,0xe6,0x63,0xc5,0x53,0xa4,0x53,0x46,0x2a,0xa3,0x19,
0xff,0xf7,0x00,0x00,0x00,0x00,0x00,0x00,0x00,0x00,0x00,0x00,0x00,0x00,0x00,0x00,
0x00,0x00,0x00,0x00,0x00,0x00,0x00,0x00,0x00,0x00,0x00,0x00,0x7d,0xf7,0xff,0xff,
0xff,0xff,0xff,0xff,0xff,0xff,0xbe,0xf7,0x80,0x19,0xaa,0x74,0x83,0x74,0x26,0x7d,
0xa4,0x53,0x06,0x5c,0x26,0x6c,0x01,0x3b,0x00,0x2a,0x6b,0x95,0x81,0x74,0x48,0xa6,
0x09,0xa6,0xe1,0x53,0x06,0xa6,0xa5,0x95,0xa0,0x5b,0xc9,0x9d,0xa6,0x5b,0x00,0x22,
0x83,0x21,0x63,0x19,0xc0,0x21,0x2d,0x8d,0xc5,0x7c,0xa4,0x6c,0x85,0x95,0xa6,0x95,
0x28,0x6c,0xe0,0x19,0xc3,0x29,0x05,0x2a,0x63,0x19,0xa4,0x19,0xc5,0x29,0x74,0x9d,
0xff,0xff,0x00,0x00,0x00,0x00,0x00,0x00,0x00,0x00,0x00,0x00,0x00,0x00,0x00,0x00,
0x00,0x00,0x00,0x00,0x00,0x00,0x00,0x00,0x00,0x00,0x00,0x00,0x9e,0xef,0xdf,0xff,
0xff,0xff,0xff,0xff,0xff,0xff,0xbe,0xff,0x61,0x2a,0x69,0x74,0x49,0x85,0x82,0x53,
0x26,0x7d,0xe5,0x7c,0xc9,0x74,0x01,0x3b,0xe0,0x19,0x6b,0x95,0xe6,0x95,0xe6,0x9d,
0x08,0x9e,0x61,0x6c,0x27,0xa6,0x64,0x95,0x22,0x5c,0x46,0x8d,0x66,0x53,0xe0,0x21,
0xe4,0x21,0x24,0x32,0xa4,0x19,0xa4,0x21,0x84,0x19,0x43,0x19,0xc2,0x3a,0x68,0x74,
0x49,0x6c,0xc0,0x21,0x65,0x32,0xe3,0x21,0xf3,0x94,0x54,0xa5,0xff,0xff,0xdf,0xff,
0xff,0xff,0x00,0x00,0x00,0x00,0x00,0x00,0x00,0x00,0x00,0x00,0x00,0x00,0x00,0x00,
0x00,0x00,0x00,0x00,0x00,0x00,0x00,0x00,0x00,0x00,0x00,0x00,0x9e,0xf7,0xff,0xff,
0xff,0xff,0xff,0xff,0xff,0xff,0x7d,0xef,0x80,0x2a,0x0a,0x7d,0xa3,0x53,0xa3,0x53,
0xa5,0x95,0x23,0x7d,0x86,0x6c,0x62,0x43,0xe0,0x21,0x2b,0x8d,0x44,0x8d,0xe6,0x9d,
0xa5,0x9d,0x64,0x8d,0x88,0xb6,0x84,0x8d,0x21,0x64,0x87,0x8d,0x86,0x5b,0xe0,0x19,
0xc4,0x3a,0xa4,0x32,0xe3,0x3a,0x44,0x43,0x42,0x19,0x63,0x11,0xa3,0x21,0xa3,0x19,
0xa3,0x21,0xc4,0x21,0xe6,0x4a,0xa1,0x19,0x44,0x29,0xff,0xf7,0xdf,0xff,0xff,0xff,
0xff,0xff,0x00,0x00,0x00,0x00,0x00,0x00,0x00,0x00,0x00,0x00,0x00,0x00,0x00,0x00,
0x00,0x00,0x00,0x00,0x00,0x00,0x00,0x00,0x00,0x00,0x00,0x00,0xff,0xff,0x7e,0xf7,
0x9e,0xf7,0x7e,0xf7,0x9d,0xe7,0x64,0x29,0x45,0x7d,0x66,0x8d,0x03,0x5c,0x07,0x85,
0x05,0x75,0xa4,0x6c,0x26,0x5c,0x42,0x4b,0xc4,0x19,0xc4,0x21,0xa6,0x95,0x65,0x95,
0x62,0x6c,0xe8,0xa5,0xa6,0x8d,0x03,0x85,0x84,0x6c,0x47,0x8d,0xe3,0x21,0x85,0x3a,
0x43,0x22,0xe6,0x42,0x25,0x5c,0x83,0x53,0x64,0x4b,0x44,0x4b,0xa3,0x19,0x04,0x2a,
0x25,0x3b,0xc3,0x3a,0xa4,0x53,0xc5,0x5b,0xa5,0x29,0x9c,0xef,0x5d,0xe7,0x7e,0xf7,
0x9e,0xf7,0x00,0x00,0x00,0x00,0x00,0x00,0x00,0x00,0x00,0x00,0x00,0x00,0x00,0x00,
0x00,0x00,0x00,0x00,0x00,0x00,0x00,0x00,0x00,0x00,0x00,0x00,0xff,0xff,0x9e,0xf7,
0x9e,0xff,0xbe,0xf7,0xbc,0xef,0xa4,0x21,0x86,0x8d,0x25,0x7d,0x27,0x85,0xe2,0x53,
0xc3,0x5b,0xa3,0x4b,0x25,0x32,0x83,0x19,0xa4,0x21,0xc4,0x21,0x41,0x6c,0xa7,0x95,
0x82,0x74,0xa7,0x8d,0x24,0x85,0x65,0x85,0x69,0x74,0xe0,0x19,0xc4,0x42,0x25,0x43,
0x85,0x53,0x03,0x3b,0x03,0x43,0x48,0x64,0x23,0x64,0xa5,0x6c,0x47,0x53,0xc1,0x19,
0xc2,0x5b,0x86,0x6c,0x01,0x43,0x67,0x64,0xa8,0x63,0xa0,0x19,0x4d,0x73,0x9e,0xf7,
0x9e,0xf7,0x00,0x00,0x00,0x00,0x00,0x00,0x00,0x00,0x00,0x00,0x00,0x00,0x00,0x00,
0x00,0x00,0x00,0x00,0x00,0x00,0x00,0x00,0x00,0x00,0x00,0x00,0xff,0xff,0x7e,0xf7,
0x9e,0xef,0x9e,0xf7,0xde,0xef,0xa5,0x29,0xe5,0x3a,0xa4,0x3a,0x83,0x19,0xa4,0x29,
0x44,0x21,0x64,0x29,0xc3,0x21,0x85,0x42,0xc6,0x3a,0xe2,0x21,0xc0,0x11,0x2a,0x8d,
0xa3,0x6c,0x86,0x8d,0xc5,0x74,0x23,0x64,0xc5,0x21,0x63,0x21,0xc4,0x53,0x05,0x64,
0x64,0x64,0xc5,0x74,0x63,0x2a,0xc4,0x3a,0x27,0x7d,0x84,0x74,0x4a,0x6c,0xe0,0x21,
0xa3,0x4b,0x65,0x6c,0x45,0x64,0x44,0x64,0xe9,0x63,0xc0,0x21,0x2d,0x63,0xbe,0xff,
0x9e,0xf7,0x00,0x00,0x00,0x00,0x00,0x00,0x00,0x00,0x00,0x00,0x00,0x00,0x00,0x00,
0x00,0x00,0x00,0x00,0x00,0x00,0x00,0x00,0x00,0x00,0x00,0x00,0xff,0xff,0x9e,0xf7,
0x9d,0xf7,0xbe,0xf7,0xbe,0xff,0xff,0xff,0x81,0x18,0x45,0x29,0xc5,0x59,0xe6,0x59,
0xa4,0x51,0x84,0x49,0xe0,0x21,0xa6,0x53,0xe5,0x5b,0x43,0x43,0xe0,0x21,0xa7,0x53,
0x45,0x8d,0x25,0x85,0x66,0x53,0xe0,0x19,0xa4,0x21,0x84,0x19,0x85,0x6c,0x85,0x64,
0x42,0x6c,0x25,0x7d,0x65,0x6c,0x20,0x43,0xa2,0x53,0xe7,0x74,0xa4,0x74,0x64,0x64,
0xa3,0x29,0xa3,0x21,0x61,0x4b,0xc7,0x6c,0x89,0x7c,0x20,0x22,0x65,0x39,0x92,0x9c,
0x7d,0xf7,0x00,0x00,0x00,0x00,0x00,0x00,0x00,0x00,0x00,0x00,0x00,0x00,0x00,0x00,
0x00,0x00,0x00,0x00,0x00,0x00,0x00,0x00,0x00,0x00,0x00,0x00,0x9e,0xef,0xff,0xff,
0xff,0xff,0xdf,0xff,0xff,0xff,0x7d,0xf7,0x03,0x31,0x27,0x62,0x46,0x6a,0x26,0x6a,
0x26,0x3a,0xc4,0x31,0x62,0x43,0x65,0x6c,0x03,0x33,0x64,0x4b,0x27,0x43,0xe2,0x21,
0x86,0x6c,0x86,0x74,0xe4,0x21,0xa3,0x21,0x84,0x19,0x84,0x21,0x86,0x6c,0x86,0x74,
0xc4,0x6c,0xc4,0x74,0x46,0x7d,0x04,0x7d,0x62,0x43,0xc7,0x7c,0x84,0x64,0x05,0x7d,
0x45,0x31,0x04,0x31,0x44,0x19,0x65,0x29,0x65,0x21,0x85,0x29,0x25,0x29,0x31,0x94,
0xff,0xff,0x00,0x00,0x00,0x00,0x00,0x00,0x00,0x00,0x00,0x00,0x00,0x00,0x00,0x00,
0x00,0x00,0x00,0x00,0x00,0x00,0x00,0x00,0x00,0x00,0x00,0x00,0x9d,0xf7,0xff,0xff,
0xff,0xff,0xff,0xff,0xdf,0xff,0x7d,0xef,0x23,0x39,0xa6,0x41,0x26,0x6a,0xa4,0x51,
0xa4,0x31,0xa5,0x29,0xe4,0x5b,0x63,0x4b,0x65,0x6c,0x86,0x6c,0xc4,0x53,0x43,0x43,
0x63,0x21,0xa4,0x21,0x83,0x32,0xe4,0x3a,0xa0,0x21,0xc5,0x3a,0xe0,0x21,0xa7,0x53,
0x85,0x7c,0x44,0x6c,0x04,0x85,0x25,0x85,0x05,0x64,0xc4,0x53,0xc4,0x7c,0x84,0x6c,
0x23,0x31,0x64,0x31,0x64,0x41,0xa5,0x41,0x64,0x41,0x44,0x39,0xe3,0x20,0xcf,0x7b,
0xff,0xff,0x00,0x00,0x00,0x00,0x00,0x00,0x00,0x00,0x00,0x00,0x00,0x00,0x00,0x00,
0x00,0x00,0x00,0x00,0x00,0x00,0x00,0x00,0x00,0x00,0x00,0x00,0x9e,0xef,0xff,0xff,
0xff,0xff,0xff,0xff,0xdf,0xff,0x45,0x31,0x46,0x72,0x87,0x82,0x26,0x62,0xe5,0x61,
0xa4,0x29,0xa4,0x31,0xa6,0x6c,0x61,0x4b,0x06,0x75,0xc5,0x74,0x65,0x5c,0xe3,0x53,
0xa2,0x19,0x23,0x32,0x23,0x3b,0xc5,0x5b,0x21,0x22,0x66,0x53,0x44,0x2a,0x81,0x19,
0xc0,0x19,0xc8,0x63,0xa5,0x6c,0x47,0x85,0x89,0x8d,0xc2,0x5b,0x66,0x64,0x41,0x43,
0x04,0x29,0x85,0x41,0x85,0x41,0x64,0x49,0xa5,0x49,0x44,0x41,0xe4,0x18,0xdf,0xff,
0xff,0xff,0x00,0x00,0x00,0x00,0x00,0x00,0x00,0x00,0x00,0x00,0x00,0x00,0x00,0x00,
0x00,0x00,0x00,0x00,0x00,0x00,0x00,0x00,0x00,0x00,0x00,0x00,0x9e,0xf7,0xff,0xff,
0xff,0xff,0xff,0xff,0xdf,0xff,0x45,0x29,0xe4,0x69,0xa7,0x7a,0xc7,0x82,0xe4,0x61,
0xe6,0x41,0x64,0x29,0xa1,0x53,0x85,0x6c,0xe3,0x5b,0xc6,0x74,0x06,0x42,0x43,0x21,
0x21,0x21,0xa3,0x29,0xa4,0x5b,0xa4,0x53,0xc3,0x5b,0x04,0x5c,0xe3,0x39,0x82,0x21,
0x03,0x29,0x65,0x29,0xc2,0x29,0xca,0x63,0x83,0x74,0x46,0x85,0x09,0x6c,0xa0,0x19,
0x24,0x31,0x44,0x29,0x03,0x39,0x85,0x41,0x43,0x41,0x84,0x41,0x65,0x31,0xcb,0x5a,
0xdf,0xff,0x00,0x00,0x00,0x00,0x00,0x00,0x00,0x00,0x00,0x00,0x00,0x00,0x00,0x00,
0x00,0x00,0x00,0x00,0x00,0x00,0x00,0x00,0x00,0x00,0x00,0x00,0xff,0xff,0x7e,0xf7,
0x9e,0xef,0x7e,0xf7,0x7e,0xef,0x04,0x29,0x24,0x39,0xc6,0x51,0x66,0x7a,0xa7,0x8a,
0x06,0x5a,0x63,0x51,0xc1,0x3a,0xe5,0x63,0x23,0x21,0x43,0x29,0x45,0x29,0xe4,0x28,
0xa6,0x39,0x03,0x29,0xa5,0x53,0x84,0x53,0xe4,0x53,0x25,0x64,0x65,0x29,0x23,0x29,
0x44,0x39,0x44,0x39,0x25,0x29,0x04,0x29,0x81,0x21,0x69,0x63,0x69,0x53,0x61,0x21,
0x44,0x31,0x65,0x41,0x85,0x41,0x24,0x41,0x46,0x6a,0x05,0x6a,0x86,0x39,0x29,0x52,
0x7e,0xef,0x00,0x00,0x00,0x00,0x00,0x00,0x00,0x00,0x00,0x00,0x00,0x00,0x00,0x00,
0x00,0x00,0x00,0x00,0x00,0x00,0x00,0x00,0x00,0x00,0x00,0xff,0xff,0xff,0xff,0xff,
0xff,0xff,0xff,0xff,0xff,0xff,0xff,0xff,0xff,0xff,0xff,0xff,0xff,0xff,0xff,0xff,
0xff,0xff,0xff,0xff,0xff,0xff,0xff,0xff,0xff,0xff,0xff,0xff,0xff,0xff,0xff,0xff,
0x00,0x00,0x00,0x00,0x00,0x00,0x00,0x00,0x00,0x00,0x00,0x00,0x00,0x00,0x00,0x00,
0x00,0x00,0x00,0xff,0xff,0xff,0xff,0xff,0xff,0xff,0xff,0xff,0xff,0xff,0xff,0xff,
0xff,0xff,0xff,0xff,0xff,0xff,0xff,0xff,0xff,0xff,0xff,0xff,0xff,0xff,0xff,0xff,
0xff,0xff,0xff,0xff,0xff,0xff,0xff,0x00,0x00,0x00,0x00,0x00,0x00,0x00,0x00,0x00,
0x00,0x00,0x00,0x00,0x00,0x00,0x00,0x00,0x00,0x00,0x00,0xff,0xff,0xff,0xff,0xff,
0xff,0xff,0xff,0xff,0xff,0xff,0xff,0xff,0xff,0xff,0xff,0xff,0xff,0xff,0xff,0xff,
0xff,0xff,0xff,0xff,0xff,0xff,0xff,0xff,0xff,0xff,0xff,0xff,0xff,0xff,0xff,0x00,
0x00,0x00,0x00,0x00,0x00,0x00,0x00,0x00,0x00,0x00,0x00,0x00,0x00,0x00,0x00,0x00,
0x00,0x00,0x00,0x00,0x00,0xff,0xff,0xff,0xff,0xff,0xff,0xff,0xff,0xff,0xff,0xff,
0xff,0xff,0xff,0xff,0xff,0xff,0xff,0xff,0xff,0xff,0xff,0xff,0xff,0xff,0xff,0xff,
0xff,0xff,0xff,0xff,0xff,0xff,0x00,0x00,0x00,0x00,0x00,0x00,0x00,0x00,0x00,0x00,
0x00,0x00,0x00,0x00,0x00,0x00,0x00,0x00,0x00,0x00,0x00,0x00,0x00,0x00,0xff,0xff,
0xff,0xff,0xff,0x00,0x00,0x00,0xff,0xff,0xff,0xff,0xff,0x00,0x00,0x00,0xff,0xff,
0xff,0xff,0x00,0x00,0xff,0xff,0xff,0x00,0x00,0x00,0xff,0xff,0xff,0x00,0x00,0x00,
0x00,0x00,0x00,0x00,0x00,0x00,0x00,0x00,0x00,0x00,0x00,0x00,0x00,0x00,0x00,0x00,
0x00,0x00,0x00,0x00,0x00,0x00,0x00,0x00,0x00,0x00,0x00,0x00,0x00,0x00,0x00,0x00,
0x00,0x00,0x00,0x00,0x00,0x00,0x00,0x00,0x00,0x00,0x00,0x00,0x00,0x00,0x00,0x00,
0x00,0x00,0x00,0x00,0x00,0x00,0x00,0x00,0x00,0x00,0x00,0x00,0x00,0x00,0x00,0x00,
0x00,0x00,0x00,0x00,0x00,0x00,0x00,0x00,0x00,0x00,0x00,0x00,0x00,0x00,0x00,0x00,
0x00,0x00,0x00,0x00,0x00,0x00,0x00,0x00,0x00,0x00,0x00,0x00,0x00,0x00,0x00,0x00,
0x00,0x00,0x00,0x00,0x00,0x00,0x00,0x00,0x00,0x00,0x00,0x00,0x00,0x00,0x00,0x00,
0x00,0x00,0x00,0x00,0x00,0x00,0x00,0x00,0x00,0x00,0x00,0x00,0x00,0x00,0x00,0x00,
0x00,0x00,0x00,0x00,0x00,0x00,0x00,0x00,0x00,0x00,0x00,0x00,0x00,0x00,0x00,0x00,
0x00,0x00,0x00,0x00,0x00,0x00,0x00,0x00,0x00,0x00,0x00,0x00,0x00,0x00,0x00,0x00,
0x00,0x00,0x00,0x00,0x00,0x00,0x00,0x00,0x00,0x00,0x00,0x00,0x00,0x00,0x00,0x00,
0x00,0x00,0x00,0x00,0x00,0x00,0x00,0x00,0x00,0x00,0x00,0x00,0x00,0x00,0x00,0x00,
0x00,0x00,0x00,0x00,0x00,0x00,0x00,0x00,0x00,0x00,0x00,0x00,0x00,0x00,0x00,0x00,
0x00,0x00,0x00,0x00,0x00,0x00,0x00,0x00,0x00,0x00,0x00,0x00,0x00,0x00,0x00,0x00,
0x00,0x00,0x00,0x00,0x00,0x00,0x00,0x00,0x00,0x00,0x00,0x00,0x00,0x00,0x00,0x00,
0x00,0x00,0x00,0x00,0x00,0x00,0x00,0x00,0x00,0x00,0x00,0x00,0x00,0x00,0x00,0x00,
0x00,0x00,0x00,0x00,0x00,0x00,0x00,0x00,0x00,0x00,0x00,0x00,0x00,0x00,0x00,0x00,
0x00,0x00,0x00,0x00,0x00,0x00,0x00,0x00,0x00,0x00,0x00,0x00,0x00,0x00,0x00,0x00,
0x00,0x00,0x00,0x00,0x00,0x00,0x00,0x00,0x00,0x00,0x00,0x00,0x00,0x00,0x00,0x00,
0x00,0x00,0x00,0x00,0x00,0x00,0x00,0x00,0x00,0x00,0x00,0x00,0x00,0x00,0x00,0x00,
0x00,0x00,0x00,0x00,0x00,0x00,0x00,0x00,0x00,0x00,0x00,0x00,0x00,0x00,0x00,0x00,
0x00,0x00,0x00,0x00,0x00,0x00,0x00,0x00,0x00,0x00,0x00,0x00,0x00,0x00,0x00,0x00,
0x00,0x00,0x00,0x00,0x00,0x00,0x00,0x00,0x00,0x00,0x00,0x00,0x00,0x00,0x00,0x00,
0x00,0x00,0x00,0x00,0x00,0x00,0xff,0xff,0x00,0x00,0x00,0x00,0x00,0x00,0x00,0x00,
0x00,0x00,0x00,0x00,0x00,0x00,0x00,0x00,0x00,0x00,0x00,0x00,0x00,0x00,0x00,0x00,
0x00,0x00,0x00,0x00,0x00,0x00,0x00,0x00,0x00,0x00,0x00,0x00,0x00,0x00,0x00,0x00,
0x00,0x00,0x00,0x00,0x00,0x00,0x00,0x00,0x00,0x00,0x00,0x00,0x00,0xff,0xff,0xff,
0xff,0x00,0x00,0x00,0x00,0x00,0x00,0x00,0x00,0x00,0x00,0x00,0x00,0x00,0x00,0x00,
0x00,0x00,0x00,0x00,0x00,0x00,0x00,0x00,0x00,0x00,0x00,0x00,0x00,0x00,0x00,0x00,
0x00,0x00,0x00,0x00,0x00,0x00,0x00,0x00,0x00,0x00,0x00,0x00,0x00,0x00,0x00,0x00,
0x00,0x00,0x00,0xff,0xff,0xff,0xff,0xff,0xff,0xff,0x00,0x00,0x00,0x00,0x00,0x00,
0x00,0x00,0x00,0x00,0x00,0x00,0x00,0x00,0x00,0x00,0x00,0x00,0x00,0x00,0x00,0x00,
0x00,0x00,0x00,0x00,0x00,0x00,0x00,0x00,0x00,0x00,0x00,0x00,0x00,0x00,0x00,0x00,
0x00,0x00,0x00,0x00,0x00,0x00,0x00,0x00,0x00,0x00,0xff,0xff,0xff,0xff,0xff,0xff,
0xff,0xff,0x00,0x00,0x00,0x00,0x00,0x00,0x00,0x00,0x00,0x00,0x00,0x00,0x00,0x00,
0x00,0x00,0x00,0x00,0x00,0x00,0x00,0x00,0x00,0x00,0x00,0x00,0x00,0x00,0x00,0x00,
0x00,0x00,0x00,0x00,0x00,0x00,0x00,0x00,0x00,0x00,0x00,0x00,0x00,0x00,0x00,0x00,
0x00,0x00,0xff,0xff,0xff,0xff,0xff,0xff,0xff,0xff,0xff,0x00,0x00,0x00,0x00,0x00,
0x00,0x00,0x00,0x00,0x00,0x00,0x00,0x00,0x00,0x00,0x00,0x00,0x00,0x00,0x00,0x00,
0x00,0x00,0x00,0x00,0x00,0x00,0x00,0x00,0x00,0x00,0x00,0x00,0x00,0x00,0x00,0x00,
0x00,0x00,0x00,0x00,0x00,0x00,0x00,0x00,0x00,0xff,0xff,0xff,0xff,0xff,0xff,0xff,
0xff,0xff,0xff,0x00,0x00,0x00,0x00,0x00,0x00,0x00,0x00,0x00,0x00,0x00,0x00,0x00,
0x00,0x00,0x00,0x00,0x00,0x00,0x00,0x00,0x00,0x00,0x00,0x00,0x00,0x00,0x00,0x00,
0x00,0x00,0x00,0x00,0x00,0x00,0x00,0x00,0x00,0x00,0x00,0x00,0x00,0x00,0x00,0x00,
0x00,0xff,0xff,0xff,0xff,0xff,0xff,0xff,0xff,0xff,0xff,0x00,0x00,0x00,0x00,0x00,
0x00,0x00,0x00,0x00,0x00,0x00,0x00,0x00,0x00,0x00,0x00,0x00,0x00,0x00,0x00,0x00,
0x00,0x00,0x00,0x00,0x00,0x00,0x00,0x00,0x00,0x00,0x00,0x00,0x00,0x00,0x00,0x00,
0x00,0x00,0x00,0x00,0x00,0x00,0x00,0x00,0x00,0xff,0xff,0xff,0xff,0xff,0xff,0xff,
0xff,0xff,0x00,0x00,0xff,0xff,0xff,0xff,0xff,0xff,0x00,0x00,0x00,0x00,0x00,0x00,
0x00,0x00,0x00,0x00,0x00,0x00,0x00,0x00,0x00,0x00,0x00,0x00,0x00,0x00,0x00,0x00,
0x00,0x00,0x00,0x00,0x00,0x00,0x00,0x00,0x00,0x00,0x00,0x00,0x00,0x00,0x00,0x00,
0x00,0xff,0xff,0xff,0xff,0xff,0xff,0xff,0xff,0x00,0xff,0xff,0xff,0xff,0xff,0xff,
0xff,0xff,0xff,0xff,0x00,0x00,0x00,0x00,0x00,0x00,0x00,0x00,0x00,0x00,0x00,0x00,
0x00,0x00,0x00,0x00,0x00,0x00,0x00,0x00,0x00,0x00,0x00,0x00,0x00,0x00,0x00,0x00,
0x00,0x00,0xff,0xff,0xff,0xff,0xff,0x00,0x00,0x00,0xff,0xff,0xff,0xff,0xff,0xff,
0xff,0xff,0xff,0xff,0xff,0xff,0xff,0xff,0xff,0xff,0xff,0xff,0x00,0x00,0x00,0x00,
0x00,0x00,0x00,0x00,0x00,0x00,0x00,0x00,0x00,0x00,0x00,0x00,0x00,0x00,0x00,0x00,
0x00,0x00,0x00,0x00,0x00,0x00,0x00,0x00,0x00,0xff,0xff,0xff,0xff,0xff,0xff,0xff,
0xff,0x00,0xff,0xff,0xff,0xff,0xff,0xff,0xff,0xff,0xff,0xff,0xff,0xff,0xff,0xff,
0xff,0xff,0xff,0xff,0x00,0x00,0x00,0x00,0x00,0x00,0x00,0x00,0x00,0x00,0x00,0x00,
0x00,0x00,0x00,0x00,0x00,0x00,0x00,0x00,0x00,0x00,0x00,0x00,0x00,0x00,0x00,0x00,
0x00,0xff,0xff,0xff,0xff,0xff,0xff,0xff,0xff,0xff,0xff,0xff,0xff,0xff,0xff,0xff,
0xff,0xff,0xff,0xff,0xff,0xff,0xff,0xff,0xff,0xff,0xff,0x00,0x00,0x00,0x00,0x00,
0x00,0x00,0x00,0x00,0x00,0x00,0x00,0x00,0x00,0x00,0x00,0x00,0x00,0x00,0x00,0x00,
0x00,0x00,0x00,0x00,0x00,0x00,0x00,0x00,0x00,0x00,0xff,0xff,0xff,0xff,0xff,0xff,
0xff,0xff,0xff,0xff,0xff,0xff,0xff,0xff,0xff,0xff,0xff,0xff,0xff,0xff,0xff,0xff,
0xff,0xff,0x00,0x00,0x00,0x00,0x00,0x00,0x00,0x00,0x00,0x00,0x00,0x00,0x00,0x00,
0x00,0x00,0x00,0x00,0x00,0x00,0x00,0x00,0x00,0x00,0x00,0x00,0x00,0x00,0x00,0x00,
0x00,0x00,0xff,0xff,0xff,0xff,0xff,0xff,0xff,0xff,0xff,0xff,0xff,0xff,0xff,0xff,
0xff,0xff,0xff,0xff,0xff,0xff,0xff,0xff,0x00,0x00,0x00,0x00,0x00,0x00,0x00,0x00,
0x00,0x00,0x00,0x00,0x00,0x00,0x00,0x00,0x00,0x00,0x00,0x00,0x00,0x00,0x00,0x00,
0x00,0x00,0x00,0x00,0x00,0x00,0x00,0x00,0x00,0x00,0x00,0xff,0xff,0xff,0xff,0xff,
0xff,0xff,0xff,0xff,0xff,0xff,0xff,0xff,0xff,0x00,0xff,0xff,0xff,0xff,0xff,0x00,
0x00,0x00,0x00,0x00,0x00,0x00,0x00,0x00,0x00,0x00,0x00,0x00,0x00,0x00,0x00,0x00,
0x00,0x00,0x00,0x00,0x00,0x00,0x00,0x00,0x00,0x00,0x00,0x00,0x00,0x00,0x00,0x00,
0x00,0x00,0x00,0x00,0x00,0xff,0xff,0xff,0xff,0xff,0xff,0xff,0xff,0xff,0xff,0xff,
0xff,0xff,0x00,0x00,0x00,0xff,0xff,0xff,0xff,0xff,0x00,0x00,0x00,0x00,0x00,0x00,
0x00,0x00,0x00,0x00,0x00,0x00,0x00,0x00,0x00,0x00,0x00,0x00,0x00,0x00,0x00,0x00,
0x00,0x00,0x00,0x00,0x00,0x00,0x00,0x00,0x00,0xff,0xff,0xff,0xff,0xff,0x00,0x00,
0xff,0xff,0xff,0xff,0xff,0xff,0xff,0xff,0xff,0xff,0xff,0xff,0xff,0xff,0xff,0xff,
0xff,0xff,0xff,0xff,0x00,0x00,0x00,0x00,0x00,0x00,0x00,0x00,0x00,0x00,0x00,0x00,
0x00,0x00,0x00,0x00,0x00,0x00,0x00,0x00,0x00,0x00,0x00,0x00,0x00,0x00,0x00,0xff,
0xff,0xff,0xff,0xff,0xff,0xff,0xff,0xff,0xff,0xff,0xff,0xff,0xff,0xff,0xff,0xff,
0xff,0xff,0xff,0xff,0xff,0xff,0xff,0xff,0xff,0xff,0xff,0xff,0xff,0x00,0x00,0x00,
0x00,0x00,0x00,0x00,0x00,0x00,0x00,0x00,0x00,0x00,0x00,0x00,0x00,0x00,0x00,0x00,
0x00,0x00,0x00,0x00,0x00,0xff,0xff,0xff,0xff,0xff,0xff,0xff,0xff,0xff,0xff,0xff,
0xff,0xff,0xff,0xff,0xff,0xff,0xff,0xff,0xff,0xff,0xff,0xff,0xff,0xff,0xff,0xff,
0xff,0xff,0xff,0xff,0xff,0xff,0x00,0x00,0x00,0x00,0x00,0x00,0x00,0x00,0x00,0x00,
0x00,0x00,0x00,0x00,0x00,0x00,0x00,0x00,0x00,0x00,0x00,0x00,0xff,0xff,0xff,0xff,
0xff,0xff,0xff,0xff,0xff,0xff,0xff,0xff,0xff,0xff,0xff,0xff,0xff,0xff,0xff,0xff,
0xff,0xff,0xff,0xff,0xff,0xff,0xff,0xff,0xff,0xff,0xff,0xff,0xff,0xff,0xff,0x00,
0x00,0x00,0x00,0x00,0x00,0x00,0x00,0x00,0x00,0x00,0x00,0x00,0x00,0x00,0x00,0x00,
0x00,0x00,0x00,0x00,0xff,0xff,0xff,0xff,0xff,0xff,0xff,0xff,0xff,0xff,0xff,0xff,
0xff,0xff,0xff,0xff,0xff,0xff,0xff,0xff,0xff,0xff,0xff,0xff,0xff,0xff,0xff,0xff,
0xff,0xff,0xff,0xff,0xff,0xff,0xff,0x00,0x00,0x00,0x00,0x00,0x00,0x00,0x00,0x00,
0x00,0x00,0x00,0x00,0x00,0x00,0x00,0x00,0x00,0x00,0x00,0x00,0xff,0xff,0xff,0xff,
0xff,0xff,0xff,0xff,0xff,0xff,0xff,0xff,0xff,0xff,0xff,0xff,0xff,0xff,0xff,0xff,
0xff,0xff,0xff,0xff,0xff,0xff,0xff,0xff,0xff,0xff,0xff,0xff,0xff,0xff,0xff,0x00,
0x00,0x00,0x00,0x00,0x00,0x00,0x00,0x00,0x00,0x00,0x00,0x00,0x00,0x00,0x00,0x00,
0x00,0x00,0x00,0xff,0xff,0xff,0xff,0xff,0xff,0xff,0xff,0xff,0xff,0xff,0xff,0xff,
0xff,0xff,0xff,0xff,0xff,0xff,0xff,0xff,0xff,0xff,0xff,0xff,0xff,0xff,0xff,0xff,
0xff,0xff,0xff,0xff,0x00,0x00,0x00,0x00,0x00,0x00,0x00,0x00,0x00,0x00,0x00,0x00,
0x00,0x00,0x00,0x00,0x00,0x00,0x00,0x00,0x00,0x00,0x00,0xff,0xff,0xff,0xff,0xff,
0xff,0xff,0xff,0xff,0xff,0xff,0xff,0xff,0xff,0xff,0xff,0xff,0xff,0xff,0xff,0xff,
0xff,0xff,0xff,0xff,0xff,0xff,0xff,0xff,0xff,0xff,0xff,0x00,0x00,0x00,0x00,0x00,
0x00,0x00,0x00,0x00,0x00,0x00,0x00,0x00,0x00,0x00,0x00,0x00,0x00,0x00,0x00,0x00,
0x00,0x00,0x00,0xff,0xff,0xff,0xff,0xff,0xff,0xff,0xff,0xff,0xff,0xff,0xff,0xff,
0xff,0xff,0xff,0xff,0xff,0xff,0xff,0xff,0xff,0xff,0xff,0xff,0xff,0xff,0xff,0xff,
0xff,0xff,0xff,0xff,0xff,0x00,0x00,0x00,0x00,0x00,0x00,0x00,0x00,0x00,0x00,0x00,
0x00,0x00,0x00,0x00,0x00,0x00,0x00,0x00,0x00,0x00,0x00,0x00,0x00,0x00,0x00,0xff,
0xff,0xff,0xff,0xff,0xff,0xff,0xff,0xff,0xff,0xff,0xff,0xff,0xff,0xff,0xff,0xff,
0xff,0xff,0xff,0xff,0xff,0xff,0xff,0xff,0xff,0xff,0xff,0xff,0xff,0xff,0xff,0x00,
0x00,0x00,0x00,0x00,0x00,0x00,0x00,0x00,0x00,0x00,0x00,0x00,0x00,0x00,0x00,0x00,
0x00,0x00,0x00,0x00,0x00,0x00,0xff,0xff,0xff,0xff,0xff,0xff,0xff,0xff,0xff,0xff,
0xff,0xff,0xff,0xff,0xff,0xff,0xff,0xff,0xff,0xff,0xff,0xff,0xff,0xff,0xff,0xff,
0xff,0xff,0xff,0xff,0xff,0xff,0xff,0xff,0x00,0x00,0x00,0x00,0x00,0x00,0x00,0x00,
0x00,0x00,0x00,0x00,0x00,0x00,0x00,0x00,0x00,0x00,0x00,0x00,0x00,0xff,0xff,0xff,
0xff,0xff,0xff,0xff,0xff,0xff,0xff,0xff,0xff,0xff,0xff,0xff,0xff,0xff,0xff,0xff,
0xff,0xff,0xff,0xff,0xff,0xff,0xff,0xff,0xff,0xff,0xff,0xff,0xff,0xff,0xff,0xff,
0x00,0x00,0x00,0x00,0x00,0x00,0x00,0x00,0x00,0x00,0x00,0x00,0x00,0x00,0x00,0x00,
0x00,0x00,0x00,0x00,0x00,0xff,0xff,0xff,0xff,0xff,0xff,0xff,0xff,0xff,0xff,0xff,
0xff,0xff,0xff,0xff,0xff,0xff,0xff,0xff,0xff,0xff,0xff,0xff,0xff,0xff,0xff,0xff,
0xff,0xff,0xff,0xff,0xff,0xff,0xff,0xff,0x00,0x00,0x00,0x00,0x00,0x00,0x00,0x00,
0x00,0x00,0x00,0x00,0x00,0x00,0x00,0x00,0x00,0x00,0x00,0x00,0xff,0xff,0xff,0xff,
0xff,0xff,0xff,0xff,0xff,0xff,0xff,0xff,0xff,0xff,0xff,0xff,0xff,0xff,0xff,0xff,
0xff,0xff,0xff,0xff,0xff,0xff,0xff,0xff,0xff,0xff,0xff,0xff,0xff,0xff,0xff,0xff,
0x00,0x00,0x00,0x00,0x00,0x00,0x00,0x00,0x00,0x00,0x00,0x00,0x00,0x00,0x00,0x00,
0x00,0x00,0x00,0x00,0xff,0xff,0xff,0xff,0xff,0xff,0xff,0xff,0xff,0xff,0xff,0xff,
0xff,0xff,0xff,0xff,0xff,0xff,0xff,0xff,0xff,0xff,0xff,0xff,0xff,0xff,0xff,0xff,
0xff,0xff,0xff,0xff,0xff,0xff,0x00,0x00,0x00,0x00,0x00,0x00,0x00,0x00,0x00,0x00,
0x00,0x00,0x00,0x00,0x00,0x00,0x00,0x00,0x00,0x00,0x00,0x00,0xff,0xff,0xff,0xff,
0xff,0xff,0xff,0xff,0xff,0xff,0xff,0xff,0xff,0xff,0xff,0xff,0xff,0xff,0xff,0xff,
0xff,0xff,0xff,0xff,0xff,0xff,0xff,0xff,0xff,0xff,0xff,0xff,0xff,0x00,0x00,0x00,
0x00,0x00,0x00,0x00,0x00,0x00,0x00,0x00,0x00,0x00,0x00,0x00,0x00,0x00,0x00,0x00,
0x00,0x00,0x00,0xff,0xff,0xff,0xff,0xff,0xff,0xff,0xff,0xff,0xff,0xff,0xff,0xff,
0xff,0xff,0xff,0xff,0xff,0xff,0xff,0xff,0xff,0xff,0xff,0xff,0xff,0xff,0xff,0xff,
0xff,0xff,0xff,0xff,0xff,0x00,0x00,0x00,0x00,0x00,0x00,0x00,0x00,0x00,0x00,0x00,
0x00,0x00,0x00,0x00,0x00,0x00,0x00,0x00,0x00,0x00,0x00,0xff,0xff,0xff,0xff,0xff,
0xff,0xff,0xff,0xff,0xff,0xff,0xff,0xff,0xff,0xff,0xff,0xff,0xff,0xff,0xff,0xff,
0xff,0xff,0xff,0xff,0xff,0xff,0xff,0xff,0xff,0xff,0xff,0xff,0xff,0xff,0xff,0x00,
0x00,0x00,0x00,0x00,0x00,0x00,0x00,0x00,0x00,0x00,0x00,0x00,0x00,0x00,0x00,0x00,
0x00,0x00,0x00,0xff,0xff,0xff,0xff,0xff,0xff,0xff,0xff,0xff,0xff,0xff,0xff,0xff,
0xff,0xff,0xff,0xff,0xff,0xff,0xff,0xff,0xff,0xff,0xff,0xff,0xff,0xff,0xff,0xff,
0xff,0xff,0xff,0xff,0xff,0xff,0xff,0x00,0x00,0x00,0x00,0x00,0x00,0x00,0x00,0x00,
0x00,0x00,0x00,0x00,0x00,0x00,0x00,0x00,0x00,0x00,0x00,0x00,0xff,0xff,0xff,0xff,
0xff,0xff,0xff,0xff,0xff,0xff,0xff,0xff,0xff,0xff,0xff,0xff,0xff,0xff,0xff,0xff,
0xff,0xff,0xff,0xff,0xff,0xff,0xff,0xff,0xff,0xff,0xff,0xff,0xff,0xff,0xff,0xff,
0x00,0x00,0x00,0x00,0x00,0x00,0x00,0x00,0x00,0x00,0x00,0x00,0x00,0x00,0x00,0x00,
0x00,0x00,0x00,0x00,0xff,0xff,0xff,0xff,0xff,0xff,0xff,0xff,0xff,0xff,0xff,0xff,
0xff,0xff,0xff,0xff,0xff,0xff,0xff,0xff,0xff,0xff,0xff,0xff,0xff,0xff,0xff,0xff,
0xff,0xff,0xff,0xff,0xff,0xff,0xff,0xff,0x00,0x00,0x00,0x00,0x00,0x00,0x00,0x00,
0x00,0x00,0x00,0x00,0x00,0x00,0x00,0x00,0x00,0x00,0x00,0x00,0xff,0xff,0xff,0xff,
0xff,0xff,0xff,0xff,0xff,0xff,0xff,0xff,0xff,0xff,0xff,0xff,0xff,0xff,0xff,0xff,
0xff,0xff,0xff,0xff,0xff,0xff,0xff,0xff,0xff,0xff,0xff,0xff,0xff,0xff,0xff,0xff,
0x00,0x00,0x00,0x00,0x00,0x00,0x00,0x00,0x00,0x00,0x00,0x00,0x00,0x00,0x00,0x00,
0x00,0x00,0x00,0xff,0xff,0xff,0xff,0xff,0xff,0xff,0xff,0xff,0xff,0xff,0xff,0xff,
0xff,0xff,0xff,0xff,0xff,0xff,0xff,0xff,0xff,0xff,0xff,0xff,0xff,0xff,0xff,0xff,
0xff,0xff,0xff,0xff,0xff,0xff,0xff,0x00,0x00,0x00,0x00,0x00,0x00,0x00,0x00,0x00,
0x00,0x00,0x00,0x00,0x00,0x00,0x00,0x00,0x00,0x00,0x00,0xff,0xff,0xff,0xff,0xff,
0xff,0xff,0xff,0xff,0xff,0xff,0xff,0xff,0xff,0xff,0xff,0xff,0xff,0xff,0xff,0xff,
0xff,0xff,0xff,0xff,0xff,0xff,0xff,0xff,0xff,0xff,0xff,0xff,0xff,0xff,0xff,0xff,
0x00,0x00,0x00,0x00,0x00,0x00,0x00,0x00,0x00,0x00,0x00,0x00,0x00,0x00,0x00,0x00,
0x00,0x00,0x00,0xff,0xff,0xff,0xff,0xff,0xff,0xff,0xff,0xff,0xff,0xff,0xff,0xff,
0xff,0xff,0xff,0xff,0xff,0xff,0xff,0xff,0xff,0xff,0xff,0xff,0xff,0xff,0xff,0xff,
0xff,0xff,0xff,0xff,0xff,0xff,0xff,0xff,0x00,0x00,0x00,0x00,0x00,0x00,0x00,0x00,

};
static const lv_image_dsc_t s_farm_herb_2 = {
    .header.magic = LV_IMAGE_HEADER_MAGIC,
    .header.cf = LV_COLOR_FORMAT_RGB565A8,
    .header.flags = 0,
    .header.w = 56,
    .header.h = 52,
    .header.stride = 112,
    .data_size = sizeof(s_farm_herb_2_map),
    .data = s_farm_herb_2_map,
};

static const LV_ATTRIBUTE_MEM_ALIGN LV_ATTRIBUTE_LARGE_CONST uint8_t s_farm_herb_3_map[] = {
0x00,0x00,0x00,0x00,0x00,0x00,0x00,0x00,0x00,0x00,0x00,0x00,0xff,0xff,0x9e,0xf7,
0x9e,0xf7,0xbe,0xf7,0x9d,0xf7,0xff,0xff,0x83,0x59,0xc8,0x7a,0xc4,0x61,0x05,0x62,
0x46,0x72,0x83,0x51,0x84,0x51,0xe6,0x59,0xe4,0x61,0xe5,0x59,0x44,0x41,0x64,0x39,
0x85,0x49,0xe3,0x28,0xa4,0xb9,0x63,0xa9,0xa6,0xda,0xc3,0xb1,0x84,0xd2,0x43,0xc2,
0x64,0x81,0xe3,0x68,0x44,0x39,0x85,0x41,0x04,0x6a,0x66,0x72,0x45,0x7a,0x46,0x72,
0x25,0x72,0x05,0x62,0x45,0x72,0xe4,0x59,0x04,0x31,0xc7,0x41,0xbe,0xff,0xff,0xff,
0xdf,0xff,0xff,0xff,0x00,0x00,0x00,0x00,0x00,0x00,0x00,0x00,0x00,0x00,0x00,0x00,
0x00,0x00,0x00,0x00,0x00,0x00,0x00,0x00,0x00,0x00,0x00,0x00,0xff,0xff,0x7e,0xf7,
0x9e,0xef,0x7d,0xf7,0x7e,0xef,0xff,0xff,0xa4,0x51,0x67,0x72,0x05,0x62,0x25,0x6a,
0x64,0x49,0x46,0x6a,0x05,0x6a,0x25,0x72,0x46,0x72,0x46,0x7a,0x05,0x62,0x25,0x72,
0xc6,0x49,0x23,0x39,0x81,0x50,0xa5,0x79,0xa3,0xb1,0xa6,0xda,0x64,0xb1,0x22,0xb1,
0x24,0x41,0xc2,0x38,0x44,0x31,0x65,0x41,0x66,0x7a,0x45,0x7a,0x46,0x72,0x46,0x7a,
0x87,0x72,0xc4,0x61,0x25,0x6a,0x86,0x7a,0x45,0x29,0xc7,0x41,0x9e,0xef,0xdf,0xff,
0xff,0xff,0xff,0xff,0x00,0x00,0x00,0x00,0x00,0x00,0x00,0x00,0x00,0x00,0x00,0x00,
0x00,0x00,0x00,0x00,0x00,0x00,0x00,0x00,0x00,0x00,0x00,0x00,0xff,0xff,0x9e,0xf7,
0x7d,0xf7,0x9e,0xf7,0x7d,0xf7,0xff,0xff,0x02,0x39,0x85,0x41,0xc5,0x51,0x84,0x41,
0x63,0x51,0x67,0x6a,0xc7,0x8a,0x25,0x72,0xe4,0x69,0x46,0x72,0xc4,0x59,0x83,0x49,
0x23,0x39,0x64,0x39,0x85,0x49,0x03,0x31,0x22,0x99,0xa5,0xa1,0xc6,0x89,0xa2,0x58,
0xe2,0x28,0x65,0x39,0x63,0x41,0xa5,0x49,0xa4,0x51,0xe6,0x59,0x25,0x72,0x05,0x6a,
0x04,0x6a,0x46,0x72,0x43,0x49,0xa5,0x49,0xa5,0x49,0x64,0x39,0xbe,0xff,0xff,0xff,
0xff,0xff,0xff,0xff,0x00,0x00,0x00,0x00,0x00,0x00,0x00,0x00,0x00,0x00,0x00,0x00,
0x00,0x00,0x00,0x00,0x00,0x00,0x00,0x00,0x00,0x00,0x00,0x00,0xff,0xff,0x7e,0xf7,
0x9e,0xef,0x7e,0xf7,0x7e,0xef,0xbf,0xff,0x04,0x31,0x65,0x41,0x63,0x49,0x26,0x6a,
0x05,0x6a,0x66,0x7a,0x86,0x72,0x04,0x6a,0x46,0x6a,0xc4,0x61,0x64,0x41,0x03,0x39,
0x63,0x49,0x06,0x62,0xa5,0x49,0x64,0x49,0xe4,0x20,0x04,0x29,0x04,0x29,0x85,0x39,
0x85,0x41,0x44,0x41,0x06,0x62,0xe5,0x61,0x04,0x29,0x65,0x41,0xe5,0x59,0x26,0x6a,
0x05,0x62,0x05,0x6a,0x06,0x5a,0x63,0x49,0x86,0x41,0x44,0x41,0xff,0xff,0xff,0xff,
0xff,0xff,0xff,0xff,0x00,0x00,0x00,0x00,0x00,0x00,0x00,0x00,0x00,0x00,0x00,0x00,
0x00,0x00,0x00,0x00,0x00,0x00,0x00,0x00,0x00,0x00,0x00,0x00,0x9d,0xf7,0xff,0xff,
0xff,0xff,0xff,0xff,0xff,0xff,0x7d,0xef,0xde,0xff,0xc6,0x41,0x84,0x51,0xe5,0x59,
0x43,0x49,0xe6,0x59,0xa4,0x59,0xc4,0x59,0x64,0x49,0x64,0x41,0x43,0x49,0xe6,0x51,
0x85,0x82,0x85,0x7a,0xe4,0x69,0xc4,0x59,0x64,0x49,0x64,0x41,0x64,0x49,0x64,0x41,
0x25,0x72,0x05,0x62,0x05,0x6a,0x25,0x6a,0x44,0x41,0x24,0x39,0x43,0x41,0x64,0x41,
0xa4,0x59,0xe5,0x61,0x64,0x49,0x84,0x41,0x64,0x41,0x24,0x31,0xff,0xff,0xbe,0xf7,
0x9e,0xf7,0x9e,0xf7,0x00,0x00,0x00,0x00,0x00,0x00,0x00,0x00,0x00,0x00,0x00,0x00,
0x00,0x00,0x00,0x00,0x00,0x00,0x00,0x00,0x00,0x00,0x00,0x00,0x9e,0xef,0xff,0xff,
0xff,0xff,0xff,0xff,0xff,0xff,0x7d,0xf7,0xa2,0x20,0xa6,0x49,0xa5,0x49,0x64,0x49,
0x84,0x49,0xc5,0x59,0x64,0x41,0x64,0x49,0x65,0x41,0x44,0x41,0xe5,0x61,0x25,0x72,
0x05,0x62,0x05,0x6a,0x06,0x5a,0x43,0x51,0x85,0x49,0x64,0x49,0x64,0x39,0x44,0x41,
0x64,0x41,0x64,0x49,0x85,0x41,0x64,0x49,0x85,0x49,0x64,0x49,0x03,0x29,0xa5,0x49,
0x65,0x41,0x64,0x49,0x85,0x41,0x64,0x41,0x04,0x21,0xb7,0xc5,0xff,0xff,0x7e,0xf7,
0x9e,0xef,0x9e,0xf7,0x00,0x00,0x00,0x00,0x00,0x00,0x00,0x00,0x00,0x00,0x00,0x00,
0x00,0x00,0x00,0x00,0x00,0x00,0x00,0x00,0x00,0x00,0x00,0x00,0x9d,0xf7,0xff,0xff,
0xff,0xff,0xff,0xff,0xff,0xff,0xbe,0xf7,0xc6,0x49,0x44,0x31,0x64,0x49,0x64,0x41,
0x84,0x49,0xc5,0x51,0x84,0x49,0x84,0x41,0x03,0x31,0x04,0x29,0x64,0x49,0xa5,0x49,
0x25,0x72,0xe4,0x61,0x84,0x51,0x84,0x49,0x64,0x49,0x85,0x49,0x63,0x51,0x26,0x62,
0x84,0x51,0x64,0x41,0xa5,0x51,0x64,0x41,0x64,0x49,0x84,0x41,0x85,0x49,0x64,0x39,
0x64,0x49,0x85,0x41,0x84,0x49,0x64,0x41,0xc3,0x20,0x5d,0xef,0xff,0xff,0x9e,0xf7,
0x9e,0xf7,0xbe,0xf7,0x00,0x00,0x00,0x00,0x00,0x00,0x00,0x00,0x00,0x00,0x00,0x00,
0x00,0x00,0x00,0x00,0x00,0x00,0x00,0x00,0x00,0x00,0x00,0x00,0x9e,0xf7,0xdf,0xff,
0xff,0xff,0xff,0xff,0xff,0xff,0x9e,0xf7,0x9f,0xef,0x7e,0xf7,0x66,0x31,0xe4,0x28,
0x65,0x39,0x65,0x41,0x25,0x29,0x41,0x18,0xe4,0x20,0xe4,0x28,0x03,0x31,0xc6,0x49,
0xa5,0x49,0x64,0x49,0xa6,0x41,0x23,0x39,0xc3,0x20,0x86,0x41,0x85,0x41,0x64,0x49,
0x86,0x39,0xa2,0x28,0x62,0x10,0x45,0x39,0xa6,0x49,0x64,0x49,0x04,0x21,0x49,0x52,
0x8a,0x52,0xe4,0x28,0x45,0x31,0xc7,0x41,0xbf,0xf7,0xdf,0xff,0xff,0xff,0x7e,0xf7,
0x9e,0xf7,0x9e,0xf7,0x00,0x00,0x00,0x00,0x00,0x00,0x00,0x00,0x00,0x00,0x00,0x00,
0x00,0x00,0x00,0x00,0x00,0x00,0x00,0x00,0x00,0x00,0x00,0x00,0xff,0xff,0x9e,0xf7,
0x9e,0xf7,0x9e,0xf7,0x9e,0xf7,0xff,0xff,0xff,0xff,0xff,0xff,0xbe,0xff,0xdf,0xf7,
0xdf,0xff,0xff,0xff,0xbe,0xff,0xff,0xff,0xde,0xff,0xff,0xff,0xbd,0xff,0xe3,0x20,
0x82,0x20,0x82,0x10,0xe3,0x20,0xdf,0xff,0xde,0xff,0x92,0x94,0x81,0x18,0xa2,0x18,
0xa2,0x18,0xff,0xff,0xdf,0xff,0xcb,0x5a,0x4c,0x73,0xcb,0x5a,0x7d,0xf7,0x9e,0xef,
0xdf,0xff,0xdf,0xff,0xff,0xff,0xff,0xff,0x7d,0xf7,0x9e,0xf7,0x9e,0xf7,0xff,0xff,
0xff,0xff,0xff,0xff,0x00,0x00,0x00,0x00,0x00,0x00,0x00,0x00,0x00,0x00,0x00,0x00,
0x00,0x00,0x00,0x00,0x00,0x00,0x00,0x00,0x00,0x00,0x00,0x00,0xff,0xff,0x7e,0xf7,
0x9e,0xf7,0x9e,0xf7,0x9e,0xf7,0xff,0xff,0xff,0xff,0xff,0xff,0xff,0xff,0x9e,0xf7,
0xbf,0xf7,0x9e,0xf7,0xdf,0xf7,0xff,0xff,0xff,0xff,0xff,0xff,0xbf,0xf7,0x7e,0xf7,
0x7e,0xef,0xdf,0xff,0xff,0xff,0xff,0xff,0xff,0xff,0x7e,0xf7,0xbf,0xf7,0x7d,0xf7,
0x9e,0xf7,0xff,0xff,0xff,0xff,0xdf,0xff,0x9e,0xf7,0x7d,0xf7,0x9e,0xf7,0x7e,0xf7,
0xff,0xff,0xdf,0xff,0xff,0xff,0xff,0xff,0x9e,0xf7,0x7e,0xf7,0x9e,0xf7,0xff,0xff,
0xff,0xff,0xff,0xff,0x00,0x00,0x00,0x00,0x00,0x00,0x00,0x00,0x00,0x00,0x00,0x00,
0x00,0x00,0x00,0x00,0x00,0x00,0x00,0x00,0x00,0x00,0x00,0x00,0xff,0xff,0x9e,0xf7,
0x7d,0xf7,0xbe,0xf7,0x9d,0xf7,0xff,0xff,0xff,0xff,0xff,0xff,0xdf,0xff,0x9e,0xf7,
0x9d,0xf7,0xbe,0xf7,0xdf,0xff,0xff,0xff,0xff,0xff,0xff,0xff,0x9e,0xf7,0x9e,0xf7,
0x7d,0xf7,0xff,0xff,0xff,0xff,0xff,0xff,0xff,0xff,0x9e,0xf7,0x9e,0xff,0x9e,0xf7,
0x9e,0xf7,0xff,0xff,0xff,0xff,0xff,0xff,0x7d,0xf7,0x9e,0xf7,0x9e,0xf7,0xbe,0xf7,
0xff,0xff,0xff,0xff,0xff,0xff,0xff,0xff,0x9e,0xf7,0x9e,0xf7,0x9d,0xf7,0xff,0xff,
0xff,0xff,0xff,0xff,0x00,0x00,0x00,0x00,0x00,0x00,0x00,0x00,0x00,0x00,0x00,0x00,
0x00,0x00,0x00,0x00,0x00,0x00,0x00,0x00,0x00,0x00,0x00,0x00,0x9e,0xef,0xff,0xff,
0xff,0xff,0xff,0xff,0xff,0xff,0x7e,0xf7,0x9e,0xef,0x9e,0xf7,0xbf,0xf7,0xdf,0xff,
0xff,0xff,0xff,0xff,0x9e,0xef,0x7e,0xf7,0x9e,0xef,0x7e,0xf7,0xff,0xff,0xdf,0xff,
0xff,0xff,0x7e,0xf7,0x9e,0xef,0x7e,0xf7,0x9e,0xef,0xff,0xff,0xff,0xff,0xff,0xff,
0xff,0xff,0x9e,0xf7,0x9e,0xef,0x9e,0xf7,0xff,0xff,0xdf,0xff,0xff,0xff,0xff,0xff,
0x9e,0xef,0x9e,0xf7,0x9e,0xef,0x7e,0xf7,0xff,0xff,0xff,0xff,0xff,0xff,0x7e,0xf7,
0x9e,0xef,0x7e,0xf7,0x00,0x00,0x00,0x00,0x00,0x00,0x00,0x00,0x00,0x00,0x00,0x00,
0x00,0x00,0x00,0x00,0x00,0x00,0x00,0x00,0x00,0x00,0x00,0x00,0x9d,0xf7,0xff,0xff,
0xff,0xff,0xff,0xff,0xff,0xff,0x9e,0xf7,0x9d,0xf7,0xbe,0xf7,0xbe,0xff,0xff,0xff,
0xff,0xff,0xff,0xff,0x9e,0xf7,0x9e,0xf7,0x9d,0xf7,0x9e,0xf7,0xff,0xff,0xff,0xff,
0xff,0xff,0xbe,0xf7,0x9e,0xff,0x9e,0xf7,0x9e,0xf7,0xff,0xff,0xff,0xff,0xff,0xff,
0xff,0xff,0xbe,0xf7,0x9e,0xf7,0xbe,0xf7,0xff,0xff,0xff,0xff,0xff,0xff,0xff,0xff,
0x7d,0xf7,0x9e,0xf7,0x9e,0xf7,0x9e,0xf7,0xff,0xff,0xff,0xff,0xff,0xff,0x9e,0xef,
0x9d,0xf7,0x9e,0xf7,0x00,0x00,0x00,0x00,0x00,0x00,0x00,0x00,0x00,0x00,0x00,0x00,
0x00,0x00,0x00,0x00,0x00,0x00,0x00,0x00,0x00,0x00,0x00,0x00,0x9e,0xef,0xdf,0xff,
0xff,0xff,0xff,0xff,0xff,0xff,0x7e,0xf7,0x9e,0xef,0x7e,0xf7,0xbf,0xf7,0xff,0xff,
0xff,0xff,0xff,0xff,0x9e,0xf7,0x7e,0xf7,0x9e,0xf7,0x7e,0xf7,0xff,0xff,0xff,0xff,
0xff,0xff,0x9e,0xf7,0x9e,0xf7,0x7e,0xf7,0xbf,0xf7,0xff,0xff,0xff,0xff,0xdf,0xff,
0xff,0xff,0x7e,0xf7,0x9e,0xf7,0x9e,0xf7,0xff,0xff,0xff,0xff,0xff,0xff,0xff,0xff,
0x9e,0xf7,0x9e,0xf7,0x9e,0xef,0x9e,0xf7,0xff,0xff,0xff,0xff,0xff,0xff,0x7e,0xf7,
0x9e,0xef,0x9e,0xf7,0x00,0x00,0x00,0x00,0x00,0x00,0x00,0x00,0x00,0x00,0x00,0x00,
0x00,0x00,0x00,0x00,0x00,0x00,0x00,0x00,0x00,0x00,0x00,0x00,0x9d,0xf7,0xff,0xff,
0xff,0xff,0xff,0xff,0xff,0xff,0x9e,0xf7,0x9e,0xf7,0x9e,0xf7,0xbe,0xff,0xff,0xff,
0xff,0xff,0xff,0xff,0x9e,0xf7,0xbe,0xf7,0x7d,0xf7,0xbf,0xff,0xff,0xff,0xff,0xff,
0xdf,0xff,0x7e,0xef,0x7d,0xf7,0x9e,0xf7,0xbe,0xff,0xff,0xff,0xff,0xff,0xff,0xff,
0xff,0xff,0x9e,0xf7,0x9e,0xff,0xbe,0xf7,0xff,0xff,0xff,0xff,0xff,0xff,0xff,0xff,
0x9d,0xf7,0x9e,0xf7,0x9d,0xf7,0x9e,0xf7,0xff,0xff,0xff,0xff,0xff,0xff,0x9e,0xf7,
0x7d,0xf7,0xbe,0xf7,0x00,0x00,0x00,0x00,0x00,0x00,0x00,0x00,0x00,0x00,0x00,0x00,
0x00,0x00,0x00,0x00,0x00,0x00,0x00,0x00,0x00,0x00,0x00,0x00,0xff,0xff,0x7e,0xf7,
0x9e,0xef,0x7e,0xf7,0x9e,0xef,0xff,0xff,0xff,0xff,0xff,0xff,0xdf,0xf7,0x9e,0xf7,
0x9e,0xef,0x7e,0xf7,0xff,0xff,0xff,0xff,0xfe,0xef,0xe6,0x31,0xc3,0x11,0xc3,0x19,
0x36,0xae,0x21,0x11,0xe2,0x08,0xfe,0xf7,0xff,0xff,0x7e,0xf7,0x9e,0xef,0x9e,0xf7,
0x9e,0xef,0xdf,0xff,0xff,0xff,0xff,0xff,0x9e,0xef,0x9e,0xf7,0x9e,0xf7,0x7e,0xf7,
0xff,0xff,0xff,0xff,0xff,0xff,0xff,0xff,0x9e,0xf7,0x9e,0xf7,0x9e,0xef,0xff,0xff,
0xff,0xff,0xff,0xff,0x00,0x00,0x00,0x00,0x00,0x00,0x00,0x00,0x00,0x00,0x00,0x00,
0x00,0x00,0x00,0x00,0x00,0x00,0x00,0x00,0x00,0x00,0x00,0x00,0xff,0xff,0x9e,0xf7,
0x9e,0xf7,0x9e,0xf7,0x7d,0xf7,0xff,0xff,0xff,0xff,0xff,0xff,0xde,0xff,0x9e,0xf7,
0x9e,0xf7,0x9e,0xf7,0xff,0xff,0xff,0xff,0xad,0x7c,0x65,0x2a,0x43,0x8d,0x47,0xa6,
0xa5,0xa5,0x85,0x9d,0xcc,0x9d,0x80,0x32,0xff,0xff,0x7e,0xef,0x7d,0xf7,0x9e,0xf7,
0x9d,0xf7,0xff,0xff,0xdf,0xff,0xff,0xff,0x9e,0xf7,0xbe,0xf7,0x9e,0xf7,0x7e,0xef,
0xdf,0xff,0xff,0xff,0xff,0xff,0xff,0xff,0x7d,0xf7,0xbe,0xf7,0x9e,0xf7,0xff,0xff,
0xff,0xff,0xff,0xff,0x00,0x00,0x00,0x00,0x00,0x00,0x00,0x00,0x00,0x00,0x00,0x00,
0x00,0x00,0x00,0x00,0x00,0x00,0x00,0x00,0x00,0x00,0x00,0x00,0xff,0xff,0x7e,0xf7,
0x9e,0xf7,0x7e,0xf7,0x9e,0xef,0xdf,0xff,0xff,0xff,0xff,0xff,0xdf,0xf7,0x7e,0xf7,
0x9e,0xf7,0x9e,0xf7,0xff,0xff,0xdf,0xff,0xef,0x7c,0xa5,0x3a,0xe7,0x95,0x23,0x85,
0xe4,0x7c,0xa6,0x9d,0x88,0xae,0xe5,0xa5,0x23,0x11,0xfd,0xf7,0x7e,0xef,0x7e,0xf7,
0xbf,0xf7,0xbe,0xff,0xfe,0xef,0xc2,0x10,0x62,0x09,0x01,0x09,0x43,0x11,0x2a,0x53,
0xdf,0xf7,0xff,0xff,0xff,0xff,0xdf,0xff,0x9e,0xef,0x9e,0xf7,0x9e,0xf7,0xff,0xff,
0xff,0xff,0xff,0xff,0x00,0x00,0x00,0x00,0x00,0x00,0x00,0x00,0x00,0x00,0x00,0x00,
0x00,0x00,0x00,0x00,0x00,0x00,0x00,0x00,0x00,0x00,0x00,0x00,0xff,0xff,0x9e,0xf7,
0x9e,0xf7,0xbe,0xf7,0x9e,0xf7,0xff,0xff,0xff,0xff,0xff,0xff,0xde,0xff,0x9e,0xf7,
0x9e,0xf7,0xbe,0xf7,0xff,0xff,0xff,0xff,0xae,0x7c,0x85,0x32,0x46,0xae,0x26,0xa6,
0xa6,0x9d,0x85,0x8d,0xa5,0x9d,0x07,0x9e,0xa8,0x63,0x40,0x09,0xff,0xff,0x9e,0xef,
0xbc,0xef,0x26,0x32,0x61,0x53,0x08,0x7d,0x06,0xae,0xc6,0x9d,0x8a,0x9d,0xe0,0x42,
0xe6,0x39,0xff,0xf7,0xff,0xff,0xff,0xff,0x9d,0xf7,0x9e,0xf7,0x9d,0xf7,0xff,0xff,
0xff,0xff,0xff,0xff,0x00,0x00,0x00,0x00,0x00,0x00,0x00,0x00,0x00,0x00,0x00,0x00,
0x00,0x00,0x00,0x00,0x00,0x00,0x00,0x00,0x00,0x00,0x00,0x00,0x9e,0xf7,0xff,0xff,
0xff,0xff,0xff,0xff,0xff,0xff,0x7e,0xf7,0x9e,0xef,0x7e,0xf7,0xbf,0xf7,0xdf,0xff,
0xff,0xff,0xff,0xff,0x9e,0xf7,0x7e,0xf7,0x8f,0x74,0x25,0x2a,0x86,0x8d,0xc3,0x7c,
0x26,0x7d,0x22,0x5c,0x43,0x64,0x87,0x95,0x0b,0x85,0xc0,0x19,0xff,0xf7,0x14,0x9d,
0xe0,0x21,0x89,0x7c,0x06,0xa6,0xc5,0xa5,0x48,0x85,0x23,0x64,0x69,0x8d,0x61,0x53,
0x27,0x32,0x9d,0xef,0x9e,0xef,0x9e,0xf7,0xff,0xff,0xff,0xff,0xff,0xff,0x7d,0xf7,
0x9e,0xf7,0x7e,0xf7,0x00,0x00,0x00,0x00,0x00,0x00,0x00,0x00,0x00,0x00,0x00,0x00,
0x00,0x00,0x00,0x00,0x00,0x00,0x00,0x00,0x00,0x00,0x00,0x00,0x9d,0xf7,0xff,0xff,
0xff,0xff,0xff,0xff,0xff,0xff,0xbe,0xf7,0x9e,0xf7,0x9e,0xf7,0xbe,0xff,0xff,0xff,
0xff,0xff,0xff,0xff,0x9e,0xf7,0xbe,0xf7,0x9d,0xf7,0x38,0xbe,0xa2,0x7c,0xe7,0x9d,
0x05,0xa6,0x46,0xa6,0x42,0x4b,0x05,0x5c,0x0a,0x8d,0xe0,0x19,0xfe,0xff,0x44,0x21,
0x64,0x95,0x47,0xa6,0xe5,0x84,0x43,0x64,0x85,0x95,0xc6,0x95,0xca,0x8c,0x60,0x32,
0x9e,0xf7,0x9e,0xf7,0x9e,0xf7,0xbe,0xf7,0xff,0xff,0xff,0xff,0xff,0xff,0x9e,0xf7,
0x9d,0xf7,0x9e,0xf7,0x00,0x00,0x00,0x00,0x00,0x00,0x00,0x00,0x00,0x00,0x00,0x00,
0x00,0x00,0x00,0x00,0x00,0x00,0x00,0x00,0x00,0x00,0x00,0x00,0x9e,0xef,0xdf,0xff,
0xff,0xff,0xff,0xff,0xff,0xff,0x7e,0xf7,0x9e,0xef,0x9e,0xf7,0xbf,0xf7,0xff,0xff,
0xff,0xff,0xff,0xff,0x9e,0xef,0x9e,0xf7,0x7e,0xef,0xba,0xde,0x44,0x43,0x85,0x53,
0x25,0x7d,0x24,0x85,0x29,0x7d,0x20,0x43,0x8a,0x74,0xc0,0x19,0x20,0x22,0xca,0x84,
0xa5,0x8d,0xa5,0x95,0xa4,0x74,0x46,0x8d,0x06,0x9e,0xe5,0x9d,0x08,0x4b,0x79,0xe7,
0x9e,0xef,0x7e,0xf7,0x9e,0xef,0x7e,0xf7,0xff,0xff,0xff,0xff,0xff,0xff,0x7e,0xf7,
0x9e,0xef,0x9e,0xf7,0x00,0x00,0x00,0x00,0x00,0x00,0x00,0x00,0x00,0x00,0x00,0x00,
0x00,0x00,0x00,0x00,0x00,0x00,0x00,0x00,0x00,0x00,0x00,0x00,0xff,0xff,0x9e,0xef,
0x7d,0xf7,0xbe,0xf7,0x7d,0xf7,0xff,0xff,0xff,0xff,0xff,0xff,0xdf,0xff,0x7d,0xef,
0x7d,0xf7,0x9e,0xf7,0xdf,0xff,0xff,0xff,0xff,0xff,0xdf,0xf7,0xe4,0x29,0xe5,0x29,
0x64,0x53,0x44,0x4b,0x23,0x43,0x24,0x3b,0x05,0x4b,0xc1,0x19,0xe0,0x21,0xc7,0x5b,
0x47,0x6c,0x80,0x32,0x64,0x95,0xe6,0x9d,0x83,0x74,0x66,0x85,0x23,0x21,0x7c,0xe7,
0xff,0xff,0xff,0xff,0xff,0xff,0xff,0xff,0x9e,0xf7,0x9e,0xf7,0x9d,0xf7,0xff,0xff,
0xff,0xff,0xff,0xff,0x00,0x00,0x00,0x00,0x00,0x00,0x00,0x00,0x00,0x00,0x00,0x00,
0x00,0x00,0x00,0x00,0x00,0x00,0x00,0x00,0x00,0x00,0x00,0x00,0xff,0xff,0x7e,0xf7,
0x9e,0xef,0x9e,0xf7,0x7e,0xef,0xdf,0xff,0xff,0xff,0xdf,0xff,0xff,0xf7,0x33,0xa5,
0x6a,0x53,0x09,0x4b,0xaa,0x4a,0xff,0xff,0xff,0xff,0xbe,0xff,0x42,0x11,0xc4,0x21,
0x22,0x22,0x66,0x53,0x29,0x85,0xe0,0x42,0x20,0x43,0x2b,0xae,0xcb,0x9d,0x80,0x32,
0x61,0x2a,0x68,0x74,0xc4,0x74,0x46,0x8d,0x48,0x6c,0x20,0x2a,0xbf,0xf7,0x5d,0xef,
0xff,0xff,0xff,0xff,0xff,0xff,0xdf,0xff,0x9e,0xef,0x7e,0xf7,0x9e,0xef,0xff,0xff,
0xff,0xff,0xff,0xff,0x00,0x00,0x00,0x00,0x00,0x00,0x00,0x00,0x00,0x00,0x00,0x00,
0x00,0x00,0x00,0x00,0x00,0x00,0x00,0x00,0x00,0x00,0x00,0x00,0xff,0xff,0x9e,0xf7,
0x9d,0xf7,0x9e,0xf7,0x7d,0xf7,0xff,0xff,0xde,0xf7,0xc2,0x08,0x02,0x2a,0x64,0x32,
0xe7,0xad,0xa6,0x9d,0xeb,0x8c,0x00,0x2a,0x54,0xa5,0x95,0xa5,0xa3,0x5b,0x66,0x6c,
0xe0,0x21,0x0c,0x9e,0x06,0xa6,0xa4,0x95,0x20,0x4b,0x48,0x8d,0xa5,0x3a,0x23,0x22,
0x22,0x43,0x26,0x5c,0x05,0x64,0xe4,0x5b,0x84,0x29,0xde,0xef,0x7d,0xf7,0x9e,0xef,
0xff,0xff,0xff,0xff,0xff,0xff,0xff,0xff,0x9d,0xf7,0xbe,0xf7,0x9d,0xf7,0xff,0xff,
0xff,0xff,0xff,0xff,0x00,0x00,0x00,0x00,0x00,0x00,0x00,0x00,0x00,0x00,0x00,0x00,
0x00,0x00,0x00,0x00,0x00,0x00,0x00,0x00,0x00,0x00,0x00,0x00,0xff,0xff,0x7e,0xf7,
0x9e,0xef,0x7e,0xf7,0x9e,0xf7,0xdf,0xff,0xe0,0x19,0x49,0x74,0x65,0x8d,0xa6,0x9d,
0x89,0xae,0x64,0x95,0xe6,0x74,0x43,0x6c,0x45,0x2a,0xe3,0x29,0x25,0x5c,0x45,0x6c,
0xc2,0x19,0xa5,0x3a,0xc3,0x74,0xa6,0x9d,0x86,0x32,0x81,0x19,0xe4,0x21,0xe4,0x29,
0xc3,0x19,0x04,0x2a,0xa3,0x19,0xa3,0x21,0x03,0x09,0x23,0x11,0x02,0x09,0xa4,0x21,
0xbf,0xf7,0xdf,0xff,0xff,0xff,0xff,0xff,0x9e,0xf7,0x9e,0xf7,0x9e,0xf7,0xff,0xff,
0xff,0xff,0xff,0xff,0x00,0x00,0x00,0x00,0x00,0x00,0x00,0x00,0x00,0x00,0x00,0x00,
0x00,0x00,0x00,0x00,0x00,0x00,0x00,0x00,0x00,0x00,0x00,0x00,0x9d,0xf7,0xff,0xff,
0xff,0xff,0xff,0xff,0xfe,0xf7,0x06,0x2a,0xa5,0x9d,0x68,0xae,0xa4,0x74,0xa4,0x6c,
0x04,0x64,0x83,0x4b,0x66,0x8d,0xe4,0x74,0x06,0x64,0x64,0x4b,0xc2,0x3a,0x65,0x4b,
0xc6,0x63,0x81,0x2a,0x82,0x21,0xc4,0x21,0x40,0x2a,0x48,0x64,0x04,0x7d,0x25,0x7d,
0xa9,0x7c,0xa0,0x11,0x44,0x4b,0x44,0x43,0xa2,0x53,0xc7,0x74,0x67,0x74,0x22,0x43,
0xa4,0x29,0x7b,0xe7,0x9e,0xff,0xbe,0xf7,0xff,0xff,0xff,0xff,0xff,0xff,0xbe,0xf7,
0x9d,0xf7,0xbe,0xf7,0x00,0x00,0x00,0x00,0x00,0x00,0x00,0x00,0x00,0x00,0x00,0x00,
0x00,0x00,0x00,0x00,0x00,0x00,0x00,0x00,0x00,0x00,0x00,0x00,0x9e,0xf7,0xff,0xff,
0xff,0xff,0xff,0xff,0xff,0xf7,0xa5,0x29,0xa3,0x6c,0xa7,0x95,0x85,0x8d,0xc6,0x9d,
0x86,0x8d,0xc3,0x7c,0xa5,0x4b,0x02,0x3b,0x65,0x4b,0x23,0x4b,0x45,0x2a,0xa2,0x21,
0xe3,0x21,0x85,0x3a,0xc2,0x19,0xc6,0x42,0xa7,0x6c,0x42,0x4b,0x46,0xa6,0xc4,0x9d,
0x66,0x8d,0x04,0x85,0xc3,0x32,0x65,0x4b,0x44,0x64,0xc5,0x7c,0x25,0x85,0x65,0x95,
0x89,0x74,0x20,0x2a,0x44,0x19,0x7c,0xe7,0xff,0xff,0xff,0xff,0xff,0xff,0x7e,0xf7,
0x9e,0xf7,0x9e,0xf7,0x00,0x00,0x00,0x00,0x00,0x00,0x00,0x00,0x00,0x00,0x00,0x00,
0x00,0x00,0x00,0x00,0x00,0x00,0x00,0x00,0x00,0x00,0x00,0x00,0x9e,0xf7,0xff,0xff,
0xff,0xff,0xff,0xff,0xff,0xff,0xbe,0xf7,0x21,0x2a,0xa7,0x5b,0x82,0x74,0xa7,0x95,
0x86,0x95,0x04,0x7d,0xc6,0x7c,0x61,0x43,0xc3,0x5b,0x86,0x74,0x64,0x95,0xc5,0x95,
0xa6,0x63,0x00,0x22,0xa0,0x21,0xca,0x84,0x65,0x95,0x24,0x7d,0x80,0x53,0x27,0x85,
0x05,0xa6,0xa8,0xb6,0xa4,0x3a,0x64,0x2a,0x22,0x4b,0x05,0x5c,0xc2,0x5b,0xc6,0x74,
0x25,0x8d,0x45,0x85,0xc4,0x31,0x9c,0xe7,0xdf,0xff,0xff,0xff,0xff,0xff,0x9e,0xf7,
0x9d,0xf7,0xbe,0xf7,0x00,0x00,0x00,0x00,0x00,0x00,0x00,0x00,0x00,0x00,0x00,0x00,
0x00,0x00,0x00,0x00,0x00,0x00,0x00,0x00,0x00,0x00,0x00,0x00,0xff,0xff,0x7e,0xf7,
0xbf,0xf7,0x9e,0xf7,0x9e,0xf7,0xdf,0xff,0xff,0xf7,0x44,0x21,0x42,0x22,0x05,0x43,
0x44,0x5c,0x44,0x64,0x07,0x5c,0x60,0x2a,0x26,0xa6,0xa4,0x9d,0x65,0x85,0x44,0x8d,
0xc5,0x3a,0x63,0x32,0xc0,0x19,0x4b,0x95,0x64,0x8d,0x68,0xb6,0x66,0x64,0xa2,0x53,
0xa6,0x95,0x44,0x8d,0x26,0x43,0x43,0x32,0xa4,0x74,0xe5,0x7c,0xa5,0x95,0xe6,0x9d,
0x88,0x8d,0x01,0x5c,0x29,0x64,0x00,0x22,0x9e,0xf7,0x9e,0xf7,0x9e,0xf7,0xdf,0xff,
0xff,0xff,0xdf,0xff,0x00,0x00,0x00,0x00,0x00,0x00,0x00,0x00,0x00,0x00,0x00,0x00,
0x00,0x00,0x00,0x00,0x00,0x00,0x00,0x00,0x00,0x00,0x00,0x00,0xff,0xff,0x9e,0xf7,
0x9e,0xf7,0xbe,0xf7,0x7d,0xf7,0xff,0xff,0xdf,0xff,0xff,0xff,0xfe,0xff,0xa5,0x29,
0xc0,0x21,0x46,0x4b,0xc0,0x21,0x2b,0x8d,0x05,0xae,0x05,0xa6,0xe5,0x5b,0x22,0x3b,
0x22,0x64,0x06,0x7d,0x00,0x22,0x28,0x64,0xa4,0x9d,0x47,0xa6,0xa8,0x9d,0x02,0x64,
0xa5,0x9d,0x85,0x95,0x25,0x53,0x42,0x2a,0x64,0x6c,0x03,0x5c,0x62,0x6c,0x87,0x8d,
0xa5,0x95,0x24,0x7d,0x28,0x6c,0x40,0x22,0x9e,0xf7,0x9e,0xf7,0x9d,0xf7,0xff,0xff,
0xff,0xff,0xff,0xff,0x00,0x00,0x00,0x00,0x00,0x00,0x00,0x00,0x00,0x00,0x00,0x00,
0x00,0x00,0x00,0x00,0x00,0x00,0x00,0x00,0x00,0x00,0x00,0x00,0xff,0xff,0x7e,0xf7,
0x9e,0xf7,0x7e,0xf7,0x9e,0xf7,0xdf,0xff,0xff,0xff,0xff,0xff,0xff,0xff,0xff,0xff,
0xff,0xf7,0x64,0x21,0x20,0x22,0xc9,0x84,0xa7,0x95,0x83,0x74,0x22,0x5c,0x67,0x8d,
0x85,0x8d,0x24,0x85,0xc4,0x19,0xc3,0x21,0xa4,0x74,0xe5,0x7c,0xe6,0x9d,0x06,0xa6,
0xa3,0x74,0xe7,0xa5,0x06,0x43,0x22,0x2a,0xa4,0x4b,0xe4,0x5b,0x45,0x64,0xe4,0x5b,
0x65,0x32,0xc2,0x21,0xc4,0x19,0xc4,0x21,0x9e,0xf7,0x9e,0xf7,0x9e,0xf7,0xff,0xff,
0xff,0xff,0xdf,0xff,0x00,0x00,0x00,0x00,0x00,0x00,0x00,0x00,0x00,0x00,0x00,0x00,
0x00,0x00,0x00,0x00,0x00,0x00,0x00,0x00,0x00,0x00,0x00,0x00,0xff,0xff,0x9e,0xef,
0x7d,0xf7,0x9e,0xf7,0xbe,0xff,0xff,0xff,0xde,0xff,0xff,0xff,0x82,0x21,0xe4,0x21,
0x04,0x2a,0xc3,0x19,0x82,0x74,0xe8,0x9d,0x24,0x64,0xe3,0x5b,0x85,0x95,0x85,0x95,
0x64,0x8d,0x44,0x7d,0x83,0x21,0xc4,0x21,0x20,0x2a,0x29,0x85,0xe2,0x84,0x47,0xa6,
0xe3,0x7c,0xc7,0x95,0xc5,0x42,0x02,0x22,0xe4,0x29,0x83,0x19,0xa3,0x21,0xc4,0x21,
0xa3,0x21,0xe5,0x21,0xde,0xff,0xff,0xff,0xde,0xff,0x9d,0xef,0x7d,0xf7,0xff,0xff,
0xff,0xff,0xff,0xff,0x00,0x00,0x00,0x00,0x00,0x00,0x00,0x00,0x00,0x00,0x00,0x00,
0x00,0x00,0x00,0x00,0x00,0x00,0x00,0x00,0x00,0x00,0x00,0x00,0x9e,0xef,0xff,0xff,
0xff,0xff,0xff,0xff,0xff,0xf7,0x07,0x3a,0x22,0x09,0x42,0x11,0x64,0x64,0xc5,0x74,
0xc8,0x5b,0xc0,0x21,0x45,0x8d,0x85,0x9d,0x03,0x7d,0xe6,0xa5,0x85,0x95,0x03,0x85,
0xa7,0x95,0x41,0x6c,0xa3,0x19,0x45,0x32,0xc4,0x19,0xa3,0x21,0x86,0x8d,0xe7,0xa5,
0x06,0x9e,0x64,0x8d,0x05,0x22,0xc3,0x21,0xc3,0x19,0x04,0x2a,0xa3,0x32,0x66,0x53,
0x04,0x3b,0x44,0x4b,0x64,0x11,0x84,0x19,0x24,0x11,0x5c,0xdf,0xff,0xff,0x7e,0xf7,
0x9e,0xef,0x9e,0xf7,0x00,0x00,0x00,0x00,0x00,0x00,0x00,0x00,0x00,0x00,0x00,0x00,
0x00,0x00,0x00,0x00,0x00,0x00,0x00,0x00,0x00,0x00,0x00,0x00,0x9d,0xf7,0xff,0xff,
0xff,0xff,0xff,0xff,0x15,0xae,0x83,0x19,0x44,0x8d,0x45,0x85,0x45,0x8d,0x04,0x7d,
0xe7,0x63,0x21,0x22,0xe7,0xa5,0x62,0x6c,0x44,0x95,0xc6,0x9d,0x03,0x85,0x44,0x85,
0xa7,0x5b,0xc0,0x19,0x63,0x19,0x83,0x19,0x24,0x32,0xc3,0x21,0xa3,0x21,0xa3,0x19,
0xa5,0x7c,0xe6,0x7c,0x44,0x4b,0xe6,0x5b,0xa5,0x5b,0x44,0x43,0xe1,0x21,0x47,0x4b,
0xe3,0x63,0xc6,0x74,0x44,0x6c,0x85,0x6c,0xc5,0x42,0xa1,0x19,0x9d,0xf7,0x9e,0xf7,
0x9d,0xf7,0xbe,0xf7,0x00,0x00,0x00,0x00,0x00,0x00,0x00,0x00,0x00,0x00,0x00,0x00,
0x00,0x00,0x00,0x00,0x00,0x00,0x00,0x00,0x00,0x00,0x00,0x00,0x9e,0xef,0xff,0xff,
0xff,0xff,0xdf,0xff,0x20,0x2a,0x2b,0x8d,0x26,0x85,0xc4,0x7c,0xa6,0x53,0xa1,0x3a,
0xa6,0x32,0xe3,0x21,0x66,0x8d,0x25,0x8d,0xc6,0x7c,0x84,0x74,0x85,0x3a,0xe3,0x29,
0xe4,0x21,0xc4,0x21,0x45,0x2a,0x61,0x19,0x43,0x2a,0xe5,0x42,0x86,0x4b,0x24,0x43,
0x65,0x2a,0xe3,0x29,0xe4,0x5b,0x86,0x74,0xc5,0x7c,0x26,0x8d,0xe5,0x42,0x63,0x3a,
0x63,0x4b,0xa7,0x74,0xa6,0x74,0xa5,0x74,0x47,0x64,0x43,0x4b,0x7e,0xef,0x9e,0xf7,
0x9e,0xef,0x9e,0xf7,0x00,0x00,0x00,0x00,0x00,0x00,0x00,0x00,0x00,0x00,0x00,0x00,
0x00,0x00,0x00,0x00,0x00,0x00,0x00,0x00,0x00,0x00,0x00,0x00,0x9e,0xf7,0xff,0xff,
0xff,0xff,0xff,0xff,0xe0,0x21,0x6b,0x8d,0x42,0x6c,0x67,0x8d,0x27,0xae,0x23,0x85,
0x66,0x6c,0x83,0x4b,0xc3,0x29,0xa3,0x19,0x62,0x19,0xa4,0x21,0x01,0x22,0x26,0x43,
0x05,0x4b,0x22,0x2a,0xa3,0x21,0xa3,0x19,0x40,0x2a,0xc9,0x74,0x24,0x64,0x04,0x5c,
0xc2,0x5b,0xc6,0x74,0x63,0x4b,0x64,0x4b,0x24,0x8d,0x85,0x8d,0xca,0x84,0xc0,0x21,
0x83,0x53,0x46,0x64,0x44,0x6c,0x45,0x64,0x85,0x3a,0xc2,0x19,0x7d,0xf7,0x9e,0xef,
0x9d,0xf7,0xbe,0xf7,0x00,0x00,0x00,0x00,0x00,0x00,0x00,0x00,0x00,0x00,0x00,0x00,
0x00,0x00,0x00,0x00,0x00,0x00,0x00,0x00,0x00,0x00,0x00,0x00,0xff,0xff,0x7e,0xf7,
0xbd,0xe7,0x64,0x21,0x27,0x85,0x02,0x64,0x07,0x9e,0x64,0x8d,0xe7,0x95,0xc3,0x7c,
0x85,0x64,0x65,0x6c,0xa7,0x53,0xa3,0x32,0xc4,0x3a,0x45,0x53,0x45,0x5c,0xc3,0x5b,
0xe7,0x5b,0xa2,0x32,0xc3,0x3a,0x65,0x53,0x40,0x22,0xca,0x7c,0x05,0x75,0x45,0x85,
0xe2,0x5b,0xc6,0x7c,0x07,0x7d,0x02,0x64,0xe3,0x74,0xe7,0xa5,0xc9,0x7c,0x20,0x2a,
0x45,0x4b,0xc3,0x42,0x64,0x43,0x85,0x53,0x24,0x19,0xff,0xff,0x9e,0xef,0xff,0xff,
0xff,0xff,0xff,0xff,0x00,0x00,0x00,0x00,0x00,0x00,0x00,0x00,0x00,0x00,0x00,0x00,
0x00,0x00,0x00,0x00,0x00,0x00,0x00,0x00,0x00,0x00,0x00,0x00,0xff,0xff,0xbe,0xf7,
0xdd,0xf7,0xa4,0x21,0x24,0x85,0x44,0x85,0xa5,0x95,0xa5,0x95,0x05,0x7d,0xa4,0x6c,
0x06,0x64,0x22,0x3b,0xc5,0x3a,0x02,0x22,0xa6,0x9d,0x44,0x85,0x45,0x8d,0xc4,0x7c,
0xe1,0x3a,0x87,0x6c,0xa2,0x5b,0x45,0x64,0xe0,0x21,0xc8,0x5b,0x24,0x85,0xc6,0x95,
0x24,0x85,0x04,0x7d,0x64,0x95,0xe6,0x9d,0x61,0x53,0x07,0x7d,0xc9,0x84,0x40,0x2a,
0xc3,0x21,0x83,0x19,0xe4,0x29,0x42,0x11,0x7d,0xf7,0xbe,0xf7,0x9d,0xf7,0xff,0xff,
0xff,0xff,0xff,0xff,0x00,0x00,0x00,0x00,0x00,0x00,0x00,0x00,0x00,0x00,0x00,0x00,
0x00,0x00,0x00,0x00,0x00,0x00,0x00,0x00,0x00,0x00,0x00,0x00,0xff,0xff,0x7e,0xf7,
0xbe,0xf7,0x7d,0xf7,0xc5,0x21,0x02,0x11,0x23,0x11,0xa4,0x29,0x43,0x43,0x67,0x74,
0x0a,0x64,0xa0,0x19,0x82,0x11,0x45,0x32,0x28,0xa6,0x24,0x8d,0x87,0x74,0xc0,0x3a,
0x45,0x85,0xe7,0x9d,0x25,0x85,0xc4,0x7c,0x05,0x22,0x83,0x19,0x03,0x5c,0x85,0x74,
0x07,0x96,0xe2,0x7c,0x24,0x85,0xc6,0x9d,0x0a,0x9e,0xc1,0x5b,0x6b,0x8d,0x20,0x2a,
0x85,0x21,0xde,0xf7,0xff,0xff,0x9e,0xf7,0x9e,0xef,0x9e,0xf7,0x9e,0xef,0xff,0xff,
0xff,0xff,0xff,0xff,0x00,0x00,0x00,0x00,0x00,0x00,0x00,0x00,0x00,0x00,0x00,0x00,
0x00,0x00,0x00,0x00,0x00,0x00,0x00,0x00,0x00,0x00,0x00,0x00,0xbe,0xff,0xdf,0xff,
0xde,0xff,0xdf,0xff,0xff,0xff,0xdf,0xff,0x7d,0xf7,0x7e,0xef,0xa2,0x21,0xe4,0x21,
0x45,0x53,0x83,0x32,0x80,0x19,0xc8,0x5b,0xc4,0x7c,0xc4,0x7c,0x46,0x6c,0x42,0x43,
0xe7,0xa5,0xa2,0x74,0x06,0x9e,0x03,0x7d,0xe3,0x29,0x24,0x2a,0x23,0x19,0x44,0x19,
0x02,0x64,0xe6,0x7c,0x82,0x74,0x66,0x8d,0x65,0x95,0x65,0x8d,0x88,0x74,0x40,0x22,
0x04,0x4b,0x25,0x43,0x25,0x32,0x8b,0x5b,0xbe,0xff,0xff,0xff,0xdf,0xff,0xbe,0xf7,
0xbe,0xff,0xbe,0xf7,0x00,0x00,0x00,0x00,0x00,0x00,0x00,0x00,0x00,0x00,0x00,0x00,
0x00,0x00,0x00,0x00,0x00,0x00,0x00,0x00,0x00,0x00,0x00,0x00,0x9e,0xf7,0xdf,0xff,
0xff,0xff,0xdf,0xff,0xff,0xff,0x7e,0xf7,0xb5,0xad,0x43,0x21,0x84,0x64,0xe6,0x7c,
0x47,0x64,0xe2,0x42,0xa0,0x19,0x6a,0x7c,0x88,0xb6,0xc5,0xa5,0xa1,0x53,0x0a,0xa6,
0x08,0x9e,0xc3,0x7c,0x07,0x9e,0xe2,0x7c,0x62,0x11,0x45,0x32,0xc4,0x19,0x83,0x19,
0xa5,0x19,0x63,0x19,0xa5,0x6c,0x84,0x74,0x04,0x75,0x24,0x85,0xea,0x7c,0x00,0x22,
0x22,0x43,0x09,0x85,0x8a,0x74,0xc0,0x21,0xdf,0xff,0xdf,0xff,0xff,0xff,0x7e,0xf7,
0x9e,0xf7,0x7e,0xf7,0x00,0x00,0x00,0x00,0x00,0x00,0x00,0x00,0x00,0x00,0x00,0x00,
0x00,0x00,0x00,0x00,0x00,0x00,0x00,0x00,0x00,0x00,0x00,0x00,0x9d,0xf7,0xff,0xff,
0xff,0xff,0xff,0xff,0xff,0xff,0xd3,0x94,0x41,0x4b,0x08,0x7d,0xa6,0x74,0x04,0x5c,
0xe3,0x3a,0x45,0x43,0xc0,0x21,0x8a,0x74,0xe7,0xa5,0x65,0x8d,0x23,0x85,0xe6,0x9d,
0xc7,0xa5,0x62,0x6c,0x06,0x85,0x22,0x5c,0xa3,0x21,0x83,0x19,0x03,0x2a,0x85,0x32,
0x85,0x42,0xa2,0x19,0x83,0x21,0xe5,0x21,0x81,0x53,0xc7,0x7c,0xe9,0x84,0x00,0x22,
0xc2,0x3a,0xa6,0x4b,0x85,0x74,0x65,0x64,0xa5,0x31,0xff,0xf7,0xff,0xff,0x9e,0xf7,
0x9d,0xf7,0xbe,0xf7,0x00,0x00,0x00,0x00,0x00,0x00,0x00,0x00,0x00,0x00,0x00,0x00,
0x00,0x00,0x00,0x00,0x00,0x00,0x00,0x00,0x00,0x00,0x00,0x00,0x9e,0xef,0xff,0xff,
0xff,0xff,0xff,0xff,0xff,0xf7,0x03,0x19,0x84,0x6c,0xe5,0x7c,0x86,0x6c,0x62,0x53,
0xe4,0x53,0xc4,0x53,0x40,0x2a,0x89,0x74,0x67,0x8d,0xc4,0x7c,0x24,0x85,0xc6,0x9d,
0xa7,0x95,0x82,0x74,0x86,0x6c,0xe3,0x5b,0x24,0x2a,0x04,0x2a,0x84,0x2a,0xc5,0x3a,
0xe4,0x3a,0xe4,0x42,0x04,0x22,0xa3,0x21,0xe4,0x19,0xe4,0x29,0xe3,0x19,0xc6,0x42,
0xe5,0x53,0x84,0x4b,0xe4,0x53,0x45,0x6c,0xe6,0x29,0xfe,0xf7,0xff,0xff,0x7e,0xf7,
0x9e,0xef,0x9e,0xf7,0x00,0x00,0x00,0x00,0x00,0x00,0x00,0x00,0x00,0x00,0x00,0x00,
0x00,0x00,0x00,0x00,0x00,0x00,0x00,0x00,0x00,0x00,0x00,0x00,0xff,0xff,0x9e,0xf7,
0x9e,0xf7,0x9e,0xf7,0xb9,0xef,0xa9,0x63,0x46,0x8d,0x83,0x6c,0xa4,0x74,0xc5,0x74,
0x25,0x7d,0x42,0x5c,0x03,0x43,0x45,0x4b,0xe6,0x84,0x03,0x64,0x06,0xa6,0xa5,0x95,
0x26,0x85,0x02,0x5c,0xc5,0x42,0xe2,0x21,0x43,0x4b,0xa5,0x53,0x86,0x5b,0xc3,0x3a,
0xc1,0x3a,0x06,0x5c,0xe5,0x63,0x02,0x43,0xc2,0x21,0x45,0x32,0x22,0x4b,0x26,0x64,
0xe2,0x5b,0xc6,0x74,0xc3,0x5b,0x25,0x64,0x87,0x5b,0xc0,0x19,0x9e,0xff,0xff,0xff,
0xff,0xff,0xff,0xff,0x00,0x00,0x00,0x00,0x00,0x00,0x00,0x00,0x00,0x00,0x00,0x00,
0x00,0x00,0x00,0x00,0x00,0x00,0x00,0x00,0x00,0x00,0x00,0x00,0xff,0xff,0x7e,0xf7,
0x9e,0xef,0x7e,0xf7,0x00,0x1a,0xed,0xa5,0x05,0x7d,0xe5,0x7c,0xa7,0x8d,0x82,0x6c,
0x27,0x64,0xa1,0x3a,0xe2,0x21,0xe6,0x4a,0x25,0x85,0x25,0x8d,0x87,0x8d,0xe4,0x7c,
0x6a,0x6c,0xe0,0x21,0xc4,0x21,0x83,0x21,0x24,0x5c,0xa6,0x74,0xc4,0x53,0x46,0x6c,
0x25,0x3b,0xc3,0x3a,0xc5,0x74,0x84,0x74,0x47,0x53,0x80,0x19,0xc2,0x32,0xe6,0x5b,
0x23,0x5c,0xa5,0x74,0xe5,0x74,0x84,0x6c,0x28,0x5c,0x41,0x2a,0x9e,0xef,0xff,0xff,
0xff,0xff,0xff,0xff,0x00,0x00,0x00,0x00,0x00,0x00,0x00,0x00,0x00,0x00,0x00,0x00,
0x00,0x00,0x00,0x00,0x00,0x00,0x00,0x00,0x00,0x00,0x00,0x00,0xff,0xff,0x9e,0xf7,
0x7d,0xf7,0x9e,0xf7,0x20,0x2a,0x4b,0x8d,0xc5,0x7c,0x43,0x64,0xc3,0x29,0x62,0x11,
0x02,0x11,0xa5,0x21,0xc6,0x42,0x03,0x22,0x46,0x95,0x05,0x85,0x85,0x3a,0x61,0x11,
0xc3,0x29,0x24,0x2a,0xc5,0x42,0xc1,0x19,0x43,0x64,0x06,0x75,0xa0,0x53,0xc9,0x95,
0x88,0x95,0x81,0x4b,0x84,0x7c,0xe5,0x7c,0x66,0x74,0x83,0x53,0xa3,0x21,0xa3,0x19,
0x63,0x19,0x22,0x09,0xc4,0x3a,0x83,0x2a,0xc5,0x42,0x43,0x22,0x7d,0xf7,0xff,0xff,
0xff,0xff,0xff,0xff,0x00,0x00,0x00,0x00,0x00,0x00,0x00,0x00,0x00,0x00,0x00,0x00,
0x00,0x00,0x00,0x00,0x00,0x00,0x00,0x00,0x00,0x00,0x00,0x00,0xff,0xff,0x7e,0xf7,
0x9e,0xef,0x7e,0xf7,0x22,0x09,0x63,0x19,0x64,0x19,0x23,0x19,0x84,0x29,0xa4,0x31,
0x60,0x11,0x27,0x53,0x25,0x3b,0xa3,0x3a,0x23,0x11,0x43,0x19,0xc2,0x19,0xa5,0x3a,
0x83,0x32,0x25,0x4b,0x85,0x4b,0x43,0x43,0x60,0x2a,0xa8,0x7c,0x83,0x64,0xe5,0x7c,
0x44,0x85,0x07,0xa6,0x64,0x6c,0xa5,0x74,0x07,0x7d,0xe2,0x5b,0x65,0x39,0x44,0x39,
0x65,0x31,0x24,0x31,0xe4,0x20,0x04,0x31,0x04,0x21,0xdf,0xff,0x7e,0xef,0xff,0xff,
0xff,0xff,0xdf,0xff,0x00,0x00,0x00,0x00,0x00,0x00,0x00,0x00,0x00,0x00,0x00,0x00,
0x00,0x00,0x00,0x00,0x00,0x00,0x00,0x00,0x00,0x00,0x00,0x00,0x9d,0xf7,0xff,0xff,
0xff,0xff,0xff,0xff,0xde,0xff,0xbe,0xf7,0x23,0x31,0xa6,0x39,0xe5,0x49,0x64,0x39,
0xe3,0x3a,0x85,0x4b,0xa7,0x5b,0x21,0x22,0x04,0x4b,0xe4,0x3a,0xe4,0x42,0x04,0x3b,
0xa4,0x5b,0x84,0x53,0x26,0x64,0x42,0x43,0xe0,0x21,0x69,0x6c,0x04,0x85,0x25,0x7d,
0xe3,0x84,0x86,0x8d,0xa2,0x53,0x86,0x6c,0x26,0x85,0x02,0x5c,0x44,0x39,0x64,0x39,
0x43,0x41,0x64,0x41,0x84,0x51,0xc5,0x51,0x04,0x29,0xdf,0xff,0xff,0xff,0xbe,0xf7,
0x9e,0xf7,0x9e,0xf7,0x00,0x00,0x00,0x00,0x00,0x00,0x00,0x00,0x00,0x00,0x00,0x00,
0x00,0x00,0x00,0x00,0x00,0x00,0x00,0x00,0x00,0x00,0x00,0x00,0x9e,0xf7,0xff,0xff,
0xff,0xff,0xff,0xff,0xff,0xff,0xa6,0x39,0x26,0x6a,0x67,0x7a,0x47,0x4a,0x42,0x31,
0x25,0x5c,0x04,0x5c,0x05,0x43,0x42,0x32,0x85,0x6c,0x23,0x64,0x01,0x3b,0xa7,0x7c,
0x05,0x5c,0xc4,0x5b,0xe8,0x5b,0xc0,0x19,0x83,0x19,0x83,0x19,0xa3,0x4b,0x65,0x6c,
0xe2,0x53,0x47,0x8d,0x69,0x85,0xa1,0x53,0x28,0x7d,0x41,0x4b,0x44,0x29,0x64,0x39,
0x85,0x41,0x44,0x41,0x86,0x39,0x03,0x31,0x9e,0xef,0xff,0xff,0xff,0xff,0x9e,0xf7,
0x9e,0xef,0x7e,0xf7,0x00,0x00,0x00,0x00,0x00,0x00,0x00,0x00,0x00,0x00,0x00,0x00,
0x00,0x00,0x00,0x00,0x00,0x00,0x00,0x00,0x00,0x00,0x00,0x00,0x9e,0xf7,0xff,0xff,
0xff,0xff,0xff,0xff,0xde,0xff,0x86,0x31,0xc4,0x69,0x67,0x72,0x84,0x39,0x43,0x29,
0xc8,0x63,0x60,0x11,0x41,0x19,0x05,0x2a,0x06,0x85,0x43,0x64,0x41,0x4b,0xa6,0x74,
0xe6,0x7c,0xa1,0x4b,0x04,0x2a,0xc3,0x21,0x02,0x2a,0x64,0x32,0x64,0x21,0xe3,0x08,
0xe3,0x63,0x45,0x64,0x04,0x85,0x04,0x7d,0x67,0x74,0x80,0x2a,0x03,0x29,0x24,0x29,
0x03,0x39,0x64,0x39,0x44,0x41,0x64,0x41,0x45,0x31,0xff,0xff,0xff,0xff,0x9e,0xf7,
0x9d,0xf7,0xbe,0xf7,0x00,0x00,0x00,0x00,0x00,0x00,0x00,0x00,0x00,0x00,0x00,0x00,
0x00,0x00,0x00,0x00,0x00,0x00,0x00,0x00,0x00,0x00,0x00,0x00,0xff,0xff,0x7d,0xf7,
0x9e,0xef,0x7e,0xf7,0x9e,0xf7,0x45,0x31,0x24,0x39,0x65,0x49,0x68,0x6a,0x64,0x51,
0x25,0x29,0x24,0x31,0x44,0x21,0x84,0x29,0xc6,0x7c,0x44,0x6c,0xe6,0x74,0x23,0x64,
0x2a,0x6c,0x80,0x19,0x22,0x11,0x25,0x3a,0xc6,0x3a,0x81,0x19,0x24,0x21,0x04,0x29,
0x65,0x19,0x44,0x19,0x24,0x5c,0x24,0x64,0x6b,0x74,0x60,0x21,0x44,0x39,0x65,0x41,
0x85,0x49,0xe5,0x59,0x26,0x62,0x25,0x6a,0x65,0x29,0x9e,0xff,0x7e,0xef,0xff,0xff,
0xff,0xff,0xff,0xff,0x00,0x00,0x00,0x00,0x00,0x00,0x00,0x00,0x00,0x00,0x00,0x00,
0x00,0x00,0x00,0x00,0x00,0x00,0x00,0x00,0x00,0x00,0x00,0x00,0xff,0xff,0xff,0xff,
0xff,0xff,0xff,0xff,0xff,0xff,0xff,0xff,0xff,0xff,0xff,0xff,0xff,0xff,0xff,0xff,
0xff,0xff,0xff,0xff,0xff,0xff,0xff,0xff,0xff,0xff,0xff,0xff,0xff,0xff,0x00,0x00,
0x00,0x00,0x00,0x00,0x00,0x00,0x00,0x00,0x00,0x00,0x00,0x00,0x00,0x00,0x00,0x00,
0x00,0x00,0x00,0x00,0xff,0xff,0xff,0xff,0xff,0xff,0xff,0xff,0xff,0xff,0xff,0xff,
0xff,0xff,0xff,0xff,0xff,0xff,0xff,0xff,0xff,0xff,0xff,0xff,0xff,0xff,0xff,0xff,
0xff,0xff,0xff,0xff,0xff,0xff,0x00,0x00,0x00,0x00,0x00,0x00,0x00,0x00,0x00,0x00,
0x00,0x00,0x00,0x00,0x00,0x00,0x00,0x00,0x00,0x00,0x00,0x00,0xff,0xff,0xff,0xff,
0xff,0xff,0xff,0xff,0xff,0xff,0xff,0xff,0xff,0xff,0xff,0xff,0xff,0xff,0xff,0xff,
0xff,0xff,0xff,0xff,0xff,0xff,0xff,0xff,0xff,0xff,0xff,0xff,0xff,0xff,0x00,0x00,
0x00,0x00,0x00,0x00,0x00,0x00,0x00,0x00,0x00,0x00,0x00,0x00,0x00,0x00,0x00,0x00,
0x00,0x00,0x00,0x00,0xff,0xff,0xff,0xff,0xff,0xff,0xff,0xff,0xff,0xff,0xff,0xff,
0xff,0xff,0xff,0xff,0xff,0xff,0xff,0xff,0xff,0xff,0xff,0xff,0xff,0xff,0xff,0xff,
0xff,0xff,0xff,0xff,0xff,0xff,0x00,0x00,0x00,0x00,0x00,0x00,0x00,0x00,0x00,0x00,
0x00,0x00,0x00,0x00,0x00,0x00,0x00,0x00,0x00,0x00,0x00,0x00,0x00,0xff,0xff,0xff,
0xff,0xff,0xff,0xff,0xff,0xff,0xff,0xff,0xff,0xff,0xff,0xff,0xff,0xff,0xff,0xff,
0xff,0xff,0xff,0xff,0xff,0xff,0xff,0xff,0xff,0xff,0xff,0xff,0xff,0xff,0x00,0x00,
0x00,0x00,0x00,0x00,0x00,0x00,0x00,0x00,0x00,0x00,0x00,0x00,0x00,0x00,0x00,0x00,
0x00,0x00,0x00,0x00,0xff,0xff,0xff,0xff,0xff,0xff,0xff,0xff,0xff,0xff,0xff,0xff,
0xff,0xff,0xff,0xff,0xff,0xff,0xff,0xff,0xff,0xff,0xff,0xff,0xff,0xff,0xff,0xff,
0xff,0xff,0xff,0xff,0xff,0xff,0x00,0x00,0x00,0x00,0x00,0x00,0x00,0x00,0x00,0x00,
0x00,0x00,0x00,0x00,0x00,0x00,0x00,0x00,0x00,0x00,0x00,0x00,0xff,0xff,0xff,0xff,
0xff,0xff,0xff,0xff,0xff,0xff,0xff,0xff,0xff,0xff,0xff,0xff,0xff,0xff,0xff,0xff,
0xff,0xff,0xff,0xff,0xff,0xff,0xff,0xff,0xff,0xff,0xff,0xff,0xff,0x00,0x00,0x00,
0x00,0x00,0x00,0x00,0x00,0x00,0x00,0x00,0x00,0x00,0x00,0x00,0x00,0x00,0x00,0x00,
0x00,0x00,0x00,0x00,0x00,0x00,0xff,0xff,0xff,0xff,0xff,0xff,0xff,0xff,0xff,0xff,
0xff,0xff,0xff,0xff,0xff,0xff,0xff,0xff,0xff,0xff,0xff,0xff,0xff,0xff,0xff,0xff,
0xff,0xff,0xff,0xff,0x00,0x00,0x00,0x00,0x00,0x00,0x00,0x00,0x00,0x00,0x00,0x00,
0x00,0x00,0x00,0x00,0x00,0x00,0x00,0x00,0x00,0x00,0x00,0x00,0x00,0x00,0x00,0x00,
0x00,0x00,0x00,0x00,0x00,0x00,0x00,0xff,0xff,0xff,0xff,0x00,0x00,0xff,0xff,0xff,
0xff,0x00,0x00,0xff,0xff,0xff,0x00,0x00,0x00,0x00,0x00,0x00,0x00,0x00,0x00,0x00,
0x00,0x00,0x00,0x00,0x00,0x00,0x00,0x00,0x00,0x00,0x00,0x00,0x00,0x00,0x00,0x00,
0x00,0x00,0x00,0x00,0x00,0x00,0x00,0x00,0x00,0x00,0x00,0x00,0x00,0x00,0x00,0x00,
0x00,0x00,0x00,0x00,0x00,0x00,0x00,0x00,0x00,0x00,0x00,0x00,0x00,0x00,0x00,0x00,
0x00,0x00,0x00,0x00,0x00,0x00,0x00,0x00,0x00,0x00,0x00,0x00,0x00,0x00,0x00,0x00,
0x00,0x00,0x00,0x00,0x00,0x00,0x00,0x00,0x00,0x00,0x00,0x00,0x00,0x00,0x00,0x00,
0x00,0x00,0x00,0x00,0x00,0x00,0x00,0x00,0x00,0x00,0x00,0x00,0x00,0x00,0x00,0x00,
0x00,0x00,0x00,0x00,0x00,0x00,0x00,0x00,0x00,0x00,0x00,0x00,0x00,0x00,0x00,0x00,
0x00,0x00,0x00,0x00,0x00,0x00,0x00,0x00,0x00,0x00,0x00,0x00,0x00,0x00,0x00,0x00,
0x00,0x00,0x00,0x00,0x00,0x00,0x00,0x00,0x00,0x00,0x00,0x00,0x00,0x00,0x00,0x00,
0x00,0x00,0x00,0x00,0x00,0x00,0x00,0x00,0x00,0x00,0x00,0x00,0x00,0x00,0x00,0x00,
0x00,0x00,0x00,0x00,0x00,0x00,0x00,0x00,0x00,0x00,0x00,0x00,0x00,0x00,0x00,0x00,
0x00,0x00,0x00,0x00,0x00,0x00,0x00,0x00,0x00,0x00,0x00,0x00,0x00,0x00,0x00,0x00,
0x00,0x00,0x00,0x00,0x00,0x00,0x00,0x00,0x00,0x00,0x00,0x00,0x00,0x00,0x00,0x00,
0x00,0x00,0x00,0x00,0x00,0x00,0x00,0x00,0x00,0x00,0x00,0x00,0x00,0x00,0x00,0x00,
0x00,0x00,0x00,0x00,0x00,0x00,0x00,0x00,0x00,0x00,0x00,0x00,0x00,0x00,0x00,0x00,
0x00,0x00,0x00,0x00,0x00,0x00,0x00,0x00,0x00,0x00,0x00,0x00,0x00,0x00,0x00,0x00,
0x00,0x00,0x00,0x00,0x00,0x00,0x00,0x00,0x00,0x00,0x00,0x00,0x00,0x00,0x00,0x00,
0x00,0x00,0x00,0x00,0x00,0x00,0x00,0x00,0x00,0x00,0x00,0x00,0x00,0x00,0x00,0x00,
0x00,0x00,0x00,0x00,0x00,0x00,0x00,0x00,0x00,0x00,0x00,0x00,0x00,0x00,0x00,0x00,
0x00,0x00,0x00,0x00,0x00,0x00,0x00,0x00,0x00,0x00,0x00,0x00,0x00,0x00,0x00,0x00,
0x00,0x00,0x00,0x00,0x00,0x00,0x00,0x00,0x00,0x00,0x00,0x00,0x00,0x00,0x00,0x00,
0x00,0x00,0x00,0x00,0x00,0x00,0x00,0x00,0x00,0x00,0x00,0x00,0x00,0x00,0x00,0x00,
0x00,0x00,0x00,0x00,0x00,0x00,0x00,0x00,0x00,0x00,0x00,0x00,0x00,0xff,0xff,0xff,
0xff,0xff,0xff,0x00,0x00,0x00,0x00,0x00,0x00,0x00,0x00,0x00,0x00,0x00,0x00,0x00,
0x00,0x00,0x00,0x00,0x00,0x00,0x00,0x00,0x00,0x00,0x00,0x00,0x00,0x00,0x00,0x00,
0x00,0x00,0x00,0x00,0x00,0x00,0x00,0x00,0x00,0x00,0x00,0x00,0x00,0x00,0x00,0x00,
0x00,0x00,0x00,0x00,0xff,0xff,0xff,0xff,0xff,0xff,0xff,0xff,0x00,0x00,0x00,0x00,
0x00,0x00,0x00,0x00,0x00,0x00,0x00,0x00,0x00,0x00,0x00,0x00,0x00,0x00,0x00,0x00,
0x00,0x00,0x00,0x00,0x00,0x00,0x00,0x00,0x00,0x00,0x00,0x00,0x00,0x00,0x00,0x00,
0x00,0x00,0x00,0x00,0x00,0x00,0x00,0x00,0x00,0x00,0x00,0x00,0xff,0xff,0xff,0xff,
0xff,0xff,0xff,0xff,0xff,0x00,0x00,0x00,0x00,0x00,0x00,0xff,0xff,0xff,0xff,0xff,
0x00,0x00,0x00,0x00,0x00,0x00,0x00,0x00,0x00,0x00,0x00,0x00,0x00,0x00,0x00,0x00,
0x00,0x00,0x00,0x00,0x00,0x00,0x00,0x00,0x00,0x00,0x00,0x00,0x00,0x00,0x00,0x00,
0x00,0x00,0x00,0x00,0xff,0xff,0xff,0xff,0xff,0xff,0xff,0xff,0xff,0xff,0x00,0x00,
0x00,0xff,0xff,0xff,0xff,0xff,0xff,0xff,0xff,0x00,0x00,0x00,0x00,0x00,0x00,0x00,
0x00,0x00,0x00,0x00,0x00,0x00,0x00,0x00,0x00,0x00,0x00,0x00,0x00,0x00,0x00,0x00,
0x00,0x00,0x00,0x00,0x00,0x00,0x00,0x00,0x00,0x00,0x00,0x00,0xff,0xff,0xff,0xff,
0xff,0xff,0xff,0xff,0xff,0xff,0x00,0xff,0xff,0xff,0xff,0xff,0xff,0xff,0xff,0xff,
0xff,0x00,0x00,0x00,0x00,0x00,0x00,0x00,0x00,0x00,0x00,0x00,0x00,0x00,0x00,0x00,
0x00,0x00,0x00,0x00,0x00,0x00,0x00,0x00,0x00,0x00,0x00,0x00,0x00,0x00,0x00,0x00,
0x00,0x00,0x00,0x00,0x00,0xff,0xff,0xff,0xff,0xff,0xff,0xff,0xff,0xff,0x00,0xff,
0xff,0xff,0xff,0xff,0xff,0xff,0xff,0xff,0x00,0x00,0x00,0x00,0x00,0x00,0x00,0x00,
0x00,0x00,0x00,0x00,0x00,0x00,0x00,0x00,0x00,0x00,0x00,0x00,0x00,0x00,0x00,0x00,
0x00,0x00,0x00,0x00,0x00,0x00,0x00,0x00,0x00,0x00,0x00,0x00,0x00,0xff,0xff,0xff,
0xff,0xff,0xff,0xff,0xff,0xff,0xff,0xff,0xff,0xff,0xff,0xff,0xff,0xff,0xff,0x00,
0x00,0x00,0x00,0x00,0x00,0x00,0x00,0x00,0x00,0x00,0x00,0x00,0x00,0x00,0x00,0x00,
0x00,0x00,0x00,0x00,0x00,0x00,0x00,0x00,0x00,0x00,0x00,0x00,0x00,0x00,0x00,0x00,
0x00,0x00,0x00,0x00,0x00,0x00,0xff,0xff,0xff,0xff,0xff,0xff,0xff,0xff,0xff,0xff,
0xff,0xff,0xff,0xff,0xff,0xff,0xff,0x00,0x00,0x00,0x00,0x00,0x00,0x00,0x00,0x00,
0x00,0x00,0x00,0x00,0x00,0x00,0x00,0x00,0x00,0x00,0x00,0x00,0x00,0x00,0x00,0x00,
0x00,0x00,0x00,0x00,0x00,0x00,0x00,0xff,0xff,0xff,0xff,0x00,0x00,0x00,0xff,0xff,
0xff,0xff,0xff,0xff,0xff,0xff,0xff,0xff,0xff,0xff,0xff,0xff,0xff,0xff,0x00,0x00,
0x00,0x00,0x00,0x00,0x00,0x00,0x00,0x00,0x00,0x00,0x00,0x00,0x00,0x00,0x00,0x00,
0x00,0x00,0x00,0x00,0x00,0x00,0x00,0x00,0x00,0x00,0x00,0x00,0x00,0xff,0xff,0xff,
0xff,0xff,0xff,0xff,0xff,0xff,0xff,0xff,0xff,0xff,0xff,0xff,0xff,0xff,0xff,0xff,
0xff,0xff,0xff,0xff,0xff,0x00,0x00,0x00,0x00,0x00,0x00,0x00,0x00,0x00,0x00,0x00,
0x00,0x00,0x00,0x00,0x00,0x00,0x00,0x00,0x00,0x00,0x00,0x00,0x00,0x00,0x00,0x00,
0x00,0x00,0x00,0x00,0xff,0xff,0xff,0xff,0xff,0xff,0xff,0xff,0xff,0xff,0xff,0xff,
0xff,0xff,0xff,0xff,0xff,0xff,0xff,0xff,0xff,0xff,0xff,0xff,0xff,0xff,0xff,0xff,
0x00,0x00,0x00,0x00,0x00,0x00,0x00,0x00,0x00,0x00,0x00,0x00,0x00,0x00,0x00,0x00,
0x00,0x00,0x00,0x00,0x00,0x00,0x00,0x00,0x00,0x00,0x00,0xff,0xff,0xff,0xff,0xff,
0xff,0xff,0xff,0xff,0xff,0xff,0xff,0xff,0xff,0xff,0xff,0xff,0xff,0xff,0xff,0xff,
0xff,0xff,0xff,0xff,0xff,0xff,0xff,0xff,0xff,0x00,0x00,0x00,0x00,0x00,0x00,0x00,
0x00,0x00,0x00,0x00,0x00,0x00,0x00,0x00,0x00,0x00,0x00,0x00,0x00,0x00,0x00,0x00,
0x00,0x00,0x00,0xff,0xff,0xff,0xff,0xff,0xff,0xff,0xff,0xff,0xff,0xff,0xff,0xff,
0xff,0xff,0xff,0xff,0xff,0xff,0xff,0xff,0xff,0xff,0xff,0xff,0xff,0xff,0xff,0xff,
0xff,0xff,0xff,0x00,0x00,0x00,0x00,0x00,0x00,0x00,0x00,0x00,0x00,0x00,0x00,0x00,
0x00,0x00,0x00,0x00,0x00,0x00,0x00,0x00,0x00,0x00,0x00,0x00,0xff,0xff,0xff,0xff,
0xff,0xff,0xff,0xff,0xff,0xff,0xff,0xff,0xff,0xff,0xff,0xff,0xff,0xff,0xff,0xff,
0xff,0xff,0xff,0xff,0xff,0xff,0xff,0xff,0xff,0xff,0xff,0x00,0x00,0x00,0x00,0x00,
0x00,0x00,0x00,0x00,0x00,0x00,0x00,0x00,0x00,0x00,0x00,0x00,0x00,0x00,0x00,0x00,
0x00,0x00,0x00,0x00,0x00,0xff,0xff,0xff,0xff,0xff,0xff,0xff,0xff,0xff,0xff,0xff,
0xff,0xff,0xff,0xff,0xff,0xff,0xff,0xff,0xff,0xff,0xff,0xff,0xff,0xff,0xff,0xff,
0xff,0xff,0xff,0xff,0x00,0x00,0x00,0x00,0x00,0x00,0x00,0x00,0x00,0x00,0x00,0x00,
0x00,0x00,0x00,0x00,0x00,0x00,0x00,0x00,0x00,0x00,0x00,0x00,0x00,0x00,0x00,0xff,
0xff,0xff,0xff,0xff,0xff,0xff,0xff,0xff,0xff,0xff,0xff,0xff,0xff,0xff,0xff,0xff,
0xff,0xff,0xff,0xff,0xff,0xff,0xff,0xff,0xff,0xff,0xff,0xff,0x00,0x00,0x00,0x00,
0x00,0x00,0x00,0x00,0x00,0x00,0x00,0x00,0x00,0x00,0x00,0x00,0x00,0x00,0x00,0x00,
0x00,0x00,0x00,0x00,0x00,0x00,0x00,0x00,0x00,0xff,0xff,0xff,0xff,0xff,0xff,0xff,
0xff,0xff,0xff,0xff,0xff,0xff,0xff,0xff,0xff,0xff,0xff,0xff,0xff,0xff,0xff,0xff,
0xff,0xff,0xff,0xff,0x00,0x00,0x00,0x00,0x00,0x00,0x00,0x00,0x00,0x00,0x00,0x00,
0x00,0x00,0x00,0x00,0x00,0x00,0x00,0x00,0x00,0x00,0x00,0x00,0x00,0x00,0xff,0xff,
0xff,0xff,0xff,0xff,0xff,0xff,0xff,0xff,0xff,0xff,0xff,0xff,0xff,0xff,0xff,0xff,
0xff,0xff,0xff,0xff,0xff,0xff,0xff,0xff,0xff,0xff,0x00,0x00,0x00,0x00,0x00,0x00,
0x00,0x00,0x00,0x00,0x00,0x00,0x00,0x00,0x00,0x00,0x00,0x00,0x00,0x00,0x00,0x00,
0x00,0x00,0x00,0xff,0xff,0xff,0xff,0xff,0xff,0xff,0xff,0xff,0xff,0xff,0xff,0xff,
0xff,0xff,0xff,0xff,0xff,0xff,0xff,0xff,0xff,0xff,0xff,0xff,0xff,0xff,0xff,0xff,
0xff,0xff,0xff,0xff,0xff,0x00,0x00,0x00,0x00,0x00,0x00,0x00,0x00,0x00,0x00,0x00,
0x00,0x00,0x00,0x00,0x00,0x00,0x00,0x00,0x00,0x00,0xff,0xff,0xff,0xff,0xff,0xff,
0xff,0xff,0xff,0xff,0xff,0xff,0xff,0xff,0xff,0xff,0xff,0xff,0xff,0xff,0xff,0xff,
0xff,0xff,0xff,0xff,0xff,0xff,0xff,0xff,0xff,0xff,0xff,0xff,0xff,0xff,0x00,0x00,
0x00,0x00,0x00,0x00,0x00,0x00,0x00,0x00,0x00,0x00,0x00,0x00,0x00,0x00,0x00,0x00,
0x00,0x00,0xff,0xff,0xff,0xff,0xff,0xff,0xff,0xff,0xff,0xff,0xff,0xff,0xff,0xff,
0xff,0xff,0xff,0xff,0xff,0xff,0xff,0xff,0xff,0xff,0xff,0xff,0xff,0xff,0xff,0xff,
0xff,0xff,0xff,0xff,0xff,0xff,0x00,0x00,0x00,0x00,0x00,0x00,0x00,0x00,0x00,0x00,
0x00,0x00,0x00,0x00,0x00,0x00,0x00,0x00,0x00,0x00,0xff,0xff,0xff,0xff,0xff,0xff,
0xff,0xff,0xff,0xff,0xff,0xff,0xff,0xff,0xff,0xff,0xff,0xff,0xff,0xff,0xff,0xff,
0xff,0xff,0xff,0xff,0xff,0xff,0xff,0xff,0xff,0xff,0xff,0xff,0xff,0xff,0x00,0x00,
0x00,0x00,0x00,0x00,0x00,0x00,0x00,0x00,0x00,0x00,0x00,0x00,0x00,0x00,0x00,0x00,
0x00,0xff,0xff,0xff,0xff,0xff,0xff,0xff,0xff,0xff,0xff,0xff,0xff,0xff,0xff,0xff,
0xff,0xff,0xff,0xff,0xff,0xff,0xff,0xff,0xff,0xff,0xff,0xff,0xff,0xff,0xff,0xff,
0xff,0xff,0xff,0xff,0xff,0x00,0x00,0x00,0x00,0x00,0x00,0x00,0x00,0x00,0x00,0x00,
0x00,0x00,0x00,0x00,0x00,0x00,0x00,0x00,0x00,0xff,0xff,0xff,0xff,0xff,0xff,0xff,
0xff,0xff,0xff,0xff,0xff,0xff,0xff,0xff,0xff,0xff,0xff,0xff,0xff,0xff,0xff,0xff,
0xff,0xff,0xff,0xff,0xff,0xff,0xff,0xff,0xff,0xff,0xff,0xff,0x00,0x00,0x00,0x00,
0x00,0x00,0x00,0x00,0x00,0x00,0x00,0x00,0x00,0x00,0x00,0x00,0x00,0x00,0x00,0x00,
0x00,0x00,0xff,0xff,0xff,0xff,0xff,0xff,0xff,0xff,0xff,0xff,0xff,0xff,0xff,0xff,
0xff,0xff,0xff,0xff,0xff,0xff,0xff,0xff,0xff,0xff,0xff,0xff,0xff,0xff,0xff,0xff,
0xff,0x00,0x00,0x00,0x00,0x00,0x00,0x00,0x00,0x00,0x00,0x00,0x00,0x00,0x00,0x00,
0x00,0x00,0x00,0x00,0x00,0x00,0x00,0x00,0x00,0x00,0x00,0x00,0x00,0x00,0xff,0xff,
0xff,0xff,0xff,0xff,0xff,0xff,0xff,0xff,0xff,0xff,0xff,0xff,0xff,0xff,0xff,0xff,
0xff,0xff,0xff,0xff,0xff,0xff,0xff,0xff,0xff,0xff,0xff,0xff,0x00,0x00,0x00,0x00,
0x00,0x00,0x00,0x00,0x00,0x00,0x00,0x00,0x00,0x00,0x00,0x00,0x00,0x00,0x00,0x00,
0x00,0x00,0x00,0x00,0xff,0xff,0xff,0xff,0xff,0xff,0xff,0xff,0xff,0xff,0xff,0xff,
0xff,0xff,0xff,0xff,0xff,0xff,0xff,0xff,0xff,0xff,0xff,0xff,0xff,0xff,0xff,0xff,
0xff,0xff,0xff,0xff,0x00,0x00,0x00,0x00,0x00,0x00,0x00,0x00,0x00,0x00,0x00,0x00,
0x00,0x00,0x00,0x00,0x00,0x00,0x00,0x00,0x00,0x00,0x00,0xff,0xff,0xff,0xff,0xff,
0xff,0xff,0xff,0xff,0xff,0xff,0xff,0xff,0xff,0xff,0xff,0xff,0xff,0xff,0xff,0xff,
0xff,0xff,0xff,0xff,0xff,0xff,0xff,0xff,0xff,0xff,0xff,0xff,0xff,0x00,0x00,0x00,
0x00,0x00,0x00,0x00,0x00,0x00,0x00,0x00,0x00,0x00,0x00,0x00,0x00,0x00,0x00,0x00,
0x00,0x00,0x00,0xff,0xff,0xff,0xff,0xff,0xff,0xff,0xff,0xff,0xff,0xff,0xff,0xff,
0xff,0xff,0xff,0xff,0xff,0xff,0xff,0xff,0xff,0xff,0xff,0xff,0xff,0xff,0xff,0xff,
0xff,0xff,0xff,0xff,0xff,0x00,0x00,0x00,0x00,0x00,0x00,0x00,0x00,0x00,0x00,0x00,
0x00,0x00,0x00,0x00,0x00,0x00,0x00,0x00,0x00,0x00,0x00,0xff,0xff,0xff,0xff,0xff,
0xff,0xff,0xff,0xff,0xff,0xff,0xff,0xff,0xff,0xff,0xff,0xff,0xff,0xff,0xff,0xff,
0xff,0xff,0xff,0xff,0xff,0xff,0xff,0xff,0xff,0xff,0xff,0xff,0xff,0xff,0x00,0x00,
0x00,0x00,0x00,0x00,0x00,0x00,0x00,0x00,0x00,0x00,0x00,0x00,0x00,0x00,0x00,0x00,
0x00,0x00,0xff,0xff,0xff,0xff,0xff,0xff,0xff,0xff,0xff,0xff,0xff,0xff,0xff,0xff,
0xff,0xff,0xff,0xff,0xff,0xff,0xff,0xff,0xff,0xff,0xff,0xff,0xff,0xff,0xff,0xff,
0xff,0xff,0xff,0xff,0xff,0xff,0x00,0x00,0x00,0x00,0x00,0x00,0x00,0x00,0x00,0x00,
0x00,0x00,0x00,0x00,0x00,0x00,0x00,0x00,0x00,0x00,0xff,0xff,0xff,0xff,0xff,0xff,
0xff,0xff,0xff,0xff,0xff,0xff,0xff,0xff,0xff,0xff,0xff,0xff,0xff,0xff,0xff,0xff,
0xff,0xff,0xff,0xff,0xff,0xff,0xff,0xff,0xff,0xff,0xff,0xff,0xff,0xff,0x00,0x00,
0x00,0x00,0x00,0x00,0x00,0x00,0x00,0x00,0x00,0x00,0x00,0x00,0x00,0x00,0x00,0x00,
0x00,0x00,0xff,0xff,0xff,0xff,0xff,0xff,0xff,0xff,0xff,0xff,0xff,0xff,0xff,0xff,
0xff,0xff,0xff,0xff,0xff,0xff,0xff,0xff,0xff,0xff,0xff,0xff,0xff,0xff,0xff,0xff,
0xff,0xff,0xff,0xff,0xff,0x00,0x00,0x00,0x00,0x00,0x00,0x00,0x00,0x00,0x00,0x00,
0x00,0x00,0x00,0x00,0x00,0x00,0x00,0x00,0x00,0x00,0x00,0x00,0xff,0xff,0xff,0xff,
0xff,0xff,0xff,0xff,0xff,0xff,0xff,0xff,0xff,0xff,0xff,0xff,0xff,0xff,0xff,0xff,
0xff,0xff,0xff,0xff,0xff,0xff,0xff,0xff,0xff,0xff,0xff,0xff,0xff,0x00,0x00,0x00,
0x00,0x00,0x00,0x00,0x00,0x00,0x00,0x00,0x00,0x00,0x00,0x00,0x00,0x00,0x00,0x00,
0x00,0x00,0x00,0xff,0xff,0xff,0xff,0xff,0xff,0xff,0xff,0xff,0xff,0xff,0xff,0xff,
0xff,0xff,0xff,0xff,0xff,0xff,0xff,0xff,0xff,0xff,0xff,0xff,0xff,0xff,0xff,0xff,
0xff,0xff,0xff,0xff,0x00,0x00,0x00,0x00,0x00,0x00,0x00,0x00,0x00,0x00,0x00,0x00,
0x00,0x00,0x00,0x00,0x00,0x00,0x00,0x00,0x00,0x00,0x00,0xff,0xff,0xff,0xff,0xff,
0xff,0xff,0xff,0xff,0xff,0xff,0xff,0xff,0xff,0xff,0xff,0xff,0xff,0xff,0xff,0xff,
0xff,0xff,0xff,0xff,0xff,0xff,0xff,0xff,0xff,0xff,0xff,0xff,0xff,0x00,0x00,0x00,
0x00,0x00,0x00,0x00,0x00,0x00,0x00,0x00,0x00,0x00,0x00,0x00,0x00,0x00,0x00,0x00,
0x00,0x00,0x00,0xff,0xff,0xff,0xff,0xff,0xff,0xff,0xff,0xff,0xff,0xff,0xff,0xff,
0xff,0xff,0xff,0xff,0xff,0xff,0xff,0xff,0xff,0xff,0xff,0xff,0xff,0xff,0xff,0xff,
0xff,0xff,0xff,0xff,0xff,0x00,0x00,0x00,0x00,0x00,0x00,0x00,0x00,0x00,0x00,0x00,

};
static const lv_image_dsc_t s_farm_herb_3 = {
    .header.magic = LV_IMAGE_HEADER_MAGIC,
    .header.cf = LV_COLOR_FORMAT_RGB565A8,
    .header.flags = 0,
    .header.w = 56,
    .header.h = 52,
    .header.stride = 112,
    .data_size = sizeof(s_farm_herb_3_map),
    .data = s_farm_herb_3_map,
};

const lv_image_dsc_t *const visual_farm_crops[4][4] = {
    { &s_farm_wheat_0, &s_farm_wheat_1, &s_farm_wheat_2, &s_farm_wheat_3 },
    { &s_farm_carrot_0, &s_farm_carrot_1, &s_farm_carrot_2, &s_farm_carrot_3 },
    { &s_farm_strawberry_0, &s_farm_strawberry_1, &s_farm_strawberry_2, &s_farm_strawberry_3 },
    { &s_farm_herb_0, &s_farm_herb_1, &s_farm_herb_2, &s_farm_herb_3 },
};
