#include "visual_assets.h"

#ifndef LV_ATTRIBUTE_MEM_ALIGN
#define LV_ATTRIBUTE_MEM_ALIGN
#endif

static const LV_ATTRIBUTE_MEM_ALIGN LV_ATTRIBUTE_LARGE_CONST uint8_t s_nav_inn_map[] = {
0x00,0x00,0x00,0x00,0x00,0x00,0x00,0x00,0x00,0x00,0x00,0x00,0x00,0x00,0x00,0x00,
0x00,0x00,0x00,0x00,0x00,0x00,0x00,0x00,0x00,0x00,0x00,0x00,0x00,0x00,0x00,0x00,
0x00,0x00,0x00,0x00,0x00,0x00,0x00,0x00,0x00,0x00,0x00,0x00,0x00,0x00,0x00,0x00,
0x00,0x00,0x00,0x00,0x00,0x00,0x00,0x00,0x00,0x00,0x00,0x00,0x00,0x00,0x00,0x00,
0x00,0x00,0x00,0x00,0x00,0x00,0x00,0x00,0x00,0x00,0x00,0x00,0x00,0x00,0x00,0x00,
0x00,0x00,0x00,0x00,0x00,0x00,0x00,0x00,0x00,0x00,0x00,0x00,0x00,0x00,0x00,0x00,
0x00,0x00,0x00,0x00,0x00,0x00,0x00,0x00,0xc5,0x00,0xa4,0x08,0xa5,0x00,0xa4,0x08,
0xa4,0x08,0x01,0x00,0x00,0x00,0x00,0x00,0x00,0x00,0x00,0x00,0x00,0x00,0x00,0x00,
0x00,0x00,0x00,0x00,0x00,0x00,0x00,0x00,0x00,0x00,0x00,0x00,0x00,0x00,0x00,0x00,
0x00,0x00,0x00,0x00,0x00,0x00,0x00,0x00,0x00,0x00,0x00,0x00,0x00,0x00,0x00,0x00,
0x00,0x00,0x00,0x00,0x00,0x00,0x00,0x00,0x00,0x00,0x00,0x00,0x00,0x00,0x00,0x00,
0x00,0x00,0x00,0x00,0x00,0x00,0x00,0x00,0x00,0x00,0x04,0x21,0x40,0x30,0xcd,0xc4,
0xc5,0xdb,0x81,0xaa,0xe6,0x51,0x81,0x20,0x00,0x00,0x00,0x00,0x00,0x00,0x00,0x00,
0x00,0x00,0x00,0x00,0x00,0x00,0x00,0x00,0x00,0x00,0x00,0x00,0x00,0x00,0x00,0x00,
0x00,0x00,0x00,0x00,0x00,0x00,0x00,0x00,0x00,0x00,0x00,0x00,0x00,0x00,0x00,0x00,
0x00,0x00,0x00,0x00,0x00,0x00,0x00,0x00,0x00,0x00,0x00,0x00,0x00,0x00,0x00,0x00,
0x00,0x00,0x00,0x00,0x00,0x00,0x00,0x00,0x00,0x00,0x00,0x00,0x00,0x00,0xe3,0x20,
0x80,0xa2,0x84,0xcb,0x43,0x59,0x43,0x59,0xc6,0x49,0x40,0x20,0x00,0x00,0x00,0x00,
0x00,0x00,0x00,0x00,0x00,0x00,0x00,0x00,0x00,0x20,0xe6,0x8a,0xa5,0x00,0x84,0x08,
0xa4,0x00,0xa4,0x08,0xa4,0x00,0xa4,0x08,0xa4,0x00,0xa4,0x08,0x00,0x00,0x00,0x00,
0x00,0x00,0x00,0x00,0x00,0x00,0x00,0x00,0x00,0x00,0x00,0x00,0x00,0x00,0x00,0x00,
0x00,0x00,0x00,0x00,0x00,0x00,0x00,0x00,0x00,0x00,0x00,0x00,0x00,0x00,0x00,0x00,
0x00,0x08,0x83,0x29,0x60,0xa2,0xe3,0xaa,0x42,0x59,0x43,0x51,0x45,0x39,0x82,0x18,
0xa4,0x08,0xc5,0x08,0xa4,0x08,0xc5,0x08,0xc3,0x10,0xc4,0x10,0x04,0x19,0x45,0x21,
0x23,0xbb,0xe7,0xcb,0xa3,0xdb,0xc4,0xdb,0xa4,0xdb,0xe5,0xdb,0xa5,0x51,0x61,0x20,
0x00,0x00,0x00,0x00,0x00,0x00,0x00,0x00,0x00,0x00,0x00,0x00,0x00,0x00,0x00,0x00,
0x00,0x00,0x00,0x00,0x00,0x00,0x00,0x00,0x00,0x00,0x00,0x00,0x00,0x00,0x00,0x00,
0x00,0x00,0x00,0x00,0xa5,0x00,0x84,0x08,0x42,0x9a,0x83,0xa2,0xc3,0x28,0xe3,0x30,
0x02,0xbb,0xa5,0xdb,0xc4,0xdb,0x83,0xdb,0x64,0xcb,0x64,0xd3,0xa4,0xaa,0x63,0xaa,
0x84,0xa2,0x22,0x9a,0x43,0x92,0x43,0x9a,0xe4,0x79,0x62,0x71,0x63,0x59,0x43,0x61,
0xc7,0x49,0x61,0x20,0x00,0x00,0x00,0x00,0x00,0x00,0x00,0x00,0x00,0x00,0x00,0x00,
0x00,0x00,0x00,0x00,0x00,0x00,0x00,0x00,0x00,0x00,0x00,0x00,0x00,0x00,0x00,0x00,
0x00,0x00,0x00,0x00,0x00,0x00,0x00,0x00,0x40,0x38,0x4c,0xb4,0x44,0xcb,0xa2,0xb2,
0xc1,0x48,0xc5,0x61,0x42,0xa2,0xa4,0xa2,0x83,0xb2,0xa3,0xaa,0x42,0xa2,0x63,0x9a,
0xc4,0x71,0x22,0x59,0x22,0x51,0x43,0x51,0x02,0x51,0x23,0x51,0x44,0x49,0x81,0x30,
0x84,0x08,0x84,0x00,0xa3,0x10,0x21,0x00,0x00,0x00,0x00,0x00,0x00,0x00,0x00,0x00,
0x00,0x00,0x00,0x00,0x00,0x00,0x00,0x00,0x00,0x00,0x00,0x00,0x00,0x00,0x00,0x00,
0x00,0x00,0x00,0x00,0x00,0x00,0x00,0x00,0x00,0x00,0x00,0x00,0x40,0x30,0x4a,0x93,
0xc4,0xaa,0x62,0xaa,0xe2,0x38,0x43,0x49,0xe3,0x79,0xa2,0x79,0xe4,0x69,0x01,0x59,
0x43,0x49,0x23,0x51,0xa4,0x00,0xa8,0x31,0xa5,0x00,0x84,0x08,0xa4,0x08,0x46,0x21,
0xa5,0x00,0xa4,0x08,0x00,0x00,0x00,0x00,0x00,0x00,0x00,0x00,0x00,0x00,0x00,0x00,
0x00,0x00,0x00,0x00,0x00,0x00,0x00,0x00,0x00,0x00,0x00,0x00,0x00,0x00,0x00,0x00,
0x00,0x00,0x00,0x00,0x00,0x00,0x00,0x00,0x00,0x00,0x00,0x00,0x00,0x00,0x00,0x00,
0xa4,0x08,0xc5,0x08,0x42,0xa2,0x83,0xaa,0x24,0x41,0xa2,0x28,0xc4,0x18,0xa4,0x10,
0xa4,0x08,0xc4,0x00,0xa4,0x08,0xc5,0x00,0xa4,0x08,0xa4,0x00,0x02,0x08,0x44,0x10,
0xa3,0x10,0xa7,0x29,0xe3,0x18,0x20,0x00,0x00,0x00,0x00,0x00,0x00,0x00,0x00,0x00,
0x00,0x00,0x00,0x00,0x00,0x00,0x00,0x00,0x00,0x00,0x00,0x00,0x00,0x00,0x00,0x00,
0x00,0x00,0x00,0x00,0x00,0x00,0x00,0x00,0x00,0x00,0x00,0x00,0x00,0x00,0x00,0x00,
0x00,0x00,0x00,0x00,0x00,0x08,0x03,0x31,0x83,0xa2,0x82,0xaa,0x23,0x49,0x02,0x49,
0x45,0x31,0x61,0x18,0xe8,0x39,0x00,0x00,0x25,0x21,0x04,0x21,0xc5,0x08,0x67,0x21,
0xa3,0x08,0x46,0x21,0xa5,0x00,0xa4,0x08,0xc4,0x10,0x01,0x00,0x00,0x00,0x00,0x00,
0x00,0x00,0x00,0x00,0x00,0x00,0x00,0x00,0x00,0x00,0x00,0x00,0x00,0x00,0x00,0x00,
0x00,0x00,0x00,0x00,0x00,0x00,0x00,0x00,0x00,0x00,0x00,0x00,0x00,0x00,0x00,0x00,
0x00,0x00,0x00,0x00,0x00,0x00,0x00,0x00,0x00,0x00,0x45,0x29,0x21,0xa2,0xa3,0xaa,
0x22,0x51,0x43,0x51,0x45,0x39,0x82,0x18,0x00,0x00,0xe4,0x10,0xa4,0x08,0xe5,0x08,
0xc4,0x10,0xc4,0x08,0xc4,0x08,0xc5,0x08,0xa4,0x08,0xc5,0x00,0xa4,0x08,0xc5,0x08,
0x00,0x00,0x00,0x00,0x00,0x00,0x00,0x00,0x00,0x00,0x00,0x00,0x00,0x00,0x00,0x00,
0x00,0x00,0x00,0x00,0x00,0x00,0x00,0x00,0x00,0x00,0x00,0x00,0x00,0x00,0x00,0x00,
0x00,0x00,0x00,0x00,0x00,0x00,0x00,0x00,0x00,0x00,0x00,0x00,0x00,0x00,0x04,0x29,
0x42,0xa2,0x82,0xaa,0x02,0x49,0x43,0x59,0xa6,0x41,0x61,0x20,0x02,0x00,0xa3,0x10,
0xe5,0x7a,0x8f,0xdd,0xed,0x8b,0x87,0x62,0x2a,0x32,0xc8,0x29,0x88,0x19,0x06,0x19,
0x67,0x19,0xa4,0x08,0x00,0x00,0x00,0x00,0x00,0x00,0x00,0x00,0x00,0x00,0x00,0x00,
0x00,0x00,0x00,0x00,0x00,0x00,0x00,0x00,0x00,0x00,0x00,0x00,0x00,0x00,0x00,0x00,
0x00,0x00,0x00,0x00,0x00,0x00,0x00,0x00,0x00,0x00,0x00,0x00,0x00,0x00,0x00,0x00,
0x00,0x00,0x45,0x29,0x41,0xa2,0xa3,0xaa,0x01,0x51,0x63,0x59,0x85,0x49,0x81,0x20,
0x00,0x00,0xa3,0x08,0xc3,0x51,0xae,0xac,0xab,0x52,0xc8,0x29,0xc8,0x29,0x67,0x19,
0x26,0x19,0x06,0x11,0x47,0x21,0xc5,0x00,0x00,0x00,0x00,0x00,0x00,0x00,0x00,0x00,
0x00,0x00,0x00,0x00,0x00,0x00,0x00,0x00,0x00,0x00,0x00,0x00,0x00,0x00,0x00,0x00,
0x00,0x00,0x00,0x00,0x00,0x00,0x00,0x00,0x00,0x00,0x00,0x00,0x00,0x00,0x00,0x00,
0x00,0x00,0x00,0x00,0x00,0x00,0x24,0x29,0x22,0x9a,0x62,0xaa,0x02,0x49,0x43,0x59,
0x86,0x39,0x61,0x20,0xa5,0x00,0xa4,0x08,0xc5,0x08,0xa4,0x08,0xa4,0x08,0xa4,0x10,
0xa4,0x08,0x83,0x08,0xc5,0x08,0xa4,0x08,0xc5,0x08,0x84,0x08,0xa4,0x18,0xc5,0x20,
0x00,0x00,0x00,0x00,0x00,0x00,0x00,0x00,0x00,0x00,0x00,0x00,0x00,0x00,0x00,0x00,
0x00,0x00,0x00,0x00,0x00,0x00,0x00,0x00,0x00,0x00,0x00,0x00,0x00,0x00,0x00,0x00,
0x00,0x00,0x00,0x00,0x00,0x00,0x00,0x00,0x00,0x00,0x24,0x21,0x22,0x9a,0x22,0x92,
0x22,0x59,0x83,0x59,0xc3,0x20,0x83,0x10,0x01,0xd9,0xa4,0xe1,0x60,0xb8,0x85,0xd1,
0x62,0xe9,0xa3,0xe9,0xa2,0xe9,0xa2,0xe1,0x63,0xd9,0x63,0xd1,0x02,0xd9,0x22,0xd1,
0xa8,0x59,0x63,0x28,0x24,0x31,0x00,0x00,0x00,0x00,0x00,0x00,0x00,0x00,0x00,0x00,
0x00,0x00,0x00,0x00,0x00,0x00,0x00,0x00,0x00,0x00,0x00,0x00,0x00,0x00,0x00,0x00,
0x00,0x00,0x00,0x00,0x00,0x00,0x00,0x00,0x00,0x00,0x00,0x00,0x00,0x00,0x04,0x29,
0x43,0x92,0x02,0x92,0x23,0x51,0x64,0x59,0x00,0x40,0x28,0x92,0xe3,0xe9,0xc0,0xc8,
0x81,0xe1,0x03,0xfa,0x62,0xfa,0x62,0xfa,0x83,0xfa,0x21,0xf2,0x03,0xf2,0xc1,0xf1,
0xa0,0xc0,0xa4,0xe1,0x64,0xc9,0xa1,0xb8,0xc4,0x10,0x01,0x00,0x00,0x00,0x00,0x00,
0x00,0x00,0x00,0x00,0x00,0x00,0x00,0x00,0x00,0x00,0x00,0x00,0x00,0x00,0x00,0x00,
0x00,0x00,0x00,0x00,0x00,0x00,0x00,0x00,0x00,0x00,0x00,0x00,0x00,0x00,0x00,0x00,
0x00,0x00,0x04,0x21,0x01,0x92,0x42,0x92,0x45,0x41,0x82,0x18,0xe0,0xd0,0xa4,0xe1,
0x65,0xf2,0x00,0xc1,0xc2,0xfa,0x03,0xfb,0x21,0xfb,0x63,0xfb,0x61,0xfb,0x62,0xfb,
0x03,0xfb,0x81,0xf2,0x65,0xfa,0xa2,0xd9,0xc3,0xf1,0x21,0xd9,0x83,0x10,0x01,0x00,
0x00,0x00,0x00,0x00,0x00,0x00,0x00,0x00,0x00,0x00,0x00,0x00,0x00,0x00,0x00,0x00,
0x00,0x00,0x00,0x00,0x00,0x00,0x00,0x00,0x00,0x00,0x00,0x00,0x00,0x00,0x00,0x00,
0x00,0x00,0x00,0x00,0x00,0x00,0xc3,0x20,0x22,0x92,0x01,0x92,0x21,0x30,0x65,0x61,
0x02,0xc9,0xc4,0xe1,0xc0,0xb8,0x05,0xea,0xa2,0xf2,0x03,0xfb,0x22,0xfb,0x22,0xfb,
0x22,0xfb,0x22,0xfb,0xa3,0xfa,0x62,0xfa,0xe5,0xd9,0xa0,0xb8,0xa4,0xe1,0x22,0xd9,
0xa8,0x79,0x00,0x48,0x00,0x00,0x00,0x00,0x00,0x00,0x00,0x00,0x00,0x00,0x00,0x00,
0x00,0x00,0x00,0x00,0x00,0x00,0x00,0x00,0x00,0x00,0x00,0x00,0x00,0x00,0x00,0x00,
0x00,0x00,0x00,0x00,0x00,0x00,0x00,0x00,0x00,0x00,0xe4,0x18,0xa2,0x79,0xa2,0x71,
0x00,0x50,0x28,0x9a,0x21,0xfa,0xa3,0xfa,0x40,0xd1,0xe5,0xfa,0xe1,0xfb,0x22,0xfc,
0x82,0xfc,0xa3,0xfc,0x62,0xfc,0x42,0xfc,0xe2,0xfb,0xa1,0xfb,0xe5,0xfa,0x60,0xc9,
0x04,0xfb,0x82,0xf2,0xe7,0x91,0x00,0x48,0xe3,0x40,0x00,0x10,0x00,0x00,0x00,0x00,
0x00,0x00,0x00,0x00,0x00,0x00,0x00,0x00,0x00,0x00,0x00,0x00,0x00,0x00,0x00,0x00,
0x00,0x00,0x00,0x00,0x00,0x00,0x00,0x00,0x00,0x00,0x00,0x00,0x01,0x00,0xa3,0x18,
0x82,0x20,0xa6,0x49,0x00,0x48,0x48,0xa2,0xa2,0xf2,0x03,0xfb,0xe1,0xe1,0xc4,0xfa,
0x02,0xf3,0x42,0xfb,0x08,0xcc,0x35,0xff,0xc3,0xe3,0xe8,0xfc,0x22,0xf3,0x22,0xfb,
0x05,0xfb,0xa0,0xd9,0xc3,0xfa,0x82,0xfa,0x49,0x9a,0x00,0x50,0x66,0x41,0x00,0x10,
0x00,0x00,0x00,0x00,0x00,0x00,0x00,0x00,0x00,0x00,0x00,0x00,0x00,0x00,0x00,0x00,
0x00,0x00,0x00,0x00,0x00,0x00,0x00,0x00,0x00,0x00,0x00,0x00,0x00,0x00,0x00,0x00,
0x00,0x00,0x00,0x00,0xa4,0x08,0xc4,0x08,0x00,0x48,0xa9,0xa2,0x80,0xf2,0x23,0xfb,
0x60,0xd1,0xe5,0xfa,0x01,0xfc,0x42,0xfc,0x67,0xcc,0x73,0xff,0xb9,0xff,0xda,0xff,
0x02,0xfc,0xa1,0xf3,0x83,0xfb,0x80,0xe2,0x20,0xd9,0xe3,0xe1,0xe2,0xb8,0x03,0xb9,
0xc3,0x10,0x21,0x00,0x00,0x00,0x00,0x00,0x00,0x00,0x00,0x00,0x00,0x00,0x00,0x00,
0x00,0x00,0x00,0x00,0x00,0x00,0x00,0x00,0x00,0x00,0x00,0x00,0x00,0x00,0x00,0x00,
0x00,0x00,0x00,0x00,0x00,0x00,0x00,0x00,0x01,0x00,0xa3,0x10,0x61,0xd1,0x44,0xf2,
0x22,0xf3,0x62,0xfb,0x60,0xda,0xa4,0xfb,0x41,0xfc,0x21,0xfc,0x88,0xc4,0x73,0xff,
0xda,0xff,0xba,0xff,0x42,0xfc,0x21,0xfc,0x03,0xfc,0x81,0xf3,0xe0,0xd9,0xa3,0xfa,
0xe4,0xe9,0x21,0xd9,0xc4,0x08,0x01,0x00,0x00,0x00,0x00,0x00,0x00,0x00,0x00,0x00,
0x00,0x00,0x00,0x00,0x00,0x00,0x00,0x00,0x00,0x00,0x00,0x00,0x00,0x00,0x00,0x00,
0x00,0x00,0x00,0x00,0x00,0x00,0x00,0x00,0x00,0x00,0x00,0x00,0x01,0x00,0xc4,0x08,
0x00,0xc9,0xc3,0xe1,0x40,0xf2,0xc3,0xfa,0x80,0xd2,0xa8,0xfc,0xba,0xff,0xda,0xff,
0xc8,0xd4,0x72,0xff,0xa7,0xd4,0x92,0xff,0xd9,0xff,0xd9,0xff,0x34,0xff,0x07,0xcc,
0xa1,0xe1,0x43,0xea,0x63,0xd9,0x01,0xc9,0xa3,0x10,0x21,0x00,0x00,0x00,0x00,0x00,
0x00,0x00,0x00,0x00,0x00,0x00,0x00,0x00,0x00,0x00,0x00,0x00,0x00,0x00,0x00,0x00,
0x00,0x00,0x00,0x00,0x00,0x00,0x00,0x00,0x00,0x00,0x00,0x00,0x00,0x00,0x00,0x00,
0x01,0x00,0xa3,0x10,0x01,0xe2,0xc4,0xfa,0x22,0xfc,0x42,0xfc,0x47,0xbb,0x36,0xff,
0xdb,0xff,0xba,0xff,0x73,0xff,0xc8,0xd4,0x83,0xfc,0x01,0xf4,0xda,0xff,0xb9,0xff,
0xda,0xff,0xb9,0xff,0x80,0xe2,0x63,0xfb,0x64,0xf2,0xc1,0xe9,0xa4,0x08,0x01,0x00,
0x00,0x00,0x00,0x00,0x00,0x00,0x00,0x00,0x00,0x00,0x00,0x00,0x00,0x00,0x00,0x00,
0x00,0x00,0x00,0x00,0x00,0x00,0x00,0x00,0x00,0x00,0x00,0x00,0x00,0x00,0x00,0x00,
0x00,0x00,0x00,0x00,0x00,0x00,0xc4,0x08,0x61,0xf2,0x24,0xfb,0x40,0xfc,0xc3,0xfc,
0x64,0xc3,0x13,0xff,0xb9,0xff,0xda,0xff,0xa2,0xfc,0xc3,0xfc,0x73,0xff,0x0a,0xd5,
0xd2,0xf6,0xd6,0xff,0x73,0xff,0xc9,0xd4,0xc0,0xea,0xa3,0xfb,0xc2,0xfa,0xc3,0xfa,
0xa3,0x10,0x21,0x00,0x00,0x00,0x00,0x00,0x00,0x00,0x00,0x00,0x00,0x00,0x00,0x00,
0x00,0x00,0x00,0x00,0x00,0x00,0x00,0x00,0x00,0x00,0x00,0x00,0x00,0x00,0x00,0x00,
0x00,0x00,0x00,0x00,0x00,0x00,0x00,0x00,0x01,0x00,0xa3,0x10,0x41,0xea,0xc3,0xfa,
0x41,0xf4,0xc3,0xfc,0x20,0xe3,0x43,0xfc,0xc1,0xfc,0xc1,0xfc,0x61,0xec,0xa1,0xfc,
0x0a,0xd5,0xb5,0xff,0xa2,0xfc,0x81,0xfc,0x82,0xfc,0x61,0xfc,0xc0,0xe2,0x83,0xfb,
0x84,0xfa,0xe1,0xe9,0x83,0x08,0x01,0x00,0x00,0x00,0x00,0x00,0x00,0x00,0x00,0x00,
0x00,0x00,0x00,0x00,0x00,0x00,0x00,0x00,0x00,0x00,0x00,0x00,0x00,0x00,0x00,0x00,
0x00,0x00,0x00,0x00,0x00,0x00,0x00,0x00,0x00,0x00,0x00,0x00,0x00,0x00,0xc3,0x08,
0x60,0xd1,0x23,0xea,0xe0,0xfa,0x42,0xfb,0x60,0xea,0xa3,0xfb,0x49,0xe5,0x92,0xff,
0xd8,0xff,0xd9,0xff,0x08,0xdd,0x92,0xff,0xb6,0xff,0x76,0xff,0x02,0xfc,0x80,0xf3,
0x00,0xea,0xa3,0xf2,0xc3,0xe9,0x62,0xd1,0xa3,0x10,0x21,0x00,0x00,0x00,0x00,0x00,
0x00,0x00,0x00,0x00,0x00,0x00,0x00,0x00,0x00,0x00,0x00,0x00,0x00,0x00,0x00,0x00,
0x00,0x00,0x00,0x00,0x00,0x00,0x00,0x00,0x00,0x00,0x00,0x00,0x00,0x00,0x00,0x00,
0x01,0x00,0xa3,0x10,0x61,0xea,0xe3,0xfa,0x62,0xf4,0xc3,0xfc,0x80,0xe3,0xc4,0xfc,
0xda,0xff,0xb9,0xff,0xda,0xff,0xb9,0xff,0x09,0xd5,0x71,0xff,0xba,0xff,0xb9,0xff,
0xc2,0xfc,0xa1,0xfc,0xc0,0xe2,0xa3,0xfb,0x84,0xfa,0xe1,0xe9,0xa4,0x08,0x01,0x00,
0x00,0x00,0x00,0x00,0x00,0x00,0x00,0x00,0x00,0x00,0x00,0x00,0x00,0x00,0x00,0x00,
0x00,0x00,0x00,0x00,0x00,0x00,0x00,0x00,0x00,0x00,0x00,0x00,0x00,0x00,0x00,0x00,
0x00,0x00,0x00,0x00,0x00,0x00,0xc3,0x08,0x40,0x70,0xa8,0xba,0x80,0xfb,0x43,0xfc,
0x20,0xeb,0x85,0xfc,0x49,0xfe,0x45,0xed,0x91,0xff,0x08,0xd5,0x27,0xdd,0x70,0xff,
0x93,0xff,0xac,0xdd,0xc2,0xfc,0x20,0xf4,0x20,0xe2,0x23,0xfb,0xc9,0xba,0x40,0x60,
0xa3,0x10,0x21,0x00,0x00,0x00,0x00,0x00,0x00,0x00,0x00,0x00,0x00,0x00,0x00,0x00,
0x00,0x00,0x00,0x00,0x00,0x00,0x00,0x00,0x00,0x00,0x00,0x00,0x00,0x00,0x00,0x00,
0x00,0x00,0x00,0x00,0x00,0x00,0x00,0x00,0x00,0x00,0x00,0x00,0x00,0x48,0x48,0x9a,
0x41,0xea,0xc3,0xfa,0x60,0xda,0xa4,0xfb,0x81,0xf4,0xe2,0xfc,0xe0,0xf4,0x20,0xfd,
0x41,0xfd,0x20,0xfd,0xc1,0xfc,0x80,0xfc,0xc4,0xfb,0x60,0xe2,0x02,0xea,0x22,0xf2,
0x08,0x8a,0x00,0x48,0xa7,0x39,0x00,0x08,0x00,0x00,0x00,0x00,0x00,0x00,0x00,0x00,
0x00,0x00,0x00,0x00,0x00,0x00,0x00,0x00,0x00,0x00,0x00,0x00,0x00,0x00,0x00,0x00,
0x00,0x00,0x00,0x00,0x00,0x00,0x00,0x00,0x00,0x00,0x00,0x00,0x00,0x00,0x00,0x00,
0x00,0x50,0x09,0xb3,0x61,0xfb,0x04,0xfc,0xc0,0xda,0x06,0xfd,0xa1,0xfd,0x23,0xfe,
0x23,0xfe,0x44,0xfe,0x43,0xfe,0x64,0xfe,0x43,0xfe,0x02,0xfe,0xa5,0xfc,0x80,0xd2,
0x23,0xfc,0x61,0xf3,0xe9,0xb2,0x00,0x48,0x82,0x28,0x00,0x08,0x00,0x00,0x00,0x00,
0x00,0x00,0x00,0x00,0x00,0x00,0x00,0x00,0x00,0x00,0x00,0x00,0x00,0x00,0x00,0x00,
0x00,0x00,0x00,0x00,0x00,0x00,0x00,0x00,0x00,0x00,0x00,0x00,0x00,0x00,0x00,0x00,
0x00,0x00,0x00,0x00,0xa4,0x00,0xa4,0x08,0x81,0xd9,0x44,0xf2,0x42,0xea,0x42,0xf2,
0x40,0xf4,0xa1,0xfc,0xe1,0xfc,0x01,0xfd,0x21,0xfd,0x00,0xfd,0x82,0xfc,0x20,0xfc,
0x84,0xfb,0x20,0xe2,0x85,0xf2,0x81,0xd9,0x84,0x00,0xa4,0x10,0x00,0x00,0x00,0x00,
0x00,0x00,0x00,0x00,0x00,0x00,0x00,0x00,0x00,0x00,0x00,0x00,0x00,0x00,0x00,0x00,
0x00,0x00,0x00,0x00,0x00,0x00,0x00,0x00,0x00,0x00,0x00,0x00,0x00,0x00,0x00,0x00,
0x00,0x00,0x00,0x00,0x00,0x00,0x00,0x00,0x00,0x00,0xc4,0x10,0xc2,0xfa,0x23,0xfb,
0x44,0xfc,0xc0,0xda,0x22,0xfe,0x43,0xfe,0x64,0xfe,0xa6,0xfe,0xa5,0xfe,0xa6,0xfe,
0x43,0xfe,0x02,0xfe,0x44,0xfd,0x41,0xec,0x64,0xfb,0x81,0xea,0x62,0x10,0x01,0x00,
0x00,0x00,0x00,0x00,0x00,0x00,0x00,0x00,0x00,0x00,0x00,0x00,0x00,0x00,0x00,0x00,
0x00,0x00,0x00,0x00,0x00,0x00,0x00,0x00,0x00,0x00,0x00,0x00,0x00,0x00,0x00,0x00,
0x00,0x00,0x00,0x00,0x00,0x00,0x00,0x00,0x00,0x00,0x00,0x00,0x02,0x00,0x02,0x00,
0x00,0x48,0x89,0xaa,0xe2,0xf2,0xa1,0xf2,0x40,0xca,0x04,0xfc,0x80,0xf4,0xc1,0xfc,
0xc1,0xfc,0x80,0xfc,0x82,0xfc,0x41,0xfc,0xa1,0xd9,0x43,0xfa,0x48,0x9a,0x00,0x50,
0x00,0x00,0x00,0x00,0x00,0x00,0x00,0x00,0x00,0x00,0x00,0x00,0x00,0x00,0x00,0x00,
0x00,0x00,0x00,0x00,0x00,0x00,0x00,0x00,0x00,0x00,0x00,0x00,0x00,0x00,0x00,0x00,
0x00,0x00,0x00,0x00,0x00,0x00,0x00,0x00,0x00,0x00,0x00,0x00,0x00,0x00,0x00,0x00,
0x00,0x00,0x00,0x00,0x00,0x00,0xa3,0x08,0x80,0xd9,0x84,0xf2,0xe0,0xd9,0x23,0xfb,
0x40,0xf5,0x03,0xfe,0x02,0xfe,0x80,0xf5,0xc4,0xfb,0x00,0xca,0x83,0xf2,0x40,0xc1,
0x83,0x18,0xa4,0x10,0x00,0x00,0x00,0x00,0x00,0x00,0x00,0x00,0x00,0x00,0x00,0x00,
0x00,0x00,0x00,0x00,0x00,0x00,0x00,0x00,0x00,0x00,0x00,0x00,0x00,0x00,0x00,0x00,
0x00,0x00,0x00,0x00,0x00,0x00,0x00,0x00,0x00,0x00,0x00,0x00,0x00,0x00,0x00,0x00,
0x00,0x00,0x00,0x00,0x00,0x00,0x00,0x00,0x00,0x00,0x00,0x00,0xa5,0x00,0xa4,0x08,
0xa4,0x00,0xa4,0x08,0xa4,0x00,0x84,0x08,0xa5,0x00,0xa5,0x08,0xa5,0x00,0x84,0x08,
0xa5,0x00,0x84,0x08,0x00,0x00,0x00,0x00,0x00,0x00,0x00,0x00,0x00,0x00,0x00,0x00,
0x00,0x00,0x00,0x00,0x00,0x00,0x00,0x00,0x00,0x00,0x00,0x00,0x00,0x00,0x00,0x00,
0x00,0x00,0x00,0x00,0x00,0x00,0x00,0x00,0x00,0x00,0x00,0x00,0x00,0x00,0x00,0x00,
0x00,0x00,0x00,0x00,0x00,0x00,0x00,0x00,0x00,0x00,0x00,0x00,0x00,0x00,0x00,0x00,
0xa4,0x08,0xe9,0x29,0x65,0x5a,0xaf,0xa4,0xcb,0x5a,0x29,0x3a,0xe9,0x31,0xe9,0x29,
0x67,0x21,0x06,0x11,0x47,0x19,0xc5,0x00,0x00,0x00,0x00,0x00,0x00,0x00,0x00,0x00,
0x00,0x00,0x00,0x00,0x00,0x00,0x00,0x00,0x00,0x00,0x00,0x00,0x00,0x00,0x00,0x00,
0x00,0x00,0x00,0x00,0x00,0x00,0x00,0x00,0x00,0x00,0x00,0x00,0x00,0x00,0x00,0x00,
0x00,0x00,0x00,0x00,0x00,0x00,0x00,0x00,0x00,0x00,0x00,0x00,0x00,0x00,0x00,0x00,
0x00,0x00,0x00,0x00,0xa5,0x00,0xa4,0x08,0x25,0x5a,0x0c,0x9c,0xac,0x42,0x09,0x3a,
0x4b,0x32,0xa8,0x21,0x68,0x19,0x47,0x19,0xc5,0x00,0xa4,0x08,0x00,0x00,0x00,0x00,
0x00,0x00,0x00,0x00,0x00,0x00,0x00,0x00,0x00,0x00,0x00,0x00,0x00,0x00,0x00,0x00,
0x00,0x00,0x00,0x00,0x00,0x00,0x00,0x00,0x00,0x00,0x00,0x00,0x00,0x00,0x00,0x00,
0x00,0x00,0x00,0x00,0x00,0x00,0x00,0x00,0x00,0x00,0x00,0x00,0x00,0x00,0x00,0x00,
0x00,0x00,0x00,0x00,0x00,0x00,0x00,0x00,0x00,0x00,0xa3,0x08,0xa4,0x08,0xc4,0x00,
0xa4,0x08,0xc5,0x00,0x84,0x08,0xa4,0x08,0xa4,0x08,0xc5,0x00,0xa3,0x10,0x21,0x00,
0x00,0x00,0x00,0x00,0x00,0x00,0x00,0x00,0x00,0x00,0x00,0x00,0x00,0x00,0x00,0x00,
0x00,0x00,0x00,0x00,0x00,0x00,0x00,0x00,0x00,0x00,0x00,0x00,0x00,0x00,0x00,0x00,
0x00,0x00,0x00,0x00,0x00,0x00,0x00,0x00,0x00,0x00,0x00,0x00,0x00,0x00,0x00,0x00,
0x00,0x00,0x00,0x00,0x00,0x00,0x00,0x00,0x00,0x00,0x00,0x00,0x00,0x00,0x00,0x00,
0xa4,0x08,0xa8,0x31,0x66,0x7a,0x24,0x7a,0x27,0x52,0x64,0x41,0x46,0x19,0xa3,0x10,
0x00,0x00,0x00,0x00,0x00,0x00,0x00,0x00,0x00,0x00,0x00,0x00,0x00,0x00,0x00,0x00,
0x00,0x00,0x00,0x00,0x00,0x00,0x00,0x00,0x00,0x00,0x00,0x00,0x00,0x00,0x00,0x00,
0x00,0x00,0x00,0x00,0x00,0x00,0x00,0x00,0x00,0x00,0x00,0x00,0x00,0x00,0x00,0x00,
0x00,0x00,0x00,0x00,0x00,0x00,0x00,0x00,0x00,0x00,0x00,0x00,0x00,0x00,0x00,0x00,
0x00,0x00,0x00,0x00,0x05,0x11,0xc4,0x00,0x84,0x08,0xa4,0x00,0xa4,0x08,0xa4,0x00,
0xa4,0x08,0xa4,0x00,0x00,0x00,0x00,0x00,0x00,0x00,0x00,0x00,0x00,0x00,0x00,0x00,
0x00,0x00,0x00,0x00,0x00,0x00,0x00,0x00,0x00,0x00,0x00,0x00,0x00,0x00,0x00,0x00,
0x00,0x00,0x00,0x00,0x00,0x00,0x00,0x00,0x00,0x00,0x00,0x00,0x00,0x00,0x00,0x00,
0x00,0x00,0x00,0x00,0x00,0x00,0x00,0x00,0x00,0x00,0x00,0x00,0x00,0x00,0x00,0x00,
0x00,0x00,0x00,0x00,0x00,0x00,0x00,0x00,0x00,0x00,0x00,0x00,0x00,0x00,0x00,0x00,
0x00,0x00,0x00,0x00,0x00,0x00,0x00,0x00,0x00,0x00,0x00,0x00,0x00,0x00,0x00,0x00,
0x00,0x00,0x00,0x00,0x00,0x00,0x00,0x00,0x00,0x00,0x00,0x00,0x00,0x00,0x00,0x00,
0x00,0x00,0x00,0x00,0x00,0x00,0x00,0x00,0x00,0x00,0x00,0x00,0x00,0x00,0x00,0x00,
0x00,0x00,0x00,0x00,0x00,0x00,0x00,0x00,0x00,0x00,0x00,0x00,0x00,0x00,0x00,0x00,
0x00,0x00,0x00,0x00,0x00,0x00,0x00,0x00,0x00,0x00,0x00,0x00,0x00,0x00,0x00,0x00,
0x00,0x00,0x00,0x00,0x00,0x00,0x00,0x00,0x00,0x00,0x00,0x00,0xf0,0xfc,0xfd,0xfe,
0xfc,0x03,0x00,0x00,0x00,0x00,0x00,0x00,0x00,0x00,0x00,0x00,0x00,0x00,0x00,0x00,
0x00,0x00,0x00,0x00,0x00,0x00,0x00,0x00,0x00,0x00,0x00,0x00,0x00,0x00,0x00,0x00,
0x00,0x00,0x00,0x00,0x00,0x27,0xfd,0xfe,0xfe,0xfe,0xfe,0xfd,0x00,0x00,0x00,0x00,
0x00,0x00,0x00,0x00,0x01,0x01,0x01,0x02,0x01,0x01,0x01,0x00,0x00,0x00,0x00,0x00,
0x00,0x00,0x00,0x00,0x00,0x00,0x00,0x00,0x00,0x00,0x00,0x00,0x00,0x00,0x00,0x27,
0xfe,0xfe,0xfd,0xfd,0xfe,0xfe,0x00,0x00,0x00,0x00,0x00,0x00,0x00,0x03,0xf8,0xfd,
0xfd,0xfd,0xfd,0xfd,0xfc,0xce,0x01,0x00,0x00,0x00,0x00,0x00,0x00,0x00,0x00,0x00,
0x00,0x00,0x00,0x00,0x00,0x00,0x00,0x00,0x02,0x27,0xfe,0xfe,0xfe,0xfe,0xfc,0xfd,
0xf9,0xf8,0xf8,0xfd,0xfd,0xfd,0xfd,0xfe,0xfe,0xfe,0xfe,0xfe,0xfe,0xfd,0xfd,0xfc,
0x02,0x00,0x00,0x00,0x00,0x00,0x00,0x00,0x00,0x00,0x00,0x00,0x00,0x00,0x00,0x00,
0x00,0x00,0xf8,0xfd,0xfe,0xfe,0xfe,0xfe,0xfe,0xfe,0xfe,0xfe,0xfe,0xfe,0xfe,0xfe,
0xfe,0xfe,0xfe,0xfe,0xfe,0xfe,0xfe,0xfd,0xfd,0xfc,0x02,0x00,0x00,0x00,0x00,0x00,
0x00,0x00,0x00,0x00,0x00,0x00,0x00,0x00,0x00,0x00,0x00,0x00,0xfb,0xfe,0xfe,0xfe,
0xfe,0xfe,0xfe,0xfe,0xfe,0xfe,0xfe,0xfe,0xfe,0xfe,0xfe,0xfd,0xfd,0xfe,0xfe,0xfd,
0xfe,0xfd,0xfd,0x02,0x00,0x00,0x00,0x00,0x00,0x00,0x00,0x00,0x00,0x00,0x00,0x00,
0x00,0x00,0x00,0x00,0x00,0x00,0xfc,0xfe,0xfe,0xfe,0xfe,0xfe,0xfe,0xfe,0xfe,0xfe,
0xfe,0xfe,0xfe,0xfd,0xfd,0xfc,0xfc,0xfd,0xfc,0xf9,0x00,0x00,0x00,0x00,0x00,0x00,
0x00,0x00,0x00,0x00,0x00,0x00,0x00,0x00,0x00,0x00,0x00,0x00,0x00,0x00,0x00,0x00,
0xfa,0xfd,0xfe,0xfe,0xfe,0xfe,0xfd,0xfe,0xfd,0xfc,0xf7,0xf7,0xfd,0xfd,0x03,0x04,
0xd5,0xfc,0x12,0x01,0x00,0x00,0x00,0x00,0x00,0x00,0x00,0x00,0x00,0x00,0x00,0x00,
0x00,0x00,0x00,0x00,0x00,0x00,0x00,0x00,0x00,0x00,0x02,0x6e,0xfe,0xfe,0xfe,0xfe,
0xfd,0xfd,0x04,0x04,0x07,0x07,0xfb,0xfd,0xf2,0x06,0xf8,0xfc,0x17,0x00,0x00,0x00,
0x00,0x00,0x00,0x00,0x00,0x00,0x00,0x00,0x00,0x00,0x00,0x00,0x00,0x00,0x00,0x00,
0x00,0x00,0x00,0x00,0x00,0x2d,0xfe,0xfe,0xfe,0xfe,0xfd,0xfe,0x03,0x94,0xfe,0xfd,
0xfd,0xfe,0xfe,0xfd,0xfd,0xfd,0xfd,0x75,0x00,0x00,0x00,0x00,0x00,0x00,0x00,0x00,
0x00,0x00,0x00,0x00,0x00,0x00,0x00,0x00,0x00,0x00,0x00,0x00,0x00,0x00,0x00,0x2b,
0xfe,0xfe,0xfe,0xfe,0xfd,0xfe,0x02,0xfc,0xfe,0xfe,0xfe,0xfe,0xfe,0xfe,0xfe,0xfe,
0xfd,0xfd,0x00,0x00,0x00,0x00,0x00,0x00,0x00,0x00,0x00,0x00,0x00,0x00,0x00,0x00,
0x00,0x00,0x00,0x00,0x00,0x00,0x00,0x00,0x00,0x28,0xfe,0xfe,0xfe,0xfd,0xfd,0xfe,
0x02,0xfd,0xfe,0xfe,0xfe,0xfe,0xfe,0xfe,0xfe,0xfe,0xfe,0xfe,0x00,0x00,0x00,0x00,
0x00,0x00,0x00,0x00,0x00,0x00,0x00,0x00,0x00,0x00,0x00,0x00,0x00,0x00,0x00,0x00,
0x00,0x00,0x00,0x29,0xfe,0xfe,0xfd,0xfe,0xfe,0xfd,0xfd,0xfd,0xfe,0xfe,0xfe,0xfe,
0xfe,0xfe,0xfe,0xfe,0xfe,0xfe,0xd0,0x1f,0x00,0x00,0x00,0x00,0x00,0x00,0x00,0x00,
0x00,0x00,0x00,0x00,0x00,0x00,0x00,0x00,0x00,0x00,0x00,0x00,0x00,0x2c,0xfe,0xfe,
0xfe,0xfe,0xfe,0xfe,0xfe,0xfe,0xfe,0xfe,0xfe,0xfe,0xfe,0xfe,0xfe,0xfe,0xfe,0xfe,
0xfc,0xf9,0x08,0x00,0x00,0x00,0x00,0x00,0x00,0x00,0x00,0x00,0x00,0x00,0x00,0x00,
0x00,0x00,0x00,0x00,0x00,0x00,0x00,0x2a,0xfe,0xfe,0xfe,0xfe,0xfe,0xfe,0xfe,0xfe,
0xfe,0xfe,0xfe,0xfe,0xfe,0xfe,0xfe,0xfe,0xfe,0xfe,0xfd,0xfd,0xf2,0x00,0x00,0x00,
0x00,0x00,0x00,0x00,0x00,0x00,0x00,0x00,0x00,0x00,0x00,0x00,0x00,0x00,0x00,0x00,
0x00,0x31,0xfe,0xfe,0xfd,0xfe,0xfe,0xfe,0xfe,0xfe,0xfe,0xfe,0xfe,0xfe,0xfe,0xfe,
0xfe,0xfe,0xfe,0xfe,0xfe,0xfe,0xfd,0x00,0x00,0x00,0x00,0x00,0x00,0x00,0x00,0x00,
0x00,0x00,0x00,0x00,0x00,0x00,0x00,0x00,0x00,0x00,0x00,0x30,0xfe,0xfe,0xfe,0xfe,
0xfe,0xfe,0xfe,0xfe,0xfe,0xfe,0xfe,0xfe,0xfe,0xfe,0xfe,0xfe,0xfe,0xfe,0xfe,0xfe,
0xfe,0xfc,0x01,0x00,0x00,0x00,0x00,0x00,0x00,0x00,0x00,0x00,0x00,0x00,0x00,0x00,
0x00,0x00,0x00,0x00,0x00,0x2f,0xfe,0xfe,0xfe,0xfe,0xfe,0xfe,0xfe,0xfe,0xfe,0xfe,
0xfe,0xfe,0xfe,0xfe,0xfe,0xfe,0xfe,0xfe,0xfe,0xfe,0xfe,0xfd,0x02,0x00,0x00,0x00,
0x00,0x00,0x00,0x00,0x00,0x00,0x00,0x00,0x00,0x00,0x00,0x00,0x00,0x00,0x00,0x2c,
0xfc,0xfd,0xfe,0xfe,0xfe,0xfe,0xfe,0xfe,0xfe,0xfe,0xfe,0xfe,0xfe,0xfe,0xfe,0xfe,
0xfe,0xfe,0xfe,0xfe,0xfe,0xfd,0x1c,0x00,0x00,0x00,0x00,0x00,0x00,0x00,0x00,0x00,
0x00,0x00,0x00,0x00,0x00,0x00,0x00,0x00,0x00,0x00,0xfc,0xfb,0xfe,0xfe,0xfe,0xfe,
0xfe,0xfe,0xfe,0xfe,0xfe,0xfe,0xff,0xff,0xfe,0xfe,0xfe,0xfe,0xfe,0xfe,0xfe,0xfe,
0xfd,0x00,0x00,0x00,0x00,0x00,0x00,0x00,0x00,0x00,0x00,0x00,0x00,0x00,0x00,0x00,
0x00,0x00,0x00,0x00,0x00,0xf4,0xfe,0xfe,0xfe,0xfe,0xfe,0xfe,0xfe,0xfe,0xfe,0xfe,
0xfe,0xfe,0xfd,0xfe,0xfe,0xfe,0xfe,0xfe,0xfe,0xfe,0xfe,0x00,0x00,0x00,0x00,0x00,
0x00,0x00,0x00,0x00,0x00,0x00,0x00,0x00,0x00,0x00,0x00,0x00,0x00,0x00,0x00,0xf5,
0xfe,0xfe,0xfe,0xfe,0xfe,0xfe,0xfe,0xfe,0xfe,0xfe,0xfe,0xfe,0xfe,0xfe,0xfe,0xfe,
0xfe,0xfe,0xfe,0xfe,0xfe,0x00,0x00,0x00,0x00,0x00,0x00,0x00,0x00,0x00,0x00,0x00,
0x00,0x00,0x00,0x00,0x00,0x00,0x00,0x00,0x00,0xf5,0xfe,0xfe,0xfe,0xfe,0xfe,0xfe,
0xfe,0xfe,0xfe,0xfe,0xfe,0xfe,0xfe,0xfe,0xfe,0xfe,0xfe,0xfe,0xfe,0xfe,0xfe,0x00,
0x00,0x00,0x00,0x00,0x00,0x00,0x00,0x00,0x00,0x00,0x00,0x00,0x00,0x00,0x00,0x00,
0x00,0x00,0x00,0xf4,0xfe,0xfe,0xfe,0xfe,0xfe,0xfe,0xfe,0xfe,0xfe,0xfe,0xfe,0xfe,
0xfe,0xfe,0xfe,0xfe,0xfe,0xfe,0xfe,0xfe,0xfe,0x00,0x00,0x00,0x00,0x00,0x00,0x00,
0x00,0x00,0x00,0x00,0x00,0x00,0x00,0x00,0x00,0x00,0x00,0x00,0x00,0xf5,0xfe,0xfe,
0xfe,0xfe,0xfe,0xfe,0xfe,0xfe,0xfe,0xfe,0xfe,0xfe,0xfe,0xfe,0xfe,0xfe,0xfe,0xfe,
0xfe,0xfe,0xfe,0x00,0x00,0x00,0x00,0x00,0x00,0x00,0x00,0x00,0x00,0x00,0x00,0x00,
0x00,0x00,0x00,0x00,0x00,0x00,0x00,0xf4,0xfe,0xfe,0xfe,0xfe,0xfe,0xfe,0xfd,0xfe,
0xfe,0xfe,0xfe,0xfe,0xfe,0xfe,0xfe,0xfe,0xfe,0xfe,0xfe,0xfe,0xfe,0x00,0x00,0x00,
0x00,0x00,0x00,0x00,0x00,0x00,0x00,0x00,0x00,0x00,0x00,0x00,0x00,0x00,0x00,0x00,
0x00,0xf4,0xfe,0xfe,0xfe,0xfe,0xfe,0xfe,0xfe,0xfe,0xfe,0xfe,0xfe,0xfe,0xfe,0xfe,
0xfe,0xfe,0xfe,0xfe,0xfe,0xfe,0xfd,0x00,0x00,0x00,0x00,0x00,0x00,0x00,0x00,0x00,
0x00,0x00,0x00,0x00,0x00,0x00,0x00,0x00,0x00,0x00,0x00,0xf4,0xfd,0xfe,0xfe,0xfe,
0xfe,0xfe,0xfe,0xfe,0xfe,0xfe,0xfe,0xfe,0xfe,0xfe,0xfe,0xfe,0xfe,0xfe,0xfe,0xfd,
0xfd,0x00,0x00,0x00,0x00,0x00,0x00,0x00,0x00,0x00,0x00,0x00,0x00,0x00,0x00,0x00,
0x00,0x00,0x00,0x00,0x00,0x01,0xfc,0xfe,0xfe,0xfe,0xfe,0xfe,0xfe,0xfe,0xfe,0xfe,
0xfe,0xfe,0xfe,0xfe,0xfe,0xfe,0xfe,0xfe,0xfe,0xfd,0x06,0x00,0x00,0x00,0x00,0x00,
0x00,0x00,0x00,0x00,0x00,0x00,0x00,0x00,0x00,0x00,0x00,0x00,0x00,0x00,0x00,0x00,
0xfc,0xfe,0xfe,0xfe,0xfe,0xfe,0xfe,0xfe,0xfe,0xfe,0xfe,0xfe,0xfe,0xfe,0xfe,0xfe,
0xfe,0xfe,0xfe,0xfd,0x03,0x00,0x00,0x00,0x00,0x00,0x00,0x00,0x00,0x00,0x00,0x00,
0x00,0x00,0x00,0x00,0x00,0x00,0x00,0x00,0x00,0x00,0xfa,0xfe,0xfe,0xfe,0xfe,0xfe,
0xfe,0xfe,0xfe,0xfe,0xfe,0xfe,0xfe,0xfe,0xfe,0xfe,0xfe,0xfe,0xfe,0xfd,0x02,0x00,
0x00,0x00,0x00,0x00,0x00,0x00,0x00,0x00,0x00,0x00,0x00,0x00,0x00,0x00,0x00,0x00,
0x00,0x00,0x00,0x00,0x02,0xfc,0xfd,0xfe,0xfe,0xfe,0xfe,0xfe,0xfe,0xfe,0xfe,0xfe,
0xfe,0xfe,0xfe,0xfe,0xfe,0xfe,0xfd,0x02,0x00,0x00,0x00,0x00,0x00,0x00,0x00,0x00,
0x00,0x00,0x00,0x00,0x00,0x00,0x00,0x00,0x00,0x00,0x00,0x00,0x00,0x00,0x00,0x02,
0xfc,0xfd,0xfe,0xfe,0xfe,0xfe,0xfe,0xfe,0xfe,0xfe,0xfe,0xfe,0xfe,0xfe,0xfe,0xfd,
0x02,0x00,0x00,0x00,0x00,0x00,0x00,0x00,0x00,0x00,0x00,0x00,0x00,0x00,0x00,0x00,
0x00,0x00,0x00,0x00,0x00,0x00,0x00,0x00,0x00,0x01,0x01,0xfd,0xfe,0xfe,0xfe,0xfe,
0xfe,0xfe,0xfe,0xfe,0xfe,0xfe,0xfe,0xfd,0xfd,0xcd,0x01,0x00,0x00,0x00,0x00,0x00,
0x00,0x00,0x00,0x00,0x00,0x00,0x00,0x00,0x00,0x00,0x00,0x00,0x00,0x00,0x00,0x00,
0x00,0x00,0x00,0x00,0x00,0x02,0xfe,0xfe,0xfe,0xfe,0xfe,0xfe,0xfe,0xfe,0xfe,0xfe,
0xfe,0xfd,0x01,0x01,0x00,0x00,0x00,0x00,0x00,0x00,0x00,0x00,0x00,0x00,0x00,0x00,
0x00,0x00,0x00,0x00,0x00,0x00,0x00,0x00,0x00,0x00,0x00,0x00,0x00,0x00,0x00,0x00,
0xfe,0xfe,0xfe,0xfe,0xfe,0xfd,0xfe,0xfe,0xfe,0xfe,0xfe,0xfd,0x00,0x00,0x00,0x00,
0x00,0x00,0x00,0x00,0x00,0x00,0x00,0x00,0x00,0x00,0x00,0x00,0x00,0x00,0x00,0x00,
0x00,0x00,0x00,0x00,0x00,0x00,0x00,0x00,0x00,0x00,0xfe,0xfe,0xfe,0xfe,0xfe,0xfd,
0xfe,0xfe,0xfd,0xfe,0xfd,0xfd,0x00,0x00,0x00,0x00,0x00,0x00,0x00,0x00,0x00,0x00,
0x00,0x00,0x00,0x00,0x00,0x00,0x00,0x00,0x00,0x00,0x00,0x00,0x00,0x00,0x00,0x00,
0x00,0x00,0x00,0x00,0x02,0xfb,0xfd,0xfe,0xfe,0xfe,0xfe,0xfe,0xfe,0xfd,0xfc,0x00,
0x00,0x00,0x00,0x00,0x00,0x00,0x00,0x00,0x00,0x00,0x00,0x00,0x00,0x00,0x00,0x00,
0x00,0x00,0x00,0x00,0x00,0x00,0x00,0x00,0x00,0x00,0x00,0x00,0x00,0x00,0x00,0x01,
0xfc,0xfe,0xfe,0xfe,0xfe,0xfe,0xfd,0xfc,0x00,0x00,0x00,0x00,0x00,0x00,0x00,0x00,
0x00,0x00,0x00,0x00,0x00,0x00,0x00,0x00,0x00,0x00,0x00,0x00,0x00,0x00,0x00,0x00,
0x00,0x00,0x00,0x00,0x00,0x00,0x00,0x00,0x00,0x00,0x06,0xfe,0xfe,0xfe,0xfe,0xfe,
0xfd,0xed,0x02,0x00,0x00,0x00,0x00,0x00,0x00,0x00,0x00,0x00,0x00,0x00,0x00,0x00,
0x00,0x00,0x00,0x00,0x00,0x00,0x00,0x00,0x00,0x00,0x00,0x00,0x00,0x00,0x00,0x00,
0x00,0x00,0x00,0x00,0x00,0x00,0x00,0x00,0x00,0x00,0x00,0x00,0x00,0x00,0x00,0x00,
0x00,0x00,0x00,0x00,0x00,0x00,0x00,0x00,0x00,0x00,0x00,0x00,

};
const lv_image_dsc_t visual_nav_inn = {
    .header.magic = LV_IMAGE_HEADER_MAGIC,
    .header.cf = LV_COLOR_FORMAT_RGB565A8,
    .header.flags = 0,
    .header.w = 42,
    .header.h = 42,
    .header.stride = 84,
    .data_size = sizeof(s_nav_inn_map),
    .data = s_nav_inn_map,
};

static const LV_ATTRIBUTE_MEM_ALIGN LV_ATTRIBUTE_LARGE_CONST uint8_t s_nav_plan_map[] = {
0x00,0x00,0x00,0x00,0x00,0x00,0x00,0x00,0x00,0x00,0x00,0x00,0x00,0x00,0x00,0x00,
0x00,0x00,0x00,0x00,0x00,0x00,0x00,0x00,0x00,0x00,0x00,0x00,0x00,0x00,0x00,0x00,
0x00,0x00,0x00,0x00,0x00,0x00,0x00,0x00,0x00,0x00,0x00,0x00,0x00,0x00,0x00,0x00,
0x00,0x00,0x00,0x00,0x00,0x00,0x00,0x00,0x00,0x00,0x00,0x00,0x00,0x00,0x00,0x00,
0x00,0x00,0x00,0x00,0x00,0x00,0x00,0x00,0x00,0x00,0x00,0x00,0x00,0x00,0x00,0x00,
0x00,0x00,0x00,0x00,0x00,0x00,0x00,0x00,0x00,0x00,0x00,0x00,0x00,0x00,0x00,0x00,
0x00,0x00,0x00,0x00,0x00,0x00,0x00,0x00,0x20,0x00,0x84,0x52,0x09,0x32,0xa3,0x10,
0xc5,0x00,0xa4,0x08,0xc5,0x00,0xa4,0x08,0x00,0x00,0x00,0x00,0x00,0x00,0x00,0x00,
0x00,0x00,0x00,0x00,0x00,0x00,0x00,0x00,0x00,0x00,0x00,0x00,0x00,0x00,0x00,0x00,
0x00,0x00,0x00,0x00,0x00,0x00,0x00,0x00,0x00,0x00,0x00,0x00,0x00,0x00,0x00,0x00,
0x00,0x00,0x00,0x00,0x00,0x00,0x00,0x00,0x00,0x00,0x00,0x00,0x00,0x00,0x00,0x00,
0x00,0x00,0x00,0x00,0x00,0x00,0x00,0x00,0x00,0x10,0x86,0x41,0xa4,0x08,0xa4,0x00,
0xa3,0x08,0xa4,0x08,0x28,0xdc,0xe7,0xcb,0xb2,0xd5,0x80,0x28,0xc3,0x18,0x00,0x00,
0x00,0x00,0x00,0x00,0x00,0x00,0x00,0x00,0x00,0x00,0x00,0x00,0x00,0x00,0x00,0x00,
0x00,0x00,0x00,0x00,0x00,0x00,0x00,0x00,0x00,0x00,0x00,0x00,0x00,0x00,0x00,0x00,
0x00,0x00,0x00,0x00,0x00,0x00,0x00,0x00,0x00,0x00,0x00,0x00,0x00,0x00,0x00,0x00,
0x00,0x00,0x00,0x00,0x00,0x00,0x00,0x00,0x00,0x00,0x00,0x00,0x85,0x00,0x84,0x00,
0x2d,0xe5,0xcb,0xdc,0x8b,0xd4,0x49,0xd4,0x6c,0xc4,0xe2,0x71,0x13,0xde,0x65,0x72,
0x04,0x19,0xab,0x52,0x00,0x00,0x00,0x00,0x00,0x00,0x00,0x00,0x00,0x00,0x00,0x00,
0x00,0x00,0x00,0x00,0x00,0x00,0x00,0x00,0x00,0x00,0x00,0x00,0x00,0x00,0x00,0x00,
0x00,0x00,0x00,0x00,0x00,0x00,0x00,0x00,0x00,0x00,0x00,0x00,0x00,0x00,0x00,0x00,
0x00,0x00,0x00,0x00,0x00,0x00,0x00,0x00,0x00,0x00,0x00,0x00,0x01,0x00,0xc4,0x08,
0x80,0x28,0xd4,0xcd,0xe9,0xc3,0x64,0x8a,0x68,0xab,0xc5,0x92,0xaa,0xab,0x41,0x59,
0xb0,0xfe,0x0e,0xee,0xa3,0x10,0x29,0x3a,0x00,0x00,0x00,0x00,0x00,0x00,0x00,0x00,
0x00,0x00,0x00,0x00,0x00,0x00,0x00,0x00,0x00,0x00,0x00,0x00,0x00,0x00,0x00,0x00,
0x00,0x00,0x00,0x00,0x00,0x00,0x00,0x00,0x00,0x00,0x00,0x00,0x00,0x00,0x00,0x00,
0x00,0x00,0x00,0x00,0x00,0x00,0x00,0x00,0x00,0x00,0x00,0x00,0x00,0x00,0x00,0x00,
0x01,0x00,0x62,0x08,0x6e,0xf5,0xa2,0x9a,0xe1,0x71,0xd0,0xf5,0xa9,0xb3,0x03,0x82,
0x42,0x39,0x39,0xff,0xb1,0xfe,0x0e,0xf6,0xa4,0x00,0xc4,0x08,0x00,0x00,0x00,0x00,
0x00,0x00,0x00,0x00,0x00,0x00,0x00,0x00,0x00,0x00,0x00,0x00,0x00,0x00,0x00,0x00,
0x00,0x00,0x00,0x00,0x00,0x00,0x00,0x00,0x00,0x00,0x00,0x00,0x00,0x00,0x00,0x00,
0x00,0x00,0x00,0x00,0x00,0x00,0x00,0x00,0x00,0x00,0x00,0x00,0x00,0x00,0x00,0x00,
0x00,0x00,0x00,0x00,0x80,0x30,0xb3,0xcd,0x0b,0xe5,0xef,0xfd,0x6a,0xd4,0xa3,0x92,
0x61,0x51,0xb3,0xdd,0x55,0xff,0x34,0xff,0xb0,0xfe,0x90,0xfe,0xf4,0xdd,0xa0,0x28,
0xaa,0x5a,0x00,0x00,0x00,0x00,0x00,0x00,0x00,0x00,0x00,0x00,0x00,0x00,0x00,0x00,
0x00,0x00,0x00,0x00,0x00,0x00,0x00,0x00,0x00,0x00,0x00,0x00,0x00,0x00,0x00,0x00,
0x00,0x00,0x00,0x00,0x00,0x00,0x00,0x00,0x00,0x00,0x00,0x00,0x00,0x00,0x00,0x00,
0x00,0x00,0x00,0x00,0x22,0x00,0xa3,0x08,0x80,0x28,0x11,0xc5,0x47,0xab,0xcc,0xe4,
0xe3,0x59,0x17,0xff,0x75,0xff,0x13,0xff,0x14,0xff,0xf3,0xfe,0x34,0xff,0x50,0xf6,
0x75,0xde,0x80,0x28,0xc4,0x08,0x01,0x00,0x00,0x00,0x00,0x00,0x00,0x00,0x00,0x00,
0x00,0x00,0x00,0x00,0x00,0x00,0x00,0x00,0x00,0x00,0x00,0x00,0x00,0x00,0x00,0x00,
0x00,0x00,0x00,0x00,0x00,0x00,0x00,0x00,0x00,0x00,0x00,0x00,0x00,0x00,0x00,0x00,
0x00,0x00,0x00,0x00,0x00,0x00,0x00,0x00,0x00,0x00,0xa3,0x08,0xcb,0xe4,0x66,0xb3,
0x0f,0xd5,0x40,0x59,0x8a,0xfd,0xab,0xf5,0x6f,0xfe,0x90,0xfe,0xd3,0xfe,0x55,0xff,
0x55,0xff,0xf4,0xf6,0x4f,0xfe,0x2f,0xf6,0xa1,0x10,0x48,0x42,0x00,0x00,0x00,0x00,
0x00,0x00,0x00,0x00,0x00,0x00,0x00,0x00,0x00,0x00,0x00,0x00,0x00,0x00,0x00,0x00,
0x00,0x00,0x00,0x00,0x00,0x00,0x00,0x00,0x00,0x00,0x00,0x00,0x00,0x00,0x00,0x00,
0x00,0x00,0x00,0x00,0x00,0x00,0x00,0x00,0x00,0x00,0x00,0x00,0x01,0x00,0x83,0x10,
0xce,0xd4,0xa1,0x71,0x07,0x62,0xe2,0x40,0xcc,0xa3,0x82,0x61,0xee,0xed,0x4f,0xfe,
0xf4,0xf6,0x34,0xff,0x14,0xf7,0x34,0xff,0xf4,0xfe,0x71,0xf6,0x90,0x9c,0x60,0x20,
0x00,0x00,0x00,0x00,0x00,0x00,0x00,0x00,0x00,0x00,0x00,0x00,0xc4,0x4a,0x01,0x32,
0xc5,0x00,0xa5,0x08,0x00,0x00,0x00,0x00,0x00,0x00,0x00,0x00,0x00,0x00,0x00,0x00,
0x00,0x00,0x00,0x00,0x00,0x00,0x00,0x00,0x00,0x00,0x00,0x00,0x00,0x00,0x00,0x00,
0x00,0x00,0xa3,0x08,0xe7,0xb3,0xb3,0xfe,0xd1,0xfe,0x4f,0xf6,0x31,0xf6,0x2d,0xd5,
0x68,0xd4,0xae,0xf5,0x6f,0xfe,0xf2,0xfe,0x56,0xff,0x77,0xff,0x75,0xff,0x14,0xf7,
0x34,0xde,0xa0,0x20,0x89,0x52,0x00,0x00,0x00,0x00,0x00,0x00,0x07,0x32,0xe2,0x08,
0x40,0x19,0x8d,0xbe,0xca,0x8c,0x00,0x09,0x00,0x00,0x00,0x00,0x00,0x00,0x00,0x00,
0x00,0x00,0x00,0x00,0x00,0x00,0x00,0x00,0x00,0x00,0x00,0x00,0x00,0x00,0x00,0x00,
0x00,0x00,0x00,0x00,0x22,0x00,0xa3,0x08,0x80,0x28,0x8f,0xb4,0xcb,0xd4,0x0c,0xe5,
0x6d,0xd5,0xd2,0xfe,0xc1,0x69,0xd1,0xf5,0x70,0xf6,0xb1,0xfe,0x57,0xff,0x56,0xff,
0x55,0xff,0xd3,0xfe,0xd7,0xe6,0xc0,0x28,0x8a,0x52,0x00,0x00,0x00,0x00,0x00,0x00,
0x00,0x11,0x0d,0xb6,0x03,0xa6,0x00,0x8d,0xaa,0x7c,0x20,0x11,0x00,0x00,0x00,0x00,
0x00,0x00,0x00,0x00,0x00,0x00,0x00,0x00,0x00,0x00,0x00,0x00,0x00,0x00,0x00,0x00,
0x00,0x00,0x00,0x00,0x00,0x00,0x00,0x00,0x00,0x00,0x00,0x00,0xa4,0x10,0xc4,0x08,
0x8a,0xd4,0xcb,0xd4,0x2a,0xe5,0x0e,0xfe,0xe1,0x79,0x2b,0xbc,0xed,0xf5,0x90,0xfe,
0x14,0xff,0x75,0xff,0x77,0xff,0x77,0xff,0xb0,0xfe,0x4f,0xf6,0xc2,0x10,0x82,0x00,
0x01,0x00,0xe4,0x10,0x00,0x11,0x4b,0x95,0x80,0x53,0xa5,0x95,0xe6,0x6b,0xc0,0x19,
0x00,0x00,0x00,0x00,0x00,0x00,0x00,0x00,0x00,0x00,0x00,0x00,0x00,0x00,0x00,0x00,
0x00,0x00,0x00,0x00,0x00,0x00,0x00,0x00,0x00,0x00,0x00,0x00,0x00,0x00,0x00,0x00,
0xa8,0x29,0xa3,0x10,0x60,0x20,0x8f,0xb4,0x6a,0xcc,0x0c,0xe5,0x95,0xf6,0xe2,0x61,
0x8c,0xe5,0xcd,0xf5,0xd2,0xfe,0xd2,0xfe,0x77,0xff,0x76,0xff,0xd2,0xfe,0x50,0xf6,
0xc5,0x08,0xa4,0x08,0x87,0x21,0x83,0x08,0xe1,0x74,0x60,0x6c,0x42,0x7d,0xa0,0x6c,
0xe4,0x21,0xa3,0x21,0x00,0x00,0x00,0x00,0x00,0x00,0x00,0x00,0x00,0x00,0x00,0x00,
0x00,0x00,0x00,0x00,0x00,0x00,0x00,0x00,0x00,0x00,0x00,0x00,0x00,0x00,0x00,0x00,
0x00,0x00,0x00,0x00,0xa1,0x28,0x23,0x39,0xa2,0x18,0xef,0x7b,0x6a,0xd4,0x6a,0xcc,
0x4e,0xed,0x83,0x8a,0x01,0x72,0x11,0xee,0xb1,0xfe,0xf2,0xfe,0x35,0xff,0x97,0xff,
0xf2,0xfe,0x91,0xf6,0xd2,0xd5,0x80,0x20,0xa4,0x08,0xa4,0x00,0x02,0x5c,0xe0,0x2a,
0xe0,0x53,0x00,0x4c,0xe4,0x08,0x05,0x09,0xa4,0x08,0xc5,0x00,0xa3,0x10,0x21,0x00,
0x00,0x00,0x00,0x00,0x00,0x00,0x00,0x00,0x00,0x00,0x00,0x00,0x00,0x00,0x00,0x00,
0x00,0x00,0x00,0x00,0x00,0x00,0x00,0x00,0x00,0x00,0x00,0x00,0xff,0xf7,0x83,0x08,
0x4a,0xc4,0x6a,0xd4,0xab,0xd4,0xcf,0xfd,0xe2,0x71,0x4e,0xe5,0x90,0xfe,0x90,0xfe,
0x14,0xf7,0x34,0xff,0x55,0xff,0xd2,0xfe,0xf4,0xd5,0x60,0x28,0x68,0xaa,0x00,0x50,
0x41,0x33,0xc2,0x4b,0xe7,0x19,0x03,0x01,0x83,0x95,0x86,0xb6,0xa3,0xbe,0x40,0x95,
0xa4,0x08,0x01,0x00,0x00,0x00,0x00,0x00,0x00,0x00,0x00,0x00,0x00,0x00,0x00,0x00,
0x00,0x00,0x00,0x00,0x00,0x00,0x00,0x00,0x00,0x00,0x00,0x00,0x00,0x00,0x00,0x00,
0x00,0x00,0xc3,0x10,0x60,0x28,0xaf,0xac,0x8a,0xd4,0xab,0xd4,0x51,0xfe,0x01,0x72,
0xac,0xf5,0x6f,0xfe,0x91,0xfe,0x34,0xff,0xc8,0x51,0x63,0x18,0x00,0x70,0x48,0xc2,
0x45,0x79,0x00,0x48,0x44,0x22,0x81,0x01,0x40,0x4b,0x85,0x8d,0xe0,0x84,0xc2,0x95,
0x2a,0x8d,0x40,0x09,0x00,0x00,0x00,0x00,0x00,0x00,0x00,0x00,0x00,0x00,0x00,0x00,
0x00,0x00,0x00,0x00,0x00,0x00,0x00,0x00,0x00,0x00,0x00,0x00,0x00,0x00,0x00,0x00,
0x00,0x00,0x00,0x00,0x00,0x00,0x00,0x00,0xc5,0x00,0xa5,0x08,0x6a,0xcc,0x6a,0xd4,
0x2e,0xdd,0x63,0x8a,0x0b,0xe5,0x2b,0xed,0xb5,0xfd,0x60,0x58,0x40,0x59,0xd4,0xfe,
0x03,0x68,0x44,0x80,0x00,0x48,0xa7,0x91,0xc5,0x00,0xa5,0x00,0x04,0x6d,0x20,0x3b,
0x62,0x85,0x80,0x6c,0xc5,0x00,0x05,0x11,0x00,0x00,0x00,0x00,0x00,0x00,0x00,0x00,
0x00,0x00,0x00,0x00,0x00,0x00,0x00,0x00,0x00,0x00,0x00,0x00,0x00,0x00,0x00,0x00,
0x00,0x00,0x00,0x00,0x00,0x00,0x00,0x00,0x00,0x00,0x00,0x00,0x00,0x00,0xc4,0x10,
0x85,0x82,0xae,0xc4,0xaa,0xdc,0x2c,0xe5,0x84,0x8a,0x4b,0xbc,0xc0,0x70,0x8d,0xfd,
0xc9,0xfe,0x63,0xdd,0x22,0xfe,0x02,0xee,0xc3,0xa0,0x83,0x90,0x00,0x01,0xa7,0x32,
0xc0,0x2a,0xe3,0x53,0xc8,0x63,0x40,0x01,0x44,0x21,0x20,0x00,0x00,0x00,0x00,0x00,
0x00,0x00,0x00,0x00,0x00,0x00,0x00,0x00,0x00,0x00,0x00,0x00,0x00,0x00,0x00,0x00,
0x00,0x00,0x00,0x00,0x00,0x00,0x00,0x00,0x00,0x00,0x00,0x00,0x00,0x00,0x00,0x00,
0x00,0x00,0x00,0x00,0xe5,0x10,0x84,0x10,0x70,0xc4,0x60,0x48,0x01,0x68,0x47,0xa9,
0xe0,0x70,0x6b,0xfd,0x40,0xb3,0xe6,0xfd,0x20,0xb3,0xe4,0xf4,0x01,0x70,0x26,0xa9,
0x46,0xd2,0x00,0x88,0xa4,0x09,0x02,0x01,0xc2,0x08,0x68,0x42,0x00,0x00,0x00,0x00,
0x00,0x00,0x00,0x00,0x00,0x00,0x00,0x00,0x00,0x00,0x00,0x00,0x00,0x00,0x00,0x00,
0x00,0x00,0x00,0x00,0x00,0x00,0x00,0x00,0x00,0x00,0x00,0x00,0x00,0x00,0x00,0x00,
0x00,0x00,0x00,0x00,0x00,0x00,0x00,0x00,0xa4,0x08,0xa4,0x00,0x00,0x58,0x28,0xa2,
0x45,0xd1,0x00,0xa0,0x40,0x38,0xac,0xdd,0x00,0xc3,0xe4,0xfc,0x40,0xc3,0x45,0xfd,
0x02,0x68,0x85,0x70,0x62,0x80,0x83,0x80,0xa2,0x08,0xc7,0x29,0x84,0x31,0x20,0x00,
0x00,0x00,0x00,0x00,0x00,0x00,0x00,0x00,0x00,0x00,0x00,0x00,0x00,0x00,0x00,0x00,
0x00,0x00,0x00,0x00,0x00,0x00,0x00,0x00,0x00,0x00,0x00,0x00,0x00,0x00,0x00,0x00,
0x00,0x00,0x00,0x00,0x00,0x00,0x00,0x00,0x00,0x00,0x00,0x00,0x00,0x50,0x08,0x9a,
0x64,0xe1,0x80,0xc8,0x26,0x61,0x01,0x40,0x40,0x38,0x88,0xab,0xc6,0xfd,0x20,0xb3,
0xe4,0xfd,0x20,0xd4,0x85,0x20,0x02,0x18,0x24,0x72,0xce,0xd4,0xa3,0x08,0xa7,0x29,
0x00,0x00,0x00,0x00,0x00,0x00,0x00,0x00,0x00,0x00,0x00,0x00,0x00,0x00,0x00,0x00,
0x00,0x00,0x00,0x00,0x00,0x00,0x00,0x00,0x00,0x00,0x00,0x00,0x00,0x00,0x00,0x00,
0x00,0x00,0x00,0x00,0x00,0x00,0x00,0x00,0x00,0x00,0x00,0x00,0x00,0x00,0x00,0x00,
0xa4,0x10,0xa4,0x08,0x05,0x69,0x22,0x48,0x00,0x58,0x47,0xa2,0xc4,0x68,0x01,0x48,
0x20,0xaa,0x04,0xe4,0x87,0xb2,0x40,0x60,0xaa,0xd4,0xae,0xed,0x2d,0xfe,0x4e,0xfe,
0x83,0x08,0xc4,0x08,0xc6,0x3a,0x80,0x00,0x00,0x00,0x00,0x00,0x00,0x00,0x00,0x00,
0x00,0x00,0x00,0x00,0x00,0x00,0x00,0x00,0x00,0x00,0x00,0x00,0x00,0x00,0x00,0x00,
0x00,0x00,0x00,0x00,0x00,0x00,0x00,0x00,0x00,0x00,0x00,0x00,0x00,0x00,0x00,0x00,
0x00,0x00,0x00,0x00,0x83,0x10,0x62,0x18,0x22,0x28,0x84,0x40,0x24,0xc1,0x20,0xa8,
0x02,0x28,0xa4,0x48,0x24,0x40,0x23,0x48,0x23,0x30,0xe5,0x50,0xef,0xed,0xd2,0xfe,
0x76,0xff,0xd3,0xf6,0xd7,0xe6,0xc0,0x28,0x05,0x11,0x01,0x00,0x00,0x00,0x00,0x00,
0x00,0x00,0x00,0x00,0x00,0x00,0x00,0x00,0x00,0x00,0x00,0x00,0x00,0x00,0x00,0x00,
0x00,0x00,0x00,0x00,0x00,0x00,0x00,0x00,0x00,0x00,0x00,0x00,0x00,0x00,0x00,0x00,
0x00,0x00,0x00,0x00,0x00,0x00,0x00,0x00,0x00,0x00,0x00,0x00,0x01,0x40,0x05,0x59,
0xc4,0x58,0x01,0x38,0x21,0x98,0x63,0xa0,0x26,0x79,0x01,0x48,0xe8,0xcb,0xcc,0xdc,
0x90,0xfe,0x13,0xff,0x34,0xff,0x55,0xff,0xb1,0xfe,0xd2,0xfe,0xa3,0x10,0x4a,0x3a,
0x00,0x00,0x00,0x00,0x00,0x00,0x00,0x00,0x00,0x00,0x00,0x00,0x00,0x00,0x00,0x00,
0x00,0x00,0x00,0x00,0x00,0x00,0x00,0x00,0x00,0x00,0x00,0x00,0x00,0x00,0x00,0x00,
0x00,0x00,0x00,0x00,0x00,0x00,0x00,0x00,0x00,0x00,0x00,0x00,0x00,0x00,0x00,0x00,
0xc5,0x08,0x84,0x08,0x00,0x48,0xe7,0x99,0x21,0xa0,0x25,0xc9,0x26,0x69,0x00,0x40,
0x69,0xcc,0x6d,0xf5,0xd2,0xf6,0xf3,0xfe,0x36,0xff,0x76,0xff,0x34,0xff,0xd2,0xfe,
0x68,0x4a,0x80,0x18,0x67,0x4a,0x00,0x00,0x00,0x00,0x00,0x00,0x00,0x00,0x00,0x00,
0x00,0x00,0x00,0x00,0x00,0x00,0x00,0x00,0x00,0x00,0x00,0x00,0x00,0x00,0x00,0x00,
0x00,0x00,0x00,0x00,0x00,0x00,0x00,0x00,0x00,0x00,0x00,0x00,0x00,0x00,0x00,0x00,
0x00,0x00,0x00,0x00,0x42,0x28,0x63,0x20,0x00,0x50,0x28,0x9a,0x00,0xa0,0xc6,0xd1,
0xc7,0x99,0x00,0x50,0xc3,0x9a,0x8f,0xed,0x4f,0xfe,0xd1,0xfe,0x55,0xff,0x96,0xff,
0x76,0xff,0x56,0xff,0xb6,0xee,0x80,0x18,0xa3,0x10,0x42,0x00,0x00,0x00,0x00,0x00,
0x00,0x00,0x00,0x00,0x00,0x00,0x00,0x00,0x00,0x00,0x00,0x00,0x00,0x00,0x00,0x00,
0x00,0x00,0x00,0x00,0x00,0x00,0x00,0x00,0x00,0x00,0x00,0x00,0x00,0x00,0x00,0x00,
0x00,0x00,0x00,0x00,0x00,0x00,0x00,0x00,0x23,0x00,0x84,0x18,0x26,0xf2,0xa0,0xc8,
0x00,0x48,0xc9,0xb2,0xe8,0x91,0x00,0x50,0xe5,0x9a,0x2d,0xed,0x4f,0xf6,0xd1,0xfe,
0x14,0xff,0x14,0xff,0x78,0xff,0x57,0xff,0xd2,0xfe,0x90,0xfe,0xa5,0x00,0xa4,0x08,
0xab,0x52,0x00,0x00,0x00,0x00,0x00,0x00,0x00,0x00,0x00,0x00,0x00,0x00,0x00,0x00,
0x00,0x00,0x00,0x00,0x00,0x00,0x00,0x00,0x00,0x00,0x00,0x00,0x00,0x00,0x00,0x00,
0x00,0x00,0x00,0x00,0x00,0x00,0x00,0x00,0x00,0x00,0x00,0x00,0x42,0x20,0x83,0x20,
0x64,0xd9,0x40,0xb0,0x00,0x48,0x8b,0xb3,0x08,0x9a,0x00,0x50,0x4b,0xd4,0xe5,0x9a,
0x8c,0xf5,0x2e,0xfe,0x91,0xfe,0x13,0xff,0x55,0xff,0x76,0xff,0x13,0xff,0xd2,0xf6,
0x76,0xe6,0xe0,0x28,0x2b,0x6b,0x00,0x00,0x00,0x00,0x00,0x00,0x00,0x00,0x00,0x00,
0x00,0x00,0x00,0x00,0x00,0x00,0x00,0x00,0x00,0x00,0x00,0x00,0x00,0x00,0x00,0x00,
0x00,0x00,0x00,0x00,0x00,0x00,0x00,0x00,0x00,0x00,0x00,0x00,0x00,0x00,0x00,0x00,
0x00,0x48,0x2b,0xbb,0x87,0x81,0x00,0x50,0x00,0x40,0x6b,0xbb,0x08,0x92,0x00,0x50,
0x4a,0xcc,0x6a,0xd4,0xec,0xd4,0xaf,0xf5,0x90,0xf6,0xb1,0xfe,0x56,0xff,0x36,0xff,
0x76,0xff,0xf4,0xfe,0x50,0xfe,0x2f,0xfe,0x04,0x11,0x86,0x29,0x00,0x00,0x00,0x00,
0x00,0x00,0x00,0x00,0x00,0x00,0x00,0x00,0x00,0x00,0x00,0x00,0x00,0x00,0x00,0x00,
0x00,0x00,0x00,0x00,0x00,0x00,0x00,0x00,0x00,0x00,0x00,0x00,0x00,0x00,0x00,0x00,
0x62,0x28,0x62,0x20,0xe3,0xf1,0x20,0xd1,0xe5,0x58,0x22,0x38,0x00,0x50,0x0a,0xb3,
0xa6,0x89,0x00,0x50,0x09,0xcc,0xab,0xd4,0x04,0xa3,0xcb,0xd4,0xee,0xf5,0x91,0xfe,
0xd2,0xfe,0x34,0xff,0x14,0xff,0x34,0xff,0xd2,0xfe,0xd2,0xfe,0x4d,0x9c,0x80,0x20,
0x45,0x29,0x00,0x00,0x00,0x00,0x00,0x00,0x00,0x00,0x00,0x00,0x00,0x00,0x00,0x00,
0x00,0x00,0x00,0x00,0x00,0x00,0x00,0x00,0x00,0x00,0x00,0x00,0x00,0x00,0x00,0x00,
0x00,0x00,0x00,0x00,0xa5,0x00,0x84,0x08,0xa4,0xe1,0x80,0xc0,0xc5,0x08,0xa5,0x10,
0x00,0x48,0xa9,0xb2,0xa7,0x81,0x00,0x48,0xe9,0xbb,0x2a,0xcc,0xed,0xd4,0x84,0x92,
0xcd,0xf5,0x0e,0xfe,0xb2,0xfe,0xd2,0xfe,0x35,0xff,0x35,0xff,0x77,0xff,0x76,0xff,
0x96,0xde,0x60,0x20,0xa3,0x08,0x01,0x00,0x00,0x00,0x00,0x00,0x00,0x00,0x00,0x00,
0x00,0x00,0x00,0x00,0x00,0x00,0x00,0x00,0x00,0x00,0x00,0x00,0x00,0x00,0x00,0x00,
0x00,0x00,0x00,0x00,0x00,0x00,0x00,0x00,0xa3,0x08,0xc4,0x08,0xa7,0x89,0x00,0x48,
0x00,0x28,0x21,0x28,0x00,0x58,0x68,0xaa,0x86,0x81,0x00,0x48,0xa0,0x30,0x8f,0xa4,
0x69,0xd4,0xe8,0xc3,0x01,0x7a,0xd0,0xed,0x8f,0xfe,0xb0,0xfe,0xd5,0xfe,0x00,0x39,
0x23,0x49,0x23,0x49,0xc5,0x9a,0x6b,0xcc,0x82,0x10,0x01,0x00,0x00,0x00,0x00,0x00,
0x00,0x00,0x00,0x00,0x00,0x00,0x00,0x00,0x00,0x00,0x00,0x00,0x00,0x00,0x00,0x00,
0x00,0x00,0x00,0x00,0x00,0x00,0x00,0x00,0x00,0x00,0x00,0x00,0x02,0x00,0x83,0x08,
0x06,0x41,0x22,0x28,0x00,0x00,0x00,0x00,0x00,0x50,0xe7,0x99,0x66,0x71,0x01,0x48,
0xa2,0x20,0xaa,0x6a,0x69,0xcc,0x8d,0xf5,0x03,0x7a,0x91,0xed,0x90,0xfe,0x2e,0xfe,
0x21,0x51,0x4a,0x9b,0x69,0xcc,0x0c,0xed,0x62,0x61,0xeb,0xb3,0xc4,0x08,0x01,0x00,
0x00,0x00,0x00,0x00,0x00,0x00,0x00,0x00,0x00,0x00,0x00,0x00,0x00,0x00,0x00,0x00,
0x00,0x00,0x00,0x00,0x00,0x00,0x00,0x00,0x00,0x00,0x00,0x00,0x00,0x00,0x00,0x00,
0x00,0x00,0x00,0x00,0xa3,0x10,0x21,0x00,0x00,0x10,0x21,0x10,0x00,0x50,0xe7,0x91,
0x04,0x69,0x00,0x38,0x46,0x31,0x83,0x10,0x29,0xd4,0x8b,0xd4,0x73,0xfe,0x05,0x8b,
0x2f,0xd5,0x00,0x49,0xc7,0xbb,0xd0,0xf5,0x21,0x51,0x29,0x93,0xe2,0x79,0xea,0xb3,
0xc3,0x10,0x21,0x00,0x00,0x00,0x00,0x00,0x00,0x00,0x00,0x00,0x00,0x00,0x00,0x00,
0x00,0x00,0x00,0x00,0x00,0x00,0x00,0x00,0x00,0x00,0x00,0x00,0x00,0x00,0x00,0x00,
0x00,0x00,0x00,0x00,0x00,0x00,0x00,0x00,0x00,0x00,0x00,0x00,0x00,0x08,0x21,0x20,
0x01,0x48,0x66,0x79,0xa5,0x08,0x63,0x08,0x26,0x41,0x42,0x28,0x4b,0xc4,0x4b,0xcc,
0xed,0xd4,0x87,0xab,0xc2,0x38,0x68,0x72,0xcf,0xc4,0xe0,0x50,0x67,0xab,0x8b,0xdc,
0x0b,0x73,0x81,0x28,0x66,0x29,0x00,0x00,0x00,0x00,0x00,0x00,0x00,0x00,0x00,0x00,
0x00,0x00,0x00,0x00,0x00,0x00,0x00,0x00,0x00,0x00,0x00,0x00,0x00,0x00,0x00,0x00,
0x00,0x00,0x00,0x00,0x00,0x00,0x00,0x00,0x00,0x00,0x00,0x00,0x00,0x00,0x00,0x00,
0x00,0x00,0x00,0x00,0xa4,0x08,0xc5,0x00,0xa3,0x10,0x21,0x00,0x00,0x00,0xa3,0x08,
0x25,0x6a,0x4d,0xac,0x69,0xd4,0x6d,0xed,0xa4,0x59,0x02,0x41,0x8d,0xcc,0x41,0x59,
0xe3,0x81,0x89,0xab,0x25,0x21,0xc4,0x10,0xaa,0x7b,0x20,0x00,0x00,0x00,0x00,0x00,
0x00,0x00,0x00,0x00,0x00,0x00,0x00,0x00,0x00,0x00,0x00,0x00,0x00,0x00,0x00,0x00,
0x00,0x00,0x00,0x00,0x00,0x00,0x00,0x00,0x00,0x00,0x00,0x00,0x00,0x00,0x00,0x00,
0x00,0x00,0x00,0x00,0x00,0x00,0x00,0x00,0x00,0x00,0x00,0x00,0x00,0x00,0x00,0x00,
0x00,0x00,0x86,0x31,0x80,0x20,0x6f,0xac,0x4d,0xb4,0xe0,0x50,0xe3,0x71,0xa6,0x92,
0x01,0x49,0xe9,0x92,0xe9,0xc3,0x6a,0xdc,0x63,0x10,0x63,0x18,0x00,0x00,0x00,0x00,
0x00,0x00,0x00,0x00,0x00,0x00,0x00,0x00,0x00,0x00,0x00,0x00,0x00,0x00,0x00,0x00,
0x00,0x00,0x00,0x00,0x00,0x00,0x00,0x00,0x00,0x00,0x00,0x00,0x00,0x00,0x00,0x00,
0x00,0x00,0x00,0x00,0x00,0x00,0x00,0x00,0x00,0x00,0x00,0x00,0x00,0x00,0x00,0x00,
0x00,0x00,0x00,0x00,0x00,0x00,0x00,0x00,0x00,0x00,0x83,0x08,0xe7,0xa2,0x24,0x7a,
0xe4,0xa2,0x09,0xc4,0x8b,0xd4,0x87,0xab,0x83,0x08,0x05,0x11,0x84,0x31,0x00,0x00,
0x00,0x00,0x00,0x00,0x00,0x00,0x00,0x00,0x00,0x00,0x00,0x00,0x00,0x00,0x00,0x00,
0x00,0x00,0x00,0x00,0x00,0x00,0x00,0x00,0x00,0x00,0x00,0x00,0x00,0x00,0x00,0x00,
0x00,0x00,0x00,0x00,0x00,0x00,0x00,0x00,0x00,0x00,0x00,0x00,0x00,0x00,0x00,0x00,
0x00,0x00,0x00,0x00,0x00,0x00,0x00,0x00,0x00,0x00,0x00,0x00,0x02,0x00,0x83,0x08,
0x61,0x20,0x89,0x6a,0x29,0xc4,0xe8,0xcb,0xa5,0x00,0xa5,0x08,0xa7,0x31,0x00,0x00,
0x00,0x00,0x00,0x00,0x00,0x00,0x00,0x00,0x00,0x00,0x00,0x00,0x00,0x00,0x00,0x00,
0x00,0x00,0x00,0x00,0x00,0x00,0x00,0x00,0x00,0x00,0x00,0x00,0x00,0x00,0x00,0x00,
0x00,0x00,0x00,0x00,0x00,0x00,0x00,0x00,0x00,0x00,0x00,0x00,0x00,0x00,0x00,0x00,
0x00,0x00,0x00,0x00,0x00,0x00,0x00,0x00,0x00,0x00,0x00,0x00,0x00,0x00,0x00,0x00,
0x00,0x00,0x00,0x00,0x45,0x29,0x83,0x10,0xa4,0x08,0xa4,0x00,0x85,0x39,0x00,0x00,
0x00,0x00,0x00,0x00,0x00,0x00,0x00,0x00,0x00,0x00,0x00,0x00,0x00,0x00,0x00,0x00,
0x00,0x00,0x00,0x00,0x00,0x00,0x00,0x00,0x00,0x00,0x00,0x00,0x00,0x00,0x00,0x00,
0x00,0x00,0x00,0x00,0x00,0x00,0x00,0x00,0x00,0x00,0x00,0x00,0x00,0x00,0x00,0x00,
0x00,0x00,0x00,0x00,0x00,0x00,0x00,0x00,0x00,0x00,0x00,0x00,0x00,0x00,0x00,0x00,
0x00,0x00,0x00,0x00,0x00,0x00,0x00,0x00,0x00,0x00,0x00,0x00,0x00,0x00,0x00,0x00,
0x00,0x00,0x00,0x00,0x00,0x00,0x00,0x00,0x00,0x00,0x00,0x00,0x00,0x00,0x00,0x00,
0x00,0x00,0x00,0x00,0x00,0x00,0x00,0x00,0x00,0x00,0x00,0x00,0x00,0x00,0x00,0x00,
0x00,0x00,0x00,0x00,0x00,0x00,0x00,0x00,0x00,0x00,0x00,0x00,0x00,0x00,0x00,0x00,
0x00,0x00,0x00,0x00,0x00,0x00,0x00,0x00,0x00,0x00,0x00,0x00,0x00,0x00,0x00,0x00,
0x00,0x00,0x00,0x00,0x00,0x00,0x00,0x00,0x00,0x00,0x00,0x02,0x02,0x03,0x08,0xfb,
0xfd,0xfd,0xfd,0xff,0x02,0x00,0x00,0x00,0x00,0x00,0x00,0x00,0x00,0x00,0x00,0x00,
0x00,0x00,0x00,0x00,0x00,0x00,0x00,0x00,0x00,0x00,0x00,0x00,0x00,0x00,0x00,0x00,
0x00,0x00,0x00,0x00,0x01,0x0b,0xca,0xf8,0xfd,0xfd,0xfd,0xfd,0xfd,0xfd,0x7c,0x01,
0x00,0x00,0x00,0x00,0x00,0x00,0x00,0x00,0x00,0x00,0x00,0x00,0x00,0x00,0x00,0x00,
0x00,0x00,0x00,0x00,0x00,0x00,0x00,0x00,0x00,0x00,0x00,0x00,0x00,0x01,0xdf,0xfd,
0xfe,0xfe,0xfe,0xfe,0xfe,0xfe,0xfe,0xfd,0xd2,0x03,0x00,0x00,0x00,0x00,0x00,0x00,
0x00,0x00,0x00,0x00,0x00,0x00,0x00,0x00,0x00,0x00,0x00,0x00,0x00,0x00,0x00,0x00,
0x00,0x00,0x00,0x00,0x00,0x00,0x01,0xe8,0xfd,0xfe,0xfe,0xfe,0xfe,0xfd,0xfe,0xfe,
0xfe,0xfe,0xfc,0x0e,0x00,0x00,0x00,0x00,0x00,0x00,0x00,0x00,0x00,0x00,0x00,0x00,
0x00,0x00,0x00,0x00,0x00,0x00,0x00,0x00,0x00,0x00,0x00,0x00,0x00,0x00,0x00,0x00,
0x00,0xfc,0xfe,0xfe,0xfe,0xfe,0xfe,0xfe,0xfe,0xfe,0xfe,0xfe,0xfc,0xf5,0x00,0x00,
0x00,0x00,0x00,0x00,0x00,0x00,0x00,0x00,0x00,0x00,0x00,0x00,0x00,0x00,0x00,0x00,
0x00,0x00,0x00,0x00,0x00,0x00,0x00,0x00,0x00,0x04,0xfd,0xfe,0xfe,0xfe,0xfe,0xfe,
0xfe,0xfe,0xfe,0xfe,0xfe,0xfe,0xfd,0xfd,0x03,0x00,0x00,0x00,0x00,0x00,0x00,0x00,
0x00,0x00,0x00,0x00,0x00,0x00,0x00,0x00,0x00,0x00,0x00,0x00,0x00,0x00,0x00,0x00,
0x00,0x00,0x00,0xfd,0xfe,0xfe,0xfe,0xfe,0xfe,0xfe,0xfe,0xfe,0xfe,0xfe,0xfe,0xfe,
0xfe,0xfe,0xfb,0x01,0x00,0x00,0x00,0x00,0x00,0x00,0x00,0x00,0x00,0x00,0x00,0x00,
0x00,0x00,0x00,0x00,0x00,0x00,0x00,0x00,0x00,0x00,0x00,0x00,0x00,0xfc,0xfe,0xfe,
0xfe,0xfe,0xfe,0xfe,0xfe,0xfe,0xfe,0xfe,0xfe,0xfe,0xfe,0xfd,0xfd,0x07,0x00,0x00,
0x00,0x00,0x00,0x00,0x00,0x01,0x01,0x01,0x00,0x00,0x00,0x00,0x00,0x00,0x00,0x00,
0x00,0x00,0x00,0x00,0x00,0x00,0x00,0xfc,0xfe,0xfe,0xfe,0xfe,0xfe,0xfe,0xfe,0xfe,
0xfe,0xfe,0xfe,0xfe,0xfe,0xfe,0xfd,0xff,0x01,0x00,0x00,0x00,0x00,0x02,0x0f,0x51,
0xfb,0xfd,0x01,0x00,0x00,0x00,0x00,0x00,0x00,0x00,0x00,0x00,0x00,0x00,0x00,0x00,
0x00,0xfd,0xfe,0xfe,0xfe,0xfe,0xfe,0xfe,0xfe,0xfe,0xfe,0xfe,0xfe,0xfe,0xfe,0xfe,
0xfe,0xfc,0x20,0x00,0x00,0x00,0x08,0xf8,0xfc,0xfc,0xfd,0xfe,0x02,0x00,0x00,0x00,
0x00,0x00,0x00,0x00,0x00,0x00,0x00,0x00,0x00,0x00,0x00,0xfd,0xfd,0xfe,0xfe,0xfe,
0xfe,0xfe,0xfe,0xfe,0xfe,0xfe,0xfe,0xfe,0xfe,0xfe,0xfe,0xfd,0x29,0x00,0x00,0x01,
0xf2,0xfd,0xfd,0xfe,0xfd,0xfd,0x01,0x00,0x00,0x00,0x00,0x00,0x00,0x00,0x00,0x00,
0x00,0x00,0x00,0x00,0x00,0x02,0xfb,0xfe,0xfe,0xfe,0xfe,0xfe,0xfe,0xfe,0xfe,0xfe,
0xfe,0xfe,0xfe,0xfe,0xfe,0xfe,0xfe,0x02,0x02,0xf3,0xfd,0xfe,0xfe,0xfe,0xfd,0xd1,
0x00,0x00,0x00,0x00,0x00,0x00,0x00,0x00,0x00,0x00,0x00,0x00,0x00,0x00,0x00,0x00,
0x10,0xfb,0xfe,0xfe,0xfe,0xfe,0xfe,0xfe,0xfe,0xfe,0xfe,0xfe,0xfe,0xfe,0xfe,0xfe,
0xfe,0xfa,0x0b,0xf9,0xfd,0xfe,0xfe,0xfe,0xfd,0x99,0x02,0x01,0x00,0x00,0x00,0x00,
0x00,0x00,0x00,0x00,0x00,0x00,0x00,0x00,0x00,0x00,0x03,0x06,0xfd,0xfe,0xfe,0xfe,
0xfe,0xfe,0xfe,0xfe,0xfe,0xfe,0xfe,0xfe,0xfe,0xfe,0xfe,0xfd,0xfc,0xfc,0xfd,0xfe,
0xfd,0xfd,0xfd,0xfd,0xfc,0xfc,0xf4,0x00,0x00,0x00,0x00,0x00,0x00,0x00,0x00,0x00,
0x00,0x00,0x00,0x00,0x00,0x00,0x01,0xfc,0xfe,0xfe,0xfe,0xfe,0xfe,0xfe,0xfe,0xfe,
0xfe,0xfe,0xfe,0xfe,0xfe,0xfe,0xfd,0xfd,0xfe,0xfe,0xfe,0xfd,0xfe,0xfe,0xfe,0xfd,
0xf4,0x00,0x00,0x00,0x00,0x00,0x00,0x00,0x00,0x00,0x00,0x00,0x00,0x00,0x00,0x00,
0x00,0xf0,0xfd,0xfe,0xfe,0xfe,0xfe,0xfe,0xfe,0xfe,0xfe,0xfe,0xfe,0xfd,0xfd,0xfe,
0xfe,0xfe,0xfe,0xfe,0xfe,0xfe,0xfe,0xfe,0xfc,0xf9,0x01,0x00,0x00,0x00,0x00,0x00,
0x00,0x00,0x00,0x00,0x00,0x00,0x00,0x00,0x00,0x00,0x00,0x01,0xeb,0xfe,0xfe,0xfe,
0xfe,0xfe,0xfe,0xfe,0xfe,0xfe,0xfe,0xfe,0xfe,0xfe,0xfe,0xfe,0xfe,0xfe,0xfd,0xfe,
0xfe,0xfd,0xfc,0xc3,0x01,0x00,0x00,0x00,0x00,0x00,0x00,0x00,0x00,0x00,0x00,0x00,
0x00,0x00,0x00,0x00,0x00,0x00,0x00,0xa8,0xfd,0xfe,0xfe,0xfe,0xfe,0xfe,0xfe,0xfe,
0xfe,0xfe,0xfe,0xfe,0xfe,0xfe,0xfe,0xfe,0xfd,0xfd,0xfd,0xfd,0x93,0x01,0x00,0x00,
0x00,0x00,0x00,0x00,0x00,0x00,0x00,0x00,0x00,0x00,0x00,0x00,0x00,0x00,0x00,0x00,
0x00,0x01,0xfc,0xfe,0xfe,0xfe,0xfe,0xfe,0xfe,0xfe,0xfe,0xfe,0xfe,0xfe,0xfe,0xfe,
0xfe,0xfe,0xfd,0xfc,0xfb,0x03,0x00,0x00,0x00,0x00,0x00,0x00,0x00,0x00,0x00,0x00,
0x00,0x00,0x00,0x00,0x00,0x00,0x00,0x00,0x00,0x00,0x00,0x00,0xfb,0xfd,0xfe,0xfe,
0xfe,0xfe,0xfe,0xfe,0xfe,0xfe,0xfe,0xfe,0xfe,0xfe,0xfe,0xfe,0xfe,0x1b,0x21,0x01,
0x00,0x00,0x00,0x00,0x00,0x00,0x00,0x00,0x00,0x00,0x00,0x00,0x00,0x00,0x00,0x00,
0x00,0x00,0x00,0x00,0x00,0x00,0xfd,0xfe,0xfe,0xfe,0xfe,0xfe,0xfe,0xfe,0xfe,0xfe,
0xfe,0xfe,0xfe,0xfe,0xfe,0xfd,0xfd,0x05,0x01,0x00,0x00,0x00,0x00,0x00,0x00,0x00,
0x00,0x00,0x00,0x00,0x00,0x00,0x00,0x00,0x00,0x00,0x00,0x00,0x00,0x00,0x00,0x01,
0xf5,0xfc,0xfe,0xfe,0xfe,0xfe,0xfe,0xfe,0xfe,0xfe,0xfd,0xfd,0xfe,0xfe,0xfe,0xfe,
0xfd,0xf7,0x02,0x00,0x00,0x00,0x00,0x00,0x00,0x00,0x00,0x00,0x00,0x00,0x00,0x00,
0x00,0x00,0x00,0x00,0x00,0x00,0x00,0x00,0x00,0x00,0x04,0xf9,0xfe,0xfe,0xfe,0xfe,
0xfd,0xfd,0xfe,0xfe,0xfd,0xfe,0xfe,0xfe,0xfe,0xfe,0xfd,0xfd,0xe6,0x01,0x00,0x00,
0x00,0x00,0x00,0x00,0x00,0x00,0x00,0x00,0x00,0x00,0x00,0x00,0x00,0x00,0x00,0x00,
0x00,0x00,0x00,0x00,0x01,0x01,0xfd,0xfe,0xfe,0xfe,0xfe,0xfe,0xfe,0xfd,0xfe,0xfe,
0xfe,0xfe,0xfe,0xfe,0xfe,0xfe,0xfc,0x30,0x00,0x00,0x00,0x00,0x00,0x00,0x00,0x00,
0x00,0x00,0x00,0x00,0x00,0x00,0x00,0x00,0x00,0x00,0x00,0x00,0x00,0x00,0x00,0x01,
0xd2,0xfc,0xfe,0xfe,0xfe,0xfe,0xfe,0xfd,0xfe,0xfe,0xfe,0xfe,0xfe,0xfe,0xfe,0xfe,
0xfd,0xfb,0x03,0x01,0x00,0x00,0x00,0x00,0x00,0x00,0x00,0x00,0x00,0x00,0x00,0x00,
0x00,0x00,0x00,0x00,0x00,0x00,0x00,0x00,0x00,0x00,0x04,0xfc,0xfe,0xfe,0xfe,0xfe,
0xfe,0xfe,0xfe,0xfe,0xfe,0xfe,0xfe,0xfe,0xfe,0xfe,0xfe,0xfe,0xf5,0x01,0x00,0x00,
0x00,0x00,0x00,0x00,0x00,0x00,0x00,0x00,0x00,0x00,0x00,0x00,0x00,0x00,0x00,0x00,
0x00,0x00,0x00,0x00,0x06,0xfd,0xfe,0xfe,0xfe,0xfe,0xfe,0xfd,0xfd,0xfd,0xfe,0xff,
0xfe,0xfe,0xfe,0xfe,0xfe,0xfe,0xfc,0xf1,0x03,0x00,0x00,0x00,0x00,0x00,0x00,0x00,
0x00,0x00,0x00,0x00,0x00,0x00,0x00,0x00,0x00,0x00,0x00,0x00,0x00,0x01,0xf8,0xfe,
0xfe,0xfe,0xfe,0xfe,0xfe,0xfe,0xfd,0xfe,0xfe,0xfe,0xfe,0xfe,0xfe,0xfe,0xfe,0xfe,
0xfe,0xfc,0x23,0x00,0x00,0x00,0x00,0x00,0x00,0x00,0x00,0x00,0x00,0x00,0x00,0x00,
0x00,0x00,0x00,0x00,0x00,0x00,0x01,0x01,0xfe,0xfe,0xfe,0xfe,0xfe,0xfe,0xfe,0xfe,
0xfd,0xfe,0xfe,0xfe,0xfe,0xfe,0xfe,0xfe,0xfe,0xfe,0xfe,0xfd,0xfd,0x0b,0x01,0x00,
0x00,0x00,0x00,0x00,0x00,0x00,0x00,0x00,0x00,0x00,0x00,0x00,0x00,0x00,0x00,0x00,
0x04,0xfb,0xfe,0xfe,0xfe,0xfb,0xfd,0xfe,0xfe,0xfe,0xfe,0xfe,0xfe,0xfe,0xfe,0xfe,
0xfe,0xfe,0xfe,0xfe,0xfe,0xfe,0xfe,0xfb,0x06,0x00,0x00,0x00,0x00,0x00,0x00,0x00,
0x00,0x00,0x00,0x00,0x00,0x00,0x00,0x00,0x00,0x00,0xfb,0xfd,0xfe,0xfe,0xfd,0xc4,
0xfc,0xfe,0xfe,0xfe,0xfe,0xfe,0xfe,0xfe,0xfe,0xfe,0xfe,0xfe,0xfe,0xfe,0xfe,0xfe,
0xfe,0xfd,0xfc,0x00,0x00,0x00,0x00,0x00,0x00,0x00,0x00,0x00,0x00,0x00,0x00,0x00,
0x00,0x00,0x00,0x00,0xfe,0xfe,0xfe,0xfd,0x05,0x02,0xfe,0xfe,0xfe,0xfe,0xfd,0xfe,
0xfe,0xfe,0xfe,0xfe,0xfe,0xfe,0xfe,0xfe,0xfe,0xfe,0xfe,0xfe,0xfd,0x00,0x00,0x00,
0x00,0x00,0x00,0x00,0x00,0x00,0x00,0x00,0x00,0x00,0x00,0x00,0x00,0x00,0x02,0xfd,
0xfd,0xfc,0x01,0x01,0xfd,0xfe,0xfe,0xfc,0xf9,0xfd,0xfe,0xfe,0xfe,0xfe,0xfe,0xfe,
0xfe,0xfe,0xfe,0xfe,0xfe,0xfe,0xfe,0x00,0x00,0x00,0x00,0x00,0x00,0x00,0x00,0x00,
0x00,0x00,0x00,0x00,0x00,0x00,0x00,0x00,0x01,0x02,0xfa,0x01,0x01,0x02,0xfc,0xfe,
0xfe,0xf9,0x12,0xfe,0xfe,0xfe,0xfe,0xfe,0xfe,0xfe,0xfe,0xfe,0xfe,0xfe,0xfe,0xfe,
0xfc,0x00,0x00,0x00,0x00,0x00,0x00,0x00,0x00,0x00,0x00,0x00,0x00,0x00,0x00,0x00,
0x00,0x00,0x00,0x00,0x01,0x00,0x00,0x01,0xfb,0xfe,0xfe,0xf8,0x07,0xfd,0xfd,0xfe,
0xfe,0xfe,0xfe,0xfe,0xfe,0xfe,0xfe,0xfe,0xfe,0xfd,0x74,0x00,0x00,0x00,0x00,0x00,
0x00,0x00,0x00,0x00,0x00,0x00,0x00,0x00,0x00,0x00,0x00,0x00,0x00,0x00,0x00,0x00,
0x00,0x01,0xfa,0xfd,0xfc,0x00,0x01,0xeb,0xfb,0xfd,0xfe,0xfe,0xfe,0xfe,0xfe,0xfe,
0xfe,0xfd,0xfd,0xc7,0x02,0x00,0x00,0x00,0x00,0x00,0x00,0x00,0x00,0x00,0x00,0x00,
0x00,0x00,0x00,0x00,0x00,0x00,0x00,0x00,0x00,0x00,0x00,0x00,0x00,0x00,0x01,0x00,
0x00,0x05,0xf5,0xfd,0xfe,0xfe,0xfe,0xfe,0xfe,0xfe,0xfd,0xfd,0xf7,0x04,0x02,0x00,
0x00,0x00,0x00,0x00,0x00,0x00,0x00,0x00,0x00,0x00,0x00,0x00,0x00,0x00,0x00,0x00,
0x00,0x00,0x00,0x00,0x00,0x00,0x00,0x00,0x00,0x00,0x00,0x01,0x03,0xfb,0xfe,0xfe,
0xfe,0xfe,0xfd,0xfd,0xfc,0xf0,0x0a,0x00,0x00,0x00,0x00,0x00,0x00,0x00,0x00,0x00,
0x00,0x00,0x00,0x00,0x00,0x00,0x00,0x00,0x00,0x00,0x00,0x00,0x00,0x00,0x00,0x00,
0x00,0x00,0x00,0x00,0x00,0x00,0x01,0xf4,0xfd,0xfd,0xfe,0xfe,0xfd,0xfc,0x05,0x01,
0x00,0x00,0x00,0x00,0x00,0x00,0x00,0x00,0x00,0x00,0x00,0x00,0x00,0x00,0x00,0x00,
0x00,0x00,0x00,0x00,0x00,0x00,0x00,0x00,0x00,0x00,0x00,0x00,0x00,0x00,0x00,0x00,
0x00,0x00,0x08,0xfc,0xfc,0xfd,0x0b,0x01,0x00,0x00,0x00,0x00,0x00,0x00,0x00,0x00,
0x00,0x00,0x00,0x00,0x00,0x00,0x00,0x00,0x00,0x00,0x00,0x00,0x00,0x00,0x00,0x00,
0x00,0x00,0x00,0x00,0x00,0x00,0x00,0x00,0x00,0x00,0x00,0x00,0x00,0x00,0x00,0x00,
0x00,0x00,0x00,0x00,0x00,0x00,0x00,0x00,0x00,0x00,0x00,0x00,

};
const lv_image_dsc_t visual_nav_plan = {
    .header.magic = LV_IMAGE_HEADER_MAGIC,
    .header.cf = LV_COLOR_FORMAT_RGB565A8,
    .header.flags = 0,
    .header.w = 42,
    .header.h = 42,
    .header.stride = 84,
    .data_size = sizeof(s_nav_plan_map),
    .data = s_nav_plan_map,
};

static const LV_ATTRIBUTE_MEM_ALIGN LV_ATTRIBUTE_LARGE_CONST uint8_t s_nav_farm_map[] = {
0x00,0x00,0x00,0x00,0x00,0x00,0x00,0x00,0x00,0x00,0x00,0x00,0x00,0x00,0x00,0x00,
0x00,0x00,0x00,0x00,0x00,0x00,0x00,0x00,0x00,0x00,0x00,0x00,0x00,0x00,0x00,0x00,
0x00,0x00,0x00,0x00,0x00,0x00,0x00,0x00,0x00,0x00,0x00,0x00,0x00,0x00,0x00,0x00,
0x00,0x00,0x00,0x00,0x00,0x00,0x00,0x00,0x00,0x00,0x00,0x00,0x00,0x00,0x00,0x00,
0x00,0x00,0x00,0x00,0x00,0x00,0x00,0x00,0x00,0x00,0x00,0x00,0x00,0x00,0x00,0x00,
0x00,0x00,0x00,0x00,0x00,0x00,0x00,0x00,0x00,0x00,0x00,0x00,0x00,0x00,0x00,0x00,
0x00,0x00,0x00,0x00,0x00,0x00,0x00,0x00,0x00,0x00,0x00,0x00,0x00,0x00,0x00,0x00,
0x00,0x00,0x00,0x00,0x00,0x00,0x00,0x00,0x00,0x00,0x00,0x00,0x00,0x00,0x00,0x00,
0x00,0x00,0x20,0x08,0x27,0x42,0x81,0x10,0xa4,0x08,0x01,0x00,0x00,0x00,0x00,0x00,
0x00,0x00,0x00,0x00,0x00,0x00,0x00,0x00,0x00,0x00,0x00,0x00,0x00,0x00,0x00,0x00,
0x00,0x00,0x00,0x00,0x00,0x00,0x00,0x00,0x00,0x00,0x00,0x00,0x00,0x00,0x00,0x00,
0x00,0x00,0x00,0x00,0x00,0x00,0x00,0x00,0x00,0x00,0x00,0x00,0x00,0x00,0x00,0x00,
0x00,0x00,0x00,0x00,0x00,0x00,0x00,0x00,0x00,0x00,0x00,0x00,0x00,0x08,0x83,0x39,
0xa4,0x08,0xe5,0x08,0x26,0x19,0xa4,0x00,0x40,0x28,0x2d,0xde,0xc3,0x10,0x21,0x00,
0x00,0x00,0x00,0x00,0x00,0x00,0x00,0x00,0x00,0x00,0x00,0x00,0x00,0x00,0x00,0x00,
0x00,0x00,0x00,0x00,0x00,0x00,0x00,0x00,0x00,0x00,0x00,0x00,0x00,0x00,0x00,0x00,
0x00,0x00,0x00,0x00,0x00,0x00,0x00,0x00,0x00,0x00,0x00,0x00,0x00,0x00,0x00,0x00,
0x00,0x00,0x00,0x00,0x00,0x00,0x00,0x00,0x00,0x00,0x00,0x00,0x00,0x00,0x00,0x00,
0x00,0x00,0x85,0x39,0x23,0xfd,0x20,0xe4,0xe0,0x18,0xd2,0xe6,0x07,0xf6,0x00,0xbc,
0xa4,0x08,0x01,0x00,0x00,0x00,0x00,0x00,0x00,0x00,0x00,0x00,0x00,0x00,0x00,0x00,
0x00,0x00,0x00,0x00,0x00,0x00,0x00,0x00,0x00,0x00,0x00,0x00,0x00,0x00,0x00,0x00,
0x00,0x00,0x00,0x00,0x00,0x00,0x00,0x00,0x00,0x00,0x00,0x00,0x00,0x00,0x00,0x00,
0x00,0x00,0x00,0x00,0x00,0x00,0x00,0x00,0x00,0x00,0x00,0x00,0x00,0x00,0x00,0x00,
0x00,0x00,0x00,0x00,0x84,0x08,0xc5,0x00,0x80,0xed,0x22,0xfe,0xc0,0xe4,0x44,0xfe,
0xca,0xcc,0x60,0x30,0xa4,0x08,0xc4,0x00,0x00,0x00,0x00,0x00,0x00,0x00,0x00,0x00,
0x00,0x00,0x00,0x00,0x00,0x00,0x00,0x00,0x00,0x00,0x00,0x00,0x00,0x00,0x00,0x00,
0x00,0x00,0x00,0x00,0x00,0x00,0x00,0x00,0x00,0x00,0x00,0x00,0x00,0x00,0x00,0x00,
0x00,0x00,0x64,0x31,0xa5,0x00,0xa5,0x08,0xc7,0x31,0xa2,0x18,0xa3,0x08,0x01,0x00,
0x00,0x00,0x00,0x00,0x00,0x00,0x67,0x52,0x40,0x28,0xa6,0x7a,0xc3,0xfe,0x82,0xfe,
0xc1,0xd3,0x20,0xc3,0x06,0xff,0x80,0xed,0x84,0x00,0x84,0x08,0x00,0x00,0x00,0x00,
0x00,0x00,0x00,0x00,0x00,0x00,0x00,0x00,0x00,0x00,0x00,0x00,0x00,0x00,0x00,0x00,
0x00,0x00,0x00,0x00,0x00,0x00,0x00,0x00,0x00,0x00,0x00,0x00,0x00,0x00,0x00,0x00,
0x00,0x00,0x00,0x00,0x00,0x00,0x00,0x00,0x20,0x49,0x2b,0xcd,0x83,0x08,0xa4,0x00,
0xa7,0x31,0xa3,0x08,0x00,0x00,0x00,0x00,0x00,0x00,0xe6,0x39,0xa8,0xa3,0xc1,0x61,
0x40,0xf5,0x81,0xf5,0x40,0x92,0xc7,0xfd,0xaa,0xc4,0x60,0x30,0xc3,0x10,0x21,0x00,
0x00,0x00,0x00,0x00,0x00,0x00,0x00,0x00,0x00,0x00,0x00,0x00,0x00,0x00,0x00,0x00,
0x00,0x00,0x00,0x00,0x00,0x00,0x00,0x00,0x00,0x00,0x00,0x00,0x00,0x00,0x00,0x00,
0x00,0x00,0x00,0x00,0x00,0x00,0x00,0x00,0x00,0x00,0xc5,0x39,0xc0,0x28,0xcd,0xd5,
0xec,0xd5,0x60,0x30,0xcb,0xfe,0x62,0xb4,0xc4,0x08,0x01,0x00,0xe5,0x31,0x80,0x10,
0x42,0xf6,0x42,0xfe,0xe1,0xb2,0xe1,0xba,0x00,0x9b,0x07,0xfe,0x2c,0xcd,0x80,0x38,
0x60,0x00,0x86,0x4a,0x40,0x21,0x84,0x52,0xa4,0x00,0x84,0x00,0xe7,0x31,0x81,0x10,
0x83,0x18,0x82,0x18,0x00,0x00,0x00,0x00,0x00,0x00,0x00,0x00,0x00,0x00,0x00,0x00,
0x00,0x00,0x00,0x00,0x00,0x00,0x00,0x00,0x00,0x00,0x00,0x00,0x00,0x00,0x00,0x00,
0x60,0x38,0xcb,0xc4,0x43,0xfd,0xa0,0xcb,0x47,0xfe,0xe2,0xcc,0x4c,0xd5,0x80,0x30,
0xe6,0x39,0xc2,0x10,0x01,0xf6,0xe5,0xfe,0xa0,0xaa,0x60,0xa2,0x49,0xff,0x86,0xf6,
0x6a,0xbc,0x80,0x30,0x85,0x52,0xe0,0x18,0xa2,0x10,0x65,0x21,0xd1,0xf6,0x43,0x7b,
0xa0,0x28,0x4e,0xde,0xea,0xe5,0x80,0x30,0x00,0x00,0x00,0x00,0x00,0x00,0x00,0x00,
0x00,0x00,0x00,0x00,0x00,0x00,0x00,0x00,0x00,0x00,0x00,0x00,0x00,0x00,0x00,0x00,
0x20,0x00,0xc2,0x18,0xa4,0x00,0xa4,0x08,0x21,0x92,0x00,0x92,0xa6,0xfd,0xa0,0xcb,
0x8e,0xe6,0xa0,0x30,0x28,0x3a,0xc2,0x10,0x40,0xed,0x64,0xfe,0x00,0xb3,0xc4,0xec,
0xe2,0xfc,0x40,0xec,0xe3,0x08,0xa6,0x29,0xa5,0x29,0xa1,0x10,0xc6,0xd4,0xa5,0xd4,
0x31,0xff,0x61,0x93,0x8a,0xff,0x44,0xee,0xc7,0x6a,0x80,0x28,0x00,0x00,0x00,0x00,
0x00,0x00,0x00,0x00,0x00,0x00,0x00,0x00,0x00,0x00,0x00,0x00,0x00,0x00,0x00,0x00,
0x00,0x00,0x00,0x00,0x00,0x00,0xc2,0x18,0x40,0xc4,0x47,0xfe,0x28,0xff,0x04,0xee,
0x42,0xcb,0xe0,0x91,0x0b,0xee,0xa0,0x38,0xa0,0x30,0x0b,0xbd,0x40,0x71,0xe7,0xe4,
0x23,0xbb,0xe0,0x89,0xe5,0x59,0x80,0x28,0x84,0x08,0x64,0x00,0x62,0x08,0x45,0x21,
0xc4,0xfe,0x83,0xf6,0x61,0xfd,0xe0,0xe4,0x02,0xfd,0xa0,0xcb,0xa3,0x10,0x21,0x00,
0x00,0x00,0x00,0x00,0x00,0x00,0x00,0x00,0x00,0x00,0x00,0x00,0x00,0x00,0x00,0x00,
0x00,0x00,0x00,0x00,0x00,0x00,0x00,0x00,0x00,0x00,0x00,0x00,0x66,0x21,0xa3,0x10,
0x00,0xed,0xa1,0xfd,0x44,0xe4,0x40,0xaa,0x09,0xdd,0x00,0x61,0xc0,0x30,0xab,0xd5,
0x0f,0xff,0x40,0x72,0x40,0x72,0xcd,0xfe,0xe7,0xf5,0x40,0xcc,0x61,0x10,0xe7,0x49,
0xe0,0x20,0x12,0xef,0x62,0xfd,0x80,0xec,0x61,0x9a,0xe0,0x91,0x63,0x00,0x83,0x08,
0xa3,0x50,0x00,0x28,0x00,0x00,0x00,0x00,0x00,0x00,0x00,0x00,0x00,0x00,0x00,0x00,
0x00,0x00,0x00,0x00,0x00,0x00,0x00,0x00,0x00,0x00,0x00,0x00,0x00,0x00,0x00,0x00,
0x28,0x42,0xc2,0x10,0x80,0x30,0x48,0x83,0x62,0x9a,0xa0,0x79,0x20,0xdc,0x64,0xfd,
0xe0,0x91,0x63,0xbb,0x61,0xfe,0xe0,0xf5,0x20,0xed,0xe2,0xfd,0xe9,0xab,0x60,0x30,
0xc0,0x28,0x6f,0xde,0xc0,0x9a,0x69,0xfe,0xc3,0xdb,0xe0,0xba,0xe3,0xfe,0x03,0xff,
0xac,0xd5,0x80,0x28,0x02,0x21,0x00,0x00,0x00,0x00,0x00,0x00,0x00,0x00,0x00,0x00,
0x00,0x00,0x00,0x00,0x00,0x00,0x00,0x00,0x00,0x00,0x00,0x00,0x01,0x00,0x83,0x08,
0xa1,0x10,0x67,0x52,0x44,0x19,0x64,0x29,0xc0,0xaa,0x25,0xfd,0x89,0xff,0x06,0xff,
0x00,0x72,0xa8,0xf5,0xc9,0xa3,0x20,0x30,0x60,0xc3,0xc3,0xf4,0xa3,0xcb,0x40,0xa2,
0xc5,0x00,0xa4,0x08,0xa0,0x20,0x55,0xff,0x60,0xaa,0x44,0xec,0x00,0x92,0x83,0xcb,
0x82,0xec,0xa0,0xdb,0x46,0x19,0xc3,0x10,0x00,0x00,0x00,0x00,0x00,0x00,0x00,0x00,
0x00,0x00,0x00,0x00,0x00,0x00,0x00,0x00,0x00,0x00,0x00,0x00,0x00,0x00,0x00,0x00,
0xe8,0x39,0xc3,0x10,0x0c,0xde,0xe0,0x30,0x83,0x08,0x83,0x00,0xa4,0x08,0xa4,0x00,
0x60,0xe4,0xa2,0xfd,0x00,0x9a,0x65,0xdc,0x20,0x49,0x8d,0xf6,0x64,0xfd,0x40,0xb3,
0xc0,0xe4,0x23,0xfe,0xa8,0xab,0x40,0x30,0xa0,0xf5,0x21,0xfe,0xe0,0x91,0xc2,0xaa,
0xa0,0xfd,0x80,0xfd,0x69,0xbc,0xa0,0x38,0xa3,0x10,0x21,0x00,0x00,0x00,0x00,0x00,
0x00,0x00,0x00,0x00,0x00,0x00,0x00,0x00,0x00,0x00,0x00,0x00,0x00,0x00,0x00,0x00,
0x00,0x00,0x00,0x00,0x01,0x00,0xa3,0x10,0x04,0xee,0xa6,0xfe,0x00,0x6a,0xce,0xfe,
0x63,0x00,0x84,0x00,0x80,0x28,0x87,0x72,0xe0,0x81,0x23,0xb3,0x60,0x69,0xe7,0xe4,
0x8c,0xfe,0x40,0x7a,0x04,0xfe,0x80,0xe4,0x60,0x28,0x6c,0xb4,0xc0,0xec,0x01,0xfd,
0xa0,0x71,0xe1,0x81,0xe0,0x81,0x61,0x92,0x67,0x62,0x40,0x20,0xa4,0x29,0x00,0x00,
0x00,0x00,0x00,0x00,0x00,0x00,0x00,0x00,0x00,0x00,0x00,0x00,0x00,0x00,0x00,0x00,
0x00,0x00,0x00,0x00,0x00,0x00,0x00,0x00,0x00,0x00,0x00,0x00,0x40,0x30,0x29,0xac,
0x20,0xfd,0x60,0xfd,0xc0,0xd4,0xc8,0xfe,0x40,0x38,0xab,0xbc,0x46,0xf5,0xc0,0x79,
0xe7,0x8a,0x80,0x30,0xe2,0xe3,0x80,0xaa,0x48,0x93,0x40,0x28,0xa0,0xcc,0x6a,0xff,
0xe0,0x91,0x21,0x92,0x20,0xfe,0x82,0xfe,0xe3,0xfc,0x60,0xc3,0xe2,0x10,0xa5,0x21,
0xc4,0x08,0xc5,0x00,0xa3,0x10,0x21,0x00,0x00,0x00,0x00,0x00,0x00,0x00,0x00,0x00,
0x00,0x00,0x00,0x00,0x00,0x00,0x00,0x00,0x00,0x00,0x00,0x00,0x00,0x00,0x00,0x00,
0xc6,0x29,0xa1,0x10,0xc0,0x81,0xe2,0xaa,0x80,0xbb,0x84,0xfd,0x0d,0x8c,0xa0,0x28,
0xa3,0xcb,0x00,0x9a,0x07,0x7b,0x80,0x30,0x80,0x30,0xa9,0xa3,0x02,0x01,0xa5,0x21,
0xa0,0xb3,0xe6,0xfd,0x00,0x8a,0xc2,0xaa,0x80,0xcb,0x41,0xec,0x09,0x83,0x60,0x30,
0xc5,0x00,0x83,0x00,0x05,0x9e,0xa0,0x53,0xa4,0x08,0x01,0x00,0x00,0x00,0x00,0x00,
0x00,0x00,0x00,0x00,0x00,0x00,0x00,0x00,0x00,0x00,0x00,0x00,0x00,0x00,0x00,0x00,
0x00,0x00,0x00,0x00,0x80,0x20,0xa7,0x62,0xc0,0xf5,0x82,0xfe,0x84,0xfd,0x40,0xbb,
0xe0,0xcb,0x25,0xed,0x83,0x08,0xa4,0x08,0x89,0x9b,0x80,0x30,0xc0,0x38,0xeb,0xbc,
0x20,0x09,0x85,0x32,0x80,0xaa,0xc6,0xf4,0x00,0xf5,0x81,0xfd,0xc9,0xa3,0x60,0x30,
0x20,0x19,0xce,0xce,0xa1,0xce,0xe0,0xad,0x83,0x00,0xc4,0x00,0x00,0x00,0x00,0x00,
0x00,0x00,0x00,0x00,0x00,0x00,0x00,0x00,0x00,0x00,0x00,0x00,0x00,0x00,0x00,0x00,
0x00,0x00,0x00,0x00,0x00,0x00,0x00,0x00,0x01,0x00,0xa3,0x10,0x80,0x30,0xa9,0x9b,
0xc4,0xcb,0xc0,0x91,0x60,0x7a,0x8a,0xfe,0xe3,0x00,0x65,0x19,0xac,0xbc,0x40,0x30,
0xc0,0x30,0xac,0xd5,0x41,0x22,0x82,0x32,0xa0,0x30,0xe9,0xa3,0x40,0xc3,0x60,0xcb,
0xa5,0x00,0xa4,0x08,0xa2,0xc6,0x00,0xb6,0x2b,0x8d,0x00,0x11,0xa4,0x08,0x01,0x00,
0x00,0x00,0x00,0x00,0x00,0x00,0x00,0x00,0x00,0x00,0x00,0x00,0x00,0x00,0x00,0x00,
0x00,0x00,0x00,0x00,0x00,0x00,0x00,0x00,0x00,0x00,0x00,0x00,0x00,0x00,0x00,0x00,
0xe6,0x31,0xa1,0x08,0x00,0xfe,0x61,0xfe,0x24,0xfd,0x20,0xb3,0xe1,0x08,0xe5,0x21,
0x80,0x38,0x2b,0xcd,0xc0,0x28,0x4e,0xd6,0x05,0x4b,0x80,0x11,0xe9,0xc4,0xc0,0x38,
0x64,0x19,0xc2,0x00,0xc0,0xb5,0x21,0xbe,0x6c,0xbe,0x60,0x11,0xc1,0x08,0x47,0x32,
0xe5,0x08,0xe5,0x00,0xc4,0x08,0xc5,0x00,0xa3,0x10,0x21,0x00,0x00,0x00,0x00,0x00,
0x00,0x00,0x00,0x00,0x00,0x00,0x00,0x00,0x00,0x00,0x00,0x00,0x20,0x00,0xe3,0x18,
0xc5,0x00,0xc4,0x08,0xa4,0x00,0xa4,0x08,0x80,0x30,0xe9,0xab,0x02,0xbb,0x60,0xaa,
0xa9,0x93,0x80,0x38,0xa0,0x30,0x4b,0xd5,0xc0,0x28,0xec,0xd5,0x47,0x4b,0x00,0x09,
0xcd,0xcd,0xa0,0x30,0x40,0x11,0xec,0xb5,0x01,0xae,0xc0,0xad,0xc6,0x3a,0xe0,0x08,
0xc4,0x00,0x82,0x00,0xe1,0xce,0x80,0xce,0xa5,0xbe,0xa0,0x84,0xc4,0x08,0x01,0x00,
0x00,0x00,0x00,0x00,0x00,0x00,0x00,0x00,0x00,0x00,0x00,0x00,0x00,0x00,0x00,0x00,
0xc4,0x08,0xe5,0x08,0x80,0xc6,0x80,0xc6,0x81,0xc6,0xc0,0xa5,0x05,0x09,0xe5,0x00,
0xc4,0x08,0xc4,0x00,0x49,0xbc,0xa0,0x40,0xa0,0x38,0x6a,0xcd,0xe0,0x40,0x4b,0xcd,
0x05,0x4b,0x40,0x09,0x09,0xac,0x60,0x30,0xa0,0x84,0x01,0x8d,0x82,0xa5,0x80,0x7c,
0xe3,0x00,0xa6,0x11,0x80,0x9d,0x40,0x8d,0xa0,0xa5,0xc0,0x9d,0xc4,0x08,0x05,0x09,
0x23,0x19,0x20,0x00,0x00,0x00,0x00,0x00,0x00,0x00,0x00,0x00,0x00,0x00,0x00,0x00,
0x00,0x00,0x00,0x00,0xc5,0x00,0xa5,0x08,0xc5,0x00,0x84,0x00,0xa2,0x9d,0x64,0xbe,
0xc0,0x7c,0x61,0x95,0x22,0x01,0xe5,0x21,0x80,0x30,0x6b,0xbc,0x00,0x39,0x2a,0xc5,
0x40,0x92,0xc5,0xec,0xc5,0x3a,0x00,0x09,0x63,0x39,0x80,0x20,0x42,0x8d,0xe0,0x84,
0x64,0x11,0xc1,0x08,0x80,0x43,0x22,0x5c,0x82,0x95,0x81,0x9d,0xa5,0x00,0xa4,0x08,
0x45,0x29,0x00,0x00,0x00,0x00,0x00,0x00,0x00,0x00,0x00,0x00,0x00,0x00,0x00,0x00,
0x00,0x00,0x00,0x00,0x00,0x00,0x00,0x00,0x00,0x00,0x00,0x00,0x00,0x00,0x24,0x19,
0xa5,0x29,0xc2,0x08,0x62,0xbe,0x20,0x8d,0x89,0x7c,0x00,0x01,0x80,0x38,0xc9,0xa3,
0x80,0x38,0x09,0xac,0x80,0xb2,0x64,0xe4,0xa0,0x51,0x6a,0xc5,0x40,0x11,0xa9,0x7c,
0x21,0x43,0x62,0x43,0x00,0x01,0xe6,0x3a,0x60,0x64,0x40,0x5c,0xa3,0x08,0xc4,0x08,
0x24,0x2a,0x60,0x00,0x00,0x00,0x00,0x00,0x00,0x00,0x00,0x00,0x00,0x00,0x00,0x00,
0x00,0x00,0x00,0x00,0x00,0x00,0x00,0x00,0x00,0x00,0x00,0x00,0x00,0x00,0x00,0x00,
0x00,0x00,0x00,0x00,0x20,0x00,0xe5,0x31,0x83,0x00,0x04,0x11,0x41,0x5c,0x20,0x5c,
0x05,0x01,0xe4,0x08,0x67,0x9b,0x80,0x40,0xe0,0xb2,0x00,0xc3,0xa0,0x30,0x27,0x8b,
0xc0,0x09,0x84,0x4b,0x07,0x3b,0x20,0x01,0xc0,0x2a,0x42,0x43,0x04,0x01,0x65,0x11,
0xa7,0x31,0x00,0x00,0x00,0x00,0x00,0x00,0x00,0x00,0x00,0x00,0x00,0x00,0x00,0x00,
0x00,0x00,0x00,0x00,0x00,0x00,0x00,0x00,0x00,0x00,0x00,0x00,0x00,0x00,0x00,0x00,
0x00,0x00,0x00,0x00,0x00,0x00,0x00,0x00,0x00,0x00,0x00,0x00,0x00,0x00,0xa3,0x08,
0x80,0x11,0x64,0x4b,0x85,0x32,0x41,0x09,0x05,0x8b,0xe0,0x40,0xe1,0xaa,0x20,0x8a,
0xc1,0x69,0x43,0x72,0xa2,0x32,0x82,0x2a,0x21,0x11,0x25,0x2a,0x06,0x43,0x40,0x01,
0xc4,0x08,0xc4,0x00,0x02,0x11,0xe5,0x21,0x00,0x00,0x00,0x00,0x00,0x00,0x00,0x00,
0x00,0x00,0x00,0x00,0x00,0x00,0x00,0x00,0x00,0x00,0x00,0x00,0x00,0x00,0x00,0x00,
0x00,0x00,0x00,0x00,0x00,0x00,0x00,0x00,0x00,0x00,0x00,0x00,0x00,0x00,0x00,0x00,
0xc6,0x00,0xc5,0x08,0xc5,0x00,0xc5,0x00,0x00,0x49,0x67,0xa3,0x66,0xdd,0xab,0xfe,
0x2c,0xff,0x07,0xee,0x6a,0xfe,0x04,0xe5,0xe0,0x40,0xcc,0xc4,0x50,0xee,0x00,0x49,
0x21,0x01,0xa6,0x32,0x80,0x3b,0x62,0x5c,0x67,0x4b,0x00,0x01,0x61,0x00,0x00,0x00,
0x00,0x00,0x00,0x00,0x00,0x00,0x00,0x00,0x00,0x00,0x00,0x00,0x00,0x00,0x00,0x00,
0x00,0x00,0x00,0x00,0x00,0x00,0x00,0x00,0x00,0x00,0x00,0x00,0x00,0x00,0x00,0x00,
0x01,0x00,0xc4,0x08,0x40,0x5c,0x41,0x54,0xa2,0x43,0xe0,0x2a,0xc3,0x20,0x05,0x21,
0xa2,0x9a,0x82,0x92,0x82,0xcb,0xe0,0xaa,0x45,0xb3,0xe0,0x81,0x41,0xd4,0x08,0xfe,
0x80,0x48,0xab,0xcc,0xc4,0x08,0xc4,0x00,0x00,0x09,0x66,0x2a,0x61,0x64,0x20,0x54,
0xa3,0x10,0x21,0x00,0x00,0x00,0x00,0x00,0x00,0x00,0x00,0x00,0x00,0x00,0x00,0x00,
0x00,0x00,0x00,0x00,0x00,0x00,0x00,0x00,0x00,0x00,0x00,0x00,0x00,0x00,0x00,0x00,
0x00,0x00,0x00,0x00,0x02,0x01,0xe1,0x00,0x84,0x64,0xe0,0x32,0xc5,0x00,0xc4,0x08,
0x80,0x38,0xe7,0x8a,0xc1,0xc3,0xa8,0xfd,0x4b,0xfe,0x84,0xdc,0xa9,0xdc,0x20,0x92,
0xea,0xdc,0x00,0x8a,0x80,0x69,0x05,0xa3,0x83,0x08,0x01,0x00,0x65,0x11,0xe2,0x08,
0x00,0x01,0x27,0x43,0xa5,0x00,0xa5,0x00,0x00,0x00,0x00,0x00,0x00,0x00,0x00,0x00,
0x00,0x00,0x00,0x00,0x00,0x00,0x00,0x00,0x00,0x00,0x00,0x00,0x00,0x00,0x00,0x00,
0x00,0x00,0x00,0x00,0x00,0x00,0x00,0x00,0xe0,0x00,0x07,0x3b,0xe2,0x08,0xe6,0x21,
0x41,0x32,0x21,0x22,0xc3,0x10,0x04,0x11,0x62,0x59,0x62,0x51,0xc2,0x71,0xa2,0x61,
0x42,0x51,0x22,0x49,0xa0,0x30,0x87,0x62,0x66,0x72,0x80,0x28,0x64,0x31,0x00,0x00,
0x00,0x00,0x00,0x00,0xc0,0x00,0x63,0x11,0xa4,0x08,0xa5,0x00,0x00,0x00,0x00,0x00,
0x00,0x00,0x00,0x00,0x00,0x00,0x00,0x00,0x00,0x00,0x00,0x00,0x00,0x00,0x00,0x00,
0x00,0x00,0x00,0x00,0x00,0x00,0x00,0x00,0x00,0x00,0x00,0x00,0xc5,0x00,0xa5,0x00,
0x45,0x29,0x00,0x00,0x40,0x00,0xa5,0x42,0xa0,0x20,0xc7,0x6a,0x44,0x7a,0xe0,0x58,
0x04,0xa3,0xc0,0x81,0x62,0x21,0xc3,0x31,0xe2,0x19,0x02,0x22,0xe1,0x89,0xc4,0xaa,
0x84,0x00,0xa4,0x08,0x00,0x00,0x00,0x00,0x00,0x00,0x00,0x00,0x00,0x00,0x00,0x00,
0x00,0x00,0x00,0x00,0x00,0x00,0x00,0x00,0x00,0x00,0x00,0x00,0x00,0x00,0x00,0x00,
0x00,0x00,0x00,0x00,0x00,0x00,0x00,0x00,0x00,0x00,0x00,0x00,0x00,0x00,0x00,0x00,
0x00,0x00,0x00,0x00,0x00,0x00,0x00,0x00,0x01,0x00,0xc4,0x08,0xa4,0xcb,0xc0,0x89,
0xc4,0xcb,0xa0,0x79,0x02,0xdc,0xc0,0xaa,0x80,0x41,0xa4,0x62,0x40,0x53,0xe3,0x5b,
0x60,0x30,0xaa,0x9b,0xd0,0xdd,0x80,0x28,0xe3,0x28,0x00,0x00,0x00,0x00,0x00,0x00,
0x00,0x00,0x00,0x00,0x00,0x00,0x00,0x00,0x00,0x00,0x00,0x00,0x00,0x00,0x00,0x00,
0x00,0x00,0x00,0x00,0x00,0x00,0x00,0x00,0x00,0x00,0x00,0x00,0x00,0x00,0x00,0x00,
0x00,0x00,0x00,0x00,0x00,0x00,0x00,0x00,0x00,0x00,0x00,0x00,0x25,0x11,0xa3,0x08,
0xa0,0xcb,0x62,0xec,0x40,0xb3,0x64,0xfd,0x84,0xec,0xc0,0xba,0x60,0x8a,0xa3,0xbb,
0x40,0x19,0xa6,0x6b,0xe7,0x42,0xc0,0x08,0xe0,0xaa,0x45,0xdc,0x49,0x83,0x60,0x28,
0x00,0x00,0x00,0x00,0x00,0x00,0x00,0x00,0x00,0x00,0x00,0x00,0x00,0x00,0x00,0x00,
0x00,0x00,0x00,0x00,0x00,0x00,0x00,0x00,0x00,0x00,0x00,0x00,0x00,0x00,0x00,0x00,
0x00,0x00,0x00,0x00,0x00,0x00,0x00,0x00,0x00,0x00,0x00,0x00,0x00,0x00,0x40,0x00,
0x80,0x30,0x6c,0xcd,0xc0,0x71,0xc8,0xed,0xe0,0x71,0x4b,0xfe,0xc0,0xb2,0x41,0xc3,
0xa0,0xb2,0xc2,0xcb,0x40,0x31,0xc6,0x7b,0x67,0x63,0x00,0x09,0x80,0x38,0x0c,0xa4,
0x51,0xe6,0xa0,0x20,0x00,0x00,0x00,0x00,0x00,0x00,0x00,0x00,0x00,0x00,0x00,0x00,
0x00,0x00,0x00,0x00,0x00,0x00,0x00,0x00,0x00,0x00,0x00,0x00,0x00,0x00,0x00,0x00,
0x00,0x00,0x00,0x00,0x00,0x00,0x00,0x00,0x00,0x00,0x00,0x00,0x00,0x00,0x00,0x00,
0x01,0x00,0xa3,0x10,0x40,0x8a,0x84,0xdc,0x40,0x59,0x48,0xe5,0xc0,0x59,0xad,0xfe,
0x00,0x59,0x45,0xa3,0xe2,0xdb,0x20,0xcb,0x23,0x5a,0xe0,0x30,0x4b,0xa5,0xc0,0x18,
0x86,0x21,0xc3,0x10,0xa3,0x08,0x45,0x21,0x00,0x00,0x00,0x00,0x00,0x00,0x00,0x00,
0x00,0x00,0x00,0x00,0x00,0x00,0x00,0x00,0x00,0x00,0x00,0x00,0x00,0x00,0x00,0x00,
0x00,0x00,0x00,0x00,0x00,0x00,0x00,0x00,0x00,0x00,0x00,0x00,0x00,0x00,0x00,0x00,
0x00,0x00,0x00,0x00,0xe4,0x39,0xc0,0x10,0xc3,0xfc,0xe0,0xb2,0xe1,0xfd,0x00,0xe5,
0xe0,0x81,0x68,0xed,0x00,0x51,0xa6,0xa3,0x07,0xed,0xa0,0x71,0xe7,0xa3,0xc0,0x30,
0x2a,0xad,0xe0,0x18,0xc5,0x39,0x00,0x00,0x00,0x00,0x00,0x00,0x00,0x00,0x00,0x00,
0x00,0x00,0x00,0x00,0x00,0x00,0x00,0x00,0x00,0x00,0x00,0x00,0x00,0x00,0x00,0x00,
0x00,0x00,0x00,0x00,0x00,0x00,0x00,0x00,0x00,0x00,0x00,0x00,0x00,0x00,0x00,0x00,
0x00,0x00,0x00,0x00,0x00,0x00,0x00,0x00,0xa0,0x30,0x4c,0xcd,0x27,0x93,0xc0,0x50,
0x85,0xfd,0x40,0xbb,0x80,0xe4,0x21,0xfd,0xa0,0x61,0x67,0xc4,0xcb,0xe5,0x40,0x59,
0x2a,0xc5,0x00,0x49,0x41,0x94,0x20,0x9c,0x83,0x00,0x01,0x00,0x00,0x00,0x00,0x00,
0x00,0x00,0x00,0x00,0x00,0x00,0x00,0x00,0x00,0x00,0x00,0x00,0x00,0x00,0x00,0x00,
0x00,0x00,0x00,0x00,0x00,0x00,0x00,0x00,0x00,0x00,0x00,0x00,0x00,0x00,0x00,0x00,
0x00,0x00,0x00,0x00,0x00,0x00,0x00,0x00,0x00,0x00,0x00,0x00,0xa4,0x08,0x84,0x00,
0x60,0x28,0xcd,0xd5,0x67,0x9b,0x60,0x30,0x07,0xfe,0xc0,0x92,0xa4,0x82,0x20,0x49,
0x0c,0xe6,0x00,0x39,0xa5,0xfd,0xe0,0xcb,0x20,0x21,0x4a,0xa5,0x06,0x53,0x00,0x09,
0x00,0x00,0x00,0x00,0x00,0x00,0x00,0x00,0x00,0x00,0x00,0x00,0x00,0x00,0x00,0x00,
0x00,0x00,0x00,0x00,0x00,0x00,0x00,0x00,0x00,0x00,0x00,0x00,0x00,0x00,0x00,0x00,
0x00,0x00,0x00,0x00,0x00,0x00,0x00,0x00,0x00,0x00,0x00,0x00,0x00,0x00,0x00,0x00,
0x00,0x00,0x03,0x21,0xa5,0x00,0x84,0x00,0xc4,0x00,0x83,0x00,0x4c,0xc5,0x80,0x28,
0xe6,0x00,0xc5,0x00,0x0d,0xd6,0x80,0x30,0x23,0xed,0xa0,0xe4,0xc5,0x00,0xa4,0x08,
0xc5,0x00,0xa4,0x08,0x00,0x00,0x00,0x00,0x00,0x00,0x00,0x00,0x00,0x00,0x00,0x00,
0x00,0x00,0x00,0x00,0x00,0x00,0x00,0x00,0x00,0x00,0x00,0x00,0x00,0x00,0x00,0x00,
0x00,0x00,0x00,0x00,0x00,0x00,0x00,0x00,0x00,0x00,0x00,0x00,0x00,0x00,0x00,0x00,
0x00,0x00,0x00,0x00,0x00,0x00,0x00,0x00,0x00,0x00,0x00,0x00,0x21,0x00,0xc3,0x08,
0xa4,0x08,0xc5,0x00,0x01,0x00,0xa3,0x08,0xa4,0x08,0xc5,0x00,0xa4,0x08,0xc5,0x00,
0x83,0x10,0x21,0x00,0x00,0x00,0x00,0x00,0x00,0x00,0x00,0x00,0x00,0x00,0x00,0x00,
0x00,0x00,0x00,0x00,0x00,0x00,0x00,0x00,0x00,0x00,0x00,0x00,0x00,0x00,0x00,0x00,
0x00,0x00,0x00,0x00,0x00,0x00,0x00,0x00,0x00,0x00,0x00,0x00,0x00,0x00,0x00,0x00,
0x00,0x00,0x00,0x00,0x00,0x00,0x00,0x00,0x00,0x00,0x00,0x00,0x00,0x00,0x00,0x00,
0x00,0x00,0x00,0x00,0x00,0x00,0x00,0x00,0x00,0x00,0x00,0x00,0x00,0x00,0x00,0x00,
0x00,0x00,0x00,0x00,0x00,0x00,0x00,0x00,0x00,0x00,0x00,0x00,0x00,0x00,0x00,0x00,
0x00,0x00,0x00,0x00,0x00,0x00,0x00,0x00,0x00,0x00,0x00,0x00,0x00,0x00,0x00,0x00,
0x00,0x00,0x00,0x00,0x00,0x00,0x00,0x00,0x00,0x00,0x00,0x00,0x00,0x00,0x00,0x00,
0x00,0x00,0x00,0x00,0x00,0x00,0x00,0x00,0x00,0x00,0x00,0x00,0x00,0x00,0x00,0x00,
0x00,0x00,0x00,0x00,0x00,0x00,0x00,0x00,0x00,0x00,0x00,0x00,0x00,0x00,0x00,0x00,
0x00,0x00,0x00,0x00,0x00,0x00,0x00,0x00,0x00,0x00,0x00,0x00,0x00,0x00,0x00,0x00,
0x00,0x00,0x00,0x00,0x00,0x00,0x02,0x01,0x01,0x02,0x10,0xfc,0xfb,0x00,0x00,0x00,
0x00,0x00,0x00,0x00,0x00,0x00,0x00,0x00,0x00,0x00,0x00,0x00,0x00,0x00,0x00,0x00,
0x00,0x00,0x00,0x00,0x00,0x00,0x00,0x00,0x00,0x00,0x00,0x00,0x00,0x00,0x00,0x07,
0xf9,0xfc,0xa8,0xfd,0xfd,0xfd,0xfb,0x01,0x00,0x00,0x00,0x00,0x00,0x00,0x00,0x00,
0x00,0x00,0x00,0x00,0x00,0x00,0x00,0x00,0x00,0x00,0x00,0x00,0x00,0x00,0x00,0x00,
0x00,0x00,0x00,0x00,0x00,0x00,0x00,0x00,0x02,0x2c,0xfc,0xfd,0xfc,0xfe,0xfe,0xfe,
0xfb,0x01,0x00,0x00,0x00,0x00,0x00,0x00,0x00,0x00,0x00,0x00,0x00,0x00,0x00,0x00,
0x00,0x00,0x00,0x00,0x00,0x00,0x00,0x00,0x00,0x00,0x00,0x00,0x00,0x00,0x00,0x00,
0x00,0x00,0xf2,0xfa,0xfd,0xfe,0xfe,0xfe,0xfe,0xfd,0xfc,0xfa,0x00,0x00,0x00,0x00,
0x00,0x00,0x00,0x00,0x00,0x00,0x00,0x00,0x00,0x00,0x00,0x00,0x00,0x00,0x00,0x00,
0x00,0x05,0xfa,0xfa,0x0a,0xfb,0xf8,0x01,0x00,0x00,0x00,0x03,0xfc,0xfd,0xfd,0xfe,
0xfd,0xfe,0xfe,0xfd,0xfd,0xfb,0x00,0x00,0x00,0x00,0x00,0x00,0x00,0x00,0x00,0x00,
0x00,0x00,0x00,0x00,0x00,0x00,0x00,0x00,0x00,0x00,0x00,0x03,0xfe,0xfe,0xfc,0xfd,
0xfd,0xff,0x01,0x00,0x00,0x08,0xfd,0xfe,0xfe,0xfe,0xfc,0xfe,0xfe,0xfd,0xf6,0x00,
0x00,0x00,0x00,0x01,0x00,0x00,0x00,0x00,0x00,0x00,0x00,0x00,0x00,0x00,0x00,0x00,
0x00,0x00,0x00,0x00,0x00,0x04,0xfd,0xfe,0xfe,0xfe,0xfe,0xfe,0xfa,0x01,0x04,0xf8,
0xfd,0xfe,0xfe,0xfd,0xfd,0xfe,0xfe,0xfd,0x02,0x03,0x07,0x03,0xf9,0xfa,0x08,0xf4,
0xfd,0xcf,0x00,0x00,0x00,0x00,0x00,0x00,0x00,0x00,0x00,0x00,0x00,0x00,0x00,0x01,
0xfc,0xfe,0xfe,0xfe,0xfe,0xfe,0xfe,0xf4,0x08,0xfb,0xfe,0xfe,0xfe,0xfd,0xfe,0xfe,
0xfe,0xfc,0x03,0x89,0xf6,0xef,0xfd,0xfd,0xfb,0xfc,0xfe,0xe0,0x00,0x00,0x00,0x00,
0x00,0x00,0x00,0x00,0x00,0x00,0x00,0x00,0x00,0xd1,0xfd,0xfe,0xfe,0xfe,0xfe,0xfe,
0xfe,0xfb,0x66,0xfa,0xfe,0xfe,0xfd,0xfd,0xfe,0xfe,0xfd,0x12,0x0a,0xfc,0xfe,0xfe,
0xfe,0xfe,0xfe,0xfe,0xfd,0xe1,0x00,0x00,0x00,0x00,0x00,0x00,0x00,0x00,0x00,0x00,
0x00,0x00,0x00,0xa4,0xfd,0xfe,0xfe,0xfe,0xfe,0xfe,0xfe,0xfd,0xfd,0xfe,0xfd,0xfe,
0xfe,0xfd,0xfe,0xfd,0xfb,0x05,0xf8,0xfd,0xfe,0xfe,0xfe,0xfe,0xfe,0xfd,0xf7,0x01,
0x00,0x00,0x00,0x00,0x00,0x00,0x00,0x00,0x00,0x00,0x00,0x00,0x00,0x01,0xc5,0xfd,
0xfe,0xfe,0xfe,0xfe,0xfe,0xfe,0xfe,0xfe,0xfe,0xfe,0xfe,0xfe,0xfe,0xfe,0xfd,0xfd,
0xfd,0xfe,0xfe,0xfe,0xfe,0xfe,0xfe,0xfc,0x02,0x01,0x00,0x00,0x00,0x00,0x00,0x00,
0x00,0x00,0x00,0x00,0x00,0x00,0x00,0x01,0x07,0xfa,0xfe,0xfe,0xfe,0xfe,0xfe,0xfe,
0xfe,0xfe,0xfe,0xfe,0xfe,0xfd,0xfe,0xfe,0xfe,0xfe,0xfe,0xff,0xfe,0xfe,0xfe,0xfe,
0xfe,0xfc,0x07,0x00,0x00,0x00,0x00,0x00,0x00,0x00,0x00,0x00,0x00,0x00,0x02,0xfb,
0xfc,0x18,0x78,0xb8,0xfe,0xfe,0xfe,0xfe,0xfe,0xfe,0xfe,0xfe,0xfe,0xfe,0xfe,0xfe,
0xfe,0xfe,0xfe,0xfe,0xfe,0xfe,0xfe,0xfe,0xfe,0xfe,0xfd,0xfc,0x00,0x00,0x00,0x00,
0x00,0x00,0x00,0x00,0x00,0x00,0x00,0x00,0x04,0xfc,0xfd,0xfd,0xfe,0xfe,0xfe,0xfe,
0xfe,0xfe,0xfe,0xfe,0xfe,0xfe,0xfe,0xfe,0xfd,0xfe,0xfe,0xfd,0xfe,0xfe,0xfe,0xfe,
0xfe,0xfe,0xfe,0xfd,0xfa,0x01,0x00,0x00,0x00,0x00,0x00,0x00,0x00,0x00,0x00,0x00,
0x00,0x00,0x01,0xf0,0xfd,0xfe,0xfe,0xfe,0xfe,0xfe,0xfe,0xfe,0xfe,0xfe,0xfe,0xfe,
0xfe,0xfe,0xfe,0xfe,0xfe,0xfe,0xfe,0xfe,0xfe,0xfe,0xfe,0xfe,0xfd,0xf7,0x0d,0x01,
0x00,0x00,0x00,0x00,0x00,0x00,0x00,0x00,0x00,0x00,0x00,0x00,0x00,0x01,0xfc,0xfe,
0xfe,0xfe,0xfd,0xfe,0xfe,0xfe,0xfe,0xfe,0xfe,0xfe,0xfe,0xfe,0xfe,0xfe,0xfe,0xfe,
0xfe,0xfe,0xfe,0xfe,0xfe,0xfe,0xf0,0x09,0xf0,0xfd,0xf3,0x00,0x00,0x00,0x00,0x00,
0x00,0x00,0x00,0x00,0x00,0x00,0x00,0x01,0x21,0xfe,0xfd,0xfe,0xfd,0xfe,0xfe,0xfe,
0xfe,0xfe,0xfe,0xfe,0xfd,0xfe,0xfd,0xfe,0xfe,0xfe,0xfe,0xfe,0xfe,0xfe,0xfe,0xfe,
0xfd,0xfc,0xfd,0xfd,0xf9,0x00,0x00,0x00,0x00,0x00,0x00,0x00,0x00,0x00,0x00,0x00,
0x00,0x00,0xf0,0xfe,0xfd,0xfe,0xfe,0xfe,0xfe,0xfe,0xfe,0xfe,0xfe,0xfe,0xfe,0xfe,
0xfd,0xfe,0xfe,0xfe,0xfe,0xfe,0xfe,0xfe,0xfe,0xfe,0xfe,0xfd,0xfc,0xf7,0x00,0x00,
0x00,0x00,0x00,0x00,0x00,0x00,0x00,0x00,0x00,0x00,0x00,0x00,0x00,0xff,0xfd,0xfe,
0xfd,0xfe,0xfe,0xfe,0xfe,0xfd,0xfe,0xfd,0xfe,0xfe,0xfd,0xfd,0xfe,0xfd,0xfe,0xfe,
0xfe,0xfe,0xfe,0xfe,0xfd,0xfa,0xf2,0x02,0x00,0x00,0x00,0x00,0x00,0x00,0x00,0x00,
0x00,0x00,0x00,0x00,0x00,0x00,0x00,0x02,0x30,0xfd,0xfe,0xfe,0xfe,0xfe,0xfe,0xfe,
0xfe,0xfe,0xfe,0xfe,0xfd,0xfe,0xfe,0xfe,0xfd,0xfe,0xfe,0xfe,0xfe,0xfe,0xf9,0x73,
0xe0,0xf9,0xf4,0xec,0xf3,0x00,0x00,0x00,0x00,0x00,0x00,0x00,0x00,0x00,0x02,0xa5,
0xfa,0xfb,0xfc,0xfd,0xfe,0xfe,0xfe,0xfe,0xfe,0xfe,0xfe,0xfe,0xfe,0xfe,0xfe,0xfe,
0xfe,0xfe,0xfe,0xfe,0xfe,0xfe,0xfe,0xfe,0xfd,0xfd,0xfe,0xfd,0xfd,0xfd,0xfd,0x00,
0x00,0x00,0x00,0x00,0x00,0x00,0x00,0x00,0xf9,0xfb,0xfd,0xfd,0xfd,0xfd,0xfe,0xfe,
0xfe,0xfe,0xfe,0xfe,0xfe,0xfe,0xfe,0xfe,0xfe,0xfe,0xfe,0xfe,0xfe,0xfe,0xfe,0xfe,
0xfe,0xfe,0xfe,0xfd,0xfe,0xfd,0xfb,0xda,0x55,0x00,0x00,0x00,0x00,0x00,0x00,0x00,
0x00,0x00,0xf9,0xfb,0xfb,0xfc,0xfd,0xfe,0xfe,0xfe,0xfe,0xfe,0xfe,0xfe,0xfe,0xfe,
0xfe,0xfe,0xfd,0xfe,0xfe,0xfe,0xfe,0xfe,0xfe,0xfe,0xfe,0xfe,0xfd,0xfd,0xfc,0xf6,
0x06,0x02,0x00,0x00,0x00,0x00,0x00,0x00,0x00,0x00,0x00,0x00,0x00,0x01,0x01,0xcf,
0xea,0xfd,0xfd,0xfe,0xfe,0xfe,0xfe,0xfe,0xfe,0xfe,0xfe,0xfe,0xfe,0xfe,0xfd,0xfe,
0xfe,0xfe,0xfe,0xfe,0xfd,0xfd,0xfb,0xed,0x07,0x01,0x00,0x00,0x00,0x00,0x00,0x00,
0x00,0x00,0x00,0x00,0x00,0x00,0x00,0x00,0x00,0x00,0x02,0x1e,0xf8,0xfe,0xfe,0xfd,
0xfe,0xfe,0xfe,0xfe,0xfe,0xfe,0xfe,0xfe,0xfd,0xfe,0xfe,0xfe,0xfe,0xfe,0xfd,0xcd,
0x05,0x01,0x00,0x00,0x00,0x00,0x00,0x00,0x00,0x00,0x00,0x00,0x00,0x00,0x00,0x00,
0x00,0x00,0x00,0x00,0x00,0x01,0x02,0xf6,0xfd,0xfd,0xfe,0xfe,0xfe,0xfe,0xfe,0xfe,
0xfe,0xfe,0xfd,0xfe,0xfe,0xfe,0xfe,0xfd,0xfd,0xfb,0xba,0x0b,0x00,0x00,0x00,0x00,
0x00,0x00,0x00,0x00,0x00,0x00,0x00,0x00,0x00,0x00,0x00,0x00,0x00,0x00,0x00,0x00,
0xf3,0xfa,0xfd,0xfe,0xfe,0xfe,0xfe,0xfe,0xfe,0xfe,0xfe,0xfe,0xfd,0xfe,0xfe,0xfe,
0xfd,0xfd,0xfd,0xfd,0xfc,0xfb,0x06,0x00,0x00,0x00,0x00,0x00,0x00,0x00,0x00,0x00,
0x00,0x00,0x00,0x00,0x00,0x00,0x00,0x00,0x01,0xf7,0xfd,0xfd,0xfd,0xfd,0xfe,0xfe,
0xfe,0xfe,0xfe,0xfe,0xfe,0xfe,0xfd,0xfe,0xfe,0xfd,0xfd,0xfb,0xfb,0xfd,0xfd,0xfd,
0xfd,0x02,0x00,0x00,0x00,0x00,0x00,0x00,0x00,0x00,0x00,0x00,0x00,0x00,0x00,0x00,
0x00,0x00,0xf3,0xfd,0xfd,0xfc,0xfb,0xfb,0xfd,0xfe,0xfe,0xfe,0xfe,0xfe,0xfe,0xfe,
0xfe,0xfe,0xfe,0xfd,0xfb,0x02,0x04,0xdf,0xfb,0xfd,0xfd,0xf5,0x00,0x00,0x00,0x00,
0x00,0x00,0x00,0x00,0x00,0x00,0x00,0x00,0x00,0x00,0x00,0x01,0xfd,0xfd,0xfa,0x19,
0x04,0x21,0xfd,0xfe,0xfd,0xfd,0xfe,0xfd,0xfd,0xfd,0xfe,0xfd,0xfe,0xfd,0xcf,0x02,
0x01,0x01,0x01,0x5d,0xfc,0xfb,0x00,0x00,0x00,0x00,0x00,0x00,0x00,0x00,0x00,0x00,
0x00,0x00,0x00,0x00,0x00,0x01,0xfc,0xf8,0x06,0x00,0x00,0x03,0xfe,0xfd,0xfd,0xfd,
0xfd,0xfe,0xfd,0xfe,0xfe,0xfd,0xfd,0xfe,0xfb,0xfa,0x00,0x00,0x00,0x00,0x00,0x00,
0x00,0x00,0x00,0x00,0x00,0x00,0x00,0x00,0x00,0x00,0x00,0x00,0x00,0x00,0x00,0x00,
0x00,0x00,0x00,0x00,0x01,0xf8,0xfe,0xfe,0xfe,0xfe,0xfe,0xfe,0xfd,0xfe,0xfe,0xfd,
0xfd,0xfd,0xfe,0xfc,0x09,0x00,0x00,0x00,0x00,0x00,0x00,0x00,0x00,0x00,0x00,0x00,
0x00,0x00,0x00,0x00,0x00,0x00,0x00,0x00,0x00,0x00,0x00,0x00,0x00,0x02,0xe9,0xfd,
0xfe,0xfe,0xfe,0xfe,0xfe,0xfe,0xfe,0xfe,0xfe,0xfd,0xfd,0xfd,0xfe,0xfe,0xfe,0xf2,
0x00,0x00,0x00,0x00,0x00,0x00,0x00,0x00,0x00,0x00,0x00,0x00,0x00,0x00,0x00,0x00,
0x00,0x00,0x00,0x00,0x00,0x00,0x00,0x02,0xfb,0xfe,0xfe,0xfe,0xfe,0xfe,0xfe,0xfe,
0xfe,0xfe,0xfe,0xfd,0xfd,0xfc,0xfd,0xfe,0xfe,0xfc,0x00,0x00,0x00,0x00,0x00,0x00,
0x00,0x00,0x00,0x00,0x00,0x00,0x00,0x00,0x00,0x00,0x00,0x00,0x00,0x00,0x00,0x00,
0x00,0xf5,0xfd,0xfe,0xfe,0xfe,0xfe,0xfe,0xfe,0xfe,0xfe,0xfe,0xfe,0xfd,0xfd,0xfc,
0xd1,0xfd,0xfd,0x30,0x00,0x00,0x00,0x00,0x00,0x00,0x00,0x00,0x00,0x00,0x00,0x00,
0x00,0x00,0x00,0x00,0x00,0x00,0x00,0x00,0x00,0x00,0x04,0xfc,0xfe,0xfe,0xfe,0xfe,
0xfe,0xfe,0xfe,0xfe,0xfd,0xfe,0xfe,0xfe,0xfe,0xfd,0x22,0x02,0x01,0x00,0x00,0x00,
0x00,0x00,0x00,0x00,0x01,0x00,0x00,0x00,0x00,0x00,0x00,0x00,0x00,0x00,0x00,0x00,
0x00,0x00,0x00,0x03,0xfb,0xfd,0xfe,0xfe,0xfe,0xfe,0xfe,0xfe,0xfe,0xfd,0xfe,0xfe,
0xfe,0xfd,0xfd,0xfd,0xf9,0x01,0x00,0x00,0x00,0x00,0x00,0x00,0x00,0x00,0x00,0x00,
0x00,0x00,0x00,0x00,0x00,0x00,0x00,0x00,0x00,0x00,0x00,0x00,0x00,0x02,0xfd,0xfd,
0xfe,0xfe,0xfe,0xfe,0xfe,0xfe,0xfe,0xfe,0xfe,0xfe,0xfe,0xfd,0xfd,0xfd,0xfb,0xff,
0x00,0x00,0x00,0x00,0x00,0x00,0x00,0x00,0x00,0x00,0x00,0x00,0x00,0x00,0x00,0x00,
0x00,0x00,0x00,0x00,0x00,0x00,0x00,0x00,0x02,0x0e,0xfc,0xfe,0xfe,0xfe,0xfe,0xfe,
0xfd,0xfd,0xfe,0xfe,0xfe,0xfd,0xfc,0xfc,0xfd,0xff,0x00,0x00,0x00,0x00,0x00,0x00,
0x00,0x00,0x00,0x00,0x00,0x00,0x00,0x00,0x00,0x00,0x00,0x00,0x00,0x00,0x00,0x00,
0x00,0x00,0x00,0x00,0x01,0x02,0x02,0xfe,0xfe,0xfd,0x03,0xf9,0xfe,0xfd,0xfd,0xfc,
0xfb,0x01,0x00,0x00,0x00,0x00,0x00,0x00,0x00,0x00,0x00,0x00,0x00,0x00,0x00,0x00,
0x00,0x00,0x00,0x00,0x00,0x00,0x00,0x00,0x00,0x00,0x00,0x00,0x00,0x00,0x00,0x00,
0x00,0x00,0x00,0x00,0x00,0x00,0x00,0x00,0x00,0x00,0x00,0x00,0x00,0x00,0x00,0x00,
0x00,0x00,0x00,0x00,0x00,0x00,0x00,0x00,0x00,0x00,0x00,0x00,

};
const lv_image_dsc_t visual_nav_farm = {
    .header.magic = LV_IMAGE_HEADER_MAGIC,
    .header.cf = LV_COLOR_FORMAT_RGB565A8,
    .header.flags = 0,
    .header.w = 42,
    .header.h = 42,
    .header.stride = 84,
    .data_size = sizeof(s_nav_farm_map),
    .data = s_nav_farm_map,
};

static const LV_ATTRIBUTE_MEM_ALIGN LV_ATTRIBUTE_LARGE_CONST uint8_t s_nav_trip_map[] = {
0x00,0x00,0x00,0x00,0x00,0x00,0x00,0x00,0x00,0x00,0x00,0x00,0x00,0x00,0x00,0x00,
0x00,0x00,0x00,0x00,0x00,0x00,0x00,0x00,0x00,0x00,0x00,0x00,0x00,0x00,0x00,0x00,
0x00,0x00,0x00,0x00,0x00,0x00,0x00,0x00,0x00,0x00,0x00,0x00,0x00,0x00,0x00,0x00,
0x00,0x00,0x00,0x00,0x00,0x00,0x00,0x00,0x00,0x00,0x00,0x00,0x00,0x00,0x00,0x00,
0x00,0x00,0x00,0x00,0x00,0x00,0x00,0x00,0x00,0x00,0x00,0x00,0x00,0x00,0x00,0x00,
0x00,0x00,0x00,0x00,0x00,0x00,0x00,0x00,0x00,0x00,0x00,0x00,0x00,0x00,0x00,0x00,
0x00,0x00,0x00,0x00,0x00,0x00,0x00,0x00,0x00,0x00,0x00,0x00,0x00,0x00,0x00,0x00,
0x86,0x41,0x61,0x20,0xa5,0x00,0x84,0x08,0xa4,0x08,0xc4,0x10,0x00,0x00,0x00,0x00,
0x00,0x00,0x00,0x00,0x00,0x00,0x00,0x00,0x00,0x00,0x00,0x00,0x00,0x00,0x00,0x00,
0x00,0x00,0x00,0x00,0x00,0x00,0x00,0x00,0x00,0x00,0x00,0x00,0x00,0x00,0x00,0x00,
0x00,0x00,0x00,0x00,0x00,0x00,0x00,0x00,0x00,0x00,0x00,0x00,0x00,0x00,0x00,0x00,
0x00,0x00,0x00,0x00,0x00,0x00,0x00,0x00,0x00,0x00,0x00,0x00,0x00,0x00,0x00,0x00,
0x00,0x00,0xa3,0x08,0x40,0x30,0xeb,0xa3,0x03,0xe4,0xa5,0xf4,0x87,0xe4,0x47,0xd4,
0xa3,0x10,0x21,0x00,0x00,0x00,0x00,0x00,0x00,0x00,0x00,0x00,0x00,0x00,0x00,0x00,
0x00,0x00,0x00,0x00,0x00,0x00,0x00,0x00,0x00,0x00,0x00,0x00,0x00,0x00,0x00,0x00,
0x00,0x00,0x00,0x00,0x00,0x00,0x00,0x00,0x00,0x00,0x00,0x00,0x00,0x00,0x00,0x00,
0x00,0x00,0x00,0x00,0x00,0x00,0x00,0x00,0x00,0x00,0x00,0x00,0x00,0x00,0x00,0x00,
0x00,0x00,0x00,0x00,0x01,0x00,0xa3,0x10,0xa2,0x71,0xe3,0x81,0xa2,0xaa,0x85,0xcb,
0x20,0x92,0xa6,0xd3,0xc4,0x08,0x01,0x00,0x00,0x00,0x00,0x00,0x00,0x00,0x00,0x00,
0x00,0x00,0x00,0x00,0x00,0x00,0x00,0x00,0x00,0x00,0x00,0x00,0x00,0x00,0x00,0x00,
0x00,0x00,0x00,0x00,0x00,0x00,0x00,0x00,0x00,0x00,0x00,0x00,0x00,0x00,0x00,0x00,
0x00,0x00,0x00,0x00,0x00,0x00,0x00,0x00,0x00,0x00,0x00,0x00,0x00,0x00,0x00,0x00,
0x00,0x00,0x00,0x00,0x00,0x00,0x00,0x00,0xe4,0x39,0xc0,0x10,0x82,0x71,0xa3,0x69,
0xa2,0xb2,0x65,0xc3,0x20,0xa2,0x86,0xcb,0xa3,0x10,0x21,0x00,0x00,0x00,0x00,0x00,
0x00,0x00,0x00,0x00,0x00,0x00,0x00,0x00,0x00,0x00,0x00,0x00,0x00,0x00,0x00,0x00,
0x00,0x00,0x00,0x00,0x00,0x00,0x00,0x00,0x00,0x00,0x00,0x00,0x00,0x00,0x00,0x00,
0x00,0x00,0x00,0x00,0x00,0x00,0x00,0x00,0x00,0x00,0x00,0x00,0x00,0x00,0x00,0x00,
0x00,0x00,0x00,0x00,0xe6,0x20,0x64,0x18,0x02,0x09,0xe5,0x29,0xc5,0x00,0x64,0x00,
0x64,0x51,0xc5,0x61,0x83,0xaa,0x25,0xc3,0x04,0xbb,0x24,0xc3,0xa4,0x08,0x01,0x00,
0x00,0x00,0x00,0x00,0x00,0x00,0x00,0x00,0x00,0x00,0x00,0x00,0x00,0x00,0x00,0x00,
0x00,0x00,0x00,0x00,0x00,0x00,0x00,0x00,0x00,0x00,0x00,0x00,0x00,0x00,0x00,0x00,
0x00,0x00,0x00,0x00,0x00,0x00,0x00,0x00,0x00,0x00,0x00,0x00,0x00,0x00,0x00,0x00,
0x00,0x00,0x00,0x00,0x00,0x00,0x00,0x00,0xa0,0x18,0xcd,0xbd,0xec,0xb5,0x20,0x11,
0xa0,0xad,0x02,0xb6,0x81,0x20,0xc6,0x49,0xa4,0xaa,0x42,0x9a,0x03,0xc3,0x03,0xbb,
0x83,0x10,0x21,0x00,0x00,0x30,0xa3,0x50,0xc4,0x08,0xc5,0x08,0x83,0x08,0xc4,0x08,
0xa3,0x10,0x21,0x00,0x00,0x00,0x00,0x00,0x00,0x00,0x00,0x00,0x00,0x00,0x00,0x00,
0x00,0x00,0x00,0x00,0x00,0x00,0x00,0x00,0x00,0x00,0x00,0x00,0x00,0x00,0x00,0x00,
0x00,0x00,0x00,0x00,0x00,0x00,0x00,0x00,0x00,0x00,0x00,0x00,0x01,0x00,0x83,0x08,
0xa0,0x7c,0x21,0x95,0xc0,0x84,0xa2,0xa5,0x83,0x18,0x25,0x31,0x44,0x92,0xa2,0x81,
0xc5,0x9a,0xe1,0x89,0xa4,0x00,0xa4,0x08,0xe6,0x08,0xa5,0x08,0x60,0x69,0xaa,0xdc,
0x84,0xf4,0x84,0xf4,0x4b,0x32,0xa4,0x08,0xa4,0x31,0x00,0x00,0x00,0x00,0x00,0x00,
0x00,0x00,0x00,0x00,0x00,0x00,0x00,0x00,0x00,0x00,0x00,0x00,0x00,0x00,0x00,0x00,
0x00,0x00,0x00,0x00,0x00,0x00,0x00,0x00,0x00,0x00,0x00,0x00,0x00,0x00,0x00,0x00,
0x00,0x00,0xe6,0x31,0x60,0x11,0x66,0x4b,0xa0,0x53,0xa1,0x4b,0x62,0x10,0x25,0x21,
0x65,0x39,0xc3,0x18,0xa3,0x10,0xa3,0x10,0xc0,0x48,0xcc,0xc4,0x43,0xf4,0x43,0xec,
0xc7,0xf4,0x01,0xbb,0xc3,0xba,0xc3,0xaa,0x8b,0xc4,0x40,0x30,0xc3,0x10,0x21,0x00,
0x00,0x00,0x00,0x00,0x00,0x00,0x00,0x00,0x00,0x00,0x00,0x00,0x00,0x00,0x00,0x00,
0x00,0x00,0x00,0x00,0x00,0x00,0x00,0x00,0x00,0x00,0x00,0x00,0x00,0x00,0x00,0x00,
0x01,0x00,0x83,0x10,0xa4,0x00,0xa4,0x08,0xc5,0x00,0xa4,0x08,0x62,0x10,0x04,0x29,
0x60,0xa2,0x27,0xe4,0x85,0xec,0x85,0xf4,0xa6,0xec,0x85,0xf4,0x45,0xe4,0xe3,0xe3,
0x64,0xc3,0x03,0xc3,0xe4,0xb2,0xa3,0xb2,0x84,0x49,0xe6,0x59,0xe1,0xb2,0xc8,0xf4,
0xc5,0x10,0x83,0x08,0x00,0x00,0x00,0x00,0x00,0x00,0x00,0x00,0x00,0x00,0x00,0x00,
0x00,0x00,0x00,0x00,0x00,0x00,0x00,0x00,0x00,0x00,0x00,0x00,0x00,0x00,0x00,0x00,
0x00,0x00,0x00,0x00,0xc3,0x28,0x08,0x4a,0x44,0xec,0x44,0xe4,0x03,0xc3,0x44,0xc3,
0x03,0xc3,0xe3,0xb2,0x23,0xc3,0x24,0xbb,0x03,0xbb,0x03,0xb3,0xe3,0xba,0xc3,0xb2,
0xc3,0xb2,0xc3,0xb2,0xc3,0xb2,0x62,0xa2,0x42,0x9a,0x42,0x92,0x64,0x29,0x8d,0x6b,
0xc3,0xb2,0xc3,0xaa,0xed,0xcc,0x60,0x30,0xa0,0x39,0x84,0x52,0x00,0x00,0x00,0x00,
0x00,0x00,0x00,0x00,0x00,0x00,0x00,0x00,0x00,0x00,0x00,0x00,0x00,0x00,0x00,0x00,
0x00,0x00,0x00,0x00,0x00,0x00,0x00,0x00,0x82,0x18,0xa6,0x49,0xc2,0x79,0x03,0x8a,
0x88,0x72,0xa1,0x38,0xf6,0xfe,0x64,0x7a,0xc3,0xaa,0xc3,0xba,0x2b,0x9c,0x78,0xff,
0xe4,0xaa,0xc3,0xb2,0xe4,0xb2,0xc3,0xba,0xae,0x6b,0x0f,0x7c,0x62,0xa2,0xc3,0xb2,
0x26,0xb3,0x02,0x92,0xa0,0x79,0xa4,0xa2,0x01,0xb3,0x08,0xfd,0x63,0x00,0x83,0x08,
0x00,0x00,0x00,0x00,0x00,0x00,0x00,0x00,0x00,0x00,0x00,0x00,0x00,0x00,0x00,0x00,
0x00,0x00,0x00,0x00,0x00,0x00,0x00,0x00,0x00,0x00,0x00,0x00,0x61,0x20,0xe7,0x49,
0x24,0xcb,0xe3,0xba,0xc5,0xaa,0x40,0x69,0x80,0x40,0x29,0x8b,0x05,0x93,0x56,0xff,
0x99,0xff,0xba,0xff,0x36,0xff,0x67,0xa3,0xe3,0xba,0xe3,0xb2,0x56,0x2c,0x56,0x24,
0xf3,0x23,0x14,0x24,0xc3,0xba,0xe3,0xb2,0xa7,0x72,0x46,0x62,0xc2,0xba,0x03,0xbb,
0x2e,0xd5,0x80,0x30,0x03,0x31,0x00,0x08,0x00,0x00,0x00,0x00,0x00,0x00,0x00,0x00,
0x00,0x00,0x00,0x00,0x00,0x00,0x00,0x00,0x00,0x00,0x00,0x00,0x00,0x00,0x00,0x00,
0x61,0x20,0xa6,0x51,0xc4,0xaa,0x62,0xa2,0xa4,0xaa,0x83,0xb2,0x83,0xa2,0xe4,0xb2,
0x04,0xb3,0x44,0xc3,0x58,0xff,0x37,0xff,0xd4,0xfe,0x45,0xa3,0x71,0x1b,0x71,0x23,
0xaa,0x3b,0x69,0x33,0x4b,0x4c,0x67,0x3b,0x66,0x73,0x26,0x73,0xe5,0xaa,0x22,0x9a,
0x42,0x9a,0xe4,0xba,0x21,0xc3,0x66,0xf4,0x03,0x39,0x27,0x62,0x00,0x00,0x00,0x00,
0x00,0x00,0x00,0x00,0x00,0x00,0x00,0x00,0x00,0x00,0x00,0x00,0x00,0x00,0x00,0x00,
0x00,0x00,0x00,0x00,0x61,0x28,0xc7,0x51,0xc3,0xb2,0xc3,0xaa,0xa3,0xb2,0xc3,0xaa,
0xe3,0xb2,0xe3,0xaa,0x23,0xb3,0x23,0xab,0xc3,0xb2,0xe4,0xb2,0x4a,0x7b,0x66,0x52,
0x23,0x3b,0x07,0x54,0xe1,0x5b,0xe1,0x53,0x43,0x3b,0x03,0x2b,0x02,0x64,0xe0,0x32,
0xc3,0xba,0xc3,0xaa,0xc3,0xb2,0x42,0x9a,0x41,0xa2,0xc4,0xaa,0xcd,0xc4,0x60,0x30,
0x00,0x00,0x00,0x00,0x00,0x00,0x00,0x00,0x00,0x00,0x00,0x00,0x00,0x00,0x00,0x00,
0x00,0x00,0x00,0x00,0x00,0x00,0x00,0x00,0x83,0x10,0x46,0x31,0x82,0x79,0xe3,0x91,
0x23,0x92,0x23,0x92,0x63,0x83,0xe1,0x7a,0xc1,0x7c,0xc1,0x84,0x44,0x93,0xc1,0x8a,
0x41,0x43,0x41,0x4b,0x03,0x5c,0x40,0x4b,0x82,0x33,0x61,0x3b,0x20,0x33,0x23,0x5c,
0x62,0x3b,0x00,0x33,0xe0,0x2a,0x21,0x3b,0xc3,0xaa,0xc3,0xb2,0xe4,0xb2,0xc3,0xba,
0x2c,0xac,0x40,0x38,0x00,0x00,0x00,0x00,0x00,0x00,0x00,0x00,0x00,0x00,0x00,0x00,
0x00,0x00,0x00,0x00,0x00,0x00,0x00,0x00,0x00,0x00,0x00,0x00,0x22,0x00,0xa5,0x10,
0x60,0x69,0x85,0x8a,0xc3,0xb2,0xc3,0xaa,0x00,0x3b,0x43,0x64,0x40,0x74,0x20,0x6c,
0x82,0x6b,0x21,0x5b,0xc0,0xa2,0x0d,0xfe,0xec,0xfd,0xc3,0xbb,0xc2,0x92,0xc2,0x8a,
0xa3,0xaa,0xe4,0xaa,0xe2,0x92,0x03,0x93,0xe2,0x9a,0xc2,0x92,0x42,0xa2,0x63,0x9a,
0x42,0xa2,0x83,0xa2,0x83,0x18,0x66,0x31,0x00,0x00,0x00,0x00,0x00,0x00,0x00,0x00,
0x00,0x00,0x00,0x00,0x00,0x00,0x00,0x00,0x00,0x00,0x00,0x00,0x00,0x00,0x00,0x00,
0xa3,0x10,0xa7,0x39,0x43,0x9a,0x63,0xa2,0x64,0x73,0x80,0x5a,0x22,0x2b,0xe1,0x32,
0x21,0x2b,0x21,0x33,0xe1,0x2a,0xe1,0x32,0xc1,0x5a,0x43,0x73,0x4c,0xfe,0x2b,0xfe,
0x28,0xc4,0xa2,0x9a,0x04,0x9b,0x92,0xfe,0x05,0xb3,0xc3,0xaa,0x83,0x9a,0x63,0xa2,
0x23,0x8a,0x23,0x92,0x88,0x72,0x40,0x30,0xa3,0x08,0x00,0x00,0x00,0x00,0x00,0x00,
0x00,0x00,0x00,0x00,0x00,0x00,0x00,0x00,0x00,0x00,0x00,0x00,0x00,0x00,0x00,0x00,
0x00,0x00,0x00,0x00,0x61,0x20,0xc6,0x49,0xe2,0x89,0x03,0x8a,0x83,0xa2,0xa4,0xa2,
0x83,0xa2,0x83,0x9a,0x83,0xa2,0xa3,0xa2,0x83,0x9a,0x62,0x92,0xa0,0x9a,0xed,0xfd,
0x2a,0xfe,0x4b,0xfe,0xc1,0x8a,0xad,0xe5,0x10,0xfe,0x25,0xcb,0x91,0xfe,0x6d,0xdd,
0x82,0xaa,0xc3,0xaa,0xe3,0xba,0xc3,0xb2,0xa4,0x08,0xc4,0x08,0x61,0x38,0x00,0x18,
0x00,0x00,0x00,0x00,0x00,0x00,0x00,0x00,0x00,0x00,0x00,0x00,0x00,0x00,0x00,0x00,
0x00,0x00,0x00,0x00,0x00,0x00,0x00,0x00,0x62,0x20,0xa6,0x51,0x43,0x9a,0x63,0xa2,
0x84,0xa2,0xe1,0x91,0xe2,0x81,0x84,0x9a,0x84,0x9a,0x83,0xa2,0x0a,0xfe,0x0a,0xfe,
0x2b,0xfe,0x0a,0xfe,0xee,0xfd,0xa1,0x9a,0x84,0xa2,0x63,0xa2,0x31,0xfe,0xa7,0xd3,
0x8a,0xd4,0x82,0x9a,0x43,0x9a,0x43,0xa2,0xe9,0x7a,0xc0,0x40,0xe4,0x28,0x21,0x10,
0x00,0x00,0x00,0x00,0x00,0x00,0x00,0x00,0x00,0x00,0x00,0x00,0x00,0x00,0x00,0x00,
0x00,0x00,0x00,0x00,0x00,0x00,0x00,0x00,0x00,0x00,0x00,0x00,0x61,0x20,0xa6,0x49,
0xa2,0x79,0xe3,0x79,0x26,0x6a,0x02,0x39,0xec,0xab,0x46,0x6a,0xe0,0x81,0x0e,0xfe,
0x2b,0xfe,0x4b,0xfe,0xce,0xfd,0x20,0x82,0xc2,0x81,0xe3,0x79,0xe2,0x81,0xe3,0x81,
0x92,0xfe,0xa2,0x8a,0x51,0xfe,0x62,0x82,0xc2,0x81,0xa2,0x79,0x07,0x5a,0x81,0x20,
0x00,0x00,0x00,0x00,0x00,0x00,0x00,0x00,0x00,0x00,0x00,0x00,0x00,0x00,0x00,0x00,
0x00,0x00,0x00,0x00,0x00,0x00,0x00,0x00,0x00,0x00,0x00,0x00,0x00,0x00,0x00,0x00,
0x82,0x18,0xa7,0x41,0xc1,0x89,0x84,0xa2,0x85,0x9a,0xa1,0x89,0x20,0x61,0x85,0x9a,
0xc1,0x9a,0xcd,0xfd,0x0a,0xfe,0x0a,0xfe,0xca,0xfd,0x47,0xf5,0x03,0x8a,0x23,0x9a,
0x43,0x9a,0x43,0x9a,0x43,0x9a,0x43,0x9a,0x43,0x92,0x23,0x9a,0x24,0x8a,0xc2,0x89,
0xa4,0x08,0x01,0x00,0x00,0x00,0x00,0x00,0x00,0x00,0x00,0x00,0x00,0x00,0x00,0x00,
0x00,0x00,0x00,0x00,0x00,0x00,0x00,0x00,0x00,0x00,0x00,0x00,0x00,0x00,0x00,0x00,
0x00,0x00,0x00,0x00,0x00,0x00,0xa3,0x08,0x84,0x08,0xc5,0x08,0xa5,0x10,0xa5,0x08,
0xa4,0x10,0xc5,0x08,0xa4,0x20,0xa4,0x18,0xa3,0x20,0xc4,0x18,0xa3,0x28,0xc3,0x20,
0xc5,0x10,0xa5,0x08,0xa4,0x10,0xc5,0x10,0xa4,0x10,0xc5,0x08,0xc5,0x10,0xc5,0x08,
0xa4,0x10,0x06,0x11,0x00,0x00,0x00,0x00,0x00,0x00,0x00,0x00,0x00,0x00,0x00,0x00,
0x00,0x00,0x00,0x00,0x00,0x00,0x00,0x00,0x00,0x00,0x00,0x00,0x00,0x00,0x00,0x00,
0x00,0x00,0x00,0x00,0x00,0x00,0x00,0x00,0x00,0x00,0x00,0x00,0x00,0x00,0x00,0x00,
0xc7,0xf7,0x20,0x8c,0xac,0x4a,0x83,0x10,0xe3,0x30,0xc2,0x38,0x23,0x49,0x02,0x51,
0x03,0x51,0x23,0x59,0xa4,0x08,0x01,0x00,0x00,0x00,0x00,0x00,0x00,0x00,0x00,0x00,
0x00,0x00,0x00,0x00,0x00,0x00,0x00,0x00,0x00,0x00,0x00,0x00,0x00,0x00,0x00,0x00,
0x00,0x00,0x00,0x00,0x00,0x00,0x00,0x00,0x00,0x00,0x00,0x00,0x00,0x00,0x00,0x00,
0x00,0x00,0x00,0x00,0x00,0x00,0x00,0x00,0x00,0x00,0x00,0x00,0x00,0x00,0x00,0x00,
0x00,0x00,0xc4,0x08,0xc4,0x08,0xc4,0x00,0x64,0x21,0xc2,0x08,0x43,0x5a,0xc1,0x41,
0xc2,0x79,0xc3,0x79,0x01,0x59,0xe4,0x69,0x83,0x10,0x21,0x00,0x00,0x00,0x00,0x00,
0x00,0x00,0x00,0x00,0x00,0x00,0x00,0x00,0x00,0x00,0x00,0x00,0x00,0x00,0x00,0x00,
0x00,0x00,0x00,0x00,0x00,0x00,0x00,0x00,0x00,0x00,0x00,0x00,0x00,0x00,0x00,0x00,
0x00,0x00,0x00,0x00,0x00,0x00,0x00,0x00,0x00,0x00,0x00,0x00,0x00,0x00,0x00,0x00,
0x00,0x00,0x00,0x00,0x01,0x00,0x83,0x08,0x80,0xa5,0xc0,0xb5,0xc0,0x00,0xc4,0x21,
0xc4,0x5a,0xa0,0x41,0x43,0x9a,0x63,0xa2,0x83,0xa2,0x83,0xaa,0xa4,0x08,0x01,0x00,
0x00,0x00,0x00,0x00,0x00,0x00,0x00,0x00,0x00,0x00,0x00,0x00,0x00,0x00,0x00,0x00,
0x00,0x00,0x00,0x00,0x00,0x00,0x00,0x00,0x00,0x00,0x00,0x00,0x00,0x00,0x00,0x00,
0x00,0x00,0x00,0x00,0x00,0x00,0x00,0x00,0x00,0x00,0x00,0x00,0x00,0x00,0x00,0x00,
0x00,0x00,0x00,0x00,0x00,0x00,0x00,0x00,0x00,0x00,0x81,0x00,0x20,0x09,0xc8,0x5b,
0xa1,0x5b,0x60,0x4b,0x81,0x28,0xa5,0x41,0x82,0xb2,0xe4,0xb2,0x23,0xcb,0x44,0xc3,
0xa3,0x10,0x21,0x00,0x00,0x00,0x00,0x00,0x00,0x00,0x00,0x00,0x00,0x00,0x00,0x00,
0x00,0x00,0x00,0x00,0x00,0x00,0x00,0x00,0x00,0x00,0x00,0x00,0x00,0x00,0x00,0x00,
0x00,0x00,0x00,0x00,0x00,0x00,0x00,0x00,0x00,0x00,0x00,0x00,0x00,0x00,0x00,0x00,
0x00,0x00,0x00,0x00,0x00,0x00,0x00,0x00,0x00,0x00,0x00,0x00,0x00,0x00,0x00,0x00,
0x22,0x00,0xa3,0x08,0x00,0x09,0x87,0x5b,0xc3,0x20,0x03,0x31,0x6b,0xde,0xe0,0x51,
0x03,0xbb,0x24,0xcb,0xa4,0x08,0x01,0x00,0x00,0x00,0x00,0x00,0x00,0x00,0x00,0x00,
0x00,0x00,0x00,0x00,0x00,0x00,0x00,0x00,0x00,0x00,0x00,0x00,0x00,0x00,0x00,0x00,
0x00,0x00,0x00,0x00,0x00,0x00,0x00,0x00,0x00,0x00,0x00,0x00,0x00,0x00,0x00,0x00,
0x00,0x00,0x00,0x00,0x00,0x00,0x00,0x00,0x00,0x00,0x00,0x00,0x00,0x00,0x00,0x00,
0x00,0x00,0x00,0x00,0x00,0x00,0x00,0x00,0xe0,0x10,0x09,0x74,0x20,0x29,0xe9,0x9c,
0xa7,0x9c,0xa0,0x39,0xc2,0xba,0x24,0xc3,0xa3,0x10,0x21,0x00,0x00,0x00,0x00,0x00,
0x00,0x00,0x00,0x00,0x00,0x00,0x00,0x00,0x00,0x00,0x00,0x00,0x00,0x00,0x00,0x00,
0x00,0x00,0x00,0x00,0x00,0x00,0x00,0x00,0x00,0x00,0x00,0x00,0x00,0x00,0x00,0x00,
0x00,0x00,0x00,0x00,0x00,0x00,0x00,0x00,0x00,0x00,0x00,0x00,0x00,0x00,0x00,0x00,
0x00,0x00,0x00,0x00,0x00,0x00,0x00,0x00,0x00,0x00,0x00,0x00,0xc0,0x10,0xe7,0x62,
0x02,0x33,0x01,0x3b,0xa0,0x38,0x06,0x72,0x42,0x9a,0xc4,0xb2,0xa2,0x08,0xc6,0x31,
0xc3,0x00,0x48,0x3a,0xc3,0x11,0x60,0x00,0x00,0x00,0x00,0x00,0x00,0x00,0x00,0x00,
0x00,0x00,0x00,0x00,0x00,0x00,0x00,0x00,0x00,0x00,0x00,0x00,0x00,0x00,0x00,0x00,
0x00,0x00,0x00,0x00,0x00,0x00,0x00,0x00,0x00,0x00,0x00,0x00,0x00,0x00,0x00,0x00,
0x00,0x00,0x00,0x00,0x00,0x00,0x00,0x00,0x00,0x00,0x00,0x00,0x01,0x00,0xc4,0x10,
0xc1,0x18,0x26,0x42,0x05,0x6b,0x20,0x29,0x20,0x5b,0x06,0xae,0xc0,0x59,0xa6,0x93,
0xc4,0x08,0xc4,0x08,0xc8,0x94,0x40,0x3a,0x64,0x29,0x20,0x00,0x00,0x00,0x00,0x00,
0x00,0x00,0x00,0x00,0x00,0x00,0x00,0x00,0x00,0x00,0x00,0x00,0x00,0x00,0x00,0x00,
0x00,0x00,0x00,0x00,0x00,0x00,0x00,0x00,0x00,0x00,0x00,0x00,0x00,0x00,0x00,0x00,
0x00,0x00,0x00,0x00,0x00,0x00,0x00,0x00,0x00,0x00,0x00,0x00,0x03,0x10,0x29,0x49,
0xc3,0x08,0xdb,0xde,0x51,0x84,0xa3,0x10,0x02,0x43,0x80,0x3a,0x41,0x64,0x20,0x64,
0xe1,0x81,0x05,0xab,0xc5,0x00,0xa4,0x08,0x6b,0x9d,0xe0,0x10,0xe6,0x21,0xe2,0x08,
0xc3,0x08,0x85,0x29,0x00,0x00,0x00,0x00,0x00,0x00,0x00,0x00,0x00,0x00,0x00,0x00,
0x00,0x00,0x00,0x00,0x00,0x00,0x00,0x00,0x00,0x00,0x00,0x00,0x00,0x00,0x00,0x00,
0x00,0x00,0x00,0x00,0x00,0x00,0x00,0x00,0x00,0x00,0x00,0x00,0x00,0x00,0x00,0x00,
0x01,0x00,0x25,0x19,0xb5,0xff,0x50,0xde,0x2a,0xcd,0x94,0xff,0x20,0x2a,0x62,0x32,
0xc2,0x30,0x85,0x41,0x02,0x92,0x84,0x9a,0x01,0x09,0x25,0x22,0x6a,0xa5,0x00,0x11,
0xe0,0x18,0x2c,0xbe,0xa1,0x08,0x64,0x19,0x00,0x00,0x00,0x00,0x00,0x00,0x00,0x00,
0x00,0x00,0x00,0x00,0x00,0x00,0x00,0x00,0x00,0x00,0x00,0x00,0x00,0x00,0x00,0x00,
0x00,0x00,0x00,0x00,0x00,0x00,0x00,0x00,0x00,0x00,0x00,0x00,0x00,0x00,0x00,0x00,
0x00,0x00,0x00,0x00,0x05,0x09,0x05,0x09,0xf2,0xfe,0xcd,0xdd,0xce,0xc5,0x00,0x31,
0x44,0x21,0xa5,0x31,0x43,0x59,0x83,0x69,0x23,0x8a,0x03,0x92,0x00,0x01,0xc6,0x42,
0xc9,0x7c,0x40,0x11,0xc5,0xa5,0x80,0x63,0xe4,0x08,0x00,0x00,0x00,0x00,0x00,0x00,
0x00,0x00,0x00,0x00,0x00,0x00,0x00,0x00,0x00,0x00,0x00,0x00,0x00,0x00,0x00,0x00,
0x00,0x00,0x00,0x00,0x00,0x00,0x00,0x00,0x00,0x00,0x00,0x00,0x00,0x00,0x00,0x00,
0x00,0x00,0x00,0x00,0x00,0x00,0x00,0x00,0x00,0x11,0x0a,0x8d,0x61,0x21,0xd6,0xce,
0xa4,0x32,0x63,0x22,0x23,0x09,0x44,0x09,0x23,0x09,0x64,0x09,0x82,0x69,0xe4,0x71,
0xe0,0x08,0x45,0x2a,0x20,0x4b,0xe4,0x7c,0xca,0x84,0x60,0x11,0x45,0x29,0x00,0x00,
0x00,0x00,0x00,0x00,0x00,0x00,0x00,0x00,0x00,0x00,0x00,0x00,0x00,0x00,0x00,0x00,
0x00,0x00,0x00,0x00,0x00,0x00,0x00,0x00,0x00,0x00,0x00,0x00,0x00,0x00,0x00,0x00,
0x00,0x00,0x00,0x00,0x00,0x00,0x00,0x00,0x00,0x00,0x00,0x00,0x03,0x01,0xe3,0x08,
0x66,0x64,0x40,0x2a,0x62,0x19,0xb3,0xad,0x4f,0xc5,0x94,0xf6,0x94,0xee,0x53,0xee,
0xc9,0x6a,0x63,0x41,0x44,0x01,0x64,0x11,0xc0,0x32,0xc4,0x7c,0x85,0x2a,0x00,0x01,
0xe5,0x00,0xc4,0x08,0xa2,0x10,0x00,0x00,0x00,0x00,0x00,0x00,0x00,0x00,0x00,0x00,
0x00,0x00,0x00,0x00,0x00,0x00,0x00,0x00,0x00,0x00,0x00,0x00,0x00,0x00,0x00,0x00,
0x00,0x00,0x00,0x00,0x00,0x00,0x00,0x00,0x00,0x00,0x00,0x00,0x00,0x00,0xe3,0x10,
0xaa,0xa5,0x80,0x19,0x02,0x5c,0x00,0x33,0x4d,0x9c,0x2d,0x94,0x2b,0xa4,0x13,0xd6,
0x32,0xe6,0xd1,0xd5,0x35,0xce,0x80,0x10,0x20,0x53,0x06,0xa6,0xe0,0x19,0x46,0x5c,
0x20,0x22,0x66,0x64,0xa9,0xad,0x20,0x3a,0xa3,0x10,0x21,0x00,0x00,0x00,0x00,0x00,
0x00,0x00,0x00,0x00,0x00,0x00,0x00,0x00,0x00,0x00,0x00,0x00,0x00,0x00,0x00,0x00,
0x00,0x00,0x00,0x00,0x00,0x00,0x00,0x00,0x00,0x00,0x00,0x00,0x00,0x00,0x00,0x00,
0x85,0x11,0xc2,0x00,0x20,0x43,0xe4,0x84,0x63,0x33,0xa0,0x22,0xcc,0x83,0xac,0x8b,
0x2c,0x94,0x30,0xbd,0xb1,0xd5,0xb0,0xd5,0xd0,0xa4,0x2d,0x94,0x80,0x2a,0x85,0x74,
0x60,0x1a,0x63,0x43,0x00,0x22,0xe8,0xa5,0xc0,0x11,0x25,0x6c,0xea,0x8c,0x00,0x11,
0x64,0x21,0x00,0x00,0x00,0x00,0x00,0x00,0x00,0x00,0x00,0x00,0x00,0x00,0x00,0x00,
0x00,0x00,0x00,0x00,0x00,0x00,0x00,0x00,0x00,0x00,0x00,0x00,0x00,0x00,0x00,0x00,
0x00,0x00,0x00,0x00,0x00,0x09,0x06,0x43,0x43,0x6c,0xe0,0x3a,0x43,0x22,0xc1,0x09,
0x49,0x73,0x08,0x5b,0x4a,0x7b,0xcc,0x83,0x4a,0x7b,0x6b,0x73,0x4d,0xa4,0x4d,0x9c,
0x81,0x09,0x85,0x22,0x23,0x64,0x40,0x3b,0xe0,0x63,0xe0,0x5b,0x20,0x4b,0x25,0x85,
0x00,0x5c,0x23,0x7d,0xa3,0x10,0x21,0x00,0x00,0x00,0x00,0x00,0x00,0x00,0x00,0x00,
0x00,0x00,0x00,0x00,0x00,0x00,0x00,0x00,0x00,0x00,0x00,0x00,0x00,0x00,0x00,0x00,
0x00,0x00,0x00,0x00,0x00,0x00,0x00,0x00,0x21,0x00,0xc3,0x10,0x80,0x01,0x43,0x22,
0x22,0x0a,0x63,0x1a,0xe6,0x42,0x06,0x4b,0x46,0x42,0xc8,0x5a,0xe7,0x39,0xcb,0x62,
0xec,0x7b,0x08,0x6b,0x60,0x1a,0x02,0x33,0xa3,0x1a,0x61,0x1a,0x81,0x1a,0xc1,0x2a,
0x61,0x33,0x00,0x33,0x26,0x1a,0xe1,0x00,0xc5,0x31,0x00,0x00,0x00,0x00,0x00,0x00,
0x00,0x00,0x00,0x00,0x00,0x00,0x00,0x00,0x00,0x00,0x00,0x00,0x00,0x00,0x00,0x00,
0x00,0x00,0x00,0x00,0x00,0x00,0x00,0x00,0x00,0x00,0x00,0x00,0x00,0x00,0x00,0x00,
0xc0,0x00,0x25,0x23,0xe0,0x09,0x41,0x0a,0x61,0x22,0x82,0x1a,0x61,0x1a,0x61,0x1a,
0x41,0x1a,0x61,0x12,0x61,0x1a,0xa2,0x1a,0xe2,0x32,0x60,0x1a,0x41,0x1b,0x62,0x1b,
0x00,0x00,0x00,0x00,0xc0,0x00,0x25,0x23,0xc6,0x3a,0x80,0x00,0x00,0x00,0x00,0x00,
0x00,0x00,0x00,0x00,0x00,0x00,0x00,0x00,0x00,0x00,0x00,0x00,0x00,0x00,0x00,0x00,
0x00,0x00,0x00,0x00,0x00,0x00,0x00,0x00,0x00,0x00,0x00,0x00,0x00,0x00,0x00,0x00,
0x00,0x00,0x00,0x00,0x00,0x00,0x00,0x00,0x00,0x00,0x00,0x00,0x00,0x00,0x00,0x00,
0x00,0x00,0x00,0x00,0x00,0x00,0x00,0x00,0x00,0x00,0x00,0x00,0x00,0x00,0x00,0x00,
0x00,0x00,0x00,0x00,0x00,0x00,0x00,0x00,0x00,0x00,0x00,0x00,0x00,0x00,0x00,0x00,
0x00,0x00,0x00,0x00,0x00,0x00,0x00,0x00,0x00,0x00,0x00,0x00,0x00,0x00,0x00,0x00,
0x00,0x00,0x00,0x00,0x00,0x00,0x00,0x00,0x00,0x00,0x00,0x00,0x00,0x00,0x00,0x00,
0x00,0x00,0x00,0x00,0x00,0x00,0x00,0x00,0x00,0x00,0x00,0x00,0x00,0x00,0x00,0x00,
0x00,0x00,0x00,0x00,0x00,0x00,0x00,0x00,0x00,0x00,0x00,0x00,0x00,0x00,0x00,0x00,
0x00,0x00,0x00,0x00,0x00,0x00,0x00,0x00,0x00,0x00,0x00,0x00,0x00,0x00,0x00,0x01,
0x0d,0xfc,0xfd,0xfd,0xfc,0xee,0x01,0x00,0x00,0x00,0x00,0x00,0x00,0x00,0x00,0x00,
0x00,0x00,0x00,0x00,0x00,0x00,0x00,0x00,0x00,0x00,0x00,0x00,0x00,0x00,0x00,0x00,
0x00,0x00,0x00,0x00,0x00,0x00,0x00,0x00,0x01,0xef,0xfd,0xfe,0xfe,0xfe,0xfe,0xfd,
0xfa,0x01,0x00,0x00,0x00,0x00,0x00,0x00,0x00,0x00,0x00,0x00,0x00,0x00,0x00,0x00,
0x00,0x00,0x00,0x00,0x00,0x00,0x00,0x00,0x00,0x00,0x00,0x00,0x00,0x00,0x00,0x00,
0x00,0x00,0x00,0xfc,0xfd,0xfe,0xfe,0xfe,0xfe,0xfe,0xfd,0x01,0x00,0x00,0x00,0x00,
0x00,0x00,0x00,0x00,0x00,0x00,0x00,0x00,0x00,0x00,0x00,0x00,0x00,0x00,0x00,0x00,
0x00,0x00,0x00,0x00,0x00,0x00,0x00,0x00,0x00,0x01,0x01,0x02,0x04,0xfc,0xfd,0xfe,
0xfe,0xfe,0xfe,0xfe,0xfe,0x01,0x00,0x00,0x00,0x00,0x00,0x00,0x00,0x00,0x00,0x00,
0x00,0x00,0x00,0x00,0x00,0x00,0x00,0x00,0x00,0x00,0x00,0x00,0x00,0x00,0x00,0x00,
0x00,0x00,0x03,0xef,0xc4,0x04,0xfb,0xfd,0xfd,0xfd,0xfe,0xfe,0xfe,0xfe,0xfe,0x01,
0x00,0x00,0x00,0x00,0x00,0x00,0x00,0x00,0x00,0x00,0x00,0x00,0x00,0x00,0x00,0x00,
0x00,0x00,0x00,0x00,0x00,0x00,0x00,0x00,0x00,0x00,0x00,0x00,0x02,0xfc,0xfc,0xfa,
0xfd,0xfe,0xfe,0xfe,0xfe,0xfe,0xfe,0xfe,0xfe,0x01,0x01,0x02,0xf3,0xfa,0xf7,0xf6,
0xf6,0x01,0x00,0x00,0x00,0x00,0x00,0x00,0x00,0x00,0x00,0x00,0x00,0x00,0x00,0x00,
0x00,0x00,0x00,0x00,0x00,0x00,0x02,0xfb,0xfd,0xfd,0xfe,0xfe,0xfe,0xfe,0xfe,0xfe,
0xfe,0xfe,0xfe,0xf7,0xf4,0xfc,0xfd,0xfd,0xfd,0xfd,0xfd,0xf7,0x05,0x01,0x00,0x00,
0x00,0x00,0x00,0x00,0x00,0x00,0x00,0x00,0x00,0x00,0x00,0x00,0x00,0x00,0x00,0x00,
0x02,0x59,0xfd,0xfe,0xfe,0xfd,0xfe,0xfd,0xfe,0xfe,0xfe,0xfe,0xfe,0xfd,0xfc,0xfd,
0xfe,0xfe,0xfe,0xfd,0xfd,0xfc,0xf6,0x02,0x00,0x00,0x00,0x00,0x00,0x00,0x00,0x00,
0x00,0x00,0x00,0x00,0x00,0x00,0x00,0x00,0x00,0xff,0xfd,0xfd,0xfe,0xfe,0xfe,0xfe,
0xfe,0xfe,0xfe,0xfe,0xfe,0xfe,0xfe,0xfe,0xfe,0xfe,0xfe,0xfe,0xfe,0xfe,0xfe,0xfe,
0xfd,0xec,0x01,0x00,0x00,0x00,0x00,0x00,0x00,0x00,0x00,0x00,0x00,0x00,0x00,0x00,
0x00,0x00,0x86,0xfd,0xfe,0xfe,0xfe,0xfe,0xfe,0xfe,0xfe,0xfe,0xfe,0xfe,0xfe,0xfe,
0xfe,0xfe,0xfe,0xfe,0xfe,0xfe,0xfe,0xfe,0xfe,0xfe,0xfe,0xfd,0x95,0x03,0x00,0x00,
0x00,0x00,0x00,0x00,0x00,0x00,0x00,0x00,0x00,0x00,0x00,0x00,0xfd,0xfe,0xfe,0xfe,
0xfe,0xfe,0xfe,0xfe,0xfe,0xfe,0xfe,0xfe,0xfe,0xfe,0xfe,0xfe,0xfd,0xfe,0xfe,0xfe,
0xfe,0xfe,0xfe,0xfe,0xfe,0xfe,0xfd,0xee,0x02,0x00,0x00,0x00,0x00,0x00,0x00,0x00,
0x00,0x00,0x00,0x00,0x00,0x00,0xfd,0xfe,0xfe,0xfe,0xfe,0xfe,0xfe,0xfe,0xfe,0xfe,
0xfe,0xfe,0xfe,0xfe,0xfe,0xfe,0xfe,0xfe,0xfd,0xfe,0xfe,0xfe,0xfd,0xfe,0xfe,0xfe,
0xfe,0xfd,0x92,0x00,0x00,0x00,0x00,0x00,0x00,0x00,0x00,0x00,0x00,0x00,0x00,0x00,
0xfd,0xfd,0xfe,0xfe,0xfe,0xfe,0xfe,0xfe,0xfe,0xfe,0xfe,0xfe,0xfe,0xfe,0xfe,0xfd,
0xfe,0xfd,0xfd,0xfe,0xfe,0xfe,0xfe,0xfe,0xfe,0xfe,0xfe,0xfe,0xfd,0x1c,0x00,0x00,
0x00,0x00,0x00,0x00,0x00,0x00,0x00,0x00,0x00,0x00,0xfc,0xfd,0xfe,0xfe,0xfe,0xfe,
0xfd,0xfe,0xfe,0xfe,0xfe,0xfe,0xfe,0xfe,0xfe,0xfe,0xfe,0xfd,0xfd,0xfe,0xfe,0xfd,
0xfe,0xfe,0xfe,0xfe,0xfe,0xfe,0xfe,0xfd,0x00,0x00,0x00,0x00,0x00,0x00,0x00,0x00,
0x00,0x00,0x00,0x00,0xfc,0xfe,0xfe,0xfe,0xfd,0xfe,0xfe,0xfe,0xfe,0xfe,0xfe,0xfe,
0xfe,0xfe,0xfe,0xfe,0xfe,0xfd,0xfd,0xfe,0xfe,0xfd,0xfe,0xfd,0xfd,0xfe,0xfe,0xfe,
0xfd,0xfd,0x00,0x00,0x00,0x00,0x00,0x00,0x00,0x00,0x00,0x00,0x00,0x00,0x06,0xfe,
0xfe,0xfe,0xfe,0xfe,0xfe,0xfe,0xfe,0xfe,0xfe,0xfe,0xfe,0xfe,0xfe,0xfe,0xfe,0xfe,
0xfe,0xfe,0xfe,0xfd,0xfe,0xfd,0xfd,0xfe,0xfe,0xfe,0xfc,0x0d,0x00,0x00,0x00,0x00,
0x00,0x00,0x00,0x00,0x00,0x00,0x00,0x00,0xff,0xfe,0xfe,0xfe,0xfe,0xfe,0xfe,0xfe,
0xfe,0xfe,0xfe,0xfe,0xfd,0xfe,0xfe,0xfe,0xfe,0xfe,0xfd,0xfe,0xfe,0xfd,0xfe,0xfd,
0xfe,0xfe,0xfe,0xfb,0xea,0x00,0x00,0x00,0x00,0x00,0x00,0x00,0x00,0x00,0x00,0x00,
0x00,0x00,0xfd,0xfe,0xfe,0xfe,0xfe,0xfe,0xfe,0xfe,0xfe,0xfe,0xfe,0xfe,0xfe,0xfe,
0xfe,0xfe,0xfe,0xfe,0xfe,0xfe,0xfe,0xfe,0xfe,0xfe,0xfe,0xfe,0xfc,0xdd,0x03,0x00,
0x00,0x00,0x00,0x00,0x00,0x00,0x00,0x00,0x00,0x00,0x00,0x00,0xfd,0xfd,0xfd,0xfd,
0xfd,0xfe,0xfe,0xfe,0xfe,0xfe,0xfe,0xfe,0xfe,0xfe,0xfe,0xfe,0xfe,0xfe,0xfe,0xfe,
0xfe,0xfd,0xfd,0xfd,0xfd,0xfd,0xdf,0x02,0x01,0x00,0x00,0x00,0x00,0x00,0x00,0x00,
0x00,0x00,0x00,0x00,0x00,0x00,0xfd,0xfd,0xfe,0xfe,0xfe,0xfe,0xfe,0xfe,0xfe,0xfe,
0xfe,0xfe,0xfe,0xfe,0xfe,0xfe,0xfe,0xfe,0xfe,0xfe,0xfe,0xfe,0xfd,0xfd,0xfc,0xf4,
0x01,0x00,0x00,0x00,0x00,0x00,0x00,0x00,0x00,0x00,0x00,0x00,0x00,0x00,0x00,0x00,
0xfc,0xfd,0xfe,0xfe,0xfe,0xfe,0xfe,0xfe,0xfe,0xfe,0xfe,0xfe,0xfe,0xfe,0xfe,0xfe,
0xfe,0xfe,0xfe,0xfe,0xfe,0xfe,0xfe,0xfd,0xfa,0x01,0x00,0x00,0x00,0x00,0x00,0x00,
0x00,0x00,0x00,0x00,0x00,0x00,0x00,0x00,0x00,0x00,0x03,0xfa,0xfd,0xfd,0xfd,0xfd,
0xfe,0xfe,0xfe,0xfe,0xfe,0xfe,0xfe,0xfe,0xfe,0xfe,0xfe,0xfe,0xfd,0xfe,0xfe,0xfd,
0xfd,0xad,0x01,0x00,0x00,0x00,0x00,0x00,0x00,0x00,0x00,0x00,0x00,0x00,0x00,0x00,
0x00,0x00,0x00,0x00,0x00,0x00,0x00,0x00,0x01,0x02,0x03,0xfb,0xfe,0xfe,0xfe,0xfe,
0xfe,0xfe,0xfd,0x00,0x00,0x00,0x00,0x00,0x00,0x00,0x00,0x01,0x00,0x00,0x00,0x00,
0x00,0x00,0x00,0x00,0x00,0x00,0x00,0x00,0x00,0x00,0x00,0x00,0x00,0x00,0x00,0x00,
0x00,0xee,0xfa,0xfa,0x20,0xfa,0xfe,0xfe,0xfe,0xfe,0xfe,0xfe,0xfd,0x01,0x00,0x00,
0x00,0x00,0x00,0x00,0x00,0x00,0x00,0x00,0x00,0x00,0x00,0x00,0x00,0x00,0x00,0x00,
0x00,0x00,0x00,0x00,0x00,0x00,0x00,0x00,0x00,0x00,0x00,0xf6,0xfc,0xfc,0xfc,0xfc,
0xfe,0xfe,0xfe,0xfe,0xfe,0xfe,0xfd,0x00,0x00,0x00,0x00,0x00,0x00,0x00,0x00,0x00,
0x00,0x00,0x00,0x00,0x00,0x00,0x00,0x00,0x00,0x00,0x00,0x00,0x00,0x00,0x00,0x00,
0x00,0x00,0x00,0x00,0x00,0x01,0xfa,0xfc,0xfd,0xfd,0xfe,0xfe,0xfe,0xfe,0xfe,0xfe,
0xfd,0x00,0x00,0x00,0x00,0x00,0x00,0x00,0x00,0x00,0x00,0x00,0x00,0x00,0x00,0x00,
0x00,0x00,0x00,0x00,0x00,0x00,0x00,0x00,0x00,0x00,0x00,0x00,0x00,0x00,0x00,0x00,
0x00,0xfa,0xfe,0xfd,0xfd,0xfe,0xfe,0xfe,0xfe,0xfe,0xfe,0x01,0x00,0x00,0x00,0x00,
0x00,0x00,0x00,0x00,0x00,0x00,0x00,0x00,0x00,0x00,0x00,0x00,0x00,0x00,0x00,0x00,
0x00,0x00,0x00,0x00,0x00,0x00,0x00,0x00,0x00,0x00,0x00,0x02,0xf8,0xfd,0xfe,0xfe,
0xfe,0xfe,0xfe,0xfe,0xfd,0x01,0x02,0x00,0x00,0x00,0x00,0x00,0x00,0x00,0x00,0x00,
0x00,0x00,0x00,0x00,0x00,0x00,0x00,0x00,0x00,0x00,0x00,0x00,0x00,0x00,0x00,0x00,
0x00,0x00,0x00,0x00,0x00,0x01,0xfa,0xfd,0xfd,0xfe,0xfd,0xfe,0xfe,0xfe,0xfd,0x04,
0xf2,0xfb,0x06,0x00,0x00,0x00,0x00,0x00,0x00,0x00,0x00,0x00,0x00,0x00,0x00,0x00,
0x00,0x00,0x00,0x00,0x00,0x00,0x00,0x00,0x00,0x00,0x00,0x00,0x00,0x00,0x00,0xf4,
0xfd,0xfd,0xfe,0xfe,0xfe,0xfe,0xfe,0xfe,0xfd,0xef,0xfd,0xfc,0x0b,0x01,0x00,0x00,
0x00,0x00,0x00,0x00,0x00,0x00,0x00,0x00,0x00,0x00,0x00,0x00,0x00,0x00,0x00,0x00,
0x00,0x00,0x00,0x00,0x00,0x00,0x01,0x02,0xf8,0xfd,0xfe,0xfd,0xfe,0xfe,0xfe,0xfe,
0xfe,0xfe,0xfe,0xfd,0xfd,0xfb,0x1f,0xfc,0xfb,0x05,0x00,0x00,0x00,0x00,0x00,0x00,
0x00,0x00,0x00,0x00,0x00,0x00,0x00,0x00,0x00,0x00,0x00,0x00,0x00,0x00,0x00,0x00,
0x02,0xf7,0xfc,0xfe,0xfe,0xfe,0xfe,0xfe,0xfe,0xfe,0xfe,0xfe,0xfe,0xfd,0xfd,0xfd,
0xfb,0xfd,0xfb,0x07,0x00,0x00,0x00,0x00,0x00,0x00,0x00,0x00,0x00,0x00,0x00,0x00,
0x00,0x00,0x00,0x00,0x00,0x00,0x00,0x00,0x00,0x00,0xce,0xfc,0xfe,0xfe,0xfe,0xfd,
0xfe,0xfe,0xfe,0xfd,0xfe,0xfe,0xfe,0xfd,0xfd,0xfd,0xfd,0xfd,0xce,0x01,0x00,0x00,
0x00,0x00,0x00,0x00,0x00,0x00,0x00,0x00,0x00,0x00,0x00,0x00,0x00,0x00,0x00,0x00,
0x00,0x00,0x00,0x00,0xfb,0xfd,0xfe,0xfe,0xfd,0xfd,0xfd,0xfe,0xfe,0xfd,0xfe,0xfe,
0xfe,0xfe,0xfd,0xfd,0xfd,0xf8,0x06,0x02,0x00,0x00,0x00,0x00,0x00,0x00,0x00,0x00,
0x00,0x00,0x00,0x00,0x00,0x00,0x00,0x00,0x00,0x00,0x00,0x00,0x00,0x01,0xf3,0xfe,
0xfe,0xfe,0xfd,0xfe,0xfe,0xfe,0xfe,0xfd,0xfe,0xfe,0xfe,0xfe,0xfd,0xfd,0xfd,0xfc,
0xfc,0xfb,0x04,0x01,0x00,0x00,0x00,0x00,0x00,0x00,0x00,0x00,0x00,0x00,0x00,0x00,
0x00,0x00,0x00,0x00,0x00,0x00,0x00,0xbc,0xfc,0xfe,0xfe,0xfe,0xfe,0xfe,0xfe,0xfe,
0xfe,0xfe,0xfe,0xfe,0xfe,0xfe,0xfe,0xfe,0xfd,0xfd,0xfe,0xfd,0xf6,0x01,0x00,0x00,
0x00,0x00,0x00,0x00,0x00,0x00,0x00,0x00,0x00,0x00,0x00,0x00,0x00,0x00,0x00,0x00,
0x11,0xfa,0xfc,0xfe,0xfd,0xfe,0xfe,0xfe,0xfe,0xfe,0xfe,0xfe,0xfe,0xfe,0xfe,0xfe,
0xfe,0xfd,0xfd,0xfe,0xfd,0xfd,0xfd,0xf9,0x42,0x00,0x00,0x00,0x00,0x00,0x00,0x00,
0x00,0x00,0x00,0x00,0x00,0x00,0x00,0x00,0x00,0x00,0xff,0xfb,0xfd,0xfe,0xfe,0xfe,
0xfe,0xfe,0xfe,0xfe,0xfe,0xfe,0xfe,0xfe,0xfe,0xfe,0xfe,0xfe,0xfd,0xfe,0xfd,0xfd,
0xfd,0xfd,0xf8,0x00,0x00,0x00,0x00,0x00,0x00,0x00,0x00,0x00,0x00,0x00,0x00,0x00,
0x00,0x00,0x00,0x00,0x00,0xf7,0xfc,0xfd,0xfd,0xfd,0xfd,0xfe,0xfe,0xfe,0xfe,0xfe,
0xfe,0xfe,0xfd,0xfd,0xfb,0xfc,0xfc,0xfd,0xfc,0xfc,0xfc,0xfa,0x04,0x00,0x00,0x00,
0x00,0x00,0x00,0x00,0x00,0x00,0x00,0x00,0x00,0x00,0x00,0x00,0x00,0x00,0x00,0x01,
0x02,0x02,0x04,0xfb,0xfc,0xfc,0xfc,0xfd,0xfc,0xfd,0xfe,0xfd,0xfc,0xfc,0x09,0x02,
0x01,0x01,0x01,0x02,0x02,0x01,0x00,0x00,0x00,0x00,0x00,0x00,0x00,0x00,0x00,0x00,
0x00,0x00,0x00,0x00,0x00,0x00,0x00,0x00,0x00,0x00,0x00,0x00,0x00,0x00,0x00,0x00,
0x00,0x00,0x00,0x00,0x00,0x00,0x00,0x00,0x00,0x00,0x00,0x00,0x00,0x00,0x00,0x00,
0x00,0x00,0x00,0x00,0x00,0x00,0x00,0x00,0x00,0x00,0x00,0x00,

};
const lv_image_dsc_t visual_nav_trip = {
    .header.magic = LV_IMAGE_HEADER_MAGIC,
    .header.cf = LV_COLOR_FORMAT_RGB565A8,
    .header.flags = 0,
    .header.w = 42,
    .header.h = 42,
    .header.stride = 84,
    .data_size = sizeof(s_nav_trip_map),
    .data = s_nav_trip_map,
};

static const LV_ATTRIBUTE_MEM_ALIGN LV_ATTRIBUTE_LARGE_CONST uint8_t s_nav_bag_map[] = {
0x00,0x00,0x00,0x00,0x00,0x00,0x00,0x00,0x00,0x00,0x00,0x00,0x00,0x00,0x00,0x00,
0x00,0x00,0x00,0x00,0x00,0x00,0x00,0x00,0x00,0x00,0x00,0x00,0x00,0x00,0x00,0x00,
0x00,0x00,0x00,0x00,0x00,0x00,0x00,0x00,0x00,0x00,0x00,0x00,0x00,0x00,0x00,0x00,
0x00,0x00,0x00,0x00,0x00,0x00,0x00,0x00,0x00,0x00,0x00,0x00,0x00,0x00,0x00,0x00,
0x00,0x00,0x00,0x00,0x00,0x00,0x00,0x00,0x00,0x00,0x00,0x00,0x00,0x00,0x00,0x00,
0x00,0x00,0x00,0x00,0x00,0x00,0x00,0x00,0x00,0x00,0x00,0x00,0x00,0x00,0x00,0x00,
0x00,0x00,0x00,0x00,0x00,0x00,0x00,0x00,0x00,0x00,0x00,0x00,0x00,0x00,0x85,0x31,
0xa5,0x00,0x84,0x08,0xa3,0x08,0xc3,0x18,0x00,0x00,0x23,0x29,0xa5,0x00,0x84,0x08,
0xa5,0x00,0xa4,0x08,0xa3,0x20,0x00,0x10,0x00,0x00,0x00,0x00,0x00,0x00,0x00,0x00,
0x00,0x00,0x00,0x00,0x00,0x00,0x00,0x00,0x00,0x00,0x00,0x00,0x00,0x00,0x00,0x00,
0x00,0x00,0x00,0x00,0x00,0x00,0x00,0x00,0x00,0x00,0x00,0x00,0x00,0x00,0x00,0x00,
0x00,0x00,0x00,0x00,0x00,0x00,0x00,0x00,0x00,0x00,0x00,0x00,0x00,0x00,0x00,0x00,
0x66,0x29,0xc3,0x10,0x83,0xdb,0x63,0xd3,0xc6,0x59,0x61,0x28,0x65,0x29,0xa3,0x10,
0x60,0x99,0xe6,0xdb,0x2b,0xbc,0x60,0x38,0xa3,0x10,0x21,0x00,0x00,0x00,0x00,0x00,
0x00,0x00,0x00,0x00,0x00,0x00,0x00,0x00,0x00,0x00,0x00,0x00,0x00,0x00,0x00,0x00,
0x00,0x00,0x00,0x00,0x00,0x00,0x00,0x00,0x00,0x00,0x00,0x00,0x00,0x00,0x00,0x00,
0x00,0x00,0x00,0x00,0x00,0x00,0x00,0x00,0x00,0x00,0x00,0x00,0x00,0x00,0x00,0x00,
0x00,0x00,0x00,0x00,0x60,0x30,0xab,0xa3,0xc6,0xa2,0x60,0x58,0x41,0x18,0x65,0x49,
0x40,0x30,0x2a,0x93,0xc5,0x61,0xa1,0x48,0x62,0x71,0x65,0x9a,0x2a,0x93,0x40,0x38,
0x67,0x31,0x42,0x18,0xc5,0x00,0xa4,0x08,0xa5,0x00,0xa4,0x08,0xa3,0x20,0x00,0x10,
0x00,0x00,0x00,0x00,0x00,0x00,0x00,0x00,0x00,0x00,0x00,0x00,0x00,0x00,0x00,0x00,
0x00,0x00,0x00,0x00,0x00,0x00,0x00,0x00,0x00,0x00,0x00,0x00,0x00,0x00,0x00,0x00,
0x82,0x08,0xc3,0x08,0xa4,0x08,0xa5,0x00,0x40,0x30,0x27,0x62,0x65,0x49,0x41,0x20,
0xa4,0x08,0xc5,0x00,0xa0,0x40,0x63,0x51,0x84,0x08,0xa4,0x00,0xa4,0x08,0xc5,0x00,
0x07,0x62,0x60,0x28,0xa4,0x08,0xc5,0x08,0xe3,0xda,0x03,0xd3,0x82,0x99,0xa3,0x99,
0xa3,0x08,0xc5,0x08,0x00,0x00,0x00,0x00,0x00,0x00,0x00,0x00,0x00,0x00,0x00,0x00,
0x00,0x00,0x00,0x00,0x00,0x00,0x00,0x00,0x00,0x00,0x00,0x00,0x00,0x00,0x00,0x00,
0x00,0x00,0x00,0x00,0xc2,0x08,0x43,0x21,0xa6,0xad,0x23,0xa5,0x6a,0x63,0x80,0x08,
0x24,0x7a,0x28,0xa3,0x66,0x39,0x62,0x20,0x85,0x00,0x84,0x00,0x64,0x00,0x64,0x08,
0x85,0x00,0x84,0x08,0xa7,0x39,0x82,0x20,0x60,0x58,0x29,0xbb,0x4b,0xab,0x00,0x40,
0xc5,0x00,0x84,0x00,0xa4,0x00,0xa4,0x08,0x00,0x00,0x00,0x00,0x00,0x00,0x00,0x00,
0x00,0x00,0x00,0x00,0x00,0x00,0x00,0x00,0x00,0x00,0x00,0x00,0x00,0x00,0x00,0x00,
0x00,0x00,0x00,0x00,0x01,0x00,0xc4,0x08,0x00,0x21,0x6d,0xa5,0xe6,0x9c,0x03,0x7c,
0xa0,0x40,0x8b,0xbc,0xe4,0xf3,0xe1,0xca,0x80,0x21,0x0b,0x8d,0x63,0xad,0x83,0xa5,
0x83,0xad,0x63,0xa5,0xc5,0x94,0xe2,0x73,0xa0,0x50,0x0b,0xbc,0xe4,0xfa,0x42,0xf2,
0x01,0x19,0xc9,0x52,0x62,0x8c,0x66,0xa5,0x67,0x8c,0xe1,0x52,0xc3,0x08,0x25,0x11,
0x00,0x00,0x00,0x00,0x00,0x00,0x00,0x00,0x00,0x00,0x00,0x00,0x00,0x00,0x00,0x00,
0x00,0x00,0x00,0x00,0x00,0x00,0x00,0x00,0xa6,0x21,0xc2,0x08,0x26,0xa5,0x83,0x94,
0x88,0x84,0x22,0x5b,0x40,0x30,0xaa,0xab,0x6a,0x93,0x40,0x30,0x84,0x84,0xc5,0x94,
0x05,0x95,0xa3,0x94,0xa4,0x8c,0xc4,0x94,0x26,0x7c,0xe1,0x5a,0x40,0x68,0x89,0xba,
0xcb,0xaa,0x00,0x50,0xe0,0x52,0x07,0x9d,0x47,0xa5,0x02,0x84,0x65,0x42,0x44,0x4a,
0xc5,0x00,0xa4,0x08,0x00,0x00,0x00,0x00,0x00,0x00,0x00,0x00,0x00,0x00,0x00,0x00,
0x00,0x00,0x00,0x00,0x00,0x00,0x00,0x00,0x00,0x00,0x00,0x00,0xc0,0x10,0x4c,0x7c,
0x64,0x8c,0x44,0x84,0xca,0x73,0xa0,0x08,0x63,0xd3,0x02,0xc3,0x81,0x51,0xa5,0x72,
0x03,0x7c,0x44,0x7c,0x64,0x8c,0x85,0x8c,0x84,0x8c,0x43,0x7c,0x28,0x5b,0xc0,0x08,
0x85,0xfa,0x03,0xf2,0xc3,0x18,0xa3,0x10,0x21,0x84,0x86,0xa5,0x29,0x7c,0x40,0x19,
0x44,0x21,0xa5,0x21,0x67,0x4a,0xc1,0x08,0x00,0x00,0x00,0x00,0x00,0x00,0x00,0x00,
0x00,0x00,0x00,0x00,0x00,0x00,0x00,0x00,0x00,0x00,0x00,0x00,0x00,0x00,0x00,0x00,
0xc0,0x08,0xaa,0x6b,0x84,0x63,0x84,0x6b,0x2a,0x53,0xa0,0x08,0xc4,0xb2,0x83,0xb2,
0xa0,0x08,0x09,0x5b,0x83,0x63,0xe4,0x73,0xe5,0x73,0x83,0x6b,0x84,0x63,0x84,0x6b,
0x67,0x42,0x60,0x08,0x43,0xf1,0x84,0xf9,0xc2,0x08,0x88,0x4a,0x44,0x7c,0xa5,0x94,
0x45,0x42,0x03,0x3a,0xe7,0x52,0x81,0x31,0x68,0x3a,0xa1,0x08,0x00,0x00,0x00,0x00,
0x00,0x00,0x00,0x00,0x00,0x00,0x00,0x00,0x00,0x00,0x00,0x00,0x00,0x00,0x00,0x00,
0x00,0x00,0x00,0x00,0xc0,0x10,0x09,0x53,0x24,0x63,0x04,0x5b,0x46,0x62,0x83,0x41,
0x83,0xaa,0x43,0x9a,0x01,0x19,0xc8,0x4a,0x04,0x5b,0x24,0x5b,0x44,0x6b,0x64,0x63,
0x44,0x63,0x44,0x63,0x03,0x49,0xc6,0x59,0x25,0xc9,0x21,0x98,0xc0,0x10,0x08,0x53,
0x24,0x84,0x65,0x8c,0xa1,0x31,0x07,0x5b,0x41,0x21,0x05,0x32,0x67,0x42,0xc1,0x08,
0x00,0x00,0x00,0x00,0x00,0x00,0x00,0x00,0x00,0x00,0x00,0x00,0x00,0x00,0x00,0x00,
0x00,0x00,0x00,0x00,0x00,0x00,0x00,0x00,0xc2,0x08,0x88,0x4a,0x85,0x4a,0x64,0x4a,
0xe4,0x51,0xa3,0x51,0xe3,0x89,0x61,0x79,0x43,0x19,0x47,0x42,0x84,0x42,0x64,0x4a,
0x85,0x4a,0x84,0x4a,0x85,0x4a,0x63,0x4a,0x62,0x50,0x25,0x71,0x06,0x91,0x84,0x88,
0x23,0x3a,0xc6,0x52,0x24,0x5b,0x65,0x6b,0x21,0x19,0x66,0x4a,0x83,0x21,0xe4,0x31,
0x47,0x3a,0xc1,0x10,0x00,0x00,0x00,0x00,0x00,0x00,0x00,0x00,0x00,0x00,0x00,0x00,
0x00,0x00,0x00,0x00,0x00,0x00,0x00,0x00,0x00,0x00,0x00,0x00,0xa4,0x08,0xc5,0x08,
0x64,0x4a,0x03,0x3a,0xa3,0x51,0xa4,0x49,0xe3,0x81,0xe0,0x58,0x23,0x19,0x06,0x32,
0x04,0x3a,0x24,0x3a,0x04,0x42,0x24,0x3a,0x44,0x42,0xa2,0x21,0x67,0x91,0x02,0x58,
0x43,0x10,0xa4,0x10,0xa3,0x31,0x25,0x3a,0xc3,0x52,0x66,0x63,0x42,0x29,0x05,0x3a,
0x65,0x4a,0xc3,0x31,0xa4,0x08,0xc5,0x00,0x00,0x00,0x00,0x00,0x00,0x00,0x00,0x00,
0x00,0x00,0x00,0x00,0x00,0x00,0x00,0x00,0x00,0x00,0x00,0x00,0x00,0x00,0x00,0x00,
0x02,0x00,0x83,0x08,0xe1,0x10,0x46,0x42,0x65,0x41,0x23,0x39,0x43,0x59,0x01,0x59,
0xa6,0x00,0x85,0x00,0xa5,0x00,0xa5,0x00,0xc6,0x00,0xc5,0x00,0xa5,0x00,0x84,0x08,
0x22,0xa8,0x05,0xd1,0xc8,0xc9,0x45,0xc1,0xc2,0x08,0x07,0x3a,0x44,0x3a,0x85,0x52,
0x66,0x42,0x42,0x21,0x63,0x21,0x05,0x3a,0xc4,0x00,0xc4,0x08,0x00,0x00,0x00,0x00,
0x00,0x00,0x00,0x00,0x00,0x00,0x00,0x00,0x00,0x00,0x00,0x00,0x00,0x00,0x00,0x00,
0x00,0x00,0x00,0x00,0x00,0x00,0x00,0x00,0xe5,0x10,0xc5,0x08,0x23,0x49,0x03,0x41,
0x23,0x49,0x81,0x28,0xe1,0x91,0x67,0xbb,0x03,0xcb,0x03,0xc3,0x82,0xb2,0x42,0xa2,
0x64,0x61,0x03,0x51,0x03,0xe9,0x04,0xe1,0x21,0xb8,0x25,0xd1,0x84,0xf9,0x64,0xf1,
0xa3,0x10,0x86,0x21,0xa2,0x29,0x04,0x32,0x25,0x3a,0x42,0x19,0xc3,0x10,0x21,0x00,
0x00,0x00,0x00,0x00,0x00,0x00,0x00,0x00,0x00,0x00,0x00,0x00,0x00,0x00,0x00,0x00,
0x00,0x00,0x00,0x00,0x00,0x00,0x00,0x00,0x00,0x00,0x00,0x00,0x60,0x18,0xa5,0x49,
0x66,0xc3,0x41,0xaa,0x43,0x9a,0x84,0xaa,0x23,0xcb,0x64,0xd3,0x64,0xd3,0x43,0xd3,
0x04,0xc3,0xa2,0xba,0xa1,0x30,0xc5,0x59,0x01,0x38,0x67,0x79,0x24,0xf1,0x03,0xf1,
0x62,0xc8,0x45,0xe9,0x87,0xf1,0x62,0xd0,0x85,0x00,0xa5,0x08,0xa4,0x00,0xe5,0x10,
0x00,0x00,0x00,0x00,0x00,0x00,0x00,0x00,0x00,0x00,0x00,0x00,0x00,0x00,0x00,0x00,
0x00,0x00,0x00,0x00,0x00,0x00,0x00,0x00,0x00,0x00,0x00,0x00,0x00,0x00,0x00,0x00,
0x20,0x30,0xcb,0xa3,0xa2,0xba,0x24,0xc3,0x23,0xcb,0x23,0xc3,0xc3,0xba,0xc3,0xb2,
0x62,0xaa,0x42,0xa2,0xa4,0xb2,0x02,0x92,0xa0,0x58,0xe6,0x9a,0x47,0x72,0x40,0x28,
0x00,0x58,0x69,0xb2,0x65,0xf9,0xc3,0xe0,0x63,0xb8,0x84,0xb8,0x63,0xb0,0x43,0xa8,
0x63,0x18,0xa4,0x18,0x00,0x00,0x00,0x00,0x00,0x00,0x00,0x00,0x00,0x00,0x00,0x00,
0x00,0x00,0x00,0x00,0x00,0x00,0x00,0x00,0x00,0x00,0x00,0x00,0x00,0x00,0x00,0x00,
0x00,0x00,0xe7,0x41,0x20,0x28,0x8b,0x9b,0x63,0xa2,0x63,0xaa,0xa3,0xaa,0x83,0xb2,
0x84,0xa2,0x43,0xaa,0x63,0xa2,0x43,0xaa,0x87,0x82,0xe0,0x58,0xa6,0xd3,0x61,0xb2,
0x02,0x51,0xe1,0x50,0xa3,0x50,0xa3,0x50,0x83,0xd0,0xe4,0xe8,0xc5,0xc8,0x42,0xc0,
0x44,0x80,0x23,0x88,0xa5,0x08,0xa4,0x10,0x00,0x00,0x00,0x00,0x00,0x00,0x00,0x00,
0x00,0x00,0x00,0x00,0x00,0x00,0x00,0x00,0x00,0x00,0x00,0x00,0x00,0x00,0x00,0x00,
0x00,0x00,0x00,0x00,0x01,0x00,0xc4,0x08,0x20,0x30,0x4a,0x8b,0xa2,0x69,0xc7,0x8a,
0x85,0x92,0x00,0x59,0x01,0x59,0x83,0x61,0x62,0xaa,0x63,0xa2,0xa7,0x82,0xa0,0x40,
0xc3,0xba,0x21,0xa2,0x40,0x28,0xa5,0x51,0xc3,0x50,0x62,0x40,0xc5,0x48,0x02,0x28,
0x43,0x90,0x64,0x90,0xe5,0x58,0x01,0x30,0x84,0x08,0xa4,0x00,0x44,0x31,0x00,0x00,
0x00,0x00,0x00,0x00,0x00,0x00,0x00,0x00,0x00,0x00,0x00,0x00,0x00,0x00,0x00,0x00,
0x00,0x00,0x00,0x00,0x00,0x00,0x00,0x00,0x01,0x00,0x83,0x10,0x49,0x9b,0x00,0x51,
0x0d,0xd5,0x62,0x8a,0x62,0x69,0x45,0x8a,0x66,0xec,0x80,0xb2,0xe3,0x89,0x65,0xa2,
0xc6,0x51,0x00,0x18,0x22,0x51,0x46,0x7a,0x40,0x38,0xc6,0x8a,0xc3,0x50,0x21,0x40,
0x84,0x90,0x02,0x80,0xa5,0x08,0x84,0x08,0xa5,0x00,0x85,0x08,0x63,0x61,0x01,0x59,
0x82,0x18,0xa3,0x20,0x00,0x00,0x00,0x00,0x00,0x00,0x00,0x00,0x00,0x00,0x00,0x00,
0x00,0x00,0x00,0x00,0x00,0x00,0x00,0x00,0x00,0x00,0x00,0x00,0x00,0x00,0xc3,0x08,
0x26,0xb3,0x60,0x71,0x60,0x38,0xa7,0x7a,0x20,0x71,0x68,0xb3,0xa6,0x9a,0xc0,0x50,
0xe4,0x71,0x01,0x49,0x6b,0xc4,0x63,0x7a,0x00,0x62,0xc3,0x72,0x80,0x40,0x66,0x7a,
0x25,0x39,0xa3,0x20,0x83,0xc0,0x42,0xb0,0x01,0x90,0xc5,0xa8,0x06,0x71,0x02,0x40,
0x01,0x69,0x25,0x82,0xc8,0x8a,0x40,0x30,0x86,0x19,0x41,0x00,0x00,0x00,0x00,0x00,
0x00,0x00,0x00,0x00,0x00,0x00,0x00,0x00,0x00,0x00,0x00,0x00,0x00,0x00,0x00,0x00,
0x01,0x00,0x83,0x10,0x05,0xbb,0x01,0xa2,0x44,0x92,0xe2,0x89,0x80,0x38,0x47,0x7a,
0x47,0x6a,0x60,0x38,0x04,0x7a,0xe4,0x81,0xa6,0x41,0x82,0x20,0x9c,0xef,0x11,0xa5,
0x03,0x31,0xe6,0x59,0x66,0x41,0x41,0x28,0x63,0xb8,0xa4,0xc8,0x22,0xa8,0x06,0xd1,
0xe9,0x99,0x00,0x58,0x24,0x41,0xe6,0x61,0xea,0x82,0x00,0x28,0x25,0x21,0x00,0x00,
0x00,0x00,0x00,0x00,0x00,0x00,0x00,0x00,0x00,0x00,0x00,0x00,0x00,0x00,0x00,0x00,
0x00,0x00,0x00,0x00,0xa3,0x20,0x83,0x18,0x60,0x38,0xc8,0x7a,0x28,0xa3,0x80,0x48,
0xe3,0x38,0x44,0x39,0x44,0x49,0xc2,0x30,0x23,0xa2,0x03,0x92,0xa0,0x28,0xd4,0xc5,
0x73,0xff,0x6f,0xee,0xbc,0xf7,0x02,0x19,0x85,0x51,0xc2,0x28,0x21,0xb8,0x66,0xd9,
0x84,0xa8,0x64,0xa0,0x44,0xf9,0x65,0xf1,0x41,0x20,0x86,0x41,0x47,0x6a,0x40,0x28,
0x84,0x08,0x43,0x00,0x00,0x00,0x00,0x00,0x00,0x00,0x00,0x00,0x00,0x00,0x00,0x00,
0x00,0x00,0x00,0x00,0x00,0x00,0x00,0x00,0xa5,0x00,0xa4,0x08,0x83,0x08,0x83,0x10,
0x84,0x59,0x20,0x30,0x62,0xfe,0xc0,0xf5,0xa7,0xed,0x60,0x8a,0x06,0x6a,0xc4,0x61,
0xfa,0xff,0xd6,0xf6,0x00,0xed,0xa1,0xfd,0xad,0xdd,0x74,0xff,0xa4,0x00,0xe5,0x10,
0x21,0xa8,0xc7,0xe1,0x06,0xc9,0x22,0xb0,0x24,0xf1,0x24,0xf9,0xc8,0x91,0x00,0x50,
0x62,0x71,0x04,0x92,0xa4,0x08,0x01,0x00,0x00,0x00,0x00,0x00,0x00,0x00,0x00,0x00,
0x00,0x00,0x00,0x00,0x00,0x00,0x00,0x00,0x00,0x08,0x24,0x29,0x40,0x30,0xa8,0x72,
0xe2,0x40,0x03,0x41,0x80,0x20,0x70,0xde,0x60,0x48,0x28,0x9b,0xa0,0x38,0x45,0x6a,
0xa4,0x08,0xc5,0x08,0x56,0xff,0x73,0xee,0xa0,0xe4,0xa2,0xfd,0xf3,0xfe,0xd2,0xee,
0x83,0x08,0xc5,0x10,0x00,0x58,0x6a,0xaa,0x46,0xe1,0x42,0xb8,0x64,0xf9,0x64,0xf9,
0x6a,0xb2,0x00,0x58,0x82,0x71,0xc3,0x71,0x84,0x10,0x44,0x00,0x00,0x00,0x00,0x00,
0x00,0x00,0x00,0x00,0x00,0x00,0x00,0x00,0x00,0x00,0x00,0x00,0x01,0x00,0xa3,0x10,
0x24,0xc3,0x03,0xcb,0x80,0x40,0xe5,0x71,0x40,0x49,0xad,0xdd,0xc0,0x48,0xa6,0x92,
0xa3,0x59,0xa3,0x61,0x24,0x41,0xe3,0x40,0xa4,0x08,0x9f,0xf7,0xf1,0xf6,0x32,0xff,
0x3b,0xe7,0xa1,0x18,0x44,0x51,0xe2,0x48,0x00,0x50,0x49,0xaa,0x45,0xe9,0x41,0xd0,
0x82,0xd0,0x45,0xf1,0x44,0xf1,0x03,0xf1,0x41,0x20,0xa6,0x59,0xa6,0x08,0x24,0x00,
0x00,0x00,0x00,0x00,0x00,0x00,0x00,0x00,0x00,0x00,0x00,0x00,0x00,0x00,0x00,0x00,
0x64,0x29,0xa1,0x08,0xe4,0xc2,0x62,0xaa,0xc0,0x58,0x66,0x82,0xe0,0x48,0xcb,0xc4,
0xa0,0x40,0xc5,0x61,0x44,0x72,0xa2,0x59,0xe1,0x50,0x84,0x59,0xc3,0x08,0x05,0x09,
0x3b,0xef,0x58,0xce,0x25,0x19,0xe4,0x08,0x43,0x59,0x22,0x51,0x00,0x58,0x49,0xaa,
0x44,0xf9,0x44,0xf1,0x61,0xd0,0x45,0xe9,0x23,0xf9,0x64,0xf9,0x41,0x30,0xa6,0x51,
0xa5,0x10,0x44,0x00,0x00,0x00,0x00,0x00,0x00,0x00,0x00,0x00,0x00,0x00,0x00,0x00,
0x00,0x00,0x00,0x00,0xa5,0x00,0x84,0x00,0x44,0x92,0x81,0x81,0xc1,0x89,0x43,0x9a,
0x00,0x51,0x69,0xc4,0xc2,0xfe,0x40,0xf6,0x89,0xed,0x60,0x71,0xa5,0x51,0x44,0x49,
0x40,0x01,0x27,0x4b,0x60,0x01,0x06,0x3b,0x87,0x43,0x40,0x01,0x82,0x18,0x45,0x39,
0x00,0x50,0x29,0xaa,0x24,0xf1,0x24,0xf9,0x83,0xc8,0x05,0xe1,0x65,0xf1,0x44,0xf9,
0x2a,0x9a,0x00,0x50,0x25,0x31,0x00,0x08,0x00,0x00,0x00,0x00,0x00,0x00,0x00,0x00,
0x00,0x00,0x00,0x00,0x00,0x00,0x00,0x00,0x40,0x38,0x4a,0x93,0x64,0xaa,0xe2,0x91,
0x42,0xa2,0x63,0xa2,0xe6,0x59,0x82,0x28,0xa3,0x28,0xa4,0x20,0xa3,0x20,0x66,0x31,
0xe5,0x69,0x84,0x51,0xa2,0xa5,0xa0,0x84,0x00,0x09,0x87,0x53,0x40,0x2a,0x28,0xa6,
0x60,0x30,0x48,0x6a,0x01,0x48,0x26,0x61,0x23,0xf9,0x44,0xf1,0xa3,0xd0,0xc4,0xd0,
0xb6,0xfe,0xaa,0xcb,0x8a,0x92,0x00,0x28,0x49,0x31,0x03,0x00,0x00,0x00,0x00,0x00,
0x00,0x00,0x00,0x00,0x00,0x00,0x00,0x00,0x00,0x00,0x00,0x00,0x60,0x30,0xa8,0x7a,
0x05,0x82,0x41,0x71,0x02,0x92,0x43,0xa2,0x68,0x6a,0x00,0x28,0xe4,0x81,0x62,0x79,
0xe2,0x40,0x43,0x51,0x67,0x72,0x42,0x59,0xa7,0x53,0x20,0x09,0x00,0x09,0xad,0xa5,
0xc8,0x5b,0x00,0x09,0x60,0x28,0x88,0x7a,0x66,0x51,0x42,0x38,0xf6,0xfd,0x06,0xc2,
0xe5,0xb1,0x36,0xfe,0x47,0xb2,0xb8,0xfe,0x1a,0xff,0x80,0x40,0xc6,0x08,0x23,0x00,
0x00,0x00,0x00,0x00,0x00,0x00,0x00,0x00,0x00,0x00,0x00,0x00,0x00,0x00,0x00,0x00,
0x81,0x20,0x65,0x39,0x22,0x59,0x23,0x51,0x01,0x9a,0x63,0x9a,0xa8,0x7a,0x80,0x30,
0x05,0xc3,0xc0,0x91,0xc0,0x48,0xa4,0x59,0x63,0xa2,0x43,0x9a,0x63,0x61,0x42,0x51,
0xc3,0x08,0x46,0x11,0x49,0x7c,0x20,0x09,0xc0,0x58,0x87,0x8a,0xa6,0x51,0x61,0x20,
0x96,0xfe,0x08,0xc3,0x83,0xb1,0xd4,0xfd,0xa2,0xd8,0x86,0xe9,0x48,0xfa,0x64,0xd9,
0x84,0x18,0x06,0x19,0x00,0x00,0x00,0x00,0x00,0x00,0x00,0x00,0x00,0x00,0x00,0x00,
0x00,0x00,0x00,0x00,0x40,0x30,0xc9,0x82,0x44,0x92,0x61,0x79,0xa4,0xaa,0x42,0xaa,
0xc8,0x7a,0x20,0x30,0xa0,0x48,0x46,0x82,0x80,0x38,0xe5,0x69,0x43,0xa2,0x63,0xaa,
0x86,0x92,0x00,0x69,0x82,0x28,0x04,0x39,0xc3,0x20,0x86,0x41,0xa0,0x50,0x86,0x92,
0xe7,0x51,0x40,0x20,0xe5,0x99,0xb8,0xfe,0x77,0xfe,0x63,0xa1,0x26,0xa9,0x83,0x98,
0x45,0xe9,0x24,0xf1,0xa8,0x89,0x00,0x50,0x00,0x00,0x00,0x00,0x00,0x00,0x00,0x00,
0x00,0x00,0x00,0x00,0x00,0x00,0x00,0x00,0x40,0x30,0xe9,0x82,0x44,0x9a,0xa1,0x79,
0xe4,0xc2,0x42,0xa2,0x63,0xa2,0xe2,0x89,0xa4,0x08,0xa5,0x00,0xc1,0x40,0xa9,0x72,
0x62,0xaa,0x83,0xa2,0x85,0x9a,0x40,0x69,0x81,0x38,0xe6,0x61,0xc3,0x79,0x22,0x61,
0xc0,0x58,0xc7,0x92,0xe5,0x71,0xc1,0x48,0x00,0xb0,0x25,0xd1,0x98,0xfe,0x26,0xaa,
0x26,0x79,0x01,0x48,0x01,0x90,0x05,0xb1,0xa8,0x91,0x01,0x50,0x00,0x00,0x00,0x00,
0x00,0x00,0x00,0x00,0x00,0x00,0x00,0x00,0x00,0x00,0x00,0x00,0x40,0x28,0x88,0x7a,
0x44,0x92,0x81,0x79,0xc5,0xb2,0x42,0xa2,0x63,0xa2,0x43,0xa2,0x64,0x9a,0x02,0x92,
0x23,0x92,0x43,0x9a,0x64,0xa2,0x43,0xa2,0x86,0x92,0x00,0x69,0x81,0x30,0x27,0x72,
0x66,0x8a,0x00,0x69,0xc0,0x48,0x46,0x82,0xc4,0x71,0x22,0x69,0x00,0x78,0x66,0xc1,
0x04,0xe9,0xc3,0xe8,0xc5,0x40,0x84,0x40,0xa5,0x08,0x84,0x08,0x47,0x71,0x01,0x48,
0x00,0x00,0x00,0x00,0x00,0x00,0x00,0x00,0x00,0x00,0x00,0x00,0x00,0x00,0x00,0x00,
0x83,0x10,0xc4,0x10,0xe3,0x81,0x62,0x69,0x22,0x9a,0x02,0x92,0x22,0x9a,0x63,0x9a,
0x63,0xa2,0x63,0x9a,0x42,0xa2,0x63,0x9a,0x42,0xa2,0x63,0xa2,0x65,0x9a,0x20,0x69,
0x80,0x40,0x27,0x6a,0x45,0x92,0x00,0x61,0x23,0x92,0x81,0x79,0x02,0x51,0x03,0x49,
0xe5,0x18,0x63,0x08,0x45,0xd9,0x41,0xb0,0x83,0x10,0x21,0x00,0x00,0x00,0x00,0x00,
0xa4,0x08,0xc5,0x08,0x00,0x00,0x00,0x00,0x00,0x00,0x00,0x00,0x00,0x00,0x00,0x00,
0x00,0x00,0x00,0x00,0x67,0x21,0xa3,0x10,0x63,0x61,0x42,0x69,0xa2,0x79,0xe3,0x89,
0xe2,0x89,0x44,0x9a,0x64,0x9a,0x02,0x9a,0x43,0x9a,0x43,0xa2,0x43,0x9a,0x43,0xa2,
0x86,0x92,0x20,0x69,0x81,0x38,0x27,0x72,0x66,0x8a,0xc0,0x60,0x44,0x9a,0xe3,0x99,
0xa3,0x71,0x62,0x69,0x66,0x39,0x62,0x20,0x68,0x71,0x01,0x40,0xc4,0x10,0x01,0x00,
0x00,0x00,0x00,0x00,0x00,0x00,0x00,0x00,0x00,0x00,0x00,0x00,0x00,0x00,0x00,0x00,
0x00,0x00,0x00,0x00,0x00,0x00,0x00,0x00,0x01,0x00,0xa3,0x08,0x81,0x20,0xa6,0x41,
0xc1,0x48,0x84,0x59,0x62,0x71,0xc4,0x79,0xa2,0x79,0xc3,0x79,0xa2,0x79,0xc3,0x79,
0xa2,0x79,0xc3,0x79,0xc3,0x79,0x42,0x61,0x80,0x38,0xe6,0x61,0xc3,0x71,0x01,0x51,
0x43,0xa2,0x43,0x9a,0xe3,0x89,0x61,0x71,0x63,0x61,0x02,0x51,0xa4,0x08,0xa4,0x00,
0xc3,0x18,0x01,0x00,0x00,0x00,0x00,0x00,0x00,0x00,0x00,0x00,0x00,0x00,0x00,0x00,
0x00,0x00,0x00,0x00,0x00,0x00,0x00,0x00,0x00,0x00,0x00,0x00,0x00,0x00,0x00,0x00,
0xc5,0x00,0xa5,0x08,0xc2,0x40,0x03,0x51,0x23,0x51,0x02,0x59,0x63,0x61,0x42,0x61,
0x63,0x61,0x42,0x69,0x63,0x61,0x42,0x69,0x63,0x61,0x42,0x69,0xc2,0x38,0x85,0x59,
0xa5,0x61,0xc1,0x50,0x63,0x61,0xc4,0x71,0x83,0x69,0x62,0x69,0x65,0x39,0x62,0x20,
0xa4,0x08,0x01,0x00,0x00,0x00,0x00,0x00,0x00,0x00,0x00,0x00,0x00,0x00,0x00,0x00,
0x00,0x00,0x00,0x00,0x00,0x00,0x00,0x00,0x00,0x00,0x00,0x00,0x00,0x00,0x00,0x00,
0x00,0x00,0x00,0x00,0x00,0x00,0xc3,0x10,0xa4,0x08,0xc4,0x08,0x61,0x20,0x45,0x39,
0x02,0x51,0xe2,0x40,0xe2,0x48,0x03,0x49,0x02,0x49,0x03,0x49,0x02,0x51,0x23,0x49,
0xc1,0x40,0x64,0x51,0x42,0x61,0x63,0x61,0xe2,0x48,0x23,0x49,0x02,0x51,0x02,0x49,
0x65,0x39,0x82,0x18,0xa2,0x18,0x00,0x00,0x00,0x00,0x00,0x00,0x00,0x00,0x00,0x00,
0x00,0x00,0x00,0x00,0x00,0x00,0x00,0x00,0x00,0x00,0x00,0x00,0x00,0x00,0x00,0x00,
0x00,0x00,0x00,0x00,0x00,0x00,0x00,0x00,0x00,0x00,0x00,0x00,0x00,0x00,0x00,0x00,
0xa5,0x00,0x84,0x08,0xa5,0x00,0xa4,0x08,0xc5,0x00,0xa4,0x08,0xa5,0x00,0x84,0x08,
0xa5,0x00,0x84,0x08,0x83,0x10,0x05,0x29,0x23,0x51,0x02,0x51,0x03,0x51,0x02,0x51,
0xa5,0x00,0xa5,0x08,0xa4,0x08,0x01,0x00,0x00,0x00,0x00,0x00,0x00,0x00,0x00,0x00,
0x00,0x00,0x00,0x00,0x00,0x00,0x00,0x00,0x00,0x00,0x00,0x00,0x00,0x00,0x00,0x00,
0x00,0x00,0x00,0x00,0x00,0x00,0x00,0x00,0x00,0x00,0x00,0x00,0x00,0x00,0x00,0x00,
0x00,0x00,0x00,0x00,0x00,0x00,0x00,0x00,0x00,0x00,0x00,0x00,0x00,0x00,0x00,0x00,
0x00,0x00,0x00,0x00,0x00,0x00,0x00,0x00,0x00,0x00,0xa3,0x08,0xa4,0x08,0xa4,0x00,
0xa4,0x08,0xa4,0x00,0x83,0x10,0x21,0x00,0x00,0x00,0x00,0x00,0x00,0x00,0x00,0x00,
0x00,0x00,0x00,0x00,0x00,0x00,0x00,0x00,0x00,0x00,0x00,0x00,0x00,0x00,0x00,0x00,
0x00,0x00,0x00,0x00,0x00,0x00,0x00,0x00,0x00,0x00,0x00,0x00,0x00,0x00,0x00,0x00,
0x00,0x00,0x00,0x00,0x00,0x00,0x00,0x00,0x00,0x00,0x00,0x00,0x00,0x00,0x00,0x00,
0x00,0x00,0x00,0x00,0x00,0x00,0x00,0x00,0x00,0x00,0x00,0x00,0x00,0x00,0x00,0x00,
0x00,0x00,0x00,0x00,0x00,0x00,0x00,0x00,0x00,0x00,0x00,0x00,0x00,0x00,0x00,0x00,
0x00,0x00,0x00,0x00,0x00,0x00,0x00,0x00,0x00,0x00,0x00,0x00,0x00,0x00,0x00,0x00,
0x00,0x00,0x00,0x00,0x00,0x00,0x00,0x00,0x00,0x00,0x00,0x00,0x00,0x00,0x00,0x00,
0x00,0x00,0x00,0x00,0x00,0x00,0x00,0x00,0x00,0x00,0x00,0x00,0x00,0x00,0x00,0x00,
0x00,0x00,0x00,0x00,0x00,0x00,0x00,0x00,0x00,0x00,0x00,0x00,0x00,0x00,0x00,0x00,
0x00,0x00,0x00,0x00,0x00,0x00,0x00,0x00,0x00,0x00,0x00,0x00,0x00,0x00,0x02,0x1d,
0xfc,0xfd,0xfc,0xa4,0x02,0x06,0xf8,0xf8,0xf8,0xf3,0x03,0x00,0x00,0x00,0x00,0x00,
0x00,0x00,0x00,0x00,0x00,0x00,0x00,0x00,0x00,0x00,0x00,0x00,0x00,0x00,0x00,0x00,
0x00,0x00,0x00,0x00,0x00,0x00,0x00,0x01,0x10,0xfc,0xfd,0xfe,0xfd,0xfc,0x34,0xfb,
0xfd,0xfd,0xfe,0xfd,0xfc,0x01,0x01,0x01,0x00,0x00,0x01,0x01,0x00,0x00,0x00,0x00,
0x00,0x00,0x00,0x00,0x00,0x00,0x00,0x00,0x00,0x00,0x00,0x00,0x00,0x00,0x00,0x00,
0x01,0x02,0xfd,0xfd,0xfe,0xfe,0xfe,0xfe,0xfd,0xfd,0xfd,0xfe,0xfe,0xfe,0xfe,0xfc,
0x07,0xe0,0xfd,0xfd,0xfd,0xfc,0x03,0x00,0x00,0x00,0x00,0x00,0x00,0x00,0x00,0x00,
0x00,0x00,0x00,0x00,0x00,0x00,0x00,0x00,0x02,0xfd,0xfe,0xfe,0xfe,0xfe,0xfe,0xfe,
0xfe,0xfe,0xfe,0xfe,0xfe,0xfe,0xfe,0xfe,0xfe,0xfe,0xfe,0xfd,0xfd,0xfe,0xfe,0xfd,
0xfc,0x29,0x00,0x00,0x00,0x00,0x00,0x00,0x00,0x00,0x00,0x00,0x00,0x00,0x00,0x00,
0x00,0x02,0xfc,0xfd,0xfe,0xfe,0xfe,0xfe,0xfe,0xfe,0xfe,0xfe,0xfe,0xfe,0xfe,0xfe,
0xfe,0xfe,0xfe,0xfe,0xfe,0xfe,0xfe,0xfe,0xfe,0xfe,0xfd,0xfc,0x00,0x00,0x00,0x00,
0x00,0x00,0x00,0x00,0x00,0x00,0x00,0x00,0x00,0x00,0x01,0xfb,0xfd,0xfe,0xfe,0xfe,
0xfe,0xfe,0xfe,0xfe,0xfe,0xfe,0xfe,0xfe,0xfe,0xfe,0xfe,0xfe,0xfe,0xfe,0xfe,0xfe,
0xfe,0xfe,0xfe,0xfe,0xfe,0xfd,0xfb,0x06,0x00,0x00,0x00,0x00,0x00,0x00,0x00,0x00,
0x00,0x00,0x00,0x00,0x20,0xfc,0xfe,0xfe,0xfe,0xfe,0xfe,0xfe,0xfe,0xfe,0xfe,0xfe,
0xfe,0xfe,0xfe,0xfe,0xfe,0xfe,0xfe,0xfe,0xfe,0xfe,0xfe,0xfe,0xfe,0xfe,0xfe,0xfe,
0xfd,0xf9,0x01,0x00,0x00,0x00,0x00,0x00,0x00,0x00,0x00,0x00,0x00,0x00,0xf7,0xfd,
0xfe,0xfe,0xfe,0xfe,0xfe,0xfe,0xfe,0xfe,0xfe,0xfe,0xfe,0xfe,0xfe,0xfe,0xfe,0xfe,
0xfe,0xfe,0xfe,0xfe,0xfe,0xfe,0xfe,0xfe,0xfe,0xfe,0xfe,0xfd,0x01,0x00,0x00,0x00,
0x00,0x00,0x00,0x00,0x00,0x00,0x00,0x00,0xfa,0xfe,0xfe,0xfe,0xfe,0xfe,0xfe,0xfe,
0xfe,0xfe,0xfe,0xfe,0xfe,0xfe,0xfe,0xfe,0xfe,0xfe,0xfe,0xfe,0xfe,0xfe,0xfe,0xfe,
0xfe,0xfe,0xfe,0xfe,0xfe,0xfd,0x00,0x00,0x00,0x00,0x00,0x00,0x00,0x00,0x00,0x00,
0x00,0x00,0xfc,0xfe,0xfe,0xfe,0xfe,0xfe,0xfe,0xfe,0xfe,0xfe,0xfe,0xfe,0xfe,0xfe,
0xfe,0xfe,0xfe,0xfe,0xfe,0xfe,0xfe,0xfe,0xfe,0xfe,0xfe,0xfe,0xfe,0xfe,0xfe,0xfd,
0x01,0x00,0x00,0x00,0x00,0x00,0x00,0x00,0x00,0x00,0x00,0x00,0xfa,0xfd,0xfe,0xfe,
0xfe,0xfe,0xfe,0xfe,0xfe,0xfe,0xfe,0xfe,0xfe,0xfe,0xfe,0xfe,0xfe,0xfe,0xfe,0xfe,
0xfe,0xfe,0xfe,0xfe,0xfe,0xfe,0xfe,0xfe,0xfe,0xfd,0x01,0x00,0x00,0x00,0x00,0x00,
0x00,0x00,0x00,0x00,0x00,0x00,0xf5,0xfd,0xfe,0xfe,0xfe,0xff,0xfe,0xfe,0xfe,0xfe,
0xfe,0xfe,0xfe,0xfe,0xfe,0xfe,0xfe,0xfe,0xfe,0xfe,0xfe,0xfe,0xfe,0xfe,0xfe,0xfe,
0xfe,0xfe,0xfd,0xf6,0x00,0x00,0x00,0x00,0x00,0x00,0x00,0x00,0x00,0x00,0x00,0x00,
0x01,0xf7,0xfd,0xfe,0xfe,0xfe,0xfe,0xfe,0xfe,0xfe,0xfe,0xfe,0xfe,0xfe,0xfe,0xfe,
0xfe,0xfe,0xfe,0xfe,0xfe,0xfe,0xfe,0xfe,0xfe,0xfe,0xfe,0xfe,0xfb,0x08,0x00,0x00,
0x00,0x00,0x00,0x00,0x00,0x00,0x00,0x00,0x00,0x00,0x00,0x00,0xb0,0xfe,0xfe,0xfd,
0xfe,0xfe,0xfe,0xfe,0xfe,0xfe,0xfe,0xfe,0xfe,0xfe,0xfe,0xfe,0xfe,0xfe,0xfe,0xfe,
0xfe,0xfe,0xfe,0xfd,0xfd,0xfd,0x45,0x03,0x00,0x00,0x00,0x00,0x00,0x00,0x00,0x00,
0x00,0x00,0x00,0x00,0x00,0x00,0xfb,0xfd,0xfe,0xfe,0xfe,0xfe,0xfe,0xfe,0xfe,0xfe,
0xfe,0xfe,0xfe,0xfe,0xfe,0xfe,0xfe,0xfe,0xfe,0xfe,0xfe,0xfe,0xfe,0xfe,0xfd,0x75,
0x01,0x00,0x00,0x00,0x00,0x00,0x00,0x00,0x00,0x00,0x00,0x00,0x00,0x00,0x00,0x00,
0xf8,0xfe,0xfe,0xfe,0xfe,0xfe,0xfe,0xfe,0xfe,0xfe,0xfe,0xfe,0xfe,0xfe,0xfe,0xfe,
0xfe,0xfe,0xfe,0xfe,0xfe,0xfe,0xfe,0xfe,0xfc,0x47,0x00,0x00,0x00,0x00,0x00,0x00,
0x00,0x00,0x00,0x00,0x00,0x00,0x00,0x00,0x00,0x04,0xfd,0xfe,0xfe,0xfe,0xfe,0xfe,
0xfe,0xfe,0xfe,0xfe,0xfe,0xfe,0xfe,0xfe,0xfe,0xfe,0xfe,0xfe,0xfe,0xfe,0xfe,0xfe,
0xfe,0xfe,0xfd,0x31,0x00,0x00,0x00,0x00,0x00,0x00,0x00,0x00,0x00,0x00,0x00,0x00,
0x00,0x00,0x01,0xff,0xfe,0xfe,0xfe,0xfe,0xfd,0xfe,0xfe,0xfe,0xfe,0xfe,0xfe,0xfe,
0xfe,0xfe,0xfe,0xfe,0xfd,0xfe,0xfe,0xfe,0xfe,0xfe,0xfd,0xfe,0xfd,0xff,0x0e,0x00,
0x00,0x00,0x00,0x00,0x00,0x00,0x00,0x00,0x00,0x00,0x00,0x00,0x02,0xfc,0xfe,0xfe,
0xfe,0xfe,0xfd,0xfe,0xfe,0xfe,0xfe,0xfe,0xfe,0xfe,0xfe,0xfe,0xfe,0xfe,0xfd,0xfe,
0xfe,0xfe,0xfe,0xfe,0xfe,0xfe,0xfe,0xfd,0xf7,0x7d,0x00,0x00,0x00,0x00,0x00,0x00,
0x00,0x00,0x00,0x00,0x00,0x00,0x01,0xfd,0xfe,0xfe,0xfe,0xfe,0xfe,0xfd,0xfd,0xfe,
0xfe,0xfe,0xfe,0xfe,0xfe,0xfe,0xfd,0xfe,0xfe,0xfe,0xfe,0xfe,0xfe,0xfe,0xfe,0xfe,
0xfe,0xfe,0xfe,0xfc,0x14,0x00,0x00,0x00,0x00,0x00,0x00,0x00,0x00,0x00,0x00,0x00,
0x02,0xfc,0xfe,0xfe,0xfe,0xfd,0xfe,0xfd,0xfd,0xfe,0xfe,0xfe,0xfe,0xfe,0xfe,0xfe,
0xfd,0xfe,0xfe,0xfe,0xfe,0xfe,0xfe,0xfe,0xfe,0xfe,0xfe,0xfe,0xfe,0xfd,0x26,0x00,
0x00,0x00,0x00,0x00,0x00,0x00,0x00,0x00,0x00,0x00,0x03,0xfc,0xfe,0xfe,0xfe,0xfe,
0xfe,0xfe,0xfd,0xfe,0xfe,0xfe,0xfe,0xfe,0xfe,0xfe,0xfe,0xfe,0xfe,0xfe,0xfe,0xfe,
0xfe,0xfe,0xfe,0xfe,0xfe,0xfe,0xfe,0xfd,0xfa,0x06,0x00,0x00,0x00,0x00,0x00,0x00,
0x00,0x00,0x01,0x02,0xfa,0xfd,0xfe,0xfe,0xfd,0xfe,0xfe,0xfe,0xfe,0xfe,0xfe,0xfe,
0xfe,0xfe,0xfe,0xfe,0xfe,0xfe,0xfe,0xfe,0xfe,0xfe,0xfe,0xfe,0xfe,0xfe,0xfe,0xfe,
0xfe,0xfe,0xfe,0x04,0x00,0x00,0x00,0x00,0x00,0x00,0x00,0x00,0x01,0x0b,0xfd,0xfd,
0xfd,0xfe,0xfe,0xfe,0xfe,0xfe,0xfe,0xfe,0xfe,0xfe,0xfe,0xfe,0xfe,0xfe,0xfe,0xfe,
0xfe,0xfe,0xfe,0xfe,0xfe,0xfe,0xfe,0xfe,0xfe,0xfe,0xfe,0xfe,0xfe,0x04,0x00,0x00,
0x00,0x00,0x00,0x00,0x00,0x00,0x02,0xfb,0xfe,0xfe,0xfd,0xfe,0xfe,0xfe,0xfe,0xfe,
0xfe,0xfe,0xfe,0xfe,0xfe,0xfe,0xfe,0xfe,0xfe,0xfe,0xfe,0xfe,0xfd,0xfe,0xfe,0xfe,
0xfe,0xfe,0xfe,0xfe,0xfe,0xfe,0xfe,0x04,0x00,0x00,0x00,0x00,0x00,0x00,0x00,0x00,
0x06,0xfa,0xfe,0xfe,0xfd,0xfe,0xfe,0xfe,0xfe,0xfe,0xfe,0xfe,0xfe,0xfe,0xfe,0xfe,
0xfe,0xfe,0xfe,0xfe,0xfe,0xfe,0xfe,0xfe,0xfe,0xfe,0xfe,0xfe,0xfe,0xfe,0xfe,0xfd,
0xfe,0x04,0x00,0x00,0x00,0x00,0x00,0x00,0x00,0x00,0xf6,0xfb,0xfe,0xfe,0xfe,0xfe,
0xfe,0xfe,0xfe,0xfe,0xfe,0xfe,0xfe,0xfe,0xfe,0xfd,0xfd,0xfe,0xfd,0xfe,0xfe,0xfe,
0xfe,0xfe,0xfe,0xfe,0xfe,0xfe,0xfe,0xfe,0xfe,0xfd,0x4f,0x00,0x00,0x00,0x00,0x00,
0x00,0x00,0x00,0x00,0xfd,0xfe,0xfe,0xfe,0xfe,0xfe,0xfe,0xfe,0xfe,0xfe,0xfd,0xfe,
0xfe,0xfe,0xfd,0xfd,0xfe,0xfe,0xfe,0xfe,0xfe,0xfe,0xfe,0xfe,0xfe,0xfe,0xfe,0xfe,
0xfe,0xfe,0xfe,0xfd,0x3b,0x00,0x00,0x00,0x00,0x00,0x00,0x00,0x00,0x00,0xfd,0xfd,
0xfe,0xfe,0xfe,0xfe,0xfe,0xfe,0xfe,0xfd,0xfe,0xfe,0xfe,0xfe,0xfe,0xfe,0xfe,0xfe,
0xfe,0xfe,0xfe,0xfe,0xfe,0xfe,0xfe,0xfe,0xfe,0xfe,0xfe,0xfe,0xfe,0xfe,0xfc,0x06,
0x00,0x00,0x00,0x00,0x00,0x00,0x00,0x00,0xfd,0xfe,0xfe,0xfe,0xfe,0xfe,0xfe,0xfe,
0xfe,0xfd,0xfd,0xfe,0xfe,0xfe,0xfe,0xfe,0xfe,0xfe,0xfe,0xfe,0xfe,0xfe,0xfe,0xfe,
0xfe,0xfe,0xfe,0xfe,0xfe,0xfe,0xfe,0xfe,0xfe,0x39,0x00,0x00,0x00,0x00,0x00,0x00,
0x00,0x00,0xfd,0xfe,0xfe,0xfe,0xfe,0xfe,0xfe,0xfe,0xfe,0xfd,0xfd,0xfe,0xfe,0xfe,
0xfe,0xfe,0xfe,0xfe,0xfe,0xfe,0xfe,0xfe,0xfe,0xfe,0xfe,0xfe,0xfe,0xfe,0xfe,0xfe,
0xfe,0xfe,0xfe,0xfd,0x00,0x00,0x00,0x00,0x00,0x00,0x00,0x00,0xfd,0xfe,0xfe,0xfe,
0xfe,0xfe,0xfe,0xfe,0xfe,0xfd,0xfd,0xfe,0xfe,0xfe,0xfe,0xfe,0xfe,0xfe,0xfd,0xfe,
0xfe,0xfe,0xfe,0xfe,0xfe,0xfe,0xfe,0xfe,0xfe,0xfd,0xfd,0xfe,0xfd,0xfd,0x00,0x00,
0x00,0x00,0x00,0x00,0x00,0x00,0xfd,0xfe,0xfe,0xfe,0xfe,0xfe,0xfe,0xfe,0xfe,0xfe,
0xfe,0xfe,0xfe,0xfe,0xfe,0xfe,0xfe,0xfe,0xfe,0xfe,0xfe,0xfe,0xfe,0xfe,0xfe,0xfe,
0xfe,0xfe,0xfd,0xd5,0xf5,0xfb,0xfd,0xfd,0x00,0x00,0x00,0x00,0x00,0x00,0x00,0x00,
0xfd,0xfd,0xfe,0xfe,0xfe,0xfe,0xfe,0xfe,0xfe,0xfe,0xfe,0xfe,0xfe,0xfe,0xfe,0xfe,
0xfe,0xfe,0xfe,0xfe,0xfe,0xfe,0xfe,0xfe,0xfe,0xfe,0xfe,0xfe,0xfc,0x00,0x01,0x00,
0xfc,0xfc,0x00,0x00,0x00,0x00,0x00,0x00,0x00,0x00,0x06,0xfc,0xfe,0xfe,0xfe,0xfe,
0xfe,0xfe,0xfe,0xfe,0xfe,0xfe,0xfe,0xfe,0xfe,0xfe,0xfe,0xfe,0xfe,0xfe,0xfe,0xfe,
0xfe,0xfe,0xfe,0xfe,0xfe,0xfe,0x6e,0x01,0x00,0x00,0x00,0x00,0x00,0x00,0x00,0x00,
0x00,0x00,0x00,0x00,0x02,0xfb,0xfd,0xfe,0xfe,0xfe,0xfe,0xfe,0xfe,0xfe,0xfe,0xfe,
0xfe,0xfe,0xfe,0xfe,0xfe,0xfe,0xfe,0xfe,0xfe,0xfe,0xfe,0xfe,0xfe,0xfe,0xfe,0xfe,
0x2c,0x00,0x00,0x00,0x00,0x00,0x00,0x00,0x00,0x00,0x00,0x00,0x00,0x00,0x01,0x02,
0xfc,0xfe,0xfd,0xfe,0xfe,0xfe,0xfe,0xfe,0xfe,0xfe,0xfe,0xfe,0xfe,0xfe,0xfe,0xfe,
0xfe,0xfe,0xfe,0xfe,0xfe,0xfe,0xfe,0xfe,0xff,0x00,0x00,0x00,0x00,0x00,0x00,0x00,
0x00,0x00,0x00,0x00,0x00,0x00,0x00,0x00,0x00,0x01,0x02,0xbd,0xfd,0xfd,0xfe,0xfd,
0xfd,0xfe,0xfe,0xfe,0xfe,0xfe,0xfe,0xfe,0xfe,0xfe,0xfd,0xfe,0xfd,0xfe,0xfe,0xfd,
0xfe,0xfd,0x0b,0x00,0x00,0x00,0x00,0x00,0x00,0x00,0x00,0x00,0x00,0x00,0x00,0x00,
0x00,0x00,0x00,0x00,0x00,0x00,0x00,0x00,0xed,0xfe,0xfd,0xfe,0xfe,0xfe,0xfe,0xfe,
0xfe,0xfe,0xfe,0xfd,0xfd,0xfe,0xfe,0xfe,0xfe,0xfe,0xfd,0x00,0x00,0x00,0x00,0x00,
0x00,0x00,0x00,0x00,0x00,0x00,0x00,0x00,0x00,0x00,0x00,0x00,0x00,0x00,0x00,0x00,
0x00,0x00,0x00,0x00,0x00,0x00,0x00,0x01,0x01,0x00,0x01,0x01,0x05,0xfd,0xfd,0xfd,
0xfd,0xfd,0xfe,0x01,0x00,0x00,0x00,0x00,0x00,0x00,0x00,0x00,0x00,0x00,0x00,0x00,
0x00,0x00,0x00,0x00,0x00,0x00,0x00,0x00,0x00,0x00,0x00,0x00,0x00,0x00,0x00,0x00,
0x00,0x00,0x00,0x00,0x00,0x00,0x00,0x00,0x00,0x00,0x00,0x00,0x00,0x00,0x00,0x00,
0x00,0x00,0x00,0x00,0x00,0x00,0x00,0x00,0x00,0x00,0x00,0x00,

};
const lv_image_dsc_t visual_nav_bag = {
    .header.magic = LV_IMAGE_HEADER_MAGIC,
    .header.cf = LV_COLOR_FORMAT_RGB565A8,
    .header.flags = 0,
    .header.w = 42,
    .header.h = 42,
    .header.stride = 84,
    .data_size = sizeof(s_nav_bag_map),
    .data = s_nav_bag_map,
};

