#include "visual_assets.h"

#ifndef LV_ATTRIBUTE_MEM_ALIGN
#define LV_ATTRIBUTE_MEM_ALIGN
#endif

static const LV_ATTRIBUTE_MEM_ALIGN LV_ATTRIBUTE_LARGE_CONST uint8_t s_partner_momo_idle_map[] = {
0x41,0x10,0x82,0x10,0x61,0x18,0x82,0x18,0x82,0x20,0xa3,0x18,0xa2,0x20,0xc3,0x20,
0xa2,0x20,0xc3,0x20,0xc3,0x28,0xc3,0x20,0xc3,0x28,0xe4,0x20,0xc3,0x28,0xc4,0x20,
0xc3,0x20,0xc3,0x18,0xa3,0x20,0xa3,0x18,0x83,0x20,0xa3,0x18,0x83,0x18,0xa3,0x18,
0x83,0x18,0xa3,0x18,0x82,0x20,0xa3,0x18,0xa3,0x20,0xc3,0x20,0xc3,0x28,0xc4,0x20,
0xc3,0x28,0xe4,0x28,0xc3,0x30,0xe3,0x28,0xc3,0x28,0xc3,0x28,0xa2,0x28,0xa3,0x20,
0x62,0x10,0x62,0x18,0x83,0x18,0x82,0x18,0xa3,0x18,0xa2,0x20,0xc3,0x20,0xa3,0x20,
0xc3,0x20,0xc3,0x28,0xe4,0x28,0xe4,0x28,0x05,0x21,0x00,0x08,0x01,0x00,0xe4,0x28,
0xe4,0x20,0xa3,0x20,0xa4,0x18,0x83,0x18,0xa4,0x18,0x83,0x18,0xa4,0x18,0x83,0x18,
0xa4,0x18,0x83,0x18,0xa4,0x18,0xa3,0x20,0xc4,0x20,0xc4,0x28,0x83,0x10,0x00,0x00,
0x00,0x08,0x04,0x31,0x04,0x31,0xe3,0x30,0xe4,0x28,0xc3,0x28,0xc3,0x20,0xa3,0x28,
0x61,0x18,0x82,0x18,0x81,0x18,0xa2,0x18,0xa2,0x20,0xc3,0x20,0xc2,0x28,0xc3,0x20,
0xc3,0x30,0xe4,0x28,0x04,0x31,0x25,0x31,0x42,0x18,0x25,0x29,0x45,0x31,0x01,0x00,
0x62,0x18,0xe4,0x20,0xc3,0x20,0xc4,0x18,0xa3,0x20,0xa3,0x18,0xa3,0x18,0xa3,0x18,
0xa3,0x20,0xa3,0x18,0xa3,0x20,0xc4,0x20,0xc4,0x28,0x01,0x08,0x83,0x18,0x66,0x31,
0x21,0x18,0x45,0x31,0x04,0x39,0x04,0x31,0xe3,0x30,0xe3,0x28,0xc3,0x30,0xc3,0x28,
0x83,0x18,0x82,0x18,0x82,0x18,0x82,0x20,0xa3,0x18,0xa3,0x20,0xc3,0x20,0xc3,0x28,
0xe4,0x28,0xe4,0x30,0x05,0x39,0x25,0x41,0x00,0x20,0x34,0xdd,0x06,0x21,0x26,0x31,
0x83,0x10,0x21,0x08,0xe5,0x20,0xa3,0x20,0xa4,0x18,0x83,0x18,0xa4,0x18,0x83,0x18,
0xa4,0x18,0xa3,0x20,0xc4,0x18,0xc4,0x28,0x01,0x00,0x05,0x29,0x06,0x29,0x83,0x20,
0x35,0xd5,0x00,0x20,0x45,0x41,0x04,0x41,0x04,0x31,0xc3,0x30,0xc4,0x28,0xa3,0x28,
0x82,0x20,0xa3,0x18,0xa2,0x20,0xc3,0x18,0xa2,0x28,0xc3,0x20,0xc3,0x30,0xe4,0x28,
0xe3,0x30,0x24,0x31,0x44,0x41,0x86,0x49,0x00,0x28,0x34,0xd5,0x34,0xdd,0x82,0x40,
0x26,0x31,0x47,0x29,0x00,0x08,0xc4,0x18,0xa3,0x20,0xa4,0x18,0xa3,0x20,0xa4,0x18,
0xa3,0x20,0xc4,0x18,0xa3,0x18,0x01,0x00,0x46,0x31,0x26,0x29,0x00,0x40,0xd2,0xd4,
0x74,0xdd,0x00,0x20,0x85,0x51,0x45,0x49,0x04,0x41,0x04,0x31,0xe3,0x30,0xe3,0x28,
0xa3,0x18,0x82,0x20,0xa3,0x18,0xa3,0x20,0xc3,0x20,0xc3,0x28,0xe4,0x28,0xe4,0x30,
0x04,0x31,0x24,0x39,0x66,0x49,0xa6,0x51,0x00,0x28,0xf3,0xdc,0xd2,0xf4,0xa5,0x91,
0x47,0x29,0x26,0x31,0x06,0x21,0x01,0x00,0xc4,0x18,0xa3,0x18,0xa4,0x18,0x83,0x18,
0xa4,0x18,0xc4,0x20,0x01,0x00,0x05,0x29,0x26,0x29,0x26,0x31,0x4f,0xf4,0x70,0xfc,
0xf3,0xd4,0x00,0x28,0x25,0x39,0x65,0x49,0x25,0x39,0xe4,0x38,0x04,0x31,0xc3,0x30,
0x82,0x20,0xc3,0x20,0xc2,0x28,0xc3,0x20,0xc3,0x28,0xe4,0x28,0xe3,0x30,0x04,0x31,
0x04,0x39,0x45,0x39,0x86,0x49,0x00,0x08,0x6f,0xec,0xf2,0xf4,0xd0,0xfc,0x6f,0xf4,
0xe5,0x28,0x46,0x29,0x26,0x31,0x26,0x29,0x00,0x00,0x00,0x00,0x00,0x00,0x00,0x00,
0x00,0x08,0x01,0x00,0x05,0x29,0x26,0x29,0x05,0x29,0xc4,0x18,0x2e,0xfc,0xb0,0xfc,
0xf2,0xdc,0x00,0x28,0xe3,0x38,0x86,0x49,0x24,0x41,0x04,0x39,0xe3,0x30,0xe3,0x30,
0xa3,0x18,0xa3,0x20,0xc3,0x20,0xc3,0x28,0xe4,0x20,0xe3,0x28,0xe4,0x28,0x04,0x31,
0x05,0x31,0x45,0x41,0xa7,0x41,0x00,0x10,0xd1,0xec,0xf2,0xf4,0xb1,0xfc,0x8c,0xeb,
0x84,0x18,0x05,0x29,0x27,0x29,0xe5,0x28,0x26,0x29,0x26,0x31,0x27,0x29,0x26,0x31,
0x27,0x29,0x83,0x18,0x06,0x21,0x06,0x29,0x26,0x29,0x63,0x18,0xee,0xf3,0x6f,0xfc,
0x34,0xd5,0x00,0x28,0x04,0x31,0x65,0x49,0x25,0x39,0xe4,0x38,0xe4,0x30,0xc3,0x30,
0xc3,0x20,0xc3,0x20,0xc3,0x28,0xe3,0x28,0xe3,0x28,0x04,0x29,0xe3,0x30,0x04,0x31,
0x04,0x39,0x65,0x41,0xa6,0x49,0x00,0x08,0x90,0xec,0xf2,0xf4,0x8f,0xfc,0x4b,0xdb,
0xaf,0xab,0xe4,0x48,0x26,0x31,0x46,0x29,0x05,0x29,0x26,0x29,0x26,0x31,0x46,0x29,
0x26,0x31,0x26,0x29,0x25,0x31,0x46,0x29,0x41,0x48,0x31,0xc4,0x6c,0xfb,0xad,0xfb,
0x33,0xdd,0x00,0x28,0xa2,0x30,0x66,0x41,0x04,0x41,0x04,0x39,0xe4,0x38,0xe4,0x30,
0xc4,0x20,0xc3,0x20,0xe4,0x20,0xc3,0x28,0xe4,0x28,0xe4,0x28,0x04,0x29,0x04,0x31,
0x25,0x31,0x25,0x39,0xa7,0x39,0x00,0x08,0xb1,0xec,0x90,0xf4,0x50,0xec,0x89,0xba,
0x46,0x29,0x05,0x29,0x26,0x29,0x06,0x29,0x26,0x29,0x06,0x29,0x27,0x29,0x26,0x31,
0x27,0x29,0x06,0x29,0x26,0x29,0x05,0x29,0x06,0x21,0x06,0x29,0x48,0xaa,0xae,0xe3,
0xf3,0xd4,0x00,0x30,0xc4,0x28,0x45,0x41,0x25,0x39,0xe4,0x38,0xe4,0x30,0xc3,0x30,
0xc3,0x28,0xe4,0x20,0xe3,0x28,0x04,0x29,0xe3,0x28,0x04,0x29,0x03,0x31,0x24,0x31,
0x04,0x39,0x45,0x39,0x65,0x39,0x00,0x08,0x2e,0xec,0x4f,0xec,0x47,0x31,0x47,0x29,
0x25,0x31,0x26,0x29,0x26,0x31,0x26,0x29,0x05,0x29,0x26,0x29,0x05,0x29,0x26,0x29,
0x26,0x31,0x26,0x29,0x26,0x31,0x46,0x29,0x05,0x29,0x06,0x29,0x04,0x39,0x31,0x9c,
0xb1,0xd4,0x00,0x28,0xa2,0x28,0x45,0x39,0x04,0x39,0x04,0x31,0xe3,0x30,0xe4,0x28,
0xe4,0x20,0xe4,0x28,0x04,0x21,0xe4,0x28,0x04,0x29,0x04,0x31,0x05,0x29,0x04,0x31,
0x05,0x31,0x04,0x31,0x66,0x31,0x00,0x08,0x01,0x08,0xa4,0x28,0x26,0x21,0x06,0x29,
0x26,0x29,0x06,0x29,0x26,0x29,0x06,0x29,0x26,0x29,0x06,0x29,0x26,0x29,0x06,0x29,
0x27,0x29,0x06,0x29,0x26,0x29,0x06,0x29,0x26,0x29,0x06,0x29,0x06,0x21,0x06,0x29,
0xb2,0xcc,0x00,0x28,0x25,0x39,0xe4,0x38,0x04,0x29,0xc3,0x30,0xe4,0x28,0xc3,0x28,
0x03,0x29,0x04,0x29,0x04,0x29,0x04,0x29,0x04,0x31,0x25,0x29,0x04,0x31,0x24,0x29,
0x04,0x31,0x04,0x29,0x04,0x39,0x25,0x31,0x01,0x08,0x46,0x29,0x05,0x29,0x06,0x21,
0x05,0x29,0x26,0x29,0x05,0x29,0x06,0x21,0x05,0x29,0x26,0x29,0x26,0x31,0x46,0x29,
0x26,0x31,0x26,0x29,0x05,0x29,0x26,0x29,0x05,0x29,0x06,0x29,0x26,0x31,0x26,0x29,
0x46,0x31,0x01,0x00,0x04,0x39,0x04,0x31,0xc3,0x30,0xc4,0x28,0xc3,0x28,0xc4,0x28,
0x25,0x29,0x04,0x29,0x25,0x29,0x04,0x29,0x25,0x29,0x04,0x31,0x25,0x29,0x04,0x29,
0x05,0x29,0xe4,0x28,0x05,0x21,0x00,0x00,0x27,0x29,0x06,0x29,0x06,0x21,0x06,0x29,
0x40,0x10,0xe2,0x30,0x21,0x08,0x05,0x29,0x27,0x29,0x06,0x29,0x26,0x29,0x06,0x29,
0x26,0x29,0x26,0x29,0x05,0x29,0x41,0x10,0x41,0x08,0x00,0x08,0x47,0x29,0x26,0x31,
0x26,0x21,0x01,0x08,0xc4,0x20,0xc4,0x20,0xc4,0x20,0xa3,0x28,0xc4,0x20,0xc3,0x28,
0x24,0x31,0x45,0x29,0x24,0x31,0x45,0x29,0x24,0x31,0x25,0x29,0x04,0x31,0x05,0x29,
0xe4,0x28,0xe4,0x20,0x04,0x29,0x01,0x00,0x05,0x29,0x46,0x29,0x26,0x31,0x22,0x08,
0x6a,0xed,0xc0,0x48,0x00,0x00,0x00,0x00,0x26,0x31,0x26,0x29,0x26,0x31,0x26,0x29,
0x05,0x29,0x26,0x29,0x21,0x08,0x21,0x00,0xa0,0x40,0xab,0xdd,0x00,0x08,0x45,0x29,
0x05,0x29,0xe5,0x20,0x01,0x08,0xc4,0x18,0xa3,0x20,0xc3,0x20,0xa3,0x28,0xc3,0x20,
0x45,0x29,0x45,0x31,0x45,0x29,0x25,0x31,0x45,0x29,0x25,0x31,0x25,0x29,0x04,0x29,
0x05,0x21,0xc4,0x20,0xe5,0x20,0x21,0x08,0x06,0x21,0x05,0x29,0x20,0x49,0x8f,0xdd,
0x6c,0xd5,0x00,0x20,0x42,0x72,0x09,0xb4,0x26,0x21,0x26,0x29,0x26,0x21,0x06,0x29,
0x47,0x29,0x47,0x31,0x0b,0xcd,0x00,0x28,0x00,0x18,0xce,0xdd,0x6a,0xb4,0x00,0x51,
0x26,0x29,0x05,0x29,0x01,0x00,0xa3,0x18,0xa3,0x18,0x83,0x20,0xa3,0x18,0xa3,0x20,
0x65,0x31,0x66,0x31,0x65,0x39,0x86,0x31,0x65,0x31,0x65,0x31,0x24,0x31,0x25,0x29,
0x04,0x29,0xe4,0x20,0xc4,0x20,0x21,0x08,0x05,0x29,0x26,0x29,0x20,0x51,0xae,0xdd,
0x2e,0xe6,0x00,0x18,0x00,0x20,0xad,0xd5,0x26,0x29,0x26,0x21,0xdd,0xff,0xde,0xff,
0x46,0x31,0x66,0x29,0x2a,0xd5,0x00,0x20,0x00,0x20,0x2e,0xe6,0x2c,0xd5,0x40,0x51,
0x25,0x31,0x26,0x29,0x00,0x08,0xa4,0x18,0x82,0x20,0x83,0x18,0x82,0x20,0xa3,0x18,
0x86,0x31,0x86,0x39,0x86,0x31,0x86,0x39,0x86,0x31,0x66,0x39,0x66,0x31,0x25,0x31,
0x01,0x00,0x01,0x00,0x02,0x00,0xa4,0x18,0xa5,0x18,0x47,0x31,0x67,0x29,0x42,0x10,
0xcd,0xdd,0x20,0x28,0x40,0x20,0xcd,0xdd,0x65,0x29,0x9e,0xff,0x7a,0xff,0x7a,0xff,
0xbe,0xf7,0x04,0x29,0xef,0xd5,0x20,0x20,0x40,0x20,0x0d,0xe6,0x42,0x08,0x25,0x29,
0x27,0x29,0x84,0x18,0xe5,0x18,0x01,0x00,0x01,0x00,0x00,0x00,0x83,0x18,0x83,0x20,
0xa6,0x39,0xc7,0x39,0xc6,0x41,0xe7,0x39,0xc7,0x41,0xc7,0x39,0xa6,0x39,0x01,0x00,
0x25,0x31,0x25,0x29,0xe3,0x20,0x00,0x00,0xc4,0x20,0x67,0x31,0x26,0x31,0x26,0x29,
0x00,0x51,0xea,0xed,0x6b,0xdd,0x00,0x41,0xdc,0xff,0xbc,0xff,0x4b,0xfb,0xad,0xfb,
0x7b,0xff,0xbc,0xff,0x00,0x49,0x4c,0xcd,0x0b,0xee,0x80,0x30,0x46,0x31,0x26,0x29,
0x26,0x31,0xa4,0x18,0x00,0x08,0x83,0x10,0x82,0x18,0x83,0x18,0x00,0x08,0xc3,0x18,
0xc7,0x39,0xc7,0x41,0x08,0x42,0x08,0x4a,0x28,0x42,0x08,0x4a,0x08,0x42,0xa7,0x39,
0x87,0x31,0x45,0x31,0x25,0x21,0x00,0x00,0x84,0x10,0x43,0x10,0x26,0x29,0x26,0x31,
0x26,0x29,0xe5,0x20,0xc2,0x20,0x5c,0xf7,0x9b,0xff,0x9b,0xff,0x7b,0xff,0x3a,0xff,
0x9b,0xff,0x9b,0xff,0x5c,0xf7,0xa9,0x62,0x46,0x29,0x05,0x29,0x26,0x29,0x26,0x31,
0x63,0x08,0x01,0x00,0x63,0x08,0x01,0x00,0x83,0x10,0x62,0x18,0x83,0x18,0x83,0x20,
0xe7,0x41,0x28,0x4a,0x28,0x52,0x89,0x52,0x89,0x5a,0xaa,0x52,0x69,0x5a,0x28,0x4a,
0xc7,0x41,0x86,0x31,0x00,0x08,0x46,0x29,0x01,0x08,0xe5,0x20,0x26,0x31,0x46,0x29,
0x03,0x31,0x9d,0xf7,0x9b,0xff,0x9b,0xff,0x5a,0xff,0xd8,0xee,0x11,0xf5,0xa8,0xa2,
0x39,0xff,0x7a,0xff,0x7a,0xff,0xbb,0xff,0xde,0xff,0x04,0x21,0x25,0x31,0x26,0x29,
0x05,0x29,0x01,0x00,0x83,0x18,0x41,0x08,0x00,0x08,0xa3,0x18,0x82,0x20,0xa3,0x18,
0x08,0x42,0x48,0x52,0x8a,0x52,0xcb,0x62,0xcb,0x52,0x20,0x08,0x42,0x00,0x00,0x00,
0x29,0x42,0xa6,0x39,0x66,0x31,0x05,0x29,0x25,0x29,0x00,0x00,0x47,0x31,0x26,0x31,
0x9b,0xff,0x7a,0xff,0x9b,0xff,0x7b,0xff,0x9b,0xff,0x9a,0xff,0x9c,0xff,0x9c,0xff,
0x7a,0xff,0x7a,0xff,0x9b,0xff,0x7b,0xff,0x9c,0xff,0x22,0x39,0x07,0x29,0xc5,0x20,
0x00,0x00,0xc3,0x20,0xa3,0x18,0x83,0x18,0x83,0x18,0x83,0x18,0xa3,0x18,0xa3,0x20,
0x27,0x4a,0x8a,0x52,0xcb,0x62,0x00,0x00,0x94,0xc5,0xbd,0xff,0xbb,0xff,0x9b,0xff,
0x41,0x10,0x09,0x42,0x66,0x39,0x45,0x31,0x04,0x31,0x25,0x31,0xa3,0x20,0x01,0x08,
0x40,0x20,0x99,0xe6,0x59,0xff,0x7a,0xff,0x9a,0xff,0x9a,0xff,0x7a,0xff,0xbb,0xff,
0x9a,0xff,0x9b,0xff,0x7a,0xff,0x96,0xee,0x32,0xd5,0xc1,0x40,0x00,0x08,0xc4,0x20,
0xc3,0x30,0xc3,0x28,0xa3,0x20,0xa3,0x20,0x82,0x20,0xa3,0x18,0xa3,0x20,0xc3,0x20,
0x49,0x4a,0xaa,0x5a,0x00,0x00,0xdf,0xff,0xbc,0xff,0xbc,0xff,0x9c,0xff,0x7b,0xff,
0x09,0x3a,0x21,0x08,0xa7,0x39,0x45,0x31,0x25,0x31,0x05,0x31,0x21,0x08,0x00,0x08,
0x66,0xa9,0x00,0x80,0x00,0x00,0xe4,0x28,0xd8,0xf6,0xf8,0xfe,0x5b,0xf7,0x5b,0xff,
0xb8,0xfe,0x56,0xf6,0x50,0x9c,0x00,0x10,0x00,0x70,0x65,0xa9,0x42,0x20,0xc3,0x38,
0xe4,0x30,0x83,0x28,0xc4,0x20,0x83,0x20,0xa3,0x18,0xa3,0x20,0xc4,0x20,0xc3,0x28,
0x28,0x52,0xcb,0x5a,0x00,0x08,0xbd,0xf7,0xbb,0xff,0xbc,0xff,0x9b,0xff,0xbb,0xff,
0x28,0x4a,0x00,0x00,0xc7,0x41,0x66,0x31,0x04,0x39,0x25,0x31,0x00,0x40,0xe8,0x81,
0xa2,0xd8,0x04,0xd9,0xc3,0xd8,0x86,0xe9,0x00,0x18,0x41,0x18,0x41,0x10,0x41,0x10,
0x40,0x10,0x41,0x08,0xc3,0xd0,0x25,0xd9,0xe3,0xd0,0x04,0xd1,0xe7,0xa1,0x20,0x60,
0xc3,0x38,0xa3,0x28,0xa3,0x28,0xc3,0x20,0xa3,0x28,0xc3,0x20,0xc3,0x28,0xe4,0x20,
0x09,0x42,0x00,0x08,0x8c,0x7b,0x9c,0xff,0x9c,0xff,0x9b,0xff,0x7b,0xff,0x56,0xe6,
0x21,0x00,0x28,0x4a,0xa7,0x39,0x45,0x31,0x05,0x31,0x05,0x31,0x66,0x39,0x00,0x10,
0x82,0xc0,0x65,0xe9,0xa5,0xf1,0xc5,0xf9,0x64,0xe1,0xe6,0xf9,0xa5,0xf1,0xa5,0xf1,
0xc6,0xf1,0x64,0xe9,0x04,0xe1,0xa5,0xf1,0x65,0xe1,0x44,0xe9,0x00,0x10,0x04,0x31,
0xc4,0x30,0xa3,0x30,0xc4,0x20,0xa3,0x20,0xc4,0x20,0xc3,0x28,0xc4,0x20,0xc4,0x28,
0xe7,0x41,0x00,0x00,0x16,0xd6,0xdd,0xff,0xbb,0xff,0x7a,0xff,0x1a,0xf7,0x00,0x10,
0x8a,0x62,0x08,0x4a,0x86,0x39,0x45,0x31,0x04,0x31,0x25,0x31,0x01,0x08,0x05,0x29,
0x42,0x38,0x83,0x38,0xe5,0xf9,0xe5,0xf1,0xc5,0xf9,0xe6,0xf9,0x85,0xf1,0x64,0xe1,
0xa4,0xf1,0xc5,0xf1,0xa5,0xf9,0x84,0xe9,0xc7,0xa1,0x00,0x58,0x05,0x29,0x01,0x00,
0xc3,0x30,0xc4,0x28,0xc3,0x28,0xc3,0x20,0xc3,0x28,0xc4,0x20,0xc3,0x28,0xe4,0x20,
0xa7,0x31,0x00,0x00,0x04,0x21,0x14,0xad,0xf8,0xc5,0xe4,0x28,0x83,0x10,0xa3,0x18,
0x09,0x42,0xa6,0x39,0x66,0x31,0x25,0x31,0x26,0x29,0x01,0x08,0x06,0x21,0x26,0x29,
0x27,0x29,0x67,0x31,0x9a,0xfe,0x81,0x58,0xa5,0xe9,0xa5,0xf9,0xe6,0xf1,0xc5,0xf9,
0xc6,0xf9,0xa5,0xf9,0x28,0xda,0x00,0x90,0xa9,0x39,0xe5,0x28,0x26,0x29,0x01,0x00,
0xc4,0x28,0xa4,0x28,0xc4,0x20,0xa3,0x20,0xc4,0x20,0xc4,0x20,0xe4,0x20,0xc4,0x28,
0x66,0x31,0x21,0x00,0x46,0x31,0x06,0x21,0x05,0x29,0x67,0x31,0x00,0x08,0xc8,0x39,
0x86,0x39,0x66,0x31,0x25,0x31,0x25,0x29,0x05,0x29,0x01,0x00,0x26,0x31,0x46,0x29,
0x24,0x31,0xff,0xff,0x79,0xff,0x75,0xee,0x67,0xd2,0xe5,0xb9,0x05,0xfa,0x06,0xfa,
0x06,0xf2,0x85,0xd9,0x6b,0xab,0xb8,0xfe,0x9e,0xff,0x45,0x29,0x26,0x31,0x22,0x08,
0xc4,0x28,0xc4,0x20,0xa3,0x20,0xc4,0x20,0xc3,0x20,0xe4,0x20,0xc3,0x28,0xe4,0x20,
0x46,0x21,0x01,0x00,0x67,0x29,0x26,0x29,0x27,0x29,0x46,0x31,0x01,0x00,0x66,0x31,
0x46,0x29,0x05,0x29,0x05,0x21,0x05,0x29,0x01,0x00,0x05,0x29,0x26,0x29,0x26,0x29,
0x46,0x29,0xd0,0x83,0x7a,0xff,0x5a,0xff,0x3b,0xff,0x88,0x8a,0x00,0x98,0x48,0xea,
0xa1,0x60,0xd5,0xfd,0x5a,0xff,0x7a,0xff,0x9e,0xf7,0x45,0x31,0x27,0x29,0xe5,0x20,
0x01,0x00,0xc4,0x20,0xc4,0x18,0xa4,0x20,0xc4,0x18,0xc4,0x20,0xc4,0x20,0xe4,0x28,
0x04,0x29,0x21,0x00,0x22,0x10,0x46,0x29,0x26,0x31,0x46,0x29,0x00,0x08,0x25,0x29,
0x04,0x29,0x05,0x21,0xe4,0x20,0xa3,0x18,0x00,0x00,0x46,0x29,0x46,0x31,0x46,0x29,
0x46,0x31,0x46,0x29,0x7a,0xff,0x9b,0xff,0x9a,0xff,0x9b,0xff,0xd6,0xfe,0xd7,0xfe,
0xb7,0xf6,0x7a,0xff,0x7a,0xff,0x9b,0xff,0x05,0x29,0x46,0x29,0x46,0x31,0x06,0x21,
0x01,0x08,0xc4,0x18,0xc3,0x20,0xc4,0x18,0xc3,0x20,0xc4,0x20,0xe4,0x28,0xe4,0x20,
0xe5,0x18,0xe4,0x20,0x01,0x00,0x25,0x29,0x47,0x29,0x06,0x29,0xe5,0x18,0x01,0x00,
0xc5,0x18,0xc4,0x20,0xc5,0x18,0x01,0x00,0x06,0x21,0x06,0x29,0x06,0x21,0x26,0x31,
0x27,0x29,0x06,0x29,0x04,0x21,0xbe,0xff,0x7b,0xff,0x7a,0xff,0x9b,0xff,0x7a,0xff,
0x9b,0xff,0x7b,0xff,0x9e,0xf7,0xe3,0x28,0x27,0x29,0x26,0x29,0x47,0x29,0x05,0x29,
0x06,0x21,0x01,0x00,0xc4,0x18,0xa4,0x20,0xc4,0x18,0xc4,0x20,0xc4,0x20,0xc4,0x20,
0xe4,0x20,0xe4,0x18,0x00,0x00,0x46,0x29,0x26,0x31,0x46,0x29,0x46,0x31,0x01,0x00,
0xc4,0x20,0xc4,0x18,0xc4,0x20,0x01,0x00,0x25,0x31,0x26,0x29,0xc4,0x20,0x26,0x29,
0x26,0x31,0x46,0x29,0x46,0x31,0x67,0x31,0x7a,0xff,0x9b,0xff,0x9a,0xff,0x9b,0xff,
0x7a,0xff,0x7a,0xff,0x75,0xbd,0x45,0x29,0x46,0x31,0x46,0x29,0xe5,0x28,0x26,0x29,
0x05,0x29,0x01,0x00,0xa3,0x20,0xc4,0x18,0xc3,0x20,0xe4,0x20,0xc3,0x20,0xe4,0x20,
0xc4,0x18,0xc4,0x20,0xa4,0x18,0x42,0x10,0x27,0x29,0x26,0x31,0x47,0x29,0x22,0x08,
0x43,0x08,0xa4,0x18,0x01,0x00,0x06,0x29,0x26,0x29,0x26,0x31,0xa5,0x18,0xe6,0x28,
0x26,0x29,0x26,0x31,0x46,0x29,0x06,0x29,0x97,0xee,0x5a,0xff,0x9b,0xff,0x7a,0xff,
0x7a,0xff,0xf8,0xfe,0x27,0x29,0x06,0x29,0x46,0x29,0x26,0x31,0x64,0x10,0x06,0x29,
0x46,0x29,0x42,0x10,0x63,0x10,0xa4,0x20,0xc4,0x18,0xc4,0x20,0xc4,0x20,0xc4,0x20,
0xc4,0x20,0xc4,0x18,0xe4,0x20,0x01,0x00,0x46,0x31,0x67,0x31,0x26,0x31,0xe5,0x20,
0x00,0x00,0xc4,0x18,0x01,0x08,0x26,0x29,0x26,0x31,0x46,0x29,0xe5,0x28,0x63,0x10,
0x26,0x31,0x46,0x29,0x25,0x31,0x26,0x29,0xc1,0x30,0x99,0xee,0x9a,0xff,0x9b,0xff,
0x7c,0xff,0xe6,0x41,0x05,0x29,0x26,0x29,0x46,0x31,0x67,0x31,0x22,0x10,0x06,0x29,
0x46,0x31,0x05,0x21,0x42,0x10,0xc4,0x18,0xc3,0x20,0xe4,0x20,0xc3,0x20,0x04,0x21,
0xc4,0x18,0xc4,0x20,0xc4,0x18,0xa4,0x18,0x01,0x00,0x26,0x29,0x27,0x29,0xe5,0x28,
0x06,0x21,0x43,0x10,0x01,0x00,0x26,0x29,0x47,0x29,0x06,0x29,0x07,0x29,0x23,0x10,
0x47,0x29,0x06,0x29,0x26,0x29,0x26,0x31,0x23,0x39,0x78,0xee,0x59,0xff,0x96,0xf6,
0x17,0xde,0x03,0x41,0x27,0x29,0x26,0x31,0x26,0x29,0x06,0x29,0x43,0x08,0x06,0x29,
0x26,0x29,0xc4,0x20,0x63,0x08,0xc4,0x20,0xc4,0x18,0xc4,0x20,0xe4,0x20,0xe4,0x28,
0xc3,0x20,0xe4,0x20,0xc3,0x20,0xc4,0x18,0x01,0x08,0x22,0x08,0x26,0x31,0x06,0x21,
0x05,0x29,0x84,0x18,0x01,0x08,0x67,0x29,0x26,0x31,0x26,0x29,0xe5,0x28,0x23,0x08,
0x46,0x31,0x26,0x29,0x05,0x29,0x47,0x29,0x02,0x39,0xd9,0xee,0xb6,0xfe,0x75,0xf6,
0xa4,0x20,0x26,0x29,0x26,0x31,0x46,0x29,0x26,0x31,0xc4,0x18,0xe5,0x28,0x46,0x29,
0x25,0x29,0xa4,0x18,0x62,0x10,0xe4,0x18,0xc3,0x28,0xe4,0x20,0xe4,0x28,0x04,0x21,
0xc4,0x20,0xc4,0x20,0xc4,0x18,0xc4,0x20,0xc4,0x18,0x21,0x08,0xc5,0x18,0x05,0x29,
0x06,0x21,0xa5,0x20,0x02,0x00,0xc5,0x20,0x27,0x29,0x26,0x31,0xe6,0x20,0x02,0x08,
0x47,0x29,0x06,0x29,0x06,0x21,0x46,0x31,0x06,0x21,0x02,0x08,0x15,0xee,0x14,0xf6,
0x06,0x21,0x06,0x29,0x26,0x29,0x46,0x31,0x26,0x21,0x01,0x00,0xe6,0x20,0x27,0x31,
0x47,0x29,0x83,0x18,0xa4,0x10,0xe4,0x20,0xe4,0x20,0xe4,0x20,0xe4,0x20,0xe4,0x28,
0xe3,0x28,0x04,0x21,0xe3,0x20,0xe4,0x20,0xc4,0x20,0xe4,0x20,0xc4,0x20,0x01,0x00,
0x84,0x18,0x84,0x10,0xa3,0x18,0x01,0x00,0xe5,0x28,0x26,0x29,0xe5,0x28,0x06,0x21,
0x02,0x08,0x26,0x29,0xd2,0xac,0x3b,0xef,0x79,0xde,0x41,0x08,0xd1,0xc4,0xa1,0x30,
0xe6,0x49,0xda,0xe6,0x99,0xe6,0x65,0x31,0xe4,0x20,0x01,0x00,0x84,0x18,0x06,0x21,
0x05,0x29,0x01,0x00,0x04,0x29,0x05,0x21,0x04,0x29,0x05,0x29,0x04,0x29,0x04,0x29,
0x05,0x21,0xe4,0x28,0xe4,0x20,0xe4,0x28,0x05,0x21,0xe4,0x20,0xe5,0x20,0xe4,0x20,
0x05,0x21,0xe5,0x28,0x26,0x21,0x00,0x00,0x47,0x29,0x47,0x31,0x7a,0xff,0x56,0xe6,
0x00,0x00,0x1b,0xf7,0x9c,0xff,0x7b,0xff,0x7b,0xf7,0x9b,0xff,0x22,0x08,0x05,0x29,
0xbc,0xff,0x9c,0xff,0x9b,0xff,0x7b,0xff,0x00,0x10,0x17,0xde,0xfa,0xf6,0xc1,0x30,
0x01,0x00,0x66,0x31,0x25,0x29,0x05,0x29,0x25,0x29,0x04,0x29,0x05,0x21,0x04,0x29,
0xe4,0x28,0x04,0x29,0x04,0x29,0x04,0x29,0x04,0x29,0x05,0x29,0x04,0x29,0x25,0x29,
0x04,0x31,0x25,0x29,0x25,0x31,0x86,0x31,0x00,0x08,0xb6,0xbd,0xb2,0xe5,0x18,0xff,
0x20,0x08,0xbd,0xff,0x9b,0xff,0x9b,0xff,0xf5,0xdd,0x9c,0xff,0x21,0x08,0xff,0xff,
0x14,0xee,0x9a,0xff,0xb7,0xf6,0x7a,0xff,0x00,0x18,0x79,0xe6,0xb2,0xed,0x95,0xfe,
0x00,0x08,0xa6,0x39,0x45,0x31,0x65,0x31,0x44,0x31,0x45,0x29,0x24,0x31,0x25,0x29,
0x05,0x21,0x04,0x29,0x05,0x29,0x04,0x29,0x05,0x29,0x05,0x31,0x25,0x29,0x25,0x31,
0x46,0x31,0x45,0x31,0x66,0x31,0x86,0x39,0xc7,0x39,0x20,0x08,0x41,0x08,0x41,0x10,
0x21,0x00,0x82,0x10,0xb8,0xe6,0x9b,0xff,0xd5,0xd5,0x4f,0xac,0x21,0x00,0x62,0x10,
0xf0,0xcc,0x39,0xff,0x94,0xcd,0xe5,0x61,0x21,0x00,0x41,0x10,0x41,0x08,0x00,0x08,
0xc7,0x41,0x86,0x41,0x66,0x31,0x45,0x31,0x46,0x31,0x45,0x31,0x45,0x29,0x24,0x29,
0x04,0x31,0x25,0x29,0x24,0x31,0x45,0x31,0x45,0x31,0x65,0x31,0x65,0x39,0x66,0x31,
0x65,0x39,0x86,0x39,0xa6,0x41,0xc7,0x41,0xe7,0x49,0x48,0x52,0x89,0x62,0x89,0x62,
0xca,0x6a,0xeb,0x6a,0x20,0x08,0x41,0x00,0x20,0x08,0x20,0x00,0xca,0x72,0x2c,0x73,
0x20,0x08,0x41,0x00,0x20,0x08,0x00,0x00,0xca,0x6a,0xaa,0x62,0x89,0x62,0x27,0x4a,
0xe6,0x49,0xc6,0x41,0x85,0x41,0x86,0x39,0x65,0x39,0x65,0x31,0x44,0x31,0x45,0x29,
0x25,0x29,0x25,0x31,0x45,0x31,0x45,0x39,0x66,0x31,0x66,0x39,0x86,0x39,0x86,0x41,
0xa7,0x39,0xa6,0x41,0xc7,0x41,0xc7,0x49,0x08,0x4a,0x48,0x5a,0x69,0x5a,0x89,0x62,
0xaa,0x62,0xca,0x6a,0xeb,0x6a,0x0b,0x73,0xeb,0x6a,0xca,0x6a,0xeb,0x6a,0xca,0x6a,
0xeb,0x6a,0xca,0x6a,0xeb,0x6a,0xa9,0x6a,0xaa,0x62,0x49,0x5a,0x49,0x52,0x07,0x52,
0xe7,0x49,0xa6,0x49,0xa6,0x39,0x85,0x39,0x86,0x39,0x65,0x39,0x65,0x31,0x25,0x31,
0x00,0x00,0x00,0x00,0x00,0x00,0x00,0x00,0x00,0x00,0x00,0x00,0x00,0x00,0x00,0x00,
0x00,0x00,0x00,0x00,0x00,0x00,0x00,0x00,0x00,0x00,0x00,0x00,0x00,0x00,0x00,0x00,
0x00,0x00,0x00,0x00,0x00,0x00,0x00,0x00,0x00,0x00,0x00,0x00,0x00,0x00,0x00,0x00,
0x00,0x00,0x00,0x00,0x03,0xfc,0xfd,0x0b,0x02,0x00,0x00,0x00,0x00,0x00,0x00,0x00,
0x00,0x00,0x00,0x00,0x00,0x02,0x4d,0xfb,0xf5,0x01,0x00,0x00,0x00,0x00,0x00,0x00,
0x00,0x00,0x00,0x00,0x00,0x00,0x00,0x00,0x00,0x00,0x00,0x00,0xaf,0xfd,0xfd,0xfd,
0x96,0x00,0x00,0x00,0x00,0x00,0x00,0x00,0x00,0x00,0x00,0x00,0x01,0xeb,0xfc,0xfc,
0xfc,0x14,0x00,0x00,0x00,0x00,0x00,0x00,0x00,0x00,0x00,0x00,0x00,0x00,0x00,0x00,
0x00,0x00,0x00,0x03,0xfd,0xfe,0xfe,0xfe,0xfd,0xe8,0x03,0x00,0x00,0x00,0x00,0x00,
0x00,0x00,0x00,0x04,0xf1,0xfd,0xfe,0xfe,0xfd,0xf9,0x00,0x00,0x00,0x00,0x00,0x00,
0x00,0x00,0x00,0x00,0x00,0x00,0x00,0x00,0x00,0x00,0x00,0x03,0xfd,0xfe,0xfe,0xfe,
0xfe,0xfc,0xfd,0x04,0x00,0x00,0x00,0x00,0x00,0x00,0x31,0xfb,0xfc,0xfe,0xfe,0xfe,
0xfe,0xfb,0x00,0x00,0x00,0x00,0x00,0x00,0x00,0x00,0x00,0x00,0x00,0x00,0x00,0x00,
0x00,0x00,0x00,0x06,0xfd,0xfe,0xfe,0xfe,0xfe,0xfd,0xfc,0xf9,0x00,0x00,0x00,0x00,
0x00,0x06,0xfc,0xfd,0xfe,0xfe,0xfe,0xfe,0xfe,0xfd,0x66,0x00,0x00,0x00,0x00,0x00,
0x00,0x00,0x00,0x00,0x00,0x00,0x00,0x00,0x00,0x00,0x01,0xfb,0xfd,0xfe,0xfe,0xfe,
0xfe,0xfe,0xfe,0xfd,0xfd,0xfa,0xfd,0xfd,0xfd,0xfe,0xfd,0xfe,0xfe,0xfe,0xfe,0xfe,
0xfe,0xfe,0x7f,0x01,0x00,0x00,0x00,0x00,0x00,0x00,0x00,0x00,0x00,0x00,0x00,0x00,
0x00,0x00,0x01,0xf9,0xfd,0xfe,0xfe,0xfe,0xfe,0xfe,0xfe,0xfe,0xfd,0xfd,0xfd,0xfd,
0xfd,0xfd,0xfd,0xfe,0xfe,0xfe,0xfe,0xfe,0xfe,0xfe,0x77,0x00,0x00,0x00,0x00,0x00,
0x00,0x00,0x00,0x00,0x00,0x00,0x00,0x00,0x00,0x00,0x01,0xf9,0xfd,0xfe,0xfe,0xfe,
0xfe,0xfe,0xfe,0xfe,0xfe,0xfe,0xfe,0xfe,0xfd,0xfd,0xfd,0xfe,0xfe,0xfe,0xfe,0xfe,
0xfe,0xfe,0x6e,0x00,0x00,0x00,0x00,0x00,0x00,0x00,0x00,0x00,0x00,0x00,0x00,0x00,
0x00,0x00,0x01,0xfa,0xfd,0xfe,0xfe,0xfe,0xfe,0xfe,0xfe,0xfe,0xfe,0xfe,0xfe,0xfe,
0xfe,0xfd,0xfd,0xfd,0xfd,0xfe,0xfe,0xfe,0xfe,0xfe,0x62,0x00,0x00,0x00,0x00,0x00,
0x00,0x00,0x00,0x00,0x00,0x00,0x00,0x00,0x00,0x00,0x01,0xfc,0xfd,0xfe,0xfe,0xfe,
0xfe,0xfe,0xfe,0xfe,0xfe,0xfe,0xfe,0xfe,0xfe,0xfd,0xfd,0xfd,0xfe,0xfe,0xfe,0xfe,
0xfe,0xfe,0x65,0x00,0x00,0x00,0x00,0x00,0x00,0x00,0x00,0x00,0x00,0x00,0x00,0x00,
0x00,0x00,0x00,0xfa,0xfd,0xfe,0xfe,0xfe,0xfe,0xfe,0xfe,0xfe,0xfe,0xfe,0xfe,0xfe,
0xfe,0xfe,0xfe,0xfd,0xfe,0xfe,0xfe,0xfe,0xfe,0xfe,0x02,0x00,0x00,0x00,0x00,0x00,
0x00,0x00,0x00,0x00,0x00,0x00,0x00,0x00,0x00,0x00,0x01,0x03,0xfe,0xfe,0xfe,0xfe,
0xfe,0xfe,0xfe,0xfe,0xfe,0xfe,0xfe,0xfe,0xfe,0xfe,0xfe,0xfe,0xfe,0xfe,0xfe,0xfe,
0xfe,0xfd,0x01,0x00,0x00,0x00,0x00,0x00,0x00,0x00,0x00,0x00,0x00,0x00,0x00,0x00,
0x00,0x00,0x01,0xf6,0xfd,0xfe,0xfe,0xfe,0xfe,0xfe,0xfe,0xfe,0xfe,0xfe,0xfe,0xfe,
0xfe,0xfe,0xfe,0xfe,0xfe,0xfe,0xfe,0xfe,0xfd,0xfd,0x3f,0x00,0x00,0x00,0x00,0x00,
0x00,0x00,0x00,0x00,0x00,0x00,0x00,0x00,0x00,0x00,0x03,0xfa,0xfd,0xfe,0xfe,0xfe,
0xfe,0xfe,0xfe,0xfe,0xfe,0xfe,0xfe,0xfe,0xfe,0xfe,0xfe,0xfe,0xfe,0xfe,0xfe,0xfe,
0xfd,0xfd,0xf5,0x01,0x00,0x00,0x00,0x00,0x00,0x00,0x00,0x00,0x00,0x00,0x00,0x00,
0x00,0x00,0x1d,0xfc,0xfd,0xfe,0xfe,0xfe,0xfe,0xfe,0xfe,0xfe,0xfe,0xfe,0xfe,0xfe,
0xfe,0xfe,0xfe,0xfe,0xfe,0xfe,0xfe,0xfe,0xfe,0xfd,0xfd,0x01,0x00,0x00,0x00,0x00,
0x00,0x00,0x00,0x00,0x00,0x00,0x00,0x00,0x00,0x00,0x2b,0xfc,0xfe,0xfe,0xfe,0xfe,
0xfe,0xfe,0xfe,0xfe,0xfe,0xfe,0xfe,0xfe,0xfe,0xfe,0xfe,0xfe,0xfe,0xfe,0xfe,0xfe,
0xfe,0xfd,0xfd,0x03,0x00,0x00,0x00,0x00,0x00,0x00,0x00,0x00,0x00,0x00,0x00,0x00,
0xea,0xf1,0xe4,0xfc,0xfd,0xfe,0xfe,0xfe,0xfe,0xfe,0xfe,0xfe,0xfe,0xfe,0xff,0xff,
0xfe,0xfe,0xfe,0xfe,0xfe,0xfe,0xfe,0xfe,0xfe,0xfd,0xfc,0xee,0xf0,0xf3,0x00,0x00,
0x00,0x00,0x00,0x00,0x00,0x00,0x00,0xe8,0x02,0x02,0x0e,0xfa,0xfd,0xfe,0xfe,0xfe,
0xfe,0xfe,0xfe,0xfe,0xfe,0xfe,0xff,0xff,0xfe,0xfe,0xfe,0xfe,0xfe,0xfe,0xfe,0xfe,
0xfe,0xfd,0xf8,0x0d,0x03,0x02,0xec,0x01,0x00,0x00,0x00,0x00,0x00,0x00,0x01,0x01,
0x01,0x02,0x0a,0xf7,0xfc,0xfe,0xfe,0xfe,0xfe,0xfe,0xfe,0xfe,0xfe,0xfe,0xfe,0xff,
0xff,0xfe,0xfe,0xfe,0xfe,0xfe,0xfe,0xfe,0xfe,0xfd,0xea,0xd0,0x03,0x02,0x02,0x00,
0x00,0x00,0x00,0x00,0x00,0x02,0x03,0x03,0x00,0x01,0xe8,0x0d,0xfb,0xfd,0xfe,0xfe,
0xfe,0xfe,0xfe,0xfe,0xff,0xfe,0xfe,0xfe,0xfe,0xfe,0xfe,0xfe,0xfe,0xfe,0xfe,0xfe,
0xfd,0xfa,0x01,0x5e,0xe8,0x03,0x01,0x00,0x00,0x00,0x00,0x00,0x19,0xfa,0xfc,0xfb,
0x09,0x00,0x05,0x04,0x0f,0xfc,0xfd,0xfe,0xfe,0xfe,0xfe,0xff,0xff,0xfe,0xfe,0xfe,
0xfe,0xfe,0xfe,0xff,0xfe,0xfe,0xfe,0xfd,0xfd,0x07,0x01,0x00,0x01,0x0c,0x01,0x00,
0x00,0x00,0x01,0xfe,0xfe,0xfe,0xfe,0xfd,0xfa,0x09,0x01,0x01,0x00,0x00,0x81,0xfe,
0xfe,0xfe,0xfe,0xff,0xff,0xfe,0xfe,0xfe,0xfe,0xfe,0xff,0xff,0xfe,0xfd,0xfa,0x8f,
0x00,0x00,0x00,0x00,0x00,0x00,0x00,0x00,0x00,0x00,0xd8,0xfe,0xfe,0xfe,0xfe,0xfe,
0xfd,0xec,0x00,0x00,0x00,0x01,0xb0,0xfe,0xfe,0xfe,0xfe,0xff,0xff,0xfe,0xfe,0xfe,
0xfe,0xfe,0xfe,0xfe,0xfe,0xfd,0xfa,0x1c,0x00,0x00,0x00,0x00,0x00,0x00,0x00,0x00,
0x00,0x02,0xf8,0xfe,0xfe,0xfe,0xfe,0xfe,0xfc,0xe1,0x00,0x00,0x00,0x01,0xcc,0xfe,
0xfe,0xfe,0xfe,0xff,0xff,0xfe,0xfe,0xfe,0xfe,0xfe,0xfe,0xfe,0xfe,0xfd,0xfb,0x36,
0x00,0x00,0x00,0x00,0x00,0x00,0x00,0x00,0x00,0xf4,0xfd,0xfe,0xfe,0xfe,0xfe,0xfe,
0xf4,0x06,0x00,0x00,0x00,0x01,0x10,0xfe,0xfe,0xfe,0xfe,0xff,0xff,0xff,0xfe,0xfe,
0xfe,0xfe,0xfe,0xfe,0xfe,0xfe,0xfc,0x06,0x00,0x00,0x00,0x00,0x00,0x00,0x00,0x00,
0x01,0xf7,0xfd,0xfe,0xfe,0xfe,0xfe,0xfb,0x07,0x03,0x00,0x00,0x00,0x01,0xfa,0xfd,
0xfe,0xfe,0xfe,0xfe,0xfe,0xfe,0xfe,0xfe,0xfe,0xfe,0xfe,0xfe,0xfe,0xfe,0xfd,0xdd,
0x00,0x00,0x00,0x00,0x00,0x00,0x00,0x00,0x01,0xf8,0xfd,0xfe,0xfe,0xfe,0xfd,0x91,
0x00,0x00,0x00,0x00,0x00,0xde,0xfb,0xfd,0xfe,0xff,0xff,0xff,0xfe,0xfe,0xfe,0xfe,
0xfe,0xfe,0xfe,0xfe,0xfe,0xfe,0xfe,0xfd,0x04,0x00,0x00,0x00,0x00,0x00,0x00,0x00,
0x01,0xf8,0xfd,0xfe,0xfe,0xfe,0xfd,0x01,0x00,0x00,0x00,0x00,0x02,0xfb,0xfc,0xfe,
0xfe,0xfe,0xff,0xff,0xff,0xfe,0xfe,0xfe,0xfe,0xfe,0xfe,0xfe,0xfe,0xfe,0xfe,0xfc,
0x03,0x01,0x00,0x00,0x00,0x00,0x00,0x00,0x01,0xf6,0xfd,0xfe,0xfe,0xfe,0xfc,0x01,
0x00,0x00,0x00,0x00,0xf0,0xfd,0xfe,0xfe,0xfe,0xfe,0xfe,0xff,0xff,0xfe,0xfe,0xfe,
0xfe,0xfe,0xfe,0xfe,0xfe,0xfe,0xfe,0xfd,0xfc,0x01,0x00,0x00,0x00,0x00,0x00,0x00,
0x00,0xcb,0xfb,0xfe,0xfe,0xfe,0xfc,0x01,0x00,0x00,0x01,0x4b,0xfc,0xfe,0xfe,0xfe,
0xfe,0xfe,0xfe,0xfe,0xff,0xff,0xfe,0xfe,0xfe,0xfe,0xfe,0xfe,0xfe,0xfe,0xfe,0xfd,
0xfd,0x04,0x00,0x00,0x00,0x00,0x00,0x00,0x00,0x03,0xfa,0xfd,0xfe,0xfd,0xfd,0xdf,
0x00,0x00,0x02,0xfb,0xfd,0xfe,0xfe,0xfe,0xfe,0xfe,0xfe,0xfe,0xfe,0xfe,0xfe,0xfe,
0xfe,0xfe,0xfe,0xfe,0xfe,0xfe,0xfe,0xfd,0xfd,0xf7,0x00,0x00,0x00,0x00,0x00,0x00,
0x00,0x01,0xf5,0xfd,0xfe,0xfe,0xfd,0xff,0x01,0x01,0x05,0xfc,0xfd,0xfe,0xfe,0xfe,
0xfe,0xfe,0xfe,0xfe,0xfe,0xfe,0xfe,0xfe,0xfe,0xfe,0xfe,0xfe,0xfe,0xfe,0xfe,0xfd,
0xfd,0xfa,0x00,0x00,0x00,0x00,0x00,0x00,0x00,0x01,0x3e,0xfd,0xfd,0xfd,0xfd,0xfc,
0x77,0x03,0xfc,0xfd,0xfd,0xfe,0xfe,0xfe,0xfe,0xfe,0xfe,0xfe,0xfe,0xfe,0xfe,0xfe,
0xfe,0xfe,0xfe,0xfe,0xfe,0xfe,0xfe,0xfd,0xfd,0xfc,0x36,0x00,0x00,0x00,0x00,0x00,
0x00,0x00,0x00,0xf8,0xfc,0xfd,0xfd,0xfd,0xf9,0x0e,0xfd,0xfe,0xfe,0xfe,0xfe,0xfe,
0xfe,0xfe,0xfe,0xfe,0xfe,0xfe,0xfe,0xfe,0xfe,0xfe,0xfe,0xfe,0xfe,0xfe,0xfe,0xfd,
0xfd,0xfd,0x61,0x00,0x00,0x00,0x00,0x00,0x00,0x00,0x00,0x21,0xfb,0xfd,0xfd,0xfd,
0xfc,0xfd,0xfe,0xfe,0xfe,0xfe,0xfe,0xfe,0xfe,0xfe,0xfe,0xfe,0xfe,0xfe,0xfe,0xfe,
0xfe,0xfe,0xfe,0xfe,0xfe,0xfe,0xfe,0xfe,0xfd,0xfd,0x5d,0x00,0x00,0x00,0x00,0x00,
0x00,0x00,0x00,0x01,0xed,0xfc,0xfd,0xfd,0xfd,0xfd,0xfe,0xfe,0xfe,0xfe,0xfe,0xfe,
0xfe,0xfe,0xfe,0xfe,0xfe,0xfe,0xfe,0xfe,0xfe,0xfe,0xfe,0xfe,0xfe,0xfe,0xfe,0xfe,
0xfe,0xfd,0x5f,0x01,0x00,0x00,0x00,0x00,0x00,0x00,0x00,0x00,0x00,0xc1,0xfb,0xfc,
0xfd,0xfd,0xfe,0xfe,0xfe,0xfe,0xfe,0xfe,0xfe,0xfe,0xfe,0xfe,0xfe,0xfe,0xfe,0xfe,
0xfe,0xfe,0xfe,0xfe,0xfe,0xfe,0xfe,0xfe,0xfe,0xfe,0x42,0x01,0x00,0x00,0x00,0x00,
0x00,0x00,0x00,0x00,0x00,0x01,0x42,0xf8,0xfc,0xfd,0xfd,0xfe,0xfe,0xfe,0xfe,0xfe,
0xfe,0xfe,0xfe,0xfe,0xff,0xfe,0xfe,0xfe,0xfe,0xfe,0xfe,0xfe,0xfe,0xfe,0xfe,0xfe,
0xfd,0xf9,0x00,0x00,0x00,0x00,0x00,0x00,0x00,0x00,0x00,0x00,0x00,0x00,0x00,0x00,
0x04,0x18,0x36,0xf8,0xfd,0xfe,0xfe,0xfe,0xfe,0xfe,0xfe,0xff,0xfe,0xfe,0xfe,0xfe,
0xfe,0xfe,0xfe,0xfe,0xff,0xff,0xff,0xfe,0xfa,0x07,0x00,0x00,0x00,0x00,0x00,0x00,
0x00,0x00,0x00,0x00,0x00,0x00,0x00,0x00,0x01,0x01,0x03,0x07,0xf7,0xfd,0xfd,0xfe,
0xfe,0xfe,0xfe,0xfe,0xfe,0xfe,0xfe,0xfe,0xfe,0xfe,0xfe,0xfe,0xfe,0xfe,0xff,0xfe,
0xf1,0x01,0x00,0x00,0x00,0x00,0x00,0x00,0x00,0x00,0x00,0x00,0x00,0x00,0x00,0x00,
0x00,0x00,0x00,0x00,0x03,0xf1,0xf9,0xfb,0xfc,0xfd,0xfe,0xfe,0xfe,0xfd,0xfa,0xfa,
0xfe,0xfe,0xfe,0xfd,0xfc,0xfb,0xfb,0xf7,0x05,0x00,0x00,0x00,0x00,0x00,0x00,0x00,
0x00,0x00,0x00,0x00,0x00,0x00,0x00,0x00,0x00,0x00,0x00,0x00,0x00,0x01,0x01,0x01,
0x02,0x18,0xfc,0xfe,0xfe,0xf6,0x06,0x08,0xfc,0xff,0xff,0xf7,0x05,0x03,0x02,0x01,
0x01,0x00,0x00,0x00,0x00,0x00,0x00,0x00,0x00,0x00,0x00,0x00,0x00,0x00,0x00,0x00,
0x00,0x00,0x00,0x00,0x00,0x00,0x00,0x00,0x00,0x00,0x00,0x00,0x00,0x00,0x00,0x01,
0x01,0x00,0x01,0x00,0x00,0x00,0x00,0x00,0x00,0x00,0x00,0x00,0x00,0x00,0x00,0x00,

};
static const lv_image_dsc_t s_partner_momo_idle = {
    .header.magic = LV_IMAGE_HEADER_MAGIC,
    .header.cf = LV_COLOR_FORMAT_RGB565A8,
    .header.flags = 0,
    .header.w = 40,
    .header.h = 44,
    .header.stride = 80,
    .data_size = sizeof(s_partner_momo_idle_map),
    .data = s_partner_momo_idle_map,
};

static const LV_ATTRIBUTE_MEM_ALIGN LV_ATTRIBUTE_LARGE_CONST uint8_t s_partner_momo_work_map[] = {
0x00,0x00,0x00,0x00,0x41,0x18,0x62,0x10,0x61,0x18,0x82,0x10,0x62,0x18,0x82,0x18,
0x82,0x18,0xa3,0x18,0x82,0x20,0xa3,0x20,0xa3,0x20,0xc3,0x20,0xc3,0x20,0xc4,0x20,
0xc3,0x28,0xc4,0x20,0xc3,0x20,0xc4,0x20,0xa3,0x20,0xc4,0x18,0xa3,0x20,0xc4,0x18,
0xa3,0x20,0xa3,0x18,0x82,0x20,0xa3,0x18,0xa2,0x20,0xa3,0x18,0x82,0x20,0xa3,0x18,
0x82,0x20,0xa3,0x18,0x82,0x20,0x82,0x18,0x81,0x18,0x00,0x00,0x00,0x00,0x00,0x00,
0x00,0x00,0x00,0x00,0x62,0x10,0x62,0x18,0x62,0x10,0x62,0x18,0x62,0x10,0x62,0x18,
0x83,0x18,0x83,0x20,0xa3,0x18,0xa3,0x20,0xc4,0x20,0xc4,0x28,0x05,0x21,0x00,0x08,
0x01,0x00,0x42,0x10,0xe5,0x20,0xa4,0x20,0xc4,0x18,0xa3,0x20,0xa4,0x18,0x83,0x18,
0xa4,0x18,0x83,0x18,0xa4,0x18,0x83,0x18,0xa3,0x18,0xa3,0x20,0xa3,0x18,0x83,0x20,
0xa3,0x18,0x82,0x20,0xa3,0x18,0x82,0x18,0x83,0x10,0x00,0x00,0x00,0x00,0x00,0x00,
0x00,0x00,0x00,0x00,0x61,0x18,0x82,0x10,0x61,0x18,0x82,0x18,0x82,0x18,0x83,0x18,
0x82,0x20,0xa3,0x20,0xa3,0x20,0xc3,0x20,0xc3,0x28,0x05,0x29,0x25,0x31,0x63,0x18,
0x06,0x31,0x67,0x31,0x62,0x18,0xe4,0x20,0xc3,0x20,0xc4,0x18,0xa3,0x20,0xc4,0x18,
0xa3,0x20,0xc4,0x18,0xa3,0x20,0xc4,0x18,0xa3,0x20,0xc4,0x20,0xa3,0x28,0xc3,0x20,
0xa3,0x28,0xc3,0x20,0xa2,0x20,0xa3,0x20,0xa2,0x18,0x00,0x00,0x00,0x00,0x00,0x00,
0x00,0x00,0x00,0x00,0x62,0x10,0x62,0x18,0x82,0x10,0x62,0x18,0x83,0x18,0x82,0x20,
0xa3,0x18,0xa3,0x20,0xa3,0x20,0xc3,0x28,0xe4,0x28,0x05,0x31,0x02,0x00,0x05,0x29,
0x14,0xd5,0xc3,0x50,0xa4,0x18,0xc5,0x28,0xc5,0x20,0xa3,0x20,0xa4,0x18,0xa3,0x20,
0xa4,0x18,0xa3,0x20,0xc4,0x18,0xa4,0x20,0xe4,0x20,0x00,0x08,0x01,0x00,0xe4,0x28,
0xc4,0x28,0xa3,0x28,0xc3,0x20,0xa2,0x20,0xa3,0x18,0x00,0x08,0x00,0x00,0x00,0x00,
0x00,0x00,0x00,0x00,0x82,0x18,0x82,0x18,0x62,0x20,0x82,0x18,0x82,0x20,0xa3,0x18,
0xa2,0x20,0xc3,0x20,0xa3,0x28,0xe4,0x28,0x04,0x31,0x45,0x31,0xc3,0x38,0xe8,0x59,
0x13,0xdd,0x20,0x38,0x25,0x29,0x01,0x00,0xe4,0x28,0xc4,0x18,0xa3,0x20,0xc4,0x18,
0xa3,0x20,0xc4,0x20,0xc4,0x28,0x63,0x10,0x00,0x08,0x46,0x29,0x25,0x31,0x01,0x00,
0xe3,0x30,0xe3,0x28,0xc3,0x28,0xc3,0x20,0xa2,0x20,0x00,0x00,0x00,0x00,0x00,0x00,
0x00,0x00,0x00,0x00,0x82,0x18,0x82,0x18,0x83,0x18,0x62,0x18,0x83,0x18,0x83,0x20,
0xa3,0x18,0xa3,0x20,0xc4,0x20,0xc4,0x28,0x26,0x29,0x00,0x08,0xa2,0x48,0x13,0xdd,
0xb1,0xec,0x23,0x81,0x26,0x29,0x67,0x39,0x01,0x00,0xc4,0x18,0xc4,0x18,0xa3,0x18,
0xc4,0x18,0xc4,0x20,0x01,0x00,0x26,0x29,0x47,0x29,0x05,0x29,0x34,0xd5,0x00,0x20,
0x25,0x39,0xe4,0x38,0xe4,0x28,0xc3,0x28,0xc4,0x18,0x00,0x08,0x00,0x00,0x00,0x00,
0x00,0x00,0x00,0x00,0x82,0x20,0x82,0x18,0x82,0x20,0xa3,0x18,0x82,0x20,0xa3,0x20,
0xa3,0x20,0xc3,0x20,0xc3,0x28,0x04,0x29,0x45,0x31,0x42,0x10,0xa9,0xa2,0xf3,0xe4,
0x2e,0xfc,0xad,0xf3,0x83,0x18,0x67,0x31,0x00,0x00,0x01,0x00,0x00,0x00,0xc3,0x18,
0x01,0x08,0xa4,0x10,0x25,0x31,0x26,0x29,0x60,0x48,0x34,0xdd,0x54,0xe5,0x00,0x20,
0x44,0x49,0x24,0x39,0xe3,0x30,0xe3,0x28,0xc3,0x20,0x00,0x00,0x00,0x00,0x00,0x00,
0x00,0x00,0x00,0x00,0x83,0x18,0x82,0x18,0x83,0x18,0x82,0x20,0xa3,0x18,0x83,0x20,
0xa3,0x18,0xa3,0x20,0xc4,0x20,0xc4,0x28,0x26,0x29,0xc4,0x28,0x2c,0xb3,0xd2,0xec,
0x51,0xc4,0x00,0x38,0x84,0x10,0xe5,0x28,0x22,0x00,0x06,0x29,0x46,0x29,0x01,0x00,
0x01,0x00,0x05,0x29,0x26,0x29,0x05,0x29,0xce,0xe3,0x71,0xfc,0x14,0xd5,0x00,0x28,
0x86,0x49,0x24,0x41,0x04,0x31,0xe3,0x30,0xe4,0x20,0x00,0x08,0x00,0x00,0x00,0x00,
0x00,0x00,0x00,0x00,0x82,0x20,0xa2,0x18,0x82,0x20,0xa3,0x18,0xa2,0x20,0xa3,0x20,
0xa3,0x20,0xa3,0x20,0xc3,0x28,0xe4,0x28,0x05,0x31,0x46,0x31,0x0e,0xfc,0xad,0xeb,
0x05,0x29,0x46,0x29,0x25,0x31,0x46,0x29,0x26,0x31,0x26,0x29,0x26,0x31,0x26,0x29,
0x26,0x31,0x06,0x29,0x05,0x31,0x42,0x10,0x8f,0xfc,0xd1,0xfc,0x00,0x10,0xe8,0x51,
0x85,0x51,0x45,0x41,0x04,0x39,0x04,0x31,0xe3,0x28,0x00,0x00,0x00,0x00,0x00,0x00,
0x00,0x00,0x00,0x00,0x83,0x18,0x82,0x20,0xa3,0x18,0x82,0x20,0x83,0x18,0x83,0x20,
0xa4,0x18,0xa3,0x20,0xa4,0x20,0xc4,0x28,0x02,0x00,0x26,0x29,0x11,0xac,0xe4,0x48,
0x47,0x29,0x26,0x31,0x26,0x29,0x26,0x31,0x27,0x29,0x26,0x29,0x26,0x29,0x26,0x29,
0x46,0x29,0x26,0x31,0x26,0x21,0x01,0x00,0x0e,0xec,0xb0,0xfc,0x00,0x08,0xc7,0x49,
0x86,0x41,0x24,0x41,0x25,0x31,0x04,0x31,0x04,0x21,0x00,0x08,0x00,0x00,0x00,0x00,
0x00,0x00,0x00,0x00,0x82,0x20,0xa2,0x20,0x82,0x20,0xa3,0x20,0x82,0x20,0x83,0x20,
0x83,0x20,0xa3,0x18,0x83,0x20,0xe4,0x20,0x43,0x10,0x47,0x29,0x46,0x31,0x26,0x29,
0x25,0x31,0x46,0x29,0x25,0x31,0x26,0x29,0x26,0x31,0x46,0x29,0x26,0x31,0x46,0x29,
0x26,0x31,0x46,0x29,0x25,0x31,0x46,0x29,0x90,0xfc,0xb0,0xf4,0x00,0x10,0xa7,0x41,
0x65,0x49,0x45,0x39,0x24,0x39,0x24,0x31,0x04,0x29,0x00,0x00,0x00,0x00,0x00,0x00,
0x00,0x00,0x00,0x00,0x83,0x20,0x82,0x20,0xa3,0x18,0x82,0x20,0x83,0x18,0x82,0x20,
0x83,0x18,0x83,0x18,0xa4,0x18,0x62,0x10,0x43,0x08,0x06,0x29,0x47,0x29,0x05,0x29,
0x26,0x29,0x26,0x31,0x26,0x29,0x26,0x29,0x46,0x29,0x06,0x29,0x26,0x29,0x06,0x29,
0x26,0x29,0x06,0x29,0x46,0x29,0x26,0x31,0x22,0x18,0x22,0x20,0x00,0x08,0x86,0x41,
0x65,0x39,0x24,0x39,0x25,0x31,0x04,0x31,0x25,0x29,0x00,0x08,0x00,0x00,0x00,0x00,
0x00,0x00,0x00,0x00,0x82,0x28,0xa3,0x20,0x82,0x28,0xa3,0x20,0x82,0x20,0x83,0x20,
0x83,0x20,0x83,0x18,0x83,0x18,0x01,0x00,0xc4,0x20,0x26,0x29,0x25,0x31,0x26,0x29,
0x45,0x31,0x01,0x00,0x00,0x08,0x25,0x21,0x25,0x31,0x26,0x29,0x26,0x31,0x26,0x29,
0x26,0x31,0x06,0x29,0x25,0x31,0x66,0x31,0x25,0x29,0x01,0x00,0x44,0x39,0x65,0x39,
0x44,0x39,0x45,0x39,0x24,0x39,0x44,0x31,0x24,0x31,0x00,0x00,0x00,0x00,0x00,0x00,
0x00,0x00,0x00,0x00,0xa3,0x20,0x82,0x28,0xa3,0x20,0x83,0x20,0x83,0x20,0x82,0x20,
0x83,0x18,0x83,0x20,0xa3,0x10,0x01,0x08,0x26,0x29,0x06,0x29,0x26,0x29,0x06,0x29,
0x20,0x28,0x89,0xc4,0x67,0x8b,0x00,0x20,0x46,0x29,0x06,0x29,0x46,0x29,0x05,0x29,
0x26,0x21,0x46,0x31,0x01,0x00,0x25,0x29,0x46,0x29,0x01,0x00,0x25,0x29,0x25,0x31,
0x45,0x31,0x25,0x39,0x45,0x31,0x24,0x31,0x45,0x29,0x00,0x00,0x00,0x00,0x00,0x00,
0x00,0x00,0x00,0x00,0xa2,0x28,0xc3,0x28,0x82,0x28,0xc3,0x28,0x82,0x28,0xa3,0x20,
0x82,0x20,0x41,0x10,0x01,0x08,0x43,0x08,0x05,0x29,0x46,0x29,0x25,0x29,0x46,0x29,
0xcb,0xed,0xc0,0x40,0x00,0x28,0xe7,0x7a,0x26,0x31,0x47,0x29,0x26,0x31,0x26,0x29,
0x05,0x29,0x21,0x00,0x49,0xdd,0x80,0x38,0x25,0x29,0x01,0x00,0x44,0x39,0x24,0x31,
0x44,0x39,0x65,0x31,0x44,0x39,0x65,0x31,0x65,0x31,0x00,0x00,0x00,0x00,0x00,0x00,
0x00,0x00,0x00,0x00,0xc3,0x20,0xa3,0x28,0xa3,0x28,0x83,0x28,0xa3,0x20,0x82,0x28,
0x83,0x20,0x62,0x20,0xa4,0x20,0x22,0x18,0x26,0x29,0x05,0x29,0x26,0x21,0x26,0x29,
0x2f,0xde,0x20,0x20,0x00,0x20,0x4b,0xd5,0x47,0x29,0x05,0x29,0x8b,0x52,0x46,0x31,
0x2d,0xc5,0xc3,0x7a,0x40,0x28,0xad,0xdd,0x67,0x29,0x01,0x08,0x45,0x31,0x04,0x31,
0x45,0x31,0x65,0x39,0x65,0x31,0x65,0x39,0x86,0x31,0x00,0x00,0x00,0x00,0x00,0x00,
0x00,0x00,0x00,0x00,0xc3,0x30,0xc3,0x28,0xa2,0x30,0xa3,0x28,0x82,0x30,0x83,0x28,
0xa2,0x28,0x00,0x08,0x00,0x08,0x01,0x00,0x22,0x10,0x26,0x29,0x46,0x31,0x46,0x29,
0x4b,0xfe,0xe0,0x69,0x00,0x18,0x62,0x39,0xa0,0x20,0x9c,0xff,0x9d,0xff,0x85,0x39,
0x0b,0xcd,0x00,0x20,0x00,0x20,0xed,0xdd,0x46,0x31,0xc5,0x18,0x00,0x00,0x00,0x00,
0x85,0x39,0xa6,0x39,0xa5,0x41,0xa6,0x39,0x86,0x39,0x00,0x00,0x00,0x00,0x00,0x00,
0x00,0x00,0x00,0x00,0xc3,0x28,0xc3,0x30,0xa3,0x28,0xa3,0x30,0xa3,0x30,0x83,0x30,
0x00,0x10,0xa3,0x30,0xc3,0x20,0x00,0x10,0x84,0x10,0x06,0x29,0x47,0x29,0x06,0x29,
0x06,0x21,0xe5,0x28,0x46,0x29,0xaf,0x83,0x3b,0xff,0xb1,0xdc,0x4f,0xcc,0xb8,0xfe,
0x24,0x29,0x20,0x10,0xae,0xd5,0x60,0x51,0x47,0x29,0x01,0x08,0x65,0x31,0x86,0x39,
0xe7,0x41,0xe7,0x49,0xe8,0x41,0xc7,0x41,0xc7,0x39,0x00,0x00,0x00,0x00,0x00,0x00,
0x00,0x00,0x00,0x00,0xc3,0x30,0xe3,0x28,0xc3,0x38,0xc3,0x30,0xa2,0x38,0xc3,0x38,
0x82,0x40,0x83,0x38,0x41,0x18,0x00,0x08,0x00,0x08,0x26,0x29,0x46,0x31,0x46,0x29,
0x46,0x31,0xc4,0x18,0x9b,0xff,0x7b,0xff,0xbc,0xff,0xdd,0xff,0xcb,0xb3,0x39,0xff,
0xbd,0xff,0x64,0x31,0x25,0x31,0x46,0x29,0x05,0x29,0x26,0x29,0x00,0x08,0x08,0x42,
0x48,0x5a,0xa9,0x5a,0x89,0x5a,0x48,0x4a,0xe7,0x49,0x00,0x00,0x00,0x00,0x00,0x00,
0x00,0x00,0x00,0x00,0xe4,0x30,0xc3,0x30,0xe4,0x38,0xc3,0x38,0xc4,0x38,0xc3,0x40,
0xc4,0x38,0x00,0x18,0xe7,0xf9,0xa6,0xf9,0xa8,0xc9,0x00,0x90,0x22,0x08,0xe4,0x20,
0xcd,0x8b,0x3a,0xff,0x9b,0xff,0x7a,0xff,0x9b,0xff,0xec,0xa3,0xac,0xa3,0x3a,0xff,
0x9b,0xff,0x9b,0xff,0x26,0x29,0x05,0x29,0x00,0x00,0x08,0x4a,0x49,0x52,0xaa,0x62,
0x82,0x10,0xef,0x8b,0xbe,0xf7,0x00,0x08,0x49,0x4a,0x00,0x00,0x00,0x00,0x00,0x00,
0x00,0x00,0x00,0x00,0x04,0x39,0x04,0x39,0xe3,0x40,0x04,0x39,0xc3,0x48,0xc3,0x40,
0xe3,0x40,0x00,0x18,0xc6,0xf9,0x45,0xe9,0x63,0xc8,0x84,0xc0,0x25,0x79,0x00,0x40,
0x00,0x10,0x33,0xb5,0xf8,0xfe,0x7a,0xff,0xbb,0xff,0x9b,0xff,0x9b,0xff,0x9b,0xff,
0x1b,0xff,0xe7,0x49,0x25,0x29,0x01,0x00,0x07,0x52,0x69,0x5a,0xeb,0x62,0x61,0x08,
0xbd,0xff,0xbd,0xff,0x77,0xee,0x00,0x10,0x89,0x5a,0x00,0x00,0x00,0x00,0x00,0x00,
0x00,0x00,0x00,0x00,0x05,0x39,0x04,0x39,0x04,0x39,0x04,0x41,0xe4,0x48,0xc3,0x48,
0xc4,0x50,0xc3,0x58,0x01,0x28,0x00,0x30,0x02,0x78,0x63,0x90,0x00,0x40,0xa7,0x91,
0xe7,0xf1,0x44,0xe9,0x25,0x61,0x00,0x30,0x01,0x00,0x01,0x08,0x42,0x08,0x00,0x00,
0x66,0x51,0x00,0x20,0xe8,0x51,0xc7,0x51,0x48,0x4a,0xeb,0x6a,0x40,0x08,0xbd,0xff,
0x19,0xf7,0x9b,0xff,0x37,0xd6,0x00,0x10,0xab,0x5a,0x00,0x00,0x00,0x00,0x00,0x00,
0x00,0x00,0x00,0x00,0x24,0x41,0x45,0x39,0x24,0x49,0x45,0x41,0x03,0x51,0x24,0x49,
0x24,0x49,0x00,0x10,0x00,0xa8,0x66,0xd1,0xe4,0x70,0x00,0x38,0xc4,0x20,0xa4,0x18,
0x40,0xc0,0xa5,0xe9,0x43,0xe9,0xc6,0xf1,0x43,0xf1,0x84,0xf1,0x44,0xe1,0xc2,0xc0,
0x65,0x89,0x00,0x38,0xc6,0x51,0xe7,0x51,0x69,0x5a,0x00,0x00,0xbc,0xff,0xbc,0xff,
0x9a,0xff,0xbb,0xff,0x20,0x10,0xeb,0x62,0x89,0x5a,0x00,0x00,0x00,0x00,0x00,0x00,
0x00,0x00,0x00,0x00,0x45,0x39,0x45,0x41,0x66,0x41,0x65,0x49,0x45,0x49,0x25,0x51,
0xc3,0x70,0xca,0xba,0x86,0xe9,0x82,0xd8,0xa7,0x91,0x00,0x40,0x47,0x29,0x26,0x29,
0x05,0x21,0x00,0x00,0x65,0xe9,0xc6,0xf9,0x65,0xe9,0x24,0xe9,0x44,0xe1,0x85,0xf1,
0x27,0x81,0x00,0x58,0xa3,0x20,0xe8,0x51,0x89,0x5a,0xfb,0xee,0xbc,0xff,0xf8,0xf6,
0x98,0xee,0x00,0x18,0x6c,0x73,0xca,0x6a,0x69,0x52,0x00,0x08,0x00,0x00,0x00,0x00,
0x00,0x00,0x00,0x00,0x65,0x41,0xa6,0x41,0xa6,0x51,0xc6,0x49,0x85,0x59,0x86,0x51,
0x45,0x51,0x21,0x28,0x04,0xb1,0xe4,0xa8,0x00,0x08,0x66,0x31,0x46,0x31,0x46,0x29,
0x05,0x29,0xe5,0x20,0x00,0x60,0x49,0xaa,0xc5,0xf9,0xc5,0xf9,0xa5,0xf9,0x44,0xe9,
0x21,0x10,0xe5,0x20,0x00,0x08,0x08,0x4a,0x00,0x10,0x9d,0xf7,0x13,0xe6,0x79,0xff,
0x26,0x5a,0x8c,0x83,0xea,0x72,0xa9,0x5a,0x48,0x52,0x00,0x00,0x00,0x00,0x00,0x00,
0x00,0x00,0x00,0x00,0xa7,0x41,0xc7,0x49,0x08,0x52,0x08,0x5a,0x08,0x5a,0xc7,0x59,
0x86,0x51,0x25,0x51,0x05,0x49,0xc3,0x48,0x02,0x08,0x26,0x31,0x47,0x29,0x26,0x29,
0x26,0x29,0xa4,0x20,0x27,0x29,0x84,0x20,0x41,0xa8,0x07,0xea,0x04,0x99,0x91,0xfc,
0xcc,0x6a,0xc4,0x30,0xe5,0x18,0x01,0x00,0x00,0x18,0x95,0xcd,0x50,0x94,0x00,0x08,
0x0b,0x6b,0xc9,0x6a,0x89,0x5a,0x28,0x5a,0x29,0x4a,0x00,0x08,0x00,0x00,0x00,0x00,
0x00,0x00,0x00,0x00,0xc7,0x51,0x28,0x52,0x69,0x5a,0x20,0x08,0x41,0x10,0x41,0x08,
0xe7,0x59,0x86,0x49,0x25,0x49,0xe4,0x38,0x01,0x08,0x46,0x31,0x25,0x31,0x46,0x29,
0x26,0x31,0x87,0x31,0x00,0x08,0x46,0x29,0x57,0xfe,0xa1,0x60,0xd7,0xf6,0x79,0xff,
0x7d,0xff,0x24,0x29,0xe5,0x28,0x05,0x21,0x6d,0x73,0x61,0x08,0x60,0x18,0xea,0x62,
0x88,0x6a,0x68,0x5a,0x47,0x5a,0x27,0x52,0x07,0x4a,0x00,0x00,0x00,0x00,0x00,0x00,
0x00,0x00,0x00,0x00,0x28,0x4a,0x69,0x5a,0x61,0x08,0x99,0xde,0x9d,0xf7,0xe6,0x49,
0xa7,0x41,0xa7,0x49,0x66,0x39,0x04,0x31,0x22,0x08,0xc4,0x20,0x26,0x29,0x26,0x31,
0x47,0x29,0x26,0x31,0x05,0x21,0x42,0x10,0x00,0x00,0x3c,0xf7,0xbc,0xff,0x7b,0xff,
0x1a,0xf7,0x60,0x28,0x40,0x20,0x81,0x30,0x83,0x71,0x21,0x69,0x23,0x41,0x00,0x20,
0xc2,0x28,0x07,0x52,0xe7,0x49,0xc6,0x49,0xe7,0x39,0x00,0x08,0x00,0x00,0x00,0x00,
0x00,0x00,0x00,0x00,0x28,0x52,0xeb,0x62,0x78,0xde,0xbd,0xff,0x7a,0xff,0xbc,0xff,
0x00,0x08,0x08,0x4a,0x45,0x39,0x25,0x31,0x05,0x29,0x83,0x10,0x25,0x31,0x46,0x29,
0x25,0x31,0x46,0x29,0x0d,0x94,0xbc,0xff,0x5a,0xff,0x15,0xce,0x40,0x10,0xbd,0xff,
0xef,0xd4,0xe0,0x48,0x62,0x71,0x01,0x61,0x81,0x48,0xc2,0x48,0xe1,0x60,0x22,0x69,
0x00,0x10,0xe7,0x49,0xc6,0x49,0xc6,0x41,0xc6,0x41,0x00,0x00,0x00,0x00,0x00,0x00,
0x00,0x00,0x00,0x00,0x49,0x4a,0x21,0x08,0x9c,0xf7,0x9c,0xff,0x9b,0xff,0x5a,0xff,
0x21,0x00,0xe8,0x49,0x46,0x31,0x05,0x31,0x02,0x00,0xc5,0x20,0x06,0x21,0x05,0x29,
0x26,0x29,0x06,0x29,0x9b,0xff,0x7a,0xff,0x9b,0xff,0x9b,0xff,0xee,0x93,0x6b,0x8b,
0xcf,0xed,0x00,0x59,0xa3,0x71,0xa3,0x79,0x64,0x69,0x42,0x69,0x06,0x72,0xa4,0x71,
0x45,0x31,0xc6,0x49,0xa6,0x41,0x85,0x41,0xa7,0x39,0x00,0x08,0x00,0x00,0x00,0x00,
0x00,0x00,0x00,0x00,0x28,0x4a,0x20,0x08,0x9b,0xff,0xbb,0xff,0x7b,0xff,0xc4,0x49,
0x45,0x31,0xe7,0x41,0x45,0x31,0x25,0x29,0x01,0x08,0x46,0x29,0xa4,0x20,0x02,0x00,
0x05,0x29,0x46,0x29,0x9b,0xff,0x9b,0xff,0xbc,0xff,0x7b,0xff,0xac,0xa3,0x46,0x72,
0x40,0x48,0x45,0x82,0x83,0x71,0xa3,0x71,0x83,0x71,0x43,0x69,0x00,0x10,0x21,0x08,
0x64,0x41,0xc6,0x49,0xa5,0x49,0xa5,0x41,0x85,0x39,0x00,0x00,0x00,0x00,0x00,0x00,
0x00,0x00,0x00,0x00,0xe8,0x39,0x00,0x08,0xdc,0xff,0xbc,0xff,0xda,0xe6,0x00,0x10,
0x29,0x4a,0x86,0x39,0x46,0x29,0x00,0x00,0x47,0x29,0x06,0x29,0x06,0x21,0xc5,0x20,
0x84,0x10,0x02,0x00,0x00,0x18,0xf6,0xdd,0x9b,0xff,0xf5,0xdd,0x22,0x49,0xa0,0x40,
0x45,0x8a,0x61,0x71,0x84,0x71,0x63,0x71,0xc6,0x61,0x60,0x38,0x5b,0xf7,0x88,0x62,
0xa6,0x41,0xa6,0x49,0xa6,0x41,0x65,0x41,0x86,0x31,0x00,0x08,0x00,0x00,0x00,0x00,
0x00,0x00,0x00,0x00,0x86,0x39,0x01,0x00,0x05,0x29,0x46,0x29,0x66,0x31,0x01,0x00,
0xa7,0x41,0x66,0x31,0x04,0x29,0x01,0x00,0x26,0x31,0x46,0x29,0x25,0x31,0x46,0x29,
0x05,0x29,0x05,0x21,0xc5,0x20,0x43,0x08,0x20,0x10,0xc6,0x41,0xcd,0xfe,0xe0,0x8a,
0x62,0x71,0x63,0x69,0x63,0x71,0x83,0x69,0x84,0x59,0x7b,0xff,0x3a,0xff,0x20,0x10,
0xc6,0x51,0xa6,0x41,0x85,0x41,0x85,0x39,0x65,0x39,0x00,0x00,0x00,0x00,0x00,0x00,
0x00,0x00,0x00,0x00,0x66,0x29,0x00,0x00,0x06,0x21,0x26,0x31,0x46,0x29,0x01,0x00,
0x46,0x29,0x05,0x29,0x06,0x21,0x01,0x08,0x27,0x29,0x06,0x29,0x26,0x29,0x06,0x29,
0x26,0x29,0x05,0x29,0xc2,0x30,0xf6,0xdd,0x00,0x10,0x03,0x41,0x43,0x61,0x83,0x71,
0x84,0x69,0x23,0x69,0x64,0x69,0x43,0x69,0x23,0x49,0x12,0xcd,0x00,0x08,0xc6,0x41,
0xc6,0x49,0x85,0x49,0x86,0x39,0x65,0x39,0x66,0x31,0x00,0x08,0x00,0x00,0x00,0x00,
0x00,0x00,0x00,0x00,0x04,0x29,0xc4,0x18,0x05,0x29,0x67,0x29,0x26,0x31,0x46,0x29,
0x25,0x31,0x05,0x21,0xe5,0x28,0x22,0x08,0x25,0x31,0x26,0x29,0x25,0x31,0x26,0x29,
0x25,0x31,0x46,0x29,0x24,0x31,0x9d,0xf7,0x00,0x10,0x04,0x31,0xa3,0x79,0x83,0x71,
0x83,0x79,0xa4,0x71,0x63,0x69,0x43,0x61,0x00,0x10,0xe7,0x49,0xa5,0x49,0xa6,0x49,
0xa5,0x49,0x85,0x41,0x65,0x41,0x85,0x39,0x65,0x31,0x00,0x00,0x00,0x00,0x00,0x00,
0x00,0x00,0x00,0x00,0x05,0x21,0xe4,0x20,0x47,0x29,0x26,0x29,0x27,0x29,0x26,0x31,
0x02,0x00,0xc5,0x20,0xe5,0x18,0x01,0x00,0x26,0x29,0x06,0x29,0x26,0x29,0x05,0x29,
0x26,0x29,0x26,0x31,0x24,0x39,0xb9,0xee,0x39,0xff,0x75,0xf6,0xf4,0xf5,0x31,0xe5,
0x26,0x29,0x05,0x29,0x00,0x08,0x24,0x31,0x44,0x39,0x65,0x41,0x86,0x39,0x85,0x41,
0x86,0x39,0x65,0x41,0x65,0x39,0x44,0x39,0x65,0x31,0x00,0x08,0x00,0x00,0x00,0x00,
0x00,0x00,0x00,0x00,0xe4,0x28,0xe4,0x20,0x01,0x08,0x66,0x29,0x46,0x31,0x47,0x29,
0x05,0x29,0x01,0x00,0x01,0x08,0x22,0x00,0x46,0x31,0x46,0x29,0x25,0x31,0x26,0x29,
0x25,0x31,0x46,0x29,0x23,0x41,0x75,0xc5,0x9a,0xff,0x9a,0xff,0x58,0xee,0x03,0x39,
0x46,0x39,0x46,0x31,0x00,0x08,0x45,0x31,0x44,0x39,0x65,0x39,0x64,0x41,0x85,0x41,
0x65,0x41,0x85,0x39,0x64,0x39,0x65,0x39,0x65,0x31,0x00,0x00,0x00,0x00,0x00,0x00,
0x00,0x00,0x00,0x00,0xe5,0x18,0xc4,0x20,0x01,0x00,0x05,0x29,0x06,0x21,0x26,0x31,
0x06,0x21,0x26,0x29,0xe5,0x18,0x01,0x00,0x06,0x21,0x06,0x29,0x26,0x29,0x06,0x29,
0x26,0x29,0x26,0x31,0x47,0x29,0x42,0x10,0x59,0xff,0xf8,0xfe,0x59,0xe6,0x03,0x39,
0x47,0x29,0xe5,0x28,0x00,0x00,0x45,0x31,0x65,0x31,0x65,0x39,0x85,0x39,0x65,0x39,
0x65,0x39,0x65,0x39,0x65,0x31,0x44,0x39,0x45,0x29,0x00,0x08,0x00,0x00,0x00,0x00,
0x00,0x00,0x00,0x00,0xe4,0x28,0xe4,0x20,0xc3,0x20,0x83,0x10,0x00,0x00,0x05,0x21,
0x26,0x31,0x26,0x29,0xc5,0x20,0xc5,0x20,0x42,0x10,0x26,0x29,0x26,0x31,0x26,0x29,
0x26,0x31,0x06,0x21,0x45,0x31,0x21,0x08,0x57,0xee,0xc2,0x38,0x46,0x31,0x26,0x29,
0x25,0x31,0x01,0x00,0xa6,0x41,0x86,0x39,0x85,0x41,0xa6,0x39,0x85,0x41,0x85,0x39,
0x65,0x41,0x85,0x39,0x64,0x39,0x65,0x31,0x44,0x31,0x00,0x00,0x00,0x00,0x00,0x00,
0x00,0x00,0x00,0x00,0xe4,0x20,0xc4,0x20,0xc4,0x18,0xa3,0x20,0xc4,0x18,0x01,0x00,
0x02,0x00,0xc4,0x20,0xc5,0x18,0xa5,0x20,0x02,0x00,0x06,0x29,0xe6,0x20,0xc5,0x20,
0x06,0x21,0x02,0x08,0x01,0x00,0xa3,0x18,0x84,0x10,0xe5,0x20,0x06,0x21,0xc5,0x20,
0x21,0x00,0x00,0x00,0x49,0x52,0xc7,0x49,0xc6,0x41,0x85,0x41,0x86,0x39,0x65,0x39,
0x85,0x39,0x65,0x39,0x65,0x31,0x44,0x31,0x45,0x29,0x00,0x08,0x00,0x00,0x00,0x00,
0x00,0x00,0x00,0x00,0xe4,0x28,0xe4,0x20,0xc4,0x20,0xe4,0x18,0xc3,0x20,0xe4,0x18,
0xc3,0x20,0x01,0x00,0x00,0x00,0x01,0x00,0x00,0x00,0x21,0x00,0x04,0x29,0x9b,0xd6,
0x9c,0xff,0xbd,0xff,0x7a,0xff,0x36,0xd6,0xa4,0x20,0x26,0x29,0x34,0xf6,0x55,0xf6,
0xbd,0xff,0xbd,0xf7,0x81,0x18,0x69,0x52,0xe6,0x49,0xc6,0x41,0xa5,0x41,0xa6,0x39,
0x85,0x41,0x85,0x39,0x65,0x39,0x65,0x31,0x44,0x31,0x00,0x00,0x00,0x00,0x00,0x00,
0x00,0x00,0x00,0x00,0x04,0x21,0xe4,0x20,0xe4,0x20,0xc4,0x20,0xe4,0x20,0xc4,0x20,
0xe5,0x20,0xe4,0x20,0x05,0x21,0x05,0x29,0x46,0x29,0x00,0x00,0x77,0xf6,0x97,0xfe,
0xbc,0xff,0x9b,0xff,0xb7,0xfe,0x55,0xfe,0x00,0x08,0x30,0x9c,0xd7,0xfe,0x96,0xfe,
0x7b,0xff,0xb0,0xbc,0x78,0xde,0x00,0x10,0x08,0x4a,0xc6,0x49,0xc6,0x39,0xa6,0x41,
0x86,0x39,0x65,0x39,0x65,0x31,0x44,0x31,0x65,0x29,0x00,0x00,0x00,0x00,0x00,0x00,
0x00,0x00,0x00,0x00,0xe3,0x28,0x04,0x21,0xe4,0x28,0x04,0x21,0xe4,0x28,0x04,0x21,
0x04,0x29,0x25,0x29,0x24,0x29,0x66,0x29,0x65,0x39,0xc7,0x39,0x00,0x00,0x41,0x08,
0x00,0x00,0x00,0x00,0x20,0x08,0x00,0x00,0x89,0x5a,0x40,0x08,0x00,0x00,0x41,0x00,
0x00,0x08,0x00,0x00,0x00,0x08,0x08,0x42,0x07,0x52,0xe7,0x41,0xc6,0x49,0xc6,0x41,
0xa5,0x41,0xa5,0x39,0x65,0x39,0x65,0x31,0x65,0x31,0x00,0x00,0x00,0x00,0x00,0x00,
0x00,0x00,0x00,0x00,0x04,0x21,0xe4,0x28,0x05,0x21,0xe4,0x28,0x25,0x21,0x04,0x29,
0x25,0x29,0x25,0x31,0x66,0x29,0x65,0x31,0xa6,0x39,0xc7,0x41,0x29,0x4a,0x8a,0x5a,
0xcb,0x62,0xca,0x6a,0xeb,0x6a,0x89,0x62,0x8a,0x5a,0x69,0x5a,0x8a,0x5a,0xca,0x6a,
0xaa,0x62,0x89,0x62,0x49,0x52,0x28,0x52,0x08,0x4a,0xe7,0x49,0xc7,0x41,0xa6,0x49,
0xc6,0x39,0x85,0x41,0x86,0x39,0x65,0x39,0x66,0x29,0x00,0x00,0x00,0x00,0x00,0x00,
0x00,0x00,0x00,0x00,0x00,0x00,0x00,0x00,0x00,0x00,0x00,0x00,0x00,0x00,0x00,0x00,
0x00,0x00,0x00,0x00,0x00,0x00,0x00,0x00,0x00,0x00,0x00,0x00,0x00,0x00,0x00,0x00,
0x00,0x00,0x00,0x00,0x00,0x00,0x00,0x00,0x00,0x00,0x00,0x00,0x00,0x00,0x00,0x00,
0x00,0x00,0x00,0x00,0x00,0x00,0x00,0xf2,0xfa,0xfb,0x01,0x00,0x00,0x00,0x00,0x00,
0x00,0x00,0x00,0x00,0x00,0x00,0x00,0x00,0x00,0x00,0x00,0x00,0x00,0x00,0x00,0x00,
0x00,0x00,0x00,0x00,0x00,0x00,0x00,0x00,0x00,0x00,0x00,0x00,0x00,0x00,0x0c,0xfc,
0xfc,0xfc,0x9b,0x00,0x00,0x00,0x00,0x00,0x00,0x00,0x00,0x00,0x00,0x00,0x00,0x00,
0x00,0x00,0x00,0x00,0x00,0x00,0x00,0x00,0x00,0x00,0x00,0x00,0x00,0x00,0x00,0x00,
0x00,0x00,0x00,0x00,0x00,0x00,0xfd,0xfd,0xfe,0xfe,0xfd,0x02,0x01,0x00,0x00,0x00,
0x00,0x00,0x00,0x00,0x01,0xf4,0xf8,0x00,0x00,0x00,0x00,0x00,0x00,0x00,0x00,0x00,
0x00,0x00,0x00,0x00,0x00,0x00,0x00,0x00,0x00,0x00,0x00,0x00,0x00,0x04,0xfd,0xfe,
0xfe,0xfe,0xfe,0xfd,0x02,0x00,0x00,0x00,0x00,0x00,0x00,0x8e,0xfa,0xfd,0xfe,0xfb,
0x00,0x00,0x00,0x00,0x00,0x00,0x00,0x00,0x00,0x00,0x00,0x00,0x00,0x00,0x00,0x00,
0x00,0x00,0x00,0x00,0x00,0xf4,0xfd,0xfe,0xfe,0xfe,0xfe,0xfd,0xf7,0x00,0x00,0x00,
0x00,0x16,0xfb,0xfd,0xfd,0xfe,0xfe,0xfc,0x00,0x00,0x00,0x00,0x00,0x00,0x00,0x00,
0x00,0x00,0x00,0x00,0x00,0x00,0x00,0x00,0x00,0x00,0x00,0x00,0x06,0xfb,0xfe,0xfe,
0xfe,0xfe,0xfe,0xfd,0xfd,0xfb,0xfb,0x04,0xf7,0xfd,0xfd,0xfe,0xfe,0xfe,0xfe,0xfc,
0x01,0x00,0x00,0x00,0x00,0x00,0x00,0x00,0x00,0x00,0x00,0x00,0x00,0x00,0x00,0x00,
0x00,0x00,0x00,0x00,0x17,0xfc,0xfe,0xfe,0xfe,0xfe,0xfe,0xfe,0xfe,0xfe,0xfe,0xfd,
0xfd,0xfd,0xfd,0xfe,0xfe,0xfe,0xfe,0xfd,0x00,0x00,0x00,0x00,0x00,0x00,0x00,0x00,
0x00,0x00,0x00,0x00,0x00,0x00,0x00,0x00,0x00,0x00,0x00,0x00,0x2d,0xfd,0xfe,0xfe,
0xfe,0xfe,0xfe,0xfe,0xfe,0xfe,0xfe,0xfe,0xfe,0xfe,0xfe,0xfe,0xfe,0xfe,0xfe,0x03,
0x00,0x00,0x00,0x00,0x00,0x00,0x00,0x00,0x00,0x00,0x00,0x00,0x00,0x00,0x00,0x00,
0x00,0x00,0x00,0x00,0xf7,0xfd,0xfe,0xfe,0xfe,0xfe,0xfe,0xfe,0xfe,0xfe,0xfe,0xfe,
0xfe,0xfe,0xfe,0xfe,0xfe,0xfe,0xfd,0x01,0x00,0x00,0x00,0x00,0x00,0x00,0x00,0x00,
0x00,0x00,0x00,0x00,0x00,0x00,0x00,0x00,0x00,0x00,0x01,0x01,0xfc,0xfe,0xfe,0xfe,
0xfe,0xfe,0xfe,0xfe,0xfe,0xfe,0xfe,0xfe,0xfe,0xfe,0xfe,0xfe,0xfe,0xfd,0xf7,0x00,
0x00,0x00,0x00,0x00,0x00,0x00,0x00,0x00,0x00,0x00,0x00,0x00,0x00,0x00,0x00,0x00,
0x00,0x00,0x01,0x62,0xfd,0xfe,0xfe,0xfe,0xfe,0xfe,0xfe,0xfe,0xfe,0xfe,0xfe,0xfe,
0xfe,0xfe,0xfe,0xfe,0xfe,0xfc,0xef,0x00,0x00,0x00,0x00,0x00,0x00,0x00,0x00,0x00,
0x00,0x00,0x00,0x00,0x00,0x00,0x00,0x00,0x01,0x01,0x01,0xfd,0xfe,0xfe,0xfe,0xfe,
0xfe,0xfe,0xfe,0xfe,0xfe,0xfe,0xfe,0xfe,0xfe,0xfe,0xfe,0xfe,0xfe,0xf9,0x03,0x00,
0x00,0x00,0x00,0x00,0x00,0x00,0x00,0x00,0x00,0x00,0x00,0x00,0x00,0x00,0x00,0x00,
0x00,0x01,0x02,0xfd,0xfe,0xfe,0xfe,0xfe,0xfe,0xfe,0xfe,0xfe,0xfe,0xfe,0xfe,0xfe,
0xfe,0xfe,0xfe,0xfe,0xfe,0xf5,0x02,0x00,0x00,0x00,0x00,0x00,0x00,0x00,0x00,0x00,
0x00,0x00,0x00,0x00,0x00,0x00,0x00,0x00,0x02,0xa2,0xf6,0xfc,0xfe,0xfe,0xfe,0xfe,
0xfe,0xfe,0xfe,0xfe,0xfe,0xff,0xfe,0xfe,0xfe,0xfe,0xff,0xff,0xfe,0xfb,0x03,0x00,
0x00,0x00,0x00,0x00,0x00,0x00,0x00,0x00,0x00,0x00,0x00,0x00,0x00,0x00,0x00,0x00,
0x00,0x01,0x14,0xfc,0xfd,0xfe,0xfe,0xfe,0xfe,0xff,0xfe,0xfe,0xfe,0xff,0xff,0xfe,
0xfe,0xff,0xfe,0xfe,0xfe,0xfc,0x03,0x00,0x00,0x00,0x00,0x00,0x00,0x00,0x00,0x00,
0x00,0x00,0x00,0x00,0x00,0x00,0x00,0x00,0x00,0xc6,0xce,0xf8,0xfd,0xfe,0xfe,0xfe,
0xfe,0xff,0xff,0xff,0xff,0xff,0xfe,0xfe,0xfe,0xff,0xfe,0xfe,0xfe,0xfb,0xf0,0xcb,
0x02,0x00,0x00,0x00,0x00,0x00,0x00,0x00,0x00,0x00,0x00,0x00,0x00,0x00,0x00,0x00,
0xd8,0x02,0x08,0xc6,0xfd,0xfe,0xfe,0xfe,0xfe,0xfe,0xff,0xff,0xff,0xff,0xff,0xff,
0xfe,0xff,0xfe,0xfe,0xfe,0xfa,0x0d,0x02,0x01,0x00,0x00,0x00,0x00,0x00,0x00,0x00,
0x00,0x00,0x00,0x00,0x00,0x00,0x00,0x00,0x02,0x04,0xfa,0xff,0xfd,0xfe,0xfe,0xfe,
0xfe,0xfe,0xfe,0xfe,0xfe,0xff,0xff,0xfe,0xfe,0xfe,0xfe,0xfe,0xfd,0x6a,0xe2,0x05,
0x02,0x00,0x00,0x01,0x00,0x00,0x00,0x00,0x00,0x00,0x00,0x00,0x00,0x00,0x00,0x00,
0x03,0xef,0xfd,0xfe,0xfe,0xfe,0xfe,0xfe,0xfe,0xfe,0xfe,0xfe,0xfe,0xfe,0xfe,0xfe,
0xfe,0xfe,0xfe,0xfc,0xfc,0x08,0x04,0x05,0xee,0xfb,0xfd,0xfc,0x00,0x00,0x00,0x00,
0x00,0x00,0x00,0x00,0x00,0x00,0x00,0x00,0x02,0xeb,0xfe,0xfe,0xfe,0xfe,0xfe,0xfe,
0xfe,0xfe,0xfe,0xfe,0xfe,0xfe,0xfe,0xfe,0xfe,0xfd,0xfb,0xf4,0x01,0x02,0x03,0xf9,
0xfe,0xfe,0xfe,0xfc,0x00,0x00,0x00,0x00,0x00,0x00,0x00,0x00,0x00,0x00,0x00,0x00,
0x02,0x07,0xfd,0xfe,0xfe,0xfe,0xfe,0xfe,0xfe,0xfe,0xfe,0xfe,0xfe,0xfe,0xfe,0xfe,
0xfe,0xfa,0x2b,0x02,0x02,0x03,0xf6,0xfe,0xfe,0xfe,0xfe,0xfe,0x00,0x00,0x00,0x00,
0x00,0x00,0x00,0x00,0x00,0x00,0x00,0x00,0x01,0xf3,0xfe,0xfe,0xfe,0xfe,0xfe,0xfe,
0xfe,0xfe,0xfe,0xfe,0xfe,0xfe,0xfe,0xfe,0xfd,0xfc,0x15,0x02,0x01,0xfc,0xfe,0xfe,
0xfe,0xfe,0xfb,0x01,0x00,0x00,0x00,0x00,0x00,0x00,0x00,0x00,0x00,0x00,0x00,0x00,
0x05,0xfd,0xfe,0xfe,0xfe,0xfe,0xfe,0xfe,0xfe,0xfe,0xfe,0xfe,0xfe,0xfe,0xfe,0xfe,
0xfe,0xfd,0xcf,0x03,0x02,0xfd,0xfe,0xfe,0xfe,0xfd,0x04,0x01,0x00,0x00,0x00,0x00,
0x00,0x00,0x00,0x00,0x00,0x00,0x00,0x00,0x05,0xfc,0xfd,0xfd,0xfc,0xfe,0xfe,0xfe,
0xfe,0xfe,0xfe,0xfe,0xfe,0xfe,0xfe,0xfe,0xfe,0xfe,0xfe,0x06,0xe1,0xfe,0xfe,0xfe,
0xfd,0x37,0x02,0x01,0x00,0x00,0x00,0x00,0x00,0x00,0x00,0x00,0x00,0x00,0x00,0x00,
0x01,0x01,0x03,0x05,0xe2,0xfe,0xfe,0xfe,0xfe,0xfe,0xfe,0xfe,0xfe,0xfe,0xfe,0xfe,
0xfe,0xfe,0xfe,0xf9,0xf8,0xfd,0xfd,0xfb,0x0f,0x01,0x00,0x00,0x00,0x00,0x00,0x00,
0x00,0x00,0x00,0x00,0x00,0x9b,0xe6,0xc0,0x01,0x01,0x01,0x01,0xdd,0xfe,0xfe,0xfe,
0xfe,0xfe,0xfe,0xfe,0xfe,0xfe,0xfe,0xfe,0xfe,0xfe,0xfe,0xfd,0xfc,0xfc,0xee,0x17,
0x04,0x01,0x00,0x00,0x00,0x00,0x00,0x00,0x00,0x00,0x00,0x00,0xf7,0xfb,0xfe,0xfe,
0x1a,0x00,0x01,0x00,0xb6,0xfd,0xfe,0xfe,0xfe,0xfe,0xfe,0xfe,0xfe,0xff,0xff,0xfe,
0xfe,0xfe,0xfe,0xfe,0xfe,0xfe,0xfd,0xfc,0xf2,0x00,0x00,0x00,0x00,0x00,0x00,0x00,
0x00,0x00,0x00,0x00,0xfd,0xfe,0xfe,0xfe,0xfa,0x02,0x01,0x00,0x39,0xfe,0xfe,0xfe,
0xfe,0xfe,0xfe,0xfe,0xfe,0xff,0xfe,0xfe,0xfe,0xfe,0xfe,0xfe,0xfe,0xfe,0xfe,0xfd,
0xfb,0x00,0x00,0x00,0x00,0x00,0x00,0x00,0x00,0x00,0x00,0xf8,0xfe,0xfe,0xfe,0xfe,
0xfb,0x02,0x02,0x01,0xfd,0xfe,0xfe,0xfe,0xfe,0xfe,0xfe,0xfe,0xfe,0xfe,0xfe,0xfe,
0xfe,0xfe,0xfe,0xfe,0xfe,0xfe,0xfe,0xfc,0x3d,0x00,0x00,0x00,0x00,0x00,0x00,0x00,
0x00,0x00,0x01,0xfb,0xfe,0xfe,0xfe,0xfe,0x66,0x02,0x02,0x06,0xfd,0xfe,0xfe,0xfe,
0xfe,0xfe,0xfe,0xfe,0xfe,0xfe,0xfe,0xfe,0xfe,0xfe,0xfe,0xfe,0xfe,0xfe,0xfe,0xfc,
0x22,0x00,0x00,0x00,0x00,0x00,0x00,0x00,0x00,0x00,0x01,0xfa,0xfe,0xfe,0xfd,0xf8,
0x02,0x01,0x02,0xf6,0xfd,0xfe,0xfe,0xfe,0xfe,0xfe,0xfe,0xfe,0xfe,0xfe,0xfe,0xfe,
0xfe,0xfe,0xfe,0xfe,0xfe,0xfe,0xfe,0xfc,0x2f,0x00,0x00,0x00,0x00,0x00,0x00,0x00,
0x00,0x00,0x01,0xf9,0xfe,0xfe,0xfd,0xf7,0x00,0x01,0x01,0xf8,0xfd,0xfe,0xfe,0xfe,
0xfe,0xfe,0xfe,0xfe,0xfe,0xfe,0xfe,0xfe,0xfe,0xfe,0xfe,0xfe,0xfe,0xfe,0xfe,0xfc,
0x00,0x00,0x00,0x00,0x00,0x00,0x00,0x00,0x00,0x00,0x01,0xf9,0xfe,0xfe,0xfd,0xf7,
0x00,0x00,0x05,0xfc,0xfd,0xfe,0xfe,0xfe,0xfe,0xfe,0xfe,0xfe,0xfe,0xfe,0xfe,0xfe,
0xfe,0xfe,0xfe,0xfe,0xfe,0xfe,0xfd,0x04,0x01,0x00,0x00,0x00,0x00,0x00,0x00,0x00,
0x00,0x00,0x00,0x44,0xfe,0xfe,0xfd,0xfd,0x04,0x01,0x06,0xfd,0xfd,0xfe,0xfe,0xfe,
0xfe,0xfe,0xfe,0xfe,0xfe,0xfe,0xfe,0xfe,0xfe,0xfe,0xfe,0xfd,0xfd,0x00,0x05,0x01,
0x00,0x00,0x00,0x00,0x00,0x00,0x00,0x00,0x00,0x00,0x00,0x00,0xfd,0xfe,0xfd,0xfd,
0xf5,0x07,0x0a,0xfd,0xfe,0xfe,0xfe,0xfe,0xfe,0xfe,0xfe,0xfe,0xfe,0xfe,0xfe,0xfe,
0xfe,0xfd,0xfd,0x0b,0x06,0x00,0x00,0x00,0x00,0x00,0x00,0x00,0x00,0x00,0x00,0x00,
0x00,0x00,0x00,0x00,0xfa,0xfe,0xfd,0xfd,0xfc,0xf9,0xfc,0xfd,0xfd,0xfd,0xfe,0xfe,
0xfe,0xfe,0xfe,0xfe,0xff,0xfe,0xfe,0xfe,0xfe,0xfd,0xfd,0x01,0x00,0x00,0x00,0x00,
0x00,0x00,0x00,0x00,0x00,0x00,0x00,0x00,0x00,0x00,0x00,0x00,0xed,0xfc,0xfd,0xfd,
0xfd,0xfd,0xfe,0xfe,0xfd,0xfe,0xfe,0xfe,0xfe,0xfe,0xfe,0xfe,0xfe,0xff,0xfe,0xfe,
0xfe,0xfd,0xfc,0x00,0x00,0x00,0x00,0x00,0x00,0x00,0x00,0x00,0x00,0x00,0x00,0x00,
0x00,0x00,0x00,0x00,0x01,0x1a,0xfc,0xfd,0xfd,0xfe,0xfe,0xfe,0xfe,0xfe,0xfe,0xfe,
0xfe,0xfe,0xfe,0xfe,0xfe,0xff,0xfe,0xfe,0xfe,0xfc,0x06,0x00,0x00,0x00,0x00,0x00,
0x00,0x00,0x00,0x00,0x00,0x00,0x00,0x00,0x00,0x00,0x00,0x00,0x00,0x00,0x01,0xf8,
0xfb,0xfc,0xfc,0xfd,0xfe,0xfe,0xfe,0xfe,0xfe,0xfe,0xfe,0xfe,0xfe,0xfe,0xfe,0xfe,
0xfe,0xfe,0x0f,0x00,0x00,0x00,0x00,0x00,0x00,0x00,0x00,0x00,0x00,0x00,0x00,0x00,
0x00,0x00,0x00,0x00,0x00,0x00,0x01,0x01,0x06,0xf8,0xfb,0xfd,0xfa,0xfc,0xfe,0xfe,
0xfe,0xfe,0xfe,0xfe,0xfe,0xfe,0xfe,0xfe,0xfe,0xfe,0xfe,0x02,0x00,0x00,0x00,0x00,
0x00,0x00,0x00,0x00,0x00,0x00,0x00,0x00,0x00,0x00,0x00,0x00,0x00,0x00,0x00,0x00,
0x00,0x01,0x01,0x01,0x01,0xfc,0xfe,0xfe,0xfe,0xfe,0xfe,0xfd,0xfc,0xfe,0xfe,0xfe,
0xfe,0xfe,0xfd,0xf5,0x00,0x00,0x00,0x00,0x00,0x00,0x00,0x00,0x00,0x00,0x00,0x00,
0x00,0x00,0x00,0x00,0x00,0x00,0x00,0x00,0x00,0x00,0x00,0x00,0x00,0x00,0xfc,0xfd,
0xfe,0xfe,0xfd,0xfa,0x40,0xfd,0xfd,0xfd,0xfe,0xfd,0xfc,0x20,0x00,0x00,0x00,0x00,
0x00,0x00,0x00,0x00,0x00,0x00,0x00,0x00,0x00,0x00,0x00,0x00,0x00,0x00,0x00,0x00,
0x00,0x00,0x00,0x00,0x00,0x00,0x00,0x00,0x01,0x00,0x00,0x00,0x01,0x00,0x00,0x00,
0x00,0x01,0x00,0x00,0x00,0x00,0x00,0x00,0x00,0x00,0x00,0x00,0x00,0x00,0x00,0x00,

};
static const lv_image_dsc_t s_partner_momo_work = {
    .header.magic = LV_IMAGE_HEADER_MAGIC,
    .header.cf = LV_COLOR_FORMAT_RGB565A8,
    .header.flags = 0,
    .header.w = 40,
    .header.h = 44,
    .header.stride = 80,
    .data_size = sizeof(s_partner_momo_work_map),
    .data = s_partner_momo_work_map,
};

static const LV_ATTRIBUTE_MEM_ALIGN LV_ATTRIBUTE_LARGE_CONST uint8_t s_partner_momo_tired_map[] = {
0x00,0x00,0x00,0x00,0x00,0x00,0x00,0x00,0x00,0x00,0x00,0x00,0x00,0x00,0x00,0x00,
0x00,0x00,0x00,0x00,0x00,0x00,0x00,0x00,0x00,0x00,0x00,0x00,0x00,0x00,0x00,0x00,
0x00,0x00,0x00,0x00,0x00,0x00,0x00,0x00,0x00,0x00,0x00,0x00,0x00,0x00,0x00,0x00,
0x00,0x00,0x00,0x00,0x00,0x00,0x00,0x00,0x00,0x00,0x00,0x00,0x00,0x00,0x00,0x00,
0x00,0x00,0x00,0x00,0x00,0x00,0x00,0x00,0x00,0x00,0x00,0x00,0x00,0x00,0x00,0x00,
0x00,0x00,0x00,0x00,0x00,0x00,0x00,0x00,0x00,0x00,0x00,0x00,0x00,0x00,0x00,0x00,
0x00,0x00,0x00,0x00,0x00,0x00,0x00,0x00,0x00,0x00,0x00,0x00,0x00,0x00,0x00,0x00,
0x00,0x00,0x00,0x00,0x00,0x00,0x00,0x00,0x00,0x00,0x00,0x00,0x00,0x00,0x00,0x00,
0x00,0x00,0x00,0x00,0x00,0x00,0x00,0x00,0x00,0x00,0x00,0x00,0x00,0x00,0x00,0x00,
0x00,0x00,0x00,0x00,0x00,0x00,0x00,0x00,0x00,0x00,0x00,0x00,0x00,0x00,0x00,0x00,
0x00,0x00,0x00,0x00,0x00,0x00,0x00,0x00,0x00,0x00,0x00,0x00,0x00,0x00,0x00,0x00,
0x00,0x00,0x00,0x00,0x00,0x00,0x00,0x00,0x00,0x00,0x00,0x00,0x00,0x00,0x00,0x00,
0x00,0x00,0x00,0x00,0x00,0x00,0x00,0x00,0x00,0x00,0x00,0x00,0x00,0x00,0x00,0x00,
0x00,0x00,0x00,0x00,0x00,0x00,0x00,0x00,0x00,0x00,0x00,0x00,0x00,0x00,0x00,0x00,
0x00,0x00,0x00,0x00,0x00,0x00,0x00,0x00,0x00,0x00,0x00,0x00,0x00,0x00,0x00,0x00,
0x00,0x00,0x00,0x00,0x00,0x00,0x00,0x00,0x00,0x00,0x00,0x00,0x00,0x00,0x00,0x00,
0x00,0x00,0x00,0x00,0x00,0x00,0x00,0x00,0x00,0x00,0x00,0x00,0x00,0x00,0x00,0x00,
0x00,0x00,0x00,0x00,0x00,0x00,0x00,0x00,0x00,0x00,0x00,0x00,0x00,0x00,0x00,0x00,
0x00,0x00,0x00,0x00,0x00,0x00,0x00,0x00,0x00,0x00,0x00,0x00,0x00,0x00,0x00,0x00,
0x00,0x00,0x00,0x00,0x00,0x00,0x00,0x00,0x00,0x00,0x00,0x00,0x00,0x00,0x00,0x00,
0x00,0x00,0x00,0x00,0x00,0x00,0x00,0x00,0x00,0x00,0x00,0x00,0x00,0x00,0x00,0x00,
0x00,0x00,0x00,0x00,0x00,0x00,0x00,0x00,0x00,0x00,0x00,0x00,0x00,0x00,0x00,0x00,
0x00,0x00,0x00,0x00,0x00,0x00,0x00,0x00,0x00,0x00,0x00,0x00,0x00,0x00,0x00,0x00,
0x00,0x00,0x00,0x00,0x00,0x00,0x00,0x00,0x00,0x00,0x00,0x00,0x00,0x00,0x00,0x00,
0x00,0x00,0x00,0x00,0x00,0x00,0x00,0x00,0x00,0x00,0x00,0x00,0x00,0x00,0x00,0x00,
0x00,0x00,0x00,0x00,0x00,0x00,0x00,0x00,0x00,0x00,0x00,0x00,0x00,0x00,0x00,0x00,
0x00,0x00,0x00,0x00,0x00,0x00,0x00,0x00,0x00,0x00,0x00,0x00,0x00,0x00,0x00,0x00,
0x00,0x00,0x00,0x00,0x00,0x00,0x00,0x00,0x00,0x00,0x00,0x00,0x00,0x00,0x00,0x00,
0x00,0x00,0x00,0x00,0x00,0x00,0x00,0x00,0x00,0x00,0x00,0x00,0x00,0x00,0x00,0x00,
0x00,0x00,0x00,0x00,0x00,0x00,0x00,0x00,0x00,0x00,0x00,0x00,0x00,0x00,0x00,0x00,
0x00,0x00,0x00,0x00,0x00,0x00,0x00,0x00,0x00,0x00,0x00,0x00,0x00,0x00,0x00,0x00,
0x00,0x00,0x00,0x00,0x00,0x00,0x00,0x00,0x00,0x00,0x00,0x00,0x00,0x00,0x00,0x00,
0x00,0x00,0x00,0x00,0x00,0x00,0x00,0x00,0x00,0x00,0x00,0x00,0x00,0x00,0x00,0x00,
0x00,0x00,0x00,0x00,0x00,0x00,0x00,0x00,0x00,0x00,0x00,0x00,0x00,0x00,0x00,0x00,
0x00,0x00,0x00,0x00,0x00,0x00,0x00,0x00,0x00,0x00,0x00,0x00,0x00,0x00,0x00,0x00,
0xc3,0x18,0x82,0x18,0x83,0x18,0x82,0x18,0x83,0x10,0x62,0x18,0x83,0x10,0x62,0x18,
0x83,0x10,0x62,0x18,0x63,0x10,0x62,0x18,0x83,0x18,0x82,0x18,0x83,0x18,0x82,0x18,
0xa3,0x18,0x83,0x20,0xa3,0x20,0xa3,0x20,0xa4,0x20,0x83,0x20,0xa4,0x18,0x83,0x18,
0x83,0x18,0x63,0x18,0x83,0x10,0x62,0x18,0x83,0x10,0x62,0x10,0x63,0x10,0x42,0x10,
0x62,0x10,0x42,0x10,0x62,0x10,0x42,0x10,0x62,0x10,0x62,0x18,0x62,0x10,0x42,0x10,
0xc2,0x20,0xc3,0x18,0xa2,0x18,0xc3,0x18,0x82,0x18,0xa2,0x18,0x82,0x18,0x82,0x10,
0x82,0x18,0x82,0x18,0x82,0x18,0x82,0x18,0x82,0x18,0xa3,0x18,0x82,0x20,0xa3,0x20,
0xa3,0x28,0xc4,0x20,0xc3,0x28,0xe4,0x28,0x00,0x08,0x21,0x00,0xe4,0x28,0xc4,0x20,
0xa3,0x20,0xa3,0x18,0x82,0x18,0xa3,0x18,0x82,0x18,0x83,0x10,0x82,0x18,0x83,0x10,
0x62,0x18,0x82,0x10,0x62,0x18,0x82,0x10,0x62,0x18,0x82,0x10,0x62,0x18,0x82,0x18,
0xc4,0x18,0xa3,0x18,0xa3,0x18,0x82,0x18,0xa3,0x10,0x82,0x18,0x83,0x10,0x82,0x18,
0x83,0x10,0x83,0x18,0x83,0x18,0x83,0x18,0x83,0x18,0x83,0x20,0xa3,0x18,0xa3,0x20,
0xc4,0x20,0xc4,0x28,0x05,0x29,0x00,0x08,0x26,0x29,0x06,0x29,0x01,0x00,0xc4,0x20,
0xa4,0x18,0x83,0x18,0x83,0x18,0x83,0x18,0x83,0x10,0x63,0x18,0x83,0x10,0x62,0x18,
0x83,0x10,0x63,0x18,0x83,0x10,0x62,0x18,0x83,0x10,0x62,0x18,0x83,0x18,0x62,0x18,
0xc3,0x20,0xc3,0x18,0xa2,0x20,0xc3,0x18,0xa2,0x18,0xa3,0x18,0x82,0x18,0xa3,0x18,
0x82,0x18,0xa3,0x18,0x82,0x20,0xa3,0x18,0x82,0x20,0xa3,0x18,0xa3,0x20,0xc3,0x20,
0xe3,0x30,0x05,0x31,0x45,0x39,0x00,0x08,0xd2,0xd4,0xc2,0x48,0x05,0x29,0x01,0x00,
0xc4,0x28,0xa4,0x18,0x83,0x20,0xa3,0x18,0x82,0x18,0x83,0x18,0x82,0x18,0x83,0x10,
0x82,0x18,0x83,0x18,0x82,0x18,0xa3,0x18,0x82,0x20,0x83,0x18,0x82,0x20,0x83,0x18,
0xc4,0x18,0xa3,0x20,0xc3,0x18,0xa3,0x18,0xa3,0x18,0x82,0x18,0xa3,0x18,0x83,0x18,
0x83,0x18,0x83,0x18,0xa3,0x18,0x83,0x18,0x84,0x18,0x83,0x20,0xa3,0x20,0xc3,0x28,
0xe5,0x30,0x05,0x39,0x02,0x00,0x05,0x29,0x4f,0xf4,0xee,0xf3,0x06,0x29,0x26,0x31,
0x01,0x00,0xc4,0x20,0xa4,0x18,0x83,0x18,0x83,0x10,0x83,0x18,0x83,0x10,0x83,0x18,
0xa4,0x18,0x83,0x18,0xa3,0x18,0xa3,0x20,0xa4,0x18,0xa3,0x20,0xa3,0x18,0xa3,0x20,
0xc3,0x20,0xc3,0x20,0xa2,0x20,0xc3,0x18,0xa3,0x20,0xc3,0x18,0xa3,0x20,0xa3,0x18,
0x83,0x18,0xa3,0x18,0x83,0x20,0xa3,0x18,0x83,0x20,0xa4,0x18,0xa3,0x28,0xe4,0x20,
0xe4,0x38,0x66,0x39,0x21,0x38,0x31,0xb4,0x2e,0xfc,0x6b,0xeb,0x26,0x31,0x46,0x29,
0x05,0x29,0x01,0x00,0xa3,0x20,0xa3,0x18,0x83,0x18,0x83,0x18,0x82,0x18,0xa3,0x18,
0xa3,0x20,0xc4,0x18,0xc3,0x20,0x42,0x10,0x00,0x00,0x01,0x00,0xc3,0x28,0xc3,0x20,
0xe4,0x18,0xc3,0x20,0xc3,0x18,0xa3,0x20,0xa3,0x18,0xa3,0x18,0xa4,0x18,0x83,0x18,
0xa4,0x18,0x83,0x18,0xa4,0x18,0x83,0x18,0xa4,0x18,0xa3,0x20,0xc4,0x20,0xc4,0x28,
0x05,0x31,0x25,0x41,0x21,0x30,0x34,0xdd,0x0f,0xfc,0x6c,0xf3,0x63,0x08,0x06,0x29,
0x26,0x29,0x01,0x00,0xc4,0x18,0x83,0x18,0xa4,0x18,0x83,0x18,0x84,0x18,0x83,0x18,
0xc4,0x18,0x01,0x08,0x01,0x00,0x42,0x10,0x26,0x29,0x06,0x29,0x00,0x00,0xe4,0x28,
0xc3,0x20,0xc3,0x18,0xa3,0x20,0xc3,0x18,0xa3,0x20,0xc3,0x18,0xa3,0x20,0xa3,0x18,
0xa3,0x18,0xc3,0x18,0xa3,0x20,0xc4,0x18,0x00,0x08,0x21,0x00,0x00,0x00,0x21,0x00,
0x04,0x39,0x66,0x41,0x00,0x38,0xd2,0xd4,0x0e,0xfc,0xee,0xf3,0xae,0xbb,0x21,0x48,
0x46,0x31,0x06,0x29,0x00,0x00,0x00,0x00,0x00,0x08,0xa4,0x18,0xa3,0x20,0xc4,0x18,
0x00,0x08,0x83,0x10,0x26,0x31,0x47,0x31,0xe4,0x40,0xc8,0x59,0x00,0x08,0x24,0x29,
0xe4,0x18,0xc3,0x20,0xc4,0x18,0xa3,0x20,0xc4,0x18,0xa3,0x18,0xa4,0x18,0xa3,0x18,
0xc4,0x18,0x00,0x00,0x01,0x00,0x00,0x00,0x84,0x10,0x06,0x29,0x26,0x29,0xe5,0x28,
0x01,0x00,0x01,0x00,0x21,0x40,0xb2,0xd4,0xb2,0xd4,0x00,0x40,0xa8,0x51,0x42,0x28,
0x47,0x29,0x06,0x29,0x27,0x29,0x46,0x31,0x63,0x08,0x01,0x00,0x01,0x00,0x00,0x00,
0x47,0x29,0x06,0x29,0x26,0x29,0xe5,0x20,0x71,0xe4,0x24,0x81,0x00,0x08,0x05,0x31,
0xc3,0x20,0xe4,0x20,0xc3,0x20,0xc4,0x18,0xc3,0x20,0xc4,0x18,0xa3,0x18,0x01,0x00,
0x01,0x08,0x46,0x29,0x26,0x31,0x26,0x29,0x26,0x31,0x46,0x29,0x26,0x31,0x46,0x29,
0x25,0x29,0x01,0x00,0x61,0x58,0xb2,0xd4,0x50,0xcc,0x20,0x40,0x46,0x31,0x46,0x29,
0x26,0x31,0x46,0x29,0x26,0x31,0x46,0x29,0x26,0x31,0x46,0x29,0x00,0x00,0x05,0x21,
0x26,0x31,0x06,0x29,0x00,0x40,0x50,0xcc,0xb1,0xf4,0x85,0x81,0x00,0x10,0x65,0x31,
0xc4,0x18,0xc3,0x20,0xc4,0x18,0xa3,0x18,0xa4,0x18,0x42,0x10,0x01,0x00,0x25,0x29,
0x26,0x29,0x26,0x29,0x26,0x29,0x05,0x29,0x26,0x29,0x26,0x29,0x06,0x29,0xe5,0x28,
0x05,0x59,0x00,0x28,0x46,0x41,0x4a,0x6a,0x26,0x29,0x06,0x29,0x26,0x29,0x26,0x29,
0x26,0x29,0x26,0x29,0x27,0x29,0x06,0x29,0x27,0x29,0x06,0x29,0x27,0x29,0x26,0x31,
0xe6,0x20,0x22,0x08,0x0b,0xeb,0xce,0xfb,0xb2,0xe4,0x64,0x81,0x00,0x08,0x45,0x39,
0xc3,0x20,0xc4,0x18,0xc3,0x20,0xc4,0x18,0xc3,0x18,0x01,0x00,0x26,0x31,0x26,0x29,
0x25,0x31,0x46,0x29,0x05,0x29,0x26,0x29,0x25,0x31,0x26,0x29,0xc4,0x40,0xc4,0x38,
0x86,0x91,0x00,0x40,0x05,0x29,0x26,0x29,0x25,0x31,0x26,0x29,0x25,0x31,0x46,0x29,
0x26,0x31,0x46,0x29,0x26,0x31,0x26,0x29,0x26,0x31,0x26,0x29,0x25,0x31,0x26,0x29,
0x05,0x39,0x25,0x31,0x0a,0xf3,0x0e,0xfc,0x12,0xdd,0x00,0x20,0x65,0x51,0x45,0x49,
0xc4,0x18,0xc4,0x20,0xa4,0x18,0xa4,0x20,0x01,0x00,0x26,0x29,0x27,0x29,0x06,0x29,
0x26,0x29,0x05,0x29,0x26,0x29,0x06,0x29,0x06,0x21,0xe5,0x28,0x00,0x50,0x49,0xba,
0x26,0x61,0x00,0x30,0x26,0x29,0x26,0x29,0x26,0x29,0x06,0x29,0x26,0x29,0x26,0x29,
0x26,0x29,0x06,0x29,0x26,0x29,0x26,0x29,0x26,0x29,0x06,0x29,0x26,0x29,0x06,0x29,
0x46,0x29,0x26,0x29,0xca,0xca,0x0f,0xfc,0xf3,0xd4,0x00,0x28,0x66,0x49,0x24,0x41,
0xc3,0x20,0xc4,0x18,0xc3,0x18,0x01,0x00,0x01,0x08,0x46,0x29,0x26,0x31,0x46,0x29,
0x05,0x29,0x26,0x29,0x05,0x29,0x46,0x29,0x05,0x29,0xe5,0x20,0x00,0x58,0x08,0xaa,
0x00,0x08,0x25,0x29,0x25,0x31,0x46,0x29,0x25,0x31,0x26,0x29,0x25,0x31,0x26,0x29,
0x26,0x31,0x26,0x29,0x05,0x29,0x26,0x29,0x26,0x31,0x26,0x29,0x25,0x31,0x26,0x29,
0x26,0x31,0x46,0x29,0x81,0x50,0xd3,0xd4,0x65,0x39,0x21,0x10,0x44,0x49,0x24,0x39,
0xc4,0x18,0xa3,0x18,0xa4,0x18,0x01,0x00,0x26,0x29,0x26,0x29,0x27,0x29,0x06,0x29,
0x26,0x29,0xc5,0x20,0xc5,0x20,0xa5,0x20,0xc5,0x20,0x02,0x10,0x46,0xe9,0x83,0xd8,
0xc5,0x18,0x26,0x31,0x26,0x29,0x06,0x29,0x26,0x29,0x06,0x29,0x26,0x29,0x06,0x29,
0x26,0x29,0x06,0x29,0x26,0x29,0x05,0x29,0x26,0x29,0x26,0x29,0x26,0x29,0x05,0x29,
0x46,0x29,0x26,0x31,0xa3,0x50,0x72,0xd4,0x01,0x08,0x25,0x39,0x25,0x39,0xe4,0x38,
0xc3,0x20,0xc4,0x18,0x01,0x08,0x42,0x08,0x25,0x31,0x26,0x29,0x26,0x31,0x26,0x29,
0x25,0x31,0x46,0x29,0x05,0x31,0x05,0x21,0x00,0x60,0x8a,0xba,0x25,0xf9,0x42,0xd0,
0x22,0x10,0x84,0x18,0x05,0x29,0x46,0x29,0x67,0x39,0x26,0x29,0x05,0x29,0x26,0x29,
0x05,0x29,0x46,0x29,0x26,0x31,0x26,0x29,0x25,0x31,0x26,0x29,0x05,0x29,0x26,0x29,
0x26,0x31,0x46,0x29,0x26,0x31,0x46,0x29,0x00,0x08,0x25,0x29,0xe3,0x30,0xe4,0x28,
0xc4,0x18,0xa4,0x20,0x02,0x00,0x26,0x29,0x26,0x29,0x06,0x29,0x26,0x29,0x06,0x29,
0x26,0x29,0x06,0x29,0x26,0x29,0x06,0x29,0xa3,0x38,0xa3,0x40,0xc5,0xd8,0x42,0xd0,
0x06,0x21,0x06,0x29,0x06,0x21,0x26,0x31,0x63,0x08,0xe5,0x20,0x47,0x29,0x06,0x29,
0x06,0x21,0x26,0x31,0x46,0x29,0x06,0x29,0x46,0x29,0x05,0x29,0x26,0x29,0x06,0x29,
0x26,0x29,0x26,0x31,0x26,0x29,0x05,0x29,0x00,0x00,0xe4,0x28,0xc4,0x28,0xc3,0x28,
0xa3,0x20,0xc4,0x18,0x01,0x08,0x46,0x29,0x25,0x31,0x26,0x29,0x05,0x29,0x26,0x29,
0x26,0x31,0x26,0x29,0x25,0x31,0x46,0x29,0x25,0x29,0x01,0x00,0x00,0x30,0x83,0x48,
0x00,0x08,0x01,0x00,0x25,0x31,0x66,0x31,0x46,0x31,0x22,0x00,0x01,0x08,0x22,0x00,
0xe5,0x28,0x46,0x29,0x9b,0xff,0xdd,0xff,0x05,0x29,0x26,0x29,0x26,0x31,0x26,0x29,
0x26,0x31,0x26,0x29,0x26,0x31,0x06,0x29,0x00,0x08,0xc3,0x18,0xa3,0x28,0xc3,0x20,
0xc4,0x18,0x00,0x00,0xe6,0x20,0xc5,0x20,0x26,0x29,0x05,0x29,0x26,0x29,0x06,0x29,
0x26,0x29,0x05,0x29,0x26,0x29,0x26,0x31,0x07,0x29,0xe6,0x28,0x00,0x50,0x87,0xa1,
0x01,0x00,0x01,0x08,0x26,0x29,0x26,0x31,0x27,0x29,0x46,0x31,0x06,0x21,0x26,0x31,
0x48,0x52,0x5c,0xff,0x9b,0xff,0x7a,0xff,0xc5,0x18,0x43,0x10,0x45,0x31,0x04,0x31,
0xa9,0x62,0x03,0x31,0x06,0x21,0xc5,0x20,0x01,0x00,0x00,0x00,0xa3,0x18,0xa3,0x20,
0xc4,0x18,0x01,0x00,0xc5,0x28,0xc5,0x20,0x05,0x29,0x46,0x29,0x26,0x31,0x26,0x29,
0x25,0x31,0x26,0x29,0x25,0x31,0x46,0x29,0x26,0x31,0x26,0x29,0x00,0x00,0x00,0x00,
0x04,0x79,0x00,0x38,0x26,0x31,0x26,0x29,0x05,0x29,0x29,0x4a,0x7a,0xff,0x9b,0xff,
0xbb,0xff,0xbb,0xff,0x90,0xf4,0xb4,0xfd,0x9d,0xff,0x65,0x31,0xa2,0x28,0x44,0x31,
0x01,0x08,0x46,0x29,0xa4,0x20,0xc5,0x20,0x00,0x08,0xa3,0x10,0x00,0x08,0xc3,0x18,
0xc4,0x10,0x01,0x00,0x27,0x29,0xe5,0x28,0xc5,0x20,0x06,0x31,0x47,0x29,0x06,0x29,
0x26,0x29,0x06,0x29,0x46,0x29,0x26,0x31,0x27,0x29,0xc5,0x28,0x02,0x00,0x63,0x10,
0xc4,0xa8,0xa4,0xa8,0xa5,0x18,0x27,0x29,0x5b,0xf7,0x7b,0xff,0x9b,0xff,0x9b,0xff,
0xbc,0xff,0x7a,0xff,0x91,0xd4,0x1a,0xff,0xbd,0xff,0xbc,0xff,0x26,0x29,0x47,0x31,
0x26,0x29,0x06,0x29,0x43,0x08,0x43,0x10,0xa4,0x18,0x83,0x18,0x83,0x18,0x83,0x18,
0xa3,0x18,0x01,0x00,0x46,0x31,0x46,0x29,0x22,0x10,0xc5,0x18,0xc5,0x28,0x26,0x29,
0x26,0x31,0x06,0x29,0xe5,0x28,0xc5,0x20,0x02,0x08,0x02,0x00,0x01,0x08,0x22,0x00,
0x00,0x08,0x00,0x00,0xe5,0x28,0x02,0x08,0x75,0xee,0x7a,0xff,0x9b,0xff,0xbb,0xff,
0x52,0xf5,0xe5,0x81,0x8f,0xc4,0x7b,0xff,0x9a,0xff,0x9b,0xff,0x5b,0xff,0x64,0x31,
0x46,0x31,0x05,0x21,0xe4,0x20,0x01,0x00,0x21,0x08,0x83,0x10,0xa3,0x20,0xc3,0x18,
0xa4,0x18,0x01,0x00,0x47,0x29,0x26,0x31,0x26,0x21,0x42,0x10,0x23,0x08,0xe6,0x20,
0xc6,0x20,0xc5,0x20,0x02,0x00,0x63,0x10,0x06,0x21,0x26,0x31,0x27,0x29,0x26,0x29,
0x66,0x31,0x52,0x94,0x93,0x94,0x42,0x10,0x42,0x00,0x00,0x00,0xd8,0xee,0xf9,0xfe,
0xd9,0xe6,0xd9,0xee,0x77,0xe6,0x39,0xff,0x9b,0xff,0x5a,0xff,0x1b,0xe7,0xb9,0xe6,
0xe5,0x20,0xe5,0x20,0x01,0x00,0xe4,0x20,0xe4,0x18,0x01,0x08,0xc3,0x18,0xa3,0x18,
0xa3,0x18,0xa3,0x10,0x22,0x10,0x46,0x29,0x26,0x31,0x47,0x29,0x83,0x18,0x63,0x08,
0x43,0x18,0x84,0x10,0x05,0x29,0x46,0x29,0x26,0x31,0x26,0x29,0x05,0x29,0x46,0x29,
0x6f,0xa4,0x9c,0xff,0x9c,0xff,0x9c,0xf7,0x96,0xbd,0x82,0x10,0xe5,0x20,0x42,0x08,
0x3a,0xf7,0x7b,0xf7,0xca,0x62,0x03,0x21,0x91,0x9c,0x61,0x10,0x98,0xe6,0x16,0xce,
0x00,0x08,0xc3,0x18,0x65,0x39,0x25,0x29,0x04,0x29,0xe4,0x20,0xc3,0x20,0xc3,0x20,
0xa4,0x10,0x83,0x18,0x01,0x00,0x06,0x29,0x47,0x29,0x26,0x29,0x47,0x29,0x26,0x31,
0x47,0x29,0x06,0x29,0x26,0x29,0x06,0x29,0x27,0x29,0x06,0x29,0x06,0x21,0x06,0x29,
0x04,0x21,0x9e,0xff,0x9b,0xff,0x7b,0xff,0x9c,0xf7,0x20,0x10,0x00,0x00,0x7c,0xff,
0x9b,0xff,0x9b,0xff,0x7a,0xff,0xd8,0xf6,0x20,0x08,0x9d,0xff,0xbc,0xff,0x9b,0xff,
0x1b,0xef,0x00,0x10,0xa7,0x39,0x45,0x31,0x25,0x21,0xe4,0x28,0xe4,0x20,0xc3,0x20,
0xa3,0x18,0xc3,0x18,0xa3,0x18,0x01,0x00,0x46,0x31,0x46,0x29,0x26,0x31,0x46,0x29,
0x26,0x31,0x26,0x29,0x46,0x31,0x26,0x29,0x26,0x31,0x46,0x29,0x26,0x31,0x26,0x29,
0x9b,0xff,0x9b,0xff,0x9b,0xff,0x9b,0xff,0x9b,0xff,0x9c,0xff,0x00,0x08,0x7c,0xf7,
0x9c,0xff,0xfd,0xff,0x7a,0xff,0x39,0xff,0x00,0x10,0x99,0xde,0x9a,0xff,0x76,0xee,
0xfa,0xf6,0x00,0x10,0xc6,0x41,0x65,0x31,0x24,0x31,0x24,0x29,0xe3,0x28,0xe4,0x20,
0xa4,0x18,0xa3,0x18,0xa4,0x10,0x42,0x10,0x02,0x00,0xe5,0x20,0x27,0x29,0x06,0x29,
0x27,0x29,0x26,0x29,0x46,0x29,0x05,0x29,0x26,0x29,0x06,0x29,0xe5,0x20,0x06,0x29,
0x24,0x39,0xba,0xf6,0x5a,0xf7,0x7a,0xff,0x7b,0xff,0x19,0xff,0x01,0x00,0x21,0x08,
0x34,0xf6,0x51,0xe5,0x39,0xff,0x93,0xdd,0x00,0x10,0x36,0xde,0x56,0xf6,0x92,0xe5,
0x41,0x08,0xc7,0x41,0xc7,0x39,0x65,0x31,0x45,0x29,0x04,0x29,0x04,0x21,0xc3,0x20,
0xa3,0x18,0xc3,0x18,0x83,0x18,0xa3,0x18,0xa3,0x18,0x01,0x00,0x01,0x08,0xe5,0x20,
0xc4,0x28,0x46,0x29,0xe5,0x28,0xe5,0x20,0xc5,0x20,0xa5,0x18,0x00,0x08,0x21,0x00,
0x00,0x08,0x41,0x08,0x6a,0x83,0x7b,0xff,0xfa,0xf6,0x00,0x10,0x65,0x39,0x2c,0x6b,
0x20,0x08,0x20,0x00,0x40,0x08,0x40,0x00,0xca,0x62,0x40,0x08,0x20,0x08,0x41,0x00,
0x07,0x52,0x07,0x42,0xa6,0x41,0x85,0x31,0x44,0x31,0x24,0x29,0x03,0x29,0xe4,0x20,
0xa3,0x18,0xa3,0x18,0xa4,0x10,0x83,0x18,0xa4,0x18,0x83,0x18,0xc4,0x10,0x00,0x00,
0x01,0x00,0x00,0x00,0x01,0x00,0x01,0x00,0x01,0x00,0x01,0x08,0x45,0x29,0x66,0x39,
0xe7,0x41,0x08,0x4a,0xc3,0x18,0xe3,0x20,0xc3,0x18,0x45,0x31,0xca,0x5a,0xa9,0x62,
0xca,0x5a,0xaa,0x62,0xca,0x5a,0x89,0x62,0x8a,0x5a,0x69,0x5a,0x49,0x52,0x28,0x52,
0x08,0x42,0xa6,0x41,0xa6,0x31,0x45,0x31,0x45,0x29,0x04,0x29,0x04,0x21,0xe3,0x20,
0xa3,0x20,0xc3,0x18,0xa3,0x20,0xa3,0x18,0xa3,0x18,0xa3,0x18,0xa3,0x18,0xc4,0x18,
0xa3,0x20,0xc4,0x18,0xa3,0x20,0xc4,0x18,0xe4,0x20,0x05,0x21,0x24,0x31,0x66,0x31,
0xa6,0x39,0xe7,0x41,0x27,0x52,0x49,0x52,0x68,0x5a,0x89,0x52,0x68,0x5a,0x69,0x52,
0x68,0x5a,0x69,0x52,0x48,0x5a,0x68,0x52,0x47,0x52,0x48,0x52,0x07,0x4a,0x07,0x4a,
0xc6,0x49,0xa6,0x39,0x65,0x39,0x65,0x31,0x24,0x31,0x24,0x29,0x03,0x29,0x04,0x21,
0x00,0x00,0x00,0x00,0x00,0x00,0x00,0x00,0x00,0x00,0x00,0x00,0x00,0x00,0x00,0x00,
0x00,0x00,0x00,0x00,0x00,0x00,0x00,0x00,0x00,0x00,0x00,0x00,0x00,0x00,0x00,0x00,
0x00,0x00,0x00,0x00,0x00,0x00,0x00,0x00,0x00,0x00,0x00,0x00,0x00,0x00,0x00,0x00,
0x00,0x00,0x00,0x00,0x00,0x00,0x00,0x00,0x00,0x00,0x00,0x00,0x00,0x00,0x00,0x00,
0x00,0x00,0x00,0x00,0x00,0x00,0x00,0x00,0x00,0x00,0x00,0x00,0x00,0x00,0x00,0x00,
0x00,0x00,0x00,0x00,0x00,0x00,0x00,0x00,0x00,0x00,0x00,0x00,0x00,0x00,0x00,0x00,
0x00,0x00,0x00,0x00,0x00,0x00,0x00,0x00,0x00,0x00,0x00,0x00,0x00,0x00,0x00,0x00,
0x00,0x00,0x00,0x00,0x00,0x00,0x00,0x00,0x00,0x00,0x00,0x00,0x00,0x00,0x00,0x00,
0x00,0x00,0x00,0x00,0x00,0x00,0x00,0x00,0x00,0x00,0x00,0x00,0x00,0x00,0x00,0x00,
0x00,0x00,0x00,0x00,0x00,0x00,0x00,0x00,0x00,0x00,0x00,0x00,0x00,0x00,0x00,0x00,
0x00,0x00,0x00,0x00,0x00,0x00,0x00,0x00,0x00,0x00,0x00,0x00,0x00,0x00,0x00,0x00,
0x00,0x00,0x00,0x00,0x00,0x00,0x00,0x00,0x00,0x00,0x00,0x00,0x00,0x00,0x00,0x00,
0x00,0x00,0x00,0x00,0x00,0x00,0x00,0x00,0x00,0x00,0x00,0x00,0x00,0x00,0x00,0x00,
0x00,0x00,0x00,0x00,0x00,0x00,0x00,0x00,0x00,0x00,0x00,0x00,0x00,0x00,0x00,0x00,
0x00,0x00,0x00,0x00,0x00,0x00,0x00,0x00,0x00,0x00,0x00,0x00,0x00,0x00,0x00,0x00,
0x00,0x00,0x00,0x00,0x00,0x00,0x00,0x00,0x00,0x00,0x00,0x00,0x00,0x00,0x00,0x00,
0x00,0x00,0x00,0x00,0x00,0x00,0x00,0x00,0x00,0x00,0x00,0x00,0x00,0x00,0x00,0x00,
0x00,0x00,0x00,0x00,0x00,0x00,0x00,0x00,0x00,0x00,0x00,0x00,0x00,0x00,0x00,0x00,
0x00,0x00,0x00,0x00,0x00,0x00,0x00,0x00,0x00,0x00,0x00,0x00,0x00,0x00,0x00,0x00,
0x00,0x00,0x00,0x00,0x00,0x00,0x00,0x00,0x00,0x00,0x00,0x00,0x00,0x00,0x00,0x00,
0x00,0x00,0x00,0x00,0x00,0x00,0x00,0x00,0x00,0x00,0x00,0x00,0x00,0x00,0x00,0x00,
0x00,0x00,0x00,0x00,0x00,0x00,0x00,0x00,0x00,0x00,0x00,0x00,0x00,0x00,0x00,0x00,
0x00,0x00,0x00,0x00,0x00,0x00,0x00,0x00,0x00,0x00,0x00,0x00,0x00,0x00,0x00,0x00,
0x00,0x00,0x00,0x00,0x00,0x00,0x00,0x00,0x00,0x00,0x00,0x00,0x00,0x00,0x00,0x00,
0x00,0x00,0x00,0x00,0x00,0x00,0x00,0x00,0x00,0x00,0x00,0x00,0x00,0x00,0x00,0x00,
0x00,0x00,0x00,0x00,0x00,0x00,0x00,0x00,0x00,0x00,0x00,0x00,0x00,0x00,0x00,0x00,
0x00,0x00,0x00,0x00,0x00,0x00,0x00,0x00,0x00,0x00,0x00,0x00,0x00,0x00,0x00,0x00,
0x00,0x00,0x00,0x00,0x00,0x00,0x00,0x00,0x00,0x00,0x00,0x00,0x00,0x00,0x00,0x00,
0x00,0x00,0x00,0x00,0x00,0x00,0x00,0x00,0x00,0x00,0x00,0x00,0x00,0x00,0x00,0x00,
0x00,0x00,0x00,0x00,0x00,0x00,0x00,0x00,0x00,0x00,0x00,0x00,0x00,0x00,0x00,0x00,
0x00,0x00,0x00,0x00,0x00,0x00,0x00,0x00,0x00,0x00,0x00,0x00,0x00,0x00,0x00,0x00,
0x00,0x00,0x00,0x00,0x00,0x00,0x00,0x00,0x00,0x00,0x00,0x00,0x00,0x00,0x00,0x00,
0x00,0x00,0x00,0x00,0x00,0x00,0x00,0x00,0x00,0x00,0x00,0x00,0x00,0x00,0x00,0x00,
0x00,0x00,0x00,0x00,0x00,0x00,0x00,0x00,0x00,0x00,0x00,0x00,0x00,0x00,0x00,0x00,
0x00,0x00,0x00,0x00,0x00,0x00,0x00,0x00,0x00,0x00,0x00,0x00,0x00,0x00,0x00,0x00,
0x00,0x00,0x00,0x00,0x00,0x00,0x00,0x00,0x00,0x00,0x00,0x00,0x00,0x00,0x00,0x00,
0x00,0x00,0x00,0x00,0x00,0x00,0x00,0x00,0x00,0x00,0x00,0x00,0x00,0x00,0x00,0x00,
0x00,0x00,0x00,0x00,0x00,0x00,0x00,0x00,0x00,0x00,0x00,0x00,0x00,0x00,0x00,0x00,
0x00,0x00,0x00,0x00,0x00,0x00,0x00,0x00,0x00,0x00,0x00,0x00,0x00,0x00,0x00,0x00,
0x00,0x00,0x00,0x00,0x00,0x00,0x00,0x00,0x00,0x00,0x00,0x00,0x00,0x00,0x00,0x00,
0x00,0x00,0x00,0x00,0x00,0x00,0x00,0x00,0x00,0x00,0x00,0x00,0x00,0x00,0x00,0x00,
0x00,0x00,0x00,0x00,0x00,0x00,0x00,0x00,0x00,0x00,0x00,0x00,0x00,0x00,0x00,0x00,
0x00,0x00,0x00,0x00,0x00,0x00,0x00,0x00,0x00,0x00,0x00,0x00,0x00,0x00,0x00,0x00,
0x00,0x00,0x00,0x00,0x00,0x00,0x00,0x00,0x00,0x00,0x00,0x00,0x00,0x00,0x00,0x00,
0x00,0x00,0x00,0x00,0x00,0x00,0x00,0x00,0x00,0x00,0x00,0x00,0x00,0x00,0x00,0x00,
0x00,0x00,0x00,0x00,0x00,0x00,0x00,0x00,0x00,0x00,0x00,0x00,0x00,0x00,0x00,0x00,
0x00,0x00,0x00,0x00,0x00,0x00,0x00,0x00,0x00,0x00,0x00,0x00,0x00,0x00,0x00,0x00,
0x00,0x00,0x00,0x00,0x00,0x00,0x00,0x00,0x00,0x00,0x00,0x00,0x00,0x00,0x00,0x00,
0x00,0x00,0x00,0x00,0x00,0x00,0x00,0x00,0x00,0x00,0x00,0x00,0x00,0x00,0x00,0x00,
0x00,0x00,0x00,0x00,0x00,0x00,0x00,0x00,0x00,0x00,0x00,0x00,0x00,0x00,0x00,0x00,
0x00,0x00,0x00,0x00,0x00,0x00,0x00,0x00,0x00,0x00,0x00,0x00,0x00,0x00,0x00,0x00,
0x00,0x00,0x00,0x00,0x00,0x00,0x00,0x00,0x00,0x00,0x00,0x00,0x00,0x00,0x00,0x00,
0x00,0x00,0x00,0x00,0x00,0x00,0x00,0x00,0x00,0x00,0x00,0x00,0x00,0x00,0x00,0x00,
0x00,0x00,0x00,0x00,0x00,0x00,0x00,0x00,0x00,0x00,0x00,0x00,0x00,0x00,0x00,0x00,
0x00,0x00,0x00,0x00,0x00,0x00,0x00,0x00,0x00,0x00,0x00,0x00,0x00,0x00,0x00,0x00,
0x00,0x00,0x00,0x00,0x00,0x00,0x00,0x00,0x00,0x00,0x00,0x00,0x00,0x00,0x00,0x00,
0x00,0x00,0x00,0x01,0xf8,0xf9,0x05,0x00,0x00,0x00,0x00,0x00,0x00,0x00,0x00,0x00,
0x00,0x00,0x00,0x00,0x00,0x00,0x00,0x00,0x00,0x00,0x00,0x00,0x00,0x00,0x00,0x00,
0x00,0x00,0x00,0x00,0x00,0x00,0x00,0x00,0x00,0x00,0x00,0xf4,0xfa,0xfc,0xfb,0x09,
0x00,0x00,0x00,0x00,0x00,0x00,0x00,0x00,0x00,0x00,0x00,0x00,0x00,0x00,0x00,0x00,
0x00,0x00,0x00,0x00,0x00,0x00,0x00,0x00,0x00,0x00,0x00,0x00,0x00,0x00,0x00,0x00,
0x00,0x00,0x32,0xfc,0xfd,0xfd,0xfd,0xfc,0x12,0x01,0x00,0x00,0x00,0x00,0x00,0x00,
0x00,0x00,0x00,0x00,0x00,0x00,0x00,0x00,0x00,0x00,0x00,0x00,0x00,0x00,0x00,0x00,
0x00,0x00,0x00,0x00,0x00,0x00,0x00,0x00,0x00,0x00,0xfd,0xfd,0xfd,0xfe,0xfe,0xfd,
0xfa,0x02,0x00,0x00,0x00,0x00,0x00,0x00,0x00,0x00,0x00,0x00,0x00,0x00,0x00,0x00,
0x00,0x00,0x00,0x00,0x00,0x00,0x00,0x00,0x00,0x00,0x00,0x00,0x00,0x00,0x00,0x00,
0x01,0x07,0xfd,0xfe,0xfe,0xfe,0xfe,0xfe,0xfe,0xfe,0x00,0x00,0x00,0x00,0x00,0x00,
0x00,0x00,0x00,0xae,0xf8,0xef,0x01,0x00,0x00,0x00,0x00,0x00,0x00,0x00,0x00,0x00,
0x00,0x00,0x00,0x00,0x00,0x00,0x00,0x00,0x01,0x29,0xfe,0xfe,0xfe,0xfe,0xfe,0xfe,
0xfe,0xfd,0x07,0x01,0x00,0x00,0x00,0x00,0x01,0xc7,0xfb,0xfd,0xfe,0xfd,0xfb,0x00,
0x00,0x00,0x00,0x00,0x00,0x00,0x00,0x00,0x00,0x00,0x00,0x04,0xc3,0xf3,0xf6,0xf6,
0x06,0x26,0xfe,0xfe,0xfe,0xfe,0xfe,0xfe,0xfe,0xfe,0xfa,0xf8,0xf2,0x01,0x01,0x1a,
0xfb,0xfd,0xfd,0xfd,0xfe,0xfd,0xfd,0x01,0x00,0x00,0x00,0x00,0x00,0x00,0x01,0x01,
0x03,0xfb,0xfa,0xfc,0xfd,0xfd,0xfd,0xfd,0xfd,0xfe,0xfe,0xfe,0xfe,0xfe,0xfe,0xfe,
0xfe,0xfe,0xfe,0xfd,0xfd,0xfc,0xf6,0xfc,0xfd,0xfe,0xfe,0xfe,0xfe,0xfd,0xfb,0x01,
0x00,0x00,0x00,0x00,0x00,0x00,0x03,0xf4,0xfc,0xfc,0xfd,0xfd,0xfd,0xfe,0xfe,0xfe,
0xfe,0xfe,0xfe,0xfe,0xfe,0xfe,0xfe,0xfe,0xfe,0xfe,0xfe,0xfe,0xfd,0xfd,0xfd,0xfd,
0xfe,0xfe,0xfe,0xfe,0xfe,0xfd,0xf9,0x01,0x00,0x00,0x00,0x00,0x01,0x58,0xfb,0xfd,
0xfd,0xfd,0xfd,0xfd,0xfe,0xfe,0xfe,0xfe,0xfe,0xfe,0xfe,0xfe,0xfe,0xfe,0xfe,0xfe,
0xfe,0xfe,0xfe,0xfe,0xfe,0xfd,0xfe,0xfe,0xfe,0xfe,0xfe,0xfe,0xfe,0xfd,0xfc,0x01,
0x00,0x00,0x00,0x00,0x03,0xf7,0xfd,0xfe,0xfd,0xfd,0xfd,0xfe,0xfe,0xfe,0xfe,0xfe,
0xfe,0xfe,0xfe,0xfe,0xfe,0xfe,0xfe,0xfe,0xfe,0xfe,0xfe,0xfe,0xfe,0xfe,0xfe,0xfe,
0xfe,0xfe,0xfe,0xfe,0xfe,0xfd,0x05,0x01,0x00,0x00,0x00,0x00,0xf9,0xfc,0xfd,0xfe,
0xfe,0xfe,0xfe,0xfe,0xfe,0xfe,0xfe,0xfe,0xfe,0xfe,0xfe,0xfe,0xfe,0xfe,0xfe,0xfe,
0xfe,0xfe,0xfe,0xfe,0xfe,0xfe,0xfe,0xfe,0xfe,0xfe,0xfe,0xfe,0xfe,0xfc,0x01,0x01,
0x00,0x00,0x01,0xf3,0xfd,0xfd,0xfe,0xfe,0xfe,0xfe,0xfe,0xfe,0xfe,0xfe,0xfe,0xfe,
0xfe,0xfe,0xfe,0xfe,0xfe,0xfe,0xfe,0xfe,0xfe,0xfd,0xfd,0xfe,0xfe,0xfe,0xfe,0xfe,
0xfe,0xfe,0xfe,0xfe,0xfd,0xd3,0x00,0x00,0x00,0x00,0x00,0xfc,0xfd,0xfd,0xfe,0xfe,
0xfe,0xfe,0xfe,0xfe,0xfe,0xfe,0xfe,0xfe,0xfe,0xfe,0xfe,0xfe,0xfe,0xfe,0xfe,0xfe,
0xfe,0xfe,0xfd,0xfe,0xfe,0xfe,0xfe,0xfe,0xfe,0xfe,0xfe,0xfe,0xfc,0x04,0x00,0x00,
0x00,0x00,0x7b,0xfc,0xfd,0xfd,0xfe,0xfd,0xfe,0xfe,0xfe,0xfe,0xfe,0xfe,0xfe,0xfe,
0xfe,0xfe,0xfe,0xfe,0xfe,0xfe,0xfe,0xfe,0xfe,0xfe,0xfe,0xfe,0xfe,0xfe,0xfe,0xfe,
0xfe,0xfe,0xfe,0xfd,0xf8,0x01,0x00,0x00,0x00,0x01,0xfa,0xfc,0xfd,0xfd,0xfe,0xfd,
0xfd,0xfe,0xfe,0xfe,0xfe,0xfe,0xfe,0xfe,0xfe,0xfe,0xfe,0xfe,0xfe,0xfe,0xfe,0xfe,
0xfe,0xfe,0xfe,0xfe,0xfe,0xfe,0xfe,0xfe,0xfe,0xfe,0xfe,0xfd,0xf7,0x01,0x00,0x00,
0x00,0x02,0xfc,0xfd,0xfd,0xfd,0xfd,0xfd,0xfe,0xfe,0xfe,0xfe,0xfe,0xfe,0xff,0xff,
0xff,0xfe,0xfe,0xfe,0xfe,0xfe,0xfe,0xfe,0xfe,0xfe,0xfe,0xfe,0xfe,0xfe,0xfe,0xfe,
0xfe,0xfe,0xfd,0xfc,0xf9,0x01,0x00,0x00,0x00,0xeb,0xfd,0xfd,0xfd,0xfd,0xfd,0xfd,
0xfd,0xfe,0xfe,0xfe,0xfe,0xfe,0xff,0xff,0xff,0xfe,0xfe,0xfe,0xfe,0xfe,0xfe,0xfe,
0xfe,0xfe,0xfe,0xfe,0xfe,0xfe,0xfe,0xfe,0xfe,0xfe,0xfe,0xfd,0xf7,0xd2,0x00,0x00,
0x00,0xf9,0xfd,0xfd,0xfe,0xfe,0xfd,0xfd,0xfe,0xfe,0xfe,0xfe,0xfe,0xfe,0xfe,0xfe,
0xff,0xfe,0xfe,0xfe,0xfe,0xfe,0xfe,0xff,0xff,0xfe,0xfe,0xfe,0xfe,0xfe,0xfe,0xfe,
0xfe,0xfe,0xfe,0xfc,0xec,0x08,0xe2,0x00,0x01,0xfb,0xfe,0xfe,0xfe,0xfe,0xfe,0xfe,
0xfe,0xfe,0xfe,0xfe,0xfe,0xfe,0xfe,0xfe,0xfe,0xfe,0xfe,0xfe,0xfe,0xfe,0xfe,0xff,
0xff,0xff,0xfe,0xfe,0xfe,0xfe,0xfe,0xfe,0xfe,0xfe,0xfd,0xfa,0x0f,0x04,0x00,0x00,
0x01,0xfa,0xfe,0xfe,0xfe,0xfe,0xfe,0xfe,0xfe,0xfe,0xfe,0xfe,0xfe,0xfe,0xfe,0xfe,
0xfe,0xfe,0xfe,0xfe,0xfe,0xfe,0xfe,0xfe,0xff,0xfe,0xfe,0xfe,0xfe,0xfe,0xfe,0xfe,
0xfe,0xfe,0xfd,0xea,0xd5,0x02,0x00,0x00,0x01,0xf8,0xfd,0xfe,0xfe,0xfe,0xfe,0xfe,
0xfe,0xfe,0xfe,0xfe,0xfe,0xfe,0xfe,0xfe,0xfe,0xfe,0xfe,0xfe,0xfe,0xfe,0xfe,0xfe,
0xfe,0xfe,0xfe,0xfe,0xfe,0xfe,0xfe,0xfe,0xfe,0xfc,0xf8,0x02,0x01,0x63,0x00,0x00,
0x00,0x60,0xfe,0xfe,0xfe,0xfe,0xfe,0xfe,0xfe,0xfe,0xfe,0xfe,0xfe,0xfe,0xfe,0xfe,
0xfe,0xfe,0xfe,0xfe,0xfe,0xfe,0xfe,0xfe,0xfe,0xfe,0xfe,0xfe,0xfe,0xfe,0xfe,0xfe,
0xfe,0xb9,0x04,0x00,0x00,0x00,0x00,0x00,0x00,0x01,0xfd,0xfd,0xfd,0xfe,0xfe,0xfe,
0xfe,0xfe,0xfe,0xfe,0xfe,0xfe,0xfe,0xfe,0xfe,0xfe,0xfe,0xfe,0xfe,0xfe,0xfe,0xfe,
0xfe,0xfe,0xfe,0xfe,0xfe,0xfe,0xfe,0xfe,0xfe,0xf0,0x01,0x00,0x00,0x00,0x00,0x00,
0x00,0x00,0x03,0xf9,0xfd,0xfe,0xfe,0xfe,0xfe,0xfd,0xfd,0xfe,0xfe,0xfe,0xfe,0xfe,
0xfe,0xfe,0xfe,0xfe,0xfe,0xff,0xfe,0xfe,0xfe,0xfe,0xfe,0xfe,0xfe,0xff,0xfe,0xfe,
0xfe,0xf3,0x01,0x00,0x00,0x00,0x00,0x00,0x00,0x00,0x02,0x73,0xfd,0xfe,0xfe,0xfe,
0xfd,0xfd,0xfd,0xfe,0xfe,0xfe,0xfe,0xfe,0xfe,0xfe,0xfe,0xfe,0xfe,0xfe,0xfd,0xfe,
0xfe,0xfe,0xfe,0xfe,0xfe,0xfe,0xfe,0xfe,0xfd,0x46,0x01,0x00,0x00,0x00,0x00,0x00,
0x00,0x00,0x00,0x00,0x04,0xfb,0xfe,0xfd,0xfd,0xfd,0xfd,0xfd,0xfd,0xfd,0xfc,0xf9,
0xf9,0xfb,0xfd,0xfd,0xfd,0xfc,0x41,0x04,0xf4,0xfc,0xfc,0xfa,0x28,0xe9,0xee,0xeb,
0x05,0x00,0x00,0x00,0x00,0x00,0x00,0x00,0x00,0x00,0x00,0x00,0x01,0x01,0x16,0xf8,
0xf9,0xfa,0xf9,0xfa,0xf9,0xf6,0x03,0x02,0x01,0x02,0x99,0xb7,0xb4,0x88,0x02,0x01,
0x02,0x01,0x00,0x00,0x00,0x00,0x00,0x00,0x00,0x00,0x00,0x00,0x00,0x00,0x00,0x00,
0x00,0x00,0x00,0x00,0x00,0x00,0x00,0x00,0x00,0x00,0x00,0x00,0x00,0x00,0x00,0x00,
0x00,0x00,0x00,0x00,0x00,0x00,0x00,0x00,0x00,0x00,0x00,0x00,0x00,0x00,0x00,0x00,
0x00,0x00,0x00,0x00,0x00,0x00,0x00,0x00,0x00,0x00,0x00,0x00,0x00,0x00,0x00,0x00,
0x00,0x00,0x00,0x00,0x00,0x00,0x00,0x00,0x00,0x00,0x00,0x00,0x00,0x00,0x00,0x00,
0x00,0x00,0x00,0x00,0x00,0x00,0x00,0x00,0x00,0x00,0x00,0x00,0x00,0x00,0x00,0x00,
0x00,0x00,0x00,0x00,0x00,0x00,0x00,0x00,0x00,0x00,0x00,0x00,0x00,0x00,0x00,0x00,
0x00,0x00,0x00,0x00,0x00,0x00,0x00,0x00,0x00,0x00,0x00,0x00,0x00,0x00,0x00,0x00,
0x00,0x00,0x00,0x00,0x00,0x00,0x00,0x00,0x00,0x00,0x00,0x00,0x00,0x00,0x00,0x00,
0x00,0x00,0x00,0x00,0x00,0x00,0x00,0x00,0x00,0x00,0x00,0x00,0x00,0x00,0x00,0x00,
0x00,0x00,0x00,0x00,0x00,0x00,0x00,0x00,0x00,0x00,0x00,0x00,0x00,0x00,0x00,0x00,
0x00,0x00,0x00,0x00,0x00,0x00,0x00,0x00,0x00,0x00,0x00,0x00,0x00,0x00,0x00,0x00,
0x00,0x00,0x00,0x00,0x00,0x00,0x00,0x00,0x00,0x00,0x00,0x00,0x00,0x00,0x00,0x00,
0x00,0x00,0x00,0x00,0x00,0x00,0x00,0x00,0x00,0x00,0x00,0x00,0x00,0x00,0x00,0x00,
0x00,0x00,0x00,0x00,0x00,0x00,0x00,0x00,0x00,0x00,0x00,0x00,0x00,0x00,0x00,0x00,
0x00,0x00,0x00,0x00,0x00,0x00,0x00,0x00,0x00,0x00,0x00,0x00,0x00,0x00,0x00,0x00,
0x00,0x00,0x00,0x00,0x00,0x00,0x00,0x00,0x00,0x00,0x00,0x00,0x00,0x00,0x00,0x00,
0x00,0x00,0x00,0x00,0x00,0x00,0x00,0x00,0x00,0x00,0x00,0x00,0x00,0x00,0x00,0x00,
0x00,0x00,0x00,0x00,0x00,0x00,0x00,0x00,0x00,0x00,0x00,0x00,0x00,0x00,0x00,0x00,
0x00,0x00,0x00,0x00,0x00,0x00,0x00,0x00,0x00,0x00,0x00,0x00,0x00,0x00,0x00,0x00,
0x00,0x00,0x00,0x00,0x00,0x00,0x00,0x00,0x00,0x00,0x00,0x00,0x00,0x00,0x00,0x00,

};
static const lv_image_dsc_t s_partner_momo_tired = {
    .header.magic = LV_IMAGE_HEADER_MAGIC,
    .header.cf = LV_COLOR_FORMAT_RGB565A8,
    .header.flags = 0,
    .header.w = 40,
    .header.h = 44,
    .header.stride = 80,
    .data_size = sizeof(s_partner_momo_tired_map),
    .data = s_partner_momo_tired_map,
};

static const LV_ATTRIBUTE_MEM_ALIGN LV_ATTRIBUTE_LARGE_CONST uint8_t s_partner_lulu_idle_map[] = {
0x00,0x00,0x00,0x00,0x00,0x00,0x00,0x00,0x00,0x00,0x00,0x00,0x00,0x08,0x28,0x4a,
0x48,0x5a,0x89,0x62,0xa9,0x6a,0xea,0x6a,0xea,0x7a,0x0b,0x73,0xca,0x72,0xea,0x72,
0xea,0x72,0x0a,0x73,0xea,0x72,0x0b,0x73,0xea,0x72,0x0b,0x73,0xea,0x72,0x0a,0x73,
0xca,0x72,0xea,0x6a,0x89,0x6a,0x89,0x62,0x48,0x62,0x48,0x52,0x07,0x52,0xe7,0x49,
0xe7,0x49,0x00,0x00,0x00,0x00,0x00,0x00,0x00,0x00,0x00,0x00,0x00,0x00,0x00,0x00,
0x00,0x00,0x00,0x00,0x00,0x00,0x00,0x00,0x00,0x00,0x00,0x00,0x00,0x00,0x48,0x52,
0x89,0x62,0xca,0x6a,0xe4,0x38,0x00,0x20,0x00,0x20,0x61,0x30,0x2c,0x7b,0x0b,0x7b,
0x0b,0x73,0x0a,0x7b,0x2b,0x73,0x0a,0x7b,0x0b,0x73,0x0b,0x7b,0x2b,0x73,0x0b,0x7b,
0x2c,0x73,0x0b,0x7b,0xeb,0x72,0xaa,0x72,0x89,0x62,0x48,0x5a,0x28,0x52,0xe7,0x51,
0xe7,0x41,0x00,0x08,0x00,0x00,0x00,0x00,0x00,0x00,0x00,0x00,0x00,0x00,0x00,0x00,
0x00,0x00,0x00,0x00,0x00,0x00,0x00,0x00,0x00,0x00,0x00,0x00,0x00,0x08,0x89,0x5a,
0x8a,0x72,0x65,0x41,0x73,0xcd,0x7b,0xff,0x7c,0xff,0x37,0xd6,0x8c,0x93,0x6c,0x83,
0x2b,0x83,0x2b,0x7b,0x2b,0x7b,0x2b,0x7b,0x2b,0x7b,0x2b,0x7b,0x4b,0x83,0x6c,0x83,
0x4c,0x8b,0x82,0x28,0x40,0x20,0x24,0x39,0xa9,0x72,0x68,0x62,0x47,0x5a,0x27,0x52,
0xe7,0x49,0x00,0x00,0x00,0x00,0x00,0x00,0x00,0x00,0x00,0x00,0x00,0x00,0x00,0x00,
0x00,0x00,0x00,0x00,0x00,0x00,0x00,0x00,0x00,0x00,0x00,0x00,0x00,0x00,0x8a,0x62,
0x0c,0x73,0x00,0x18,0x7c,0xff,0x57,0xee,0xdc,0xff,0x7b,0xff,0x40,0x10,0xae,0x8b,
0x6d,0x83,0x2b,0x83,0x2c,0x7b,0x2b,0x83,0x4c,0x7b,0x4c,0x83,0x8d,0x83,0xad,0x93,
0x60,0x20,0x3b,0xff,0x7d,0xff,0x20,0x18,0xea,0x72,0x68,0x6a,0x68,0x5a,0x27,0x5a,
0x08,0x4a,0x00,0x08,0x00,0x00,0x00,0x00,0x00,0x00,0x00,0x00,0x00,0x00,0x00,0x00,
0x00,0x00,0x00,0x00,0x00,0x00,0x00,0x00,0x00,0x00,0x00,0x00,0x00,0x08,0xca,0x62,
0x88,0x6a,0xb5,0xc5,0x3a,0xff,0x73,0xe5,0x32,0xe5,0x1a,0xff,0x5b,0xff,0x40,0x18,
0x8c,0x93,0x6c,0x83,0x4b,0x83,0x4c,0x7b,0x6b,0x83,0xad,0x8b,0xef,0x9b,0x61,0x18,
0x9b,0xff,0xbb,0xff,0x51,0xdd,0xd8,0xfe,0x00,0x18,0xaa,0x6a,0x68,0x62,0x47,0x5a,
0x27,0x52,0x00,0x00,0x00,0x00,0x00,0x00,0x00,0x00,0x00,0x00,0x00,0x00,0x00,0x00,
0x00,0x00,0x00,0x00,0x00,0x00,0x00,0x00,0x00,0x00,0x00,0x00,0x00,0x00,0xca,0x62,
0xa9,0x62,0x74,0xc5,0x3a,0xff,0x53,0xe5,0x52,0xe5,0x36,0xfe,0x7d,0xff,0x40,0x20,
0xad,0x8b,0x4c,0x83,0x4c,0x7b,0x4c,0x83,0x8d,0x83,0xad,0x93,0x40,0x18,0x5c,0xff,
0x3b,0xff,0x12,0xdd,0x12,0xdd,0xf9,0xfe,0x20,0x20,0xaa,0x7a,0x89,0x62,0x48,0x62,
0x49,0x4a,0x00,0x08,0x00,0x00,0x00,0x00,0x00,0x00,0x00,0x00,0x00,0x00,0x00,0x00,
0x00,0x00,0x00,0x00,0x00,0x00,0x00,0x00,0x00,0x00,0x00,0x00,0x00,0x08,0xea,0x62,
0xa9,0x6a,0x75,0xbd,0x3a,0xff,0x73,0xdd,0xf1,0xf4,0x12,0xed,0xbc,0xff,0xbc,0xff,
0x88,0x6a,0x8d,0x83,0x4b,0x83,0x6c,0x83,0xad,0x93,0x40,0x20,0xd4,0xd5,0x9b,0xff,
0x53,0xfd,0x32,0xfd,0x52,0xe5,0x39,0xff,0x20,0x28,0xeb,0x7a,0x88,0x6a,0x68,0x62,
0x48,0x52,0x00,0x00,0x00,0x00,0x00,0x00,0x00,0x00,0x00,0x00,0x00,0x00,0x00,0x00,
0x00,0x00,0x00,0x00,0x00,0x00,0x00,0x00,0x00,0x00,0x00,0x00,0x00,0x00,0xca,0x6a,
0xca,0x62,0xd2,0xb4,0x3a,0xff,0x32,0xe5,0x12,0xfd,0x12,0xfd,0xbc,0xff,0xbb,0xff,
0xeb,0x72,0x8d,0x8b,0x6c,0x83,0x6c,0x8b,0xcd,0x93,0x68,0x72,0x9b,0xff,0x5a,0xff,
0x12,0xfd,0xd1,0xfc,0xb5,0xe5,0x3a,0xff,0x00,0x18,0xcb,0x7a,0x89,0x62,0x47,0x62,
0x49,0x52,0x00,0x08,0x00,0x00,0x00,0x00,0x00,0x00,0x00,0x00,0x00,0x00,0x00,0x00,
0x00,0x00,0x00,0x00,0x00,0x00,0x00,0x00,0x00,0x00,0x00,0x00,0x00,0x08,0xeb,0x62,
0xa9,0x6a,0x74,0xbd,0x3a,0xff,0x73,0xe5,0xf2,0xfc,0x32,0xfd,0x7a,0xff,0x9a,0xff,
0x40,0x20,0x8d,0x8b,0x6b,0x83,0xad,0x8b,0x20,0x10,0x9c,0xff,0x3a,0xff,0x32,0xdd,
0x32,0xfd,0x12,0xfd,0x93,0xed,0x3a,0xff,0x20,0x28,0xca,0x7a,0x88,0x6a,0x68,0x62,
0x48,0x52,0x00,0x00,0x00,0x00,0x00,0x00,0x00,0x00,0x00,0x00,0x00,0x00,0x00,0x00,
0x00,0x00,0x00,0x00,0x00,0x00,0x00,0x00,0x00,0x00,0x00,0x00,0x00,0x00,0xeb,0x6a,
0x2c,0x7b,0x00,0x20,0x3a,0xff,0x32,0xe5,0xd2,0xfc,0x70,0xfc,0x7b,0xff,0x7a,0xff,
0x41,0x20,0x6d,0x8b,0x6d,0x83,0xad,0x8b,0x60,0x18,0x5c,0xff,0x1a,0xff,0xf1,0xdc,
0x33,0xfd,0x33,0xfd,0x5b,0xff,0x40,0x20,0x07,0x5a,0xca,0x7a,0x89,0x62,0x48,0x62,
0x49,0x52,0x00,0x08,0x00,0x00,0x00,0x00,0x00,0x00,0x00,0x00,0x00,0x00,0x00,0x00,
0x00,0x00,0x00,0x00,0x00,0x00,0x00,0x00,0x00,0x00,0x00,0x00,0x00,0x08,0x0b,0x6b,
0x2b,0x7b,0x20,0x10,0x9b,0xff,0xbb,0xff,0x4f,0xfc,0x70,0xfc,0x9b,0xff,0x9b,0xff,
0x40,0x20,0xef,0x93,0xac,0x93,0xee,0x93,0x8f,0xa4,0x9b,0xff,0xd5,0xfd,0xb1,0xec,
0x11,0xed,0x15,0xfe,0x7c,0xff,0x40,0x10,0xea,0x7a,0xc9,0x6a,0x88,0x6a,0x68,0x62,
0x68,0x5a,0x00,0x00,0x00,0x00,0x00,0x00,0x00,0x00,0x00,0x00,0x00,0x00,0x00,0x00,
0x00,0x00,0x00,0x00,0x00,0x00,0x00,0x00,0x00,0x00,0x00,0x00,0x00,0x00,0xca,0x6a,
0x0b,0x73,0x2b,0x83,0x40,0x20,0x3b,0xff,0x90,0xfc,0xee,0xf3,0xbc,0xff,0x9b,0xff,
0x20,0x10,0x0f,0x9c,0x4f,0x94,0x0e,0x94,0x7b,0xff,0x7b,0xff,0x10,0xfc,0xae,0xfb,
0xd1,0xdc,0xd9,0xfe,0x5b,0xff,0x6c,0x8b,0xeb,0x72,0x89,0x6a,0x89,0x62,0x68,0x62,
0x69,0x52,0x00,0x08,0x00,0x00,0x00,0x00,0x00,0x00,0x00,0x00,0x00,0x00,0x00,0x00,
0x00,0x00,0x00,0x00,0x00,0x00,0x00,0x00,0x00,0x00,0x00,0x00,0x00,0x08,0xeb,0x62,
0x0a,0x7b,0x8c,0x83,0x00,0x18,0x77,0xde,0xd8,0xfe,0x8f,0xd4,0x9b,0xff,0xbb,0xff,
0x61,0x18,0x61,0x10,0x41,0x10,0x82,0x10,0x7a,0xff,0x9b,0xff,0x8c,0xfb,0xee,0xfb,
0x39,0xff,0x3a,0xff,0x00,0x18,0x4c,0x7b,0xe9,0x72,0xa9,0x6a,0x88,0x6a,0x88,0x62,
0x48,0x5a,0x00,0x00,0x00,0x00,0x00,0x00,0x00,0x00,0x00,0x00,0x00,0x00,0x00,0x00,
0x00,0x00,0x00,0x00,0x00,0x00,0x00,0x00,0x00,0x00,0x00,0x00,0x00,0x00,0xeb,0x6a,
0x0b,0x73,0x4b,0x7b,0x8e,0x7b,0x00,0x10,0x3a,0xff,0xf8,0xfe,0x9b,0xff,0x7b,0xff,
0x9b,0xff,0x7b,0xff,0x7b,0xff,0x9b,0xff,0x9b,0xff,0xb7,0xf6,0xce,0xcb,0xd9,0xfe,
0x5b,0xf7,0x40,0x18,0x4c,0x7b,0xea,0x7a,0xca,0x6a,0x89,0x6a,0xa9,0x62,0x68,0x62,
0x69,0x52,0x00,0x08,0x00,0x00,0x00,0x00,0x00,0x00,0x00,0x00,0x00,0x00,0x00,0x00,
0x00,0x00,0x00,0x00,0x00,0x00,0x00,0x00,0x00,0x00,0x00,0x00,0x00,0x08,0xeb,0x62,
0x0a,0x73,0x6c,0x7b,0xad,0x8b,0x0f,0x94,0x20,0x10,0xbd,0xff,0x9a,0xff,0x9b,0xff,
0x9b,0xff,0x9b,0xff,0x7a,0xff,0x9b,0xff,0x9b,0xff,0xbb,0xff,0x59,0xff,0xaf,0xac,
0x00,0x10,0xef,0x8b,0x4b,0x83,0x0a,0x73,0xc9,0x72,0xc9,0x6a,0xa8,0x6a,0x88,0x5a,
0x48,0x5a,0x00,0x00,0x00,0x00,0x00,0x00,0x00,0x00,0x00,0x00,0x00,0x00,0x00,0x00,
0x00,0x00,0x00,0x00,0x00,0x00,0x00,0x00,0x00,0x00,0x00,0x00,0x00,0x00,0xcb,0x6a,
0x0b,0x6b,0x4c,0x7b,0xae,0x83,0x20,0x18,0xbc,0xff,0x7b,0xff,0x9b,0xff,0x7b,0xff,
0x9c,0xff,0x7b,0xff,0x9b,0xff,0x7b,0xff,0x9c,0xff,0x9b,0xff,0x9b,0xff,0x3a,0xff,
0x00,0x08,0xce,0x8b,0x6c,0x7b,0xea,0x72,0xea,0x6a,0xa9,0x6a,0xa9,0x62,0x68,0x62,
0x69,0x52,0x00,0x08,0x00,0x00,0x00,0x00,0x00,0x00,0x00,0x00,0x00,0x00,0x00,0x00,
0x00,0x00,0x00,0x00,0x00,0x00,0x00,0x00,0x00,0x00,0x00,0x00,0x00,0x08,0x0b,0x63,
0x2a,0x73,0x6c,0x7b,0xea,0x6a,0xbd,0xff,0x9b,0xff,0x9b,0xff,0x9b,0xff,0x9b,0xff,
0x9b,0xff,0x9b,0xff,0x7a,0xff,0x9b,0xff,0x7a,0xff,0x9b,0xff,0x9a,0xff,0xbb,0xff,
0x32,0xbd,0x2f,0x94,0x4b,0x83,0x0a,0x73,0xc9,0x6a,0xc9,0x62,0xa8,0x62,0x88,0x5a,
0x68,0x5a,0x00,0x00,0x00,0x00,0x00,0x00,0x00,0x00,0x00,0x00,0x00,0x00,0x00,0x00,
0x00,0x00,0x00,0x00,0x00,0x00,0x00,0x00,0x00,0x00,0x00,0x00,0x00,0x00,0xeb,0x62,
0x2c,0x73,0x6c,0x7b,0x40,0x10,0x3b,0xff,0x9c,0xff,0x9b,0xff,0x9b,0xff,0x9b,0xff,
0x9b,0xff,0x7b,0xff,0x9b,0xff,0x7b,0xff,0x9b,0xff,0x7b,0xff,0x9c,0xff,0x9b,0xff,
0x5b,0xf7,0x20,0x10,0x8c,0x7b,0x0a,0x73,0xca,0x62,0xa9,0x62,0xa8,0x5a,0x87,0x5a,
0x69,0x52,0x00,0x08,0x00,0x00,0x00,0x00,0x00,0x00,0x00,0x00,0x00,0x00,0x00,0x00,
0x00,0x00,0x00,0x00,0x00,0x00,0x00,0x00,0x00,0x00,0x00,0x00,0x00,0x08,0x0b,0x63,
0x2b,0x73,0xad,0x7b,0x40,0x18,0x9c,0xff,0x7b,0xff,0x1a,0xf7,0x20,0x18,0x7b,0xff,
0x9b,0xff,0x9b,0xff,0x9b,0xff,0x9b,0xff,0x9c,0xff,0x40,0x10,0x4f,0x9c,0x9c,0xff,
0x9c,0xff,0x40,0x08,0x8c,0x83,0x2a,0x73,0xc9,0x6a,0xc9,0x62,0xa7,0x62,0x88,0x5a,
0x68,0x52,0x00,0x00,0x00,0x00,0x00,0x00,0x00,0x00,0x00,0x00,0x00,0x00,0x00,0x00,
0x00,0x00,0x00,0x00,0x00,0x00,0x00,0x00,0x00,0x00,0x00,0x00,0x00,0x00,0xeb,0x62,
0x6d,0x73,0x00,0x08,0x5a,0xf7,0x9b,0xff,0x7c,0xff,0x40,0x20,0x00,0x10,0xe7,0x51,
0x9b,0xff,0x9b,0xff,0x9b,0xff,0x7b,0xff,0x99,0xde,0xbe,0xff,0x20,0x18,0x3b,0xff,
0xbe,0xff,0x40,0x10,0xad,0x83,0x2a,0x73,0xc9,0x62,0xa8,0x62,0xa8,0x5a,0x87,0x5a,
0x69,0x4a,0x00,0x00,0x00,0x00,0x00,0x00,0x00,0x00,0x00,0x00,0x00,0x00,0x00,0x00,
0x00,0x00,0x00,0x00,0x00,0x00,0x00,0x00,0x00,0x00,0x00,0x00,0x00,0x08,0xeb,0x62,
0x2b,0x7b,0xe2,0x28,0x9b,0xff,0xbb,0xff,0x5b,0xff,0x80,0x28,0x40,0x38,0xe7,0x61,
0x7a,0xff,0x9b,0xff,0x9a,0xff,0x9b,0xff,0xb9,0xfe,0x60,0x28,0x80,0x38,0x3b,0xff,
0x9b,0xff,0x7a,0xff,0x20,0x18,0x2b,0x73,0xc8,0x6a,0xa8,0x5a,0x87,0x5a,0x87,0x52,
0x67,0x52,0x00,0x00,0x00,0x00,0x00,0x00,0x00,0x00,0x00,0x00,0x00,0x00,0x00,0x00,
0x00,0x00,0x00,0x00,0x00,0x00,0x00,0x00,0x00,0x00,0x00,0x00,0x00,0x00,0xaa,0x62,
0x20,0x10,0x7c,0xff,0x9c,0xff,0x7b,0xff,0x7c,0xff,0x02,0x49,0x02,0x39,0x7c,0xff,
0xbc,0xff,0x7b,0xff,0xdd,0xff,0x9b,0xff,0x3b,0xff,0xc1,0x38,0x23,0x41,0x5b,0xff,
0x9c,0xff,0x9b,0xff,0x70,0xa4,0x47,0x6a,0xc8,0x5a,0x87,0x5a,0x87,0x52,0x66,0x5a,
0x68,0x4a,0x00,0x00,0x00,0x00,0x00,0x00,0x00,0x00,0x00,0x00,0x00,0x00,0x00,0x00,
0x00,0x00,0x00,0x00,0x00,0x00,0x00,0x00,0x00,0x00,0x00,0x00,0x00,0x08,0xeb,0x62,
0x00,0x20,0x57,0xe6,0x3a,0xff,0xb4,0xe5,0x73,0xe5,0x3a,0xff,0x7b,0xff,0x9b,0xff,
0x7a,0xff,0xf1,0xc4,0x77,0xf6,0x7b,0xff,0x9a,0xff,0x9b,0xff,0x19,0xff,0xb4,0xe5,
0x96,0xf6,0x39,0xff,0x98,0xee,0x00,0x10,0xa7,0x62,0x87,0x5a,0x66,0x5a,0x86,0x52,
0x67,0x52,0x00,0x00,0x00,0x00,0x00,0x00,0x00,0x00,0x00,0x00,0x00,0x00,0x00,0x00,
0x00,0x00,0x00,0x00,0x00,0x00,0x00,0x00,0x00,0x00,0x00,0x00,0x00,0x00,0xaa,0x62,
0xc1,0x20,0x7b,0xff,0x7c,0xff,0x74,0xe5,0x94,0xe5,0x19,0xff,0xbb,0xff,0x7a,0xff,
0xc1,0x50,0x64,0x69,0xd2,0xcc,0xe2,0x50,0x9b,0xff,0x9b,0xff,0xb1,0xf4,0xf2,0xfc,
0x93,0xed,0x97,0xfe,0x40,0x08,0xa8,0x5a,0xa6,0x52,0x65,0x52,0x86,0x4a,0x66,0x52,
0x68,0x4a,0x00,0x00,0x00,0x00,0x00,0x00,0x00,0x00,0x00,0x00,0x00,0x00,0x00,0x00,
0x00,0x00,0x00,0x00,0x00,0x00,0x00,0x00,0x00,0x00,0x00,0x00,0x00,0x08,0xaa,0x5a,
0xea,0x6a,0x20,0x08,0xf9,0xfe,0x7b,0xff,0x9b,0xff,0x9b,0xff,0x9b,0xff,0x9b,0xff,
0x7a,0xff,0x9b,0xff,0x59,0xff,0x9b,0xff,0x9a,0xff,0xbb,0xff,0x9a,0xff,0x9a,0xff,
0x9d,0xff,0x20,0x08,0x20,0x29,0xc7,0x5a,0x85,0x52,0x85,0x4a,0x65,0x52,0x86,0x4a,
0x67,0x52,0x20,0x00,0x00,0x00,0x00,0x00,0x00,0x00,0x00,0x00,0x00,0x00,0x00,0x00,
0x00,0x00,0x00,0x00,0x00,0x00,0x00,0x00,0x00,0x00,0x00,0x00,0x00,0x00,0x89,0x5a,
0xa9,0x62,0xea,0x72,0x4c,0x6b,0x00,0x08,0xd8,0xee,0x39,0xff,0x9c,0xff,0x7b,0xff,
0x9b,0xff,0x7a,0xff,0x9b,0xff,0x7a,0xff,0x9b,0xff,0x7b,0xff,0x7b,0xff,0x55,0xee,
0x60,0x00,0xe3,0x31,0x63,0x2a,0x00,0x01,0x84,0x42,0x84,0x4a,0x65,0x4a,0x65,0x4a,
0x68,0x4a,0x00,0x00,0x00,0x00,0x00,0x00,0x00,0x00,0x00,0x00,0x00,0x00,0x00,0x00,
0x00,0x00,0x00,0x00,0x00,0x00,0x00,0x00,0x00,0x00,0x00,0x00,0x00,0x08,0x89,0x52,
0xa8,0x62,0xc9,0x62,0xe9,0x6a,0x2a,0x6b,0x20,0x08,0x00,0x00,0x00,0x18,0x57,0xe6,
0x7a,0xff,0x5a,0xf7,0x7a,0xff,0x7a,0xff,0x97,0xe6,0x00,0x10,0x20,0x08,0x00,0x00,
0x60,0x5c,0x60,0x54,0x20,0x7d,0x43,0x9e,0xe0,0x10,0x85,0x3a,0x64,0x4a,0x85,0x4a,
0x67,0x52,0x20,0x00,0x00,0x00,0x00,0x00,0x00,0x00,0x00,0x00,0x00,0x00,0x00,0x00,
0x00,0x00,0x00,0x00,0x00,0x00,0x00,0x00,0x00,0x00,0x00,0x00,0x00,0x00,0x89,0x5a,
0x88,0x5a,0xa8,0x62,0xe8,0x5a,0xe8,0x62,0xe0,0x00,0xe9,0x84,0xc0,0x5c,0x01,0x65,
0x62,0x5c,0xa0,0x43,0x61,0x3b,0x60,0x43,0x61,0x54,0xe0,0x43,0xa9,0x85,0xc0,0x09,
0x40,0x12,0x42,0x3b,0x6a,0x8d,0x00,0x09,0xa4,0x42,0x83,0x4a,0x86,0x4a,0x85,0x4a,
0x68,0x4a,0x00,0x00,0x00,0x00,0x00,0x00,0x00,0x00,0x00,0x00,0x00,0x00,0x00,0x00,
0x00,0x00,0x00,0x00,0x00,0x00,0x00,0x00,0x00,0x00,0x00,0x00,0x00,0x08,0x89,0x52,
0x87,0x62,0xc9,0x5a,0xc7,0x62,0xe8,0x62,0xa0,0x00,0x47,0x6c,0xe1,0x8d,0x01,0x8e,
0x00,0x6d,0xc2,0x7d,0xa1,0x85,0xc0,0x64,0xe1,0x8d,0x60,0x75,0xa6,0x53,0x40,0x01,
0x80,0x3b,0x64,0x75,0xe0,0x21,0xa3,0x32,0xa3,0x4a,0xc4,0x42,0x85,0x52,0xa6,0x4a,
0x67,0x52,0x20,0x00,0x00,0x00,0x00,0x00,0x00,0x00,0x00,0x00,0x00,0x00,0x00,0x00,
0x00,0x00,0x00,0x00,0x00,0x00,0x00,0x00,0x00,0x00,0x00,0x00,0x00,0x00,0x89,0x5a,
0xa9,0x5a,0xa9,0x62,0xe9,0x62,0x29,0x6b,0x0c,0x94,0x24,0x5a,0xa1,0x7d,0xa1,0x85,
0xa2,0x7d,0xe0,0x6c,0xe1,0x85,0xc1,0x8d,0xa5,0x7d,0x00,0x54,0x77,0xee,0x42,0x49,
0x20,0x2b,0xe4,0x74,0x28,0x7d,0x60,0x09,0xc5,0x4a,0xa4,0x4a,0x86,0x52,0x86,0x52,
0x88,0x4a,0x00,0x00,0x00,0x00,0x00,0x00,0x00,0x00,0x00,0x00,0x00,0x00,0x00,0x00,
0x00,0x00,0x00,0x00,0x00,0x00,0x00,0x00,0x00,0x00,0x00,0x00,0x00,0x08,0xa9,0x5a,
0xa8,0x62,0xe9,0x62,0x0a,0x6b,0x47,0x4a,0xdc,0xff,0xbc,0xff,0x93,0xef,0x09,0x95,
0xc0,0x8d,0xe1,0x8d,0x01,0x96,0xe0,0x8d,0x40,0x21,0xda,0xef,0x7a,0xff,0x39,0xff,
0x40,0x00,0xc1,0x08,0xa0,0x00,0x21,0x09,0xa5,0x52,0xc6,0x52,0xa6,0x5a,0xc7,0x5a,
0x88,0x5a,0x00,0x00,0x00,0x00,0x00,0x00,0x00,0x00,0x00,0x00,0x00,0x00,0x00,0x00,
0x00,0x00,0x00,0x00,0x00,0x00,0x00,0x00,0x00,0x00,0x00,0x00,0x00,0x00,0x89,0x5a,
0xc9,0x62,0xea,0x6a,0x6d,0x73,0xca,0x62,0xdc,0xff,0x9b,0xff,0xfc,0xef,0x41,0x19,
0xe1,0x8d,0xe1,0x95,0x28,0x7d,0xa0,0x09,0x9b,0xff,0x7b,0xff,0x9b,0xff,0x7a,0xff,
0x15,0xd6,0x86,0x6a,0xaa,0x73,0x27,0x63,0xe8,0x5a,0xc7,0x5a,0xc8,0x5a,0xa7,0x62,
0xca,0x5a,0x00,0x00,0x00,0x00,0x00,0x00,0x00,0x00,0x00,0x00,0x00,0x00,0x00,0x00,
0x00,0x00,0x00,0x00,0x00,0x00,0x00,0x00,0x00,0x00,0x00,0x00,0x00,0x08,0xa9,0x5a,
0xc9,0x6a,0x2a,0x6b,0x8d,0x83,0x20,0x08,0x7a,0xff,0xbc,0xff,0x9b,0xff,0x9b,0xff,
0x55,0xdf,0x00,0x2a,0x40,0x19,0xfa,0xef,0x9a,0xff,0x9b,0xff,0x9b,0xff,0x9b,0xff,
0xbc,0xff,0xa1,0x20,0x21,0x31,0xab,0x7b,0x00,0x08,0x20,0x00,0x09,0x73,0xe9,0x62,
0xca,0x62,0x00,0x00,0x00,0x00,0x00,0x00,0x00,0x00,0x00,0x00,0x00,0x00,0x00,0x00,
0x00,0x00,0x00,0x00,0x00,0x00,0x00,0x00,0x00,0x00,0x00,0x00,0x00,0x00,0x89,0x5a,
0xea,0x62,0x2b,0x73,0x40,0x08,0x9c,0xff,0x55,0xe6,0x59,0xff,0x9b,0xff,0x9b,0xff,
0xbc,0xff,0x7b,0xff,0x7a,0xff,0x7a,0xff,0x9b,0xff,0x9b,0xff,0x9b,0xff,0xd7,0xf6,
0xbb,0xff,0x7a,0xff,0xce,0x8b,0x40,0x20,0x7b,0xf7,0x9b,0xff,0x40,0x18,0x0b,0x73,
0xeb,0x62,0x00,0x08,0x00,0x00,0x00,0x00,0x00,0x00,0x00,0x00,0x00,0x00,0x00,0x00,
0x00,0x00,0x00,0x00,0x00,0x00,0x00,0x00,0x00,0x00,0x00,0x00,0x00,0x08,0xca,0x5a,
0xe9,0x6a,0x6b,0x73,0x40,0x18,0x9c,0xff,0xb2,0xe5,0x58,0xff,0x9b,0xff,0xbb,0xff,
0xd3,0xe5,0x59,0xff,0xf8,0xf6,0x9a,0xff,0x9b,0xff,0x9b,0xff,0x7a,0xff,0x19,0xef,
0x9b,0xff,0x9b,0xff,0x5a,0xff,0x5b,0xff,0x9b,0xff,0xbc,0xff,0x70,0xac,0x40,0x18,
0xea,0x6a,0x00,0x00,0x00,0x00,0x00,0x00,0x00,0x00,0x00,0x00,0x00,0x00,0x00,0x00,
0x00,0x00,0x00,0x00,0x00,0x00,0x00,0x00,0x00,0x00,0x00,0x00,0x00,0x00,0xa9,0x5a,
0xeb,0x62,0x00,0x10,0x5b,0xf7,0x7b,0xff,0x7b,0xff,0x92,0xcd,0x9b,0xff,0x7b,0xff,
0x9b,0xff,0x76,0xee,0x52,0xcd,0x59,0xff,0x9b,0xff,0x9b,0xff,0x8f,0xbc,0x7a,0xff,
0x9c,0xff,0x7b,0xff,0x9d,0xff,0x20,0x18,0xbc,0xff,0x7b,0xff,0x7c,0xff,0x20,0x18,
0x0b,0x6b,0x00,0x08,0x00,0x00,0x00,0x00,0x00,0x00,0x00,0x00,0x00,0x00,0x00,0x00,
0x00,0x00,0x00,0x00,0x00,0x00,0x00,0x00,0x00,0x00,0x00,0x00,0x00,0x08,0xaa,0x5a,
0xca,0x72,0x20,0x18,0x9c,0xff,0xbc,0xff,0x59,0xff,0x8e,0xb4,0x9b,0xff,0x9b,0xff,
0x79,0xff,0xb3,0xd5,0xae,0xc4,0x7a,0xff,0x9a,0xff,0x9b,0xff,0x8d,0xc4,0x79,0xff,
0x9b,0xff,0xbc,0xff,0xbc,0xff,0x40,0x10,0xb6,0xf6,0x9a,0xff,0xd9,0xfe,0x20,0x20,
0x0b,0x6b,0x00,0x00,0x00,0x00,0x00,0x00,0x00,0x00,0x00,0x00,0x00,0x00,0x00,0x00,
0x00,0x00,0x00,0x00,0x00,0x00,0x00,0x00,0x00,0x00,0x00,0x00,0x00,0x00,0x89,0x5a,
0xeb,0x6a,0x00,0x10,0xf9,0xf6,0x7a,0xff,0x7c,0xff,0x4b,0x8b,0x9c,0xff,0x7b,0xff,
0x7a,0xff,0x4e,0xb4,0x14,0xde,0x59,0xff,0x7b,0xff,0x3a,0xff,0x9b,0xff,0x9a,0xff,
0x9b,0xff,0x9b,0xff,0x3b,0xf7,0x00,0x10,0x76,0xf6,0xf7,0xfe,0x58,0xe6,0x00,0x18,
0xeb,0x62,0x00,0x08,0x00,0x00,0x00,0x00,0x00,0x00,0x00,0x00,0x00,0x00,0x00,0x00,
0x00,0x00,0x00,0x00,0x00,0x00,0x00,0x00,0x00,0x00,0x00,0x00,0x00,0x08,0x89,0x5a,
0xca,0x6a,0xe2,0x20,0xab,0x93,0x5a,0xff,0x17,0xff,0x75,0xee,0xb0,0xac,0x9c,0xff,
0x9c,0xff,0x60,0x18,0x7a,0xff,0x9b,0xff,0x7c,0xff,0x40,0x18,0x75,0xf6,0x9a,0xff,
0x79,0xff,0xf8,0xf6,0x97,0xee,0x20,0x18,0x75,0xfe,0x75,0xf6,0x20,0x18,0x0b,0x6b,
0xca,0x6a,0x00,0x08,0x00,0x00,0x00,0x00,0x00,0x00,0x00,0x00,0x00,0x00,0x00,0x00,
0x00,0x00,0x00,0x00,0x00,0x00,0x00,0x00,0x00,0x00,0x00,0x00,0x00,0x00,0x69,0x5a,
0xa9,0x62,0xea,0x72,0x00,0x10,0xb9,0xee,0x76,0xfe,0x6a,0xab,0x40,0x10,0x9d,0xff,
0x7c,0xff,0x40,0x20,0x7b,0xff,0x9b,0xff,0x3b,0xff,0x00,0x18,0x6d,0xc4,0xb2,0xf5,
0xd7,0xfe,0x95,0xfe,0x78,0xe6,0x63,0x51,0x0f,0x94,0x00,0x18,0xc9,0x6a,0xa9,0x6a,
0xaa,0x5a,0x00,0x08,0x00,0x00,0x00,0x00,0x00,0x00,0x00,0x00,0x00,0x00,0x00,0x00,
0x00,0x00,0x00,0x00,0x00,0x00,0x00,0x00,0x00,0x00,0x00,0x00,0x00,0x08,0x69,0x52,
0x67,0x62,0xc9,0x6a,0x0b,0x6b,0x00,0x08,0x9b,0xff,0xbb,0xff,0xde,0xff,0x3b,0xef,
0x7b,0xff,0x20,0x08,0x9a,0xff,0x9b,0xff,0x00,0x08,0x9c,0xf7,0xbb,0xff,0x9b,0xff,
0xf2,0xf5,0x13,0xf6,0x00,0x18,0x2b,0x73,0xc9,0x72,0xc9,0x6a,0xa8,0x6a,0xa8,0x62,
0x88,0x5a,0x00,0x08,0x00,0x00,0x00,0x00,0x00,0x00,0x00,0x00,0x00,0x00,0x00,0x00,
0x00,0x00,0x00,0x00,0x00,0x00,0x00,0x00,0x00,0x00,0x00,0x00,0x00,0x00,0x48,0x52,
0x68,0x5a,0x88,0x62,0xcb,0x62,0x00,0x10,0xbc,0xff,0xbc,0xff,0x9c,0xff,0xe2,0x30,
0xd5,0xdd,0x00,0x20,0xdc,0xff,0x39,0xf7,0x88,0x62,0xd9,0xf6,0x7a,0xff,0x9a,0xff,
0x5c,0xf7,0x20,0x10,0xea,0x72,0xa9,0x72,0xa9,0x62,0x67,0x62,0x88,0x62,0x47,0x62,
0x89,0x52,0x00,0x08,0x00,0x00,0x00,0x00,0x00,0x00,0x00,0x00,0x00,0x00,0x00,0x00,
0x00,0x00,0x00,0x00,0x00,0x00,0x00,0x00,0x00,0x00,0x00,0x00,0x00,0x08,0x48,0x52,
0x46,0x62,0x67,0x62,0xa9,0x62,0x81,0x18,0x00,0x08,0x41,0x08,0x00,0x08,0x20,0x00,
0x00,0x08,0x41,0x08,0x40,0x10,0x00,0x00,0x00,0x00,0x00,0x00,0x20,0x08,0x41,0x08,
0x00,0x08,0x2b,0x6b,0xc8,0x72,0x88,0x6a,0x67,0x6a,0x67,0x62,0x67,0x62,0x67,0x62,
0x68,0x5a,0x00,0x08,0x00,0x00,0x00,0x00,0x00,0x00,0x00,0x00,0x00,0x00,0x00,0x00,
0x00,0x00,0x00,0x00,0x00,0x00,0x00,0x00,0x00,0x00,0x00,0x00,0x00,0x08,0x47,0x52,
0x47,0x5a,0x46,0x62,0x87,0x62,0x87,0x6a,0xa8,0x6a,0xa8,0x72,0xc9,0x6a,0xc9,0x72,
0xea,0x72,0xa8,0x72,0xe9,0x72,0xe9,0x72,0xea,0x72,0xc9,0x72,0x0a,0x73,0x0a,0x7b,
0xea,0x72,0xa8,0x72,0xa8,0x6a,0x67,0x6a,0x88,0x62,0x47,0x62,0x47,0x5a,0x47,0x62,
0x68,0x52,0x00,0x08,0x00,0x00,0x00,0x00,0x00,0x00,0x00,0x00,0x00,0x00,0x00,0x00,
0x00,0x00,0x00,0x00,0x00,0x00,0x00,0x00,0x00,0x00,0x00,0x01,0x01,0x00,0x00,0x00,
0x00,0x00,0x00,0x00,0x00,0x00,0x00,0x00,0x00,0x00,0x00,0x00,0x00,0x00,0x00,0x00,
0x00,0x00,0x00,0x00,0x00,0x00,0x00,0x00,0x00,0x00,0x00,0x00,0x00,0x00,0x00,0x00,
0x00,0x01,0x81,0xfd,0xfc,0xae,0x01,0x00,0x00,0x00,0x00,0x00,0x00,0x00,0x00,0x00,
0x00,0x00,0x01,0x00,0x00,0x00,0x00,0x00,0x00,0x00,0x00,0x00,0x00,0x00,0x00,0x00,
0x00,0x00,0x00,0x00,0x00,0x00,0x00,0x00,0x00,0x86,0xfd,0xfe,0xfe,0xfd,0x0b,0x00,
0x00,0x00,0x00,0x00,0x00,0x00,0x00,0x00,0x01,0xcc,0xfb,0x95,0x00,0x00,0x00,0x00,
0x00,0x00,0x00,0x00,0x00,0x00,0x00,0x00,0x00,0x00,0x00,0x00,0x00,0x00,0x00,0x00,
0x00,0xfb,0xfe,0xfe,0xfe,0xfd,0xfb,0x00,0x00,0x00,0x00,0x00,0x00,0x00,0x01,0x03,
0xf7,0xfe,0xfe,0xfb,0x06,0x00,0x00,0x00,0x00,0x00,0x00,0x00,0x00,0x00,0x00,0x00,
0x00,0x00,0x00,0x00,0x00,0x00,0x00,0x00,0x1c,0xfe,0xfe,0xfe,0xfe,0xfe,0xfd,0xf3,
0x00,0x00,0x00,0x00,0x00,0x01,0x01,0xfd,0xfd,0xfe,0xfe,0xfd,0xf8,0x00,0x00,0x00,
0x00,0x00,0x00,0x00,0x00,0x00,0x00,0x00,0x00,0x00,0x00,0x00,0x00,0x00,0x00,0x00,
0x25,0xfe,0xfe,0xfe,0xfe,0xfe,0xfe,0xfc,0x03,0x00,0x00,0x00,0x01,0x04,0xfb,0xfe,
0xfe,0xfe,0xfe,0xfe,0xfc,0x00,0x00,0x00,0x00,0x00,0x00,0x00,0x00,0x00,0x00,0x00,
0x00,0x00,0x00,0x00,0x00,0x00,0x00,0x00,0x2f,0xfe,0xfe,0xfe,0xfe,0xfe,0xfe,0xfd,
0x6a,0x00,0x00,0x00,0x00,0xfa,0xfd,0xff,0xff,0xfe,0xfe,0xfe,0xfd,0x00,0x00,0x00,
0x00,0x00,0x00,0x00,0x00,0x00,0x00,0x00,0x00,0x00,0x00,0x00,0x00,0x00,0x00,0x00,
0x2f,0xfe,0xfe,0xfe,0xfe,0xfe,0xfe,0xfd,0x7f,0x01,0x01,0x01,0x06,0xfc,0xfe,0xff,
0xff,0xfe,0xfe,0xfe,0xfd,0x00,0x00,0x00,0x00,0x00,0x00,0x00,0x00,0x00,0x00,0x00,
0x00,0x00,0x00,0x00,0x00,0x00,0x00,0x00,0x27,0xfe,0xfe,0xfe,0xfe,0xfe,0xfe,0xfe,
0xfc,0x02,0x01,0x02,0xf8,0xfd,0xfe,0xfe,0xfe,0xfe,0xfe,0xfe,0xfd,0x00,0x00,0x00,
0x00,0x00,0x00,0x00,0x00,0x00,0x00,0x00,0x00,0x00,0x00,0x00,0x00,0x00,0x00,0x00,
0x03,0xfe,0xfe,0xfe,0xfe,0xfe,0xfe,0xfe,0xfd,0x03,0x02,0x04,0xfc,0xfe,0xfe,0xfe,
0xfe,0xfe,0xfe,0xfe,0xaf,0x00,0x00,0x00,0x00,0x00,0x00,0x00,0x00,0x00,0x00,0x00,
0x00,0x00,0x00,0x00,0x00,0x00,0x00,0x00,0x00,0xf9,0xfd,0xfe,0xfe,0xfe,0xfe,0xfe,
0xfe,0x04,0x02,0x06,0xfc,0xfe,0xfe,0xfe,0xfe,0xfe,0xfe,0xfb,0x02,0x00,0x00,0x00,
0x00,0x00,0x00,0x00,0x00,0x00,0x00,0x00,0x00,0x00,0x00,0x00,0x00,0x00,0x00,0x00,
0x00,0x0d,0xfc,0xfe,0xfe,0xfe,0xfe,0xfe,0xfd,0x05,0x03,0x0d,0xfc,0xfe,0xfe,0xfe,
0xfe,0xfe,0xfe,0x1f,0x01,0x00,0x00,0x00,0x00,0x00,0x00,0x00,0x00,0x00,0x00,0x00,
0x00,0x00,0x00,0x00,0x00,0x00,0x00,0x00,0x00,0x03,0xf6,0xfe,0xfe,0xfe,0xfe,0xfe,
0xfe,0xfd,0xfd,0xfd,0xfe,0xfe,0xfe,0xfe,0xfe,0xfe,0xfd,0x01,0x00,0x00,0x00,0x00,
0x00,0x00,0x00,0x00,0x00,0x00,0x00,0x00,0x00,0x00,0x00,0x00,0x00,0x00,0x00,0x00,
0x00,0x01,0x03,0xfe,0xfe,0xfe,0xfe,0xfe,0xfe,0xfe,0xfe,0xfe,0xfe,0xfe,0xfe,0xfe,
0xfe,0xfa,0x03,0x00,0x00,0x00,0x00,0x00,0x00,0x00,0x00,0x00,0x00,0x00,0x00,0x00,
0x00,0x00,0x00,0x00,0x00,0x00,0x00,0x00,0x00,0x00,0x01,0x32,0xfe,0xfe,0xfe,0xfe,
0xfe,0xfe,0xfe,0xfe,0xfe,0xfe,0xfe,0xfe,0xfc,0x02,0x01,0x00,0x00,0x00,0x00,0x00,
0x00,0x00,0x00,0x00,0x00,0x00,0x00,0x00,0x00,0x00,0x00,0x00,0x00,0x00,0x00,0x00,
0x00,0x00,0x01,0xfc,0xfd,0xfe,0xfe,0xfe,0xfe,0xfe,0xfe,0xfe,0xfe,0xfe,0xfe,0xfe,
0xfa,0x01,0x00,0x00,0x00,0x00,0x00,0x00,0x00,0x00,0x00,0x00,0x00,0x00,0x00,0x00,
0x00,0x00,0x00,0x00,0x00,0x00,0x00,0x00,0x00,0x00,0x3e,0xfd,0xfe,0xfe,0xfe,0xfe,
0xfe,0xfe,0xfe,0xfe,0xfe,0xfe,0xfe,0xfe,0xfe,0x01,0x00,0x00,0x00,0x00,0x00,0x00,
0x00,0x00,0x00,0x00,0x00,0x00,0x00,0x00,0x00,0x00,0x00,0x00,0x00,0x00,0x00,0x00,
0x00,0x02,0xf4,0xfe,0xfe,0xfe,0xfe,0xfe,0xfe,0xfe,0xfe,0xfe,0xfe,0xfe,0xfe,0xfe,
0xfe,0xfb,0x02,0x00,0x00,0x00,0x00,0x00,0x00,0x00,0x00,0x00,0x00,0x00,0x00,0x00,
0x00,0x00,0x00,0x00,0x00,0x00,0x00,0x00,0x00,0x04,0xfb,0xfe,0xfe,0xfe,0xfe,0xfe,
0xfe,0xfe,0xfe,0xfe,0xfe,0xfe,0xfe,0xfe,0xfe,0xfc,0x02,0x00,0x00,0x00,0x00,0x00,
0x00,0x00,0x00,0x00,0x00,0x00,0x00,0x00,0x00,0x00,0x00,0x00,0x00,0x00,0x00,0x00,
0x00,0xf6,0xfb,0xfe,0xfe,0xff,0xfe,0xfe,0xfe,0xfe,0xfe,0xfe,0xfe,0xfe,0xfe,0xfe,
0xfe,0xfc,0x03,0x00,0x00,0x00,0x00,0x00,0x00,0x00,0x00,0x00,0x00,0x00,0x00,0x00,
0x00,0x00,0x00,0x00,0x00,0x00,0x00,0x00,0x1a,0xfd,0xfd,0xfe,0xfe,0xfe,0xfe,0xfe,
0xfe,0xfe,0xfe,0xff,0xfe,0xfe,0xfe,0xfe,0xfe,0xfe,0xf8,0x00,0x00,0x00,0x00,0x00,
0x00,0x00,0x00,0x00,0x00,0x00,0x00,0x00,0x00,0x00,0x00,0x00,0x00,0x00,0x00,0x03,
0xfc,0xfe,0xfe,0xfe,0xff,0xfe,0xfe,0xfe,0xfe,0xfe,0xfe,0xff,0xff,0xfe,0xfe,0xff,
0xff,0xfe,0xfe,0x5c,0x00,0x00,0x00,0x00,0x00,0x00,0x00,0x00,0x00,0x00,0x00,0x00,
0x00,0x00,0x00,0x00,0x00,0x00,0x00,0x01,0xfa,0xfe,0xfe,0xfe,0xfe,0xff,0xfe,0xfe,
0xfe,0xfe,0xfe,0xff,0xfe,0xfe,0xfe,0xff,0xfe,0xfe,0xfe,0xea,0x00,0x00,0x00,0x00,
0x00,0x00,0x00,0x00,0x00,0x00,0x00,0x00,0x00,0x00,0x00,0x00,0x00,0x00,0x00,0x00,
0xa3,0xfe,0xfe,0xfe,0xfe,0xff,0xfe,0xff,0xfe,0xfe,0xfe,0xfe,0xfe,0xfe,0xfe,0xfe,
0xfe,0xfe,0xfd,0x01,0x01,0x00,0x00,0x00,0x00,0x00,0x00,0x00,0x00,0x00,0x00,0x00,
0x00,0x00,0x00,0x00,0x00,0x00,0x00,0x00,0x00,0xfb,0xfd,0xfe,0xfe,0xfe,0xfe,0xfe,
0xfe,0xfe,0xfe,0xfe,0xfe,0xfe,0xfe,0xfe,0xfe,0xfe,0xf1,0x04,0x00,0x00,0x00,0x00,
0x00,0x00,0x00,0x00,0x00,0x00,0x00,0x00,0x00,0x00,0x00,0x00,0x00,0x00,0x00,0x00,
0x00,0x03,0x0a,0xfe,0xfe,0xfe,0xfe,0xfe,0xfe,0xfe,0xfe,0xfe,0xfe,0xfe,0xfe,0xfe,
0xfe,0xfd,0xfd,0xf9,0x00,0x00,0x00,0x00,0x00,0x00,0x00,0x00,0x00,0x00,0x00,0x00,
0x00,0x00,0x00,0x00,0x00,0x00,0x00,0x00,0x00,0x01,0x01,0x03,0xfc,0xfe,0xfe,0xfe,
0xfe,0xfe,0xfe,0xfe,0xfe,0xfe,0xfe,0xfe,0xfe,0xfd,0xfe,0xfb,0xd7,0x00,0x00,0x00,
0x00,0x00,0x00,0x00,0x00,0x00,0x00,0x00,0x00,0x00,0x00,0x00,0x00,0x00,0x00,0x00,
0x00,0x00,0x00,0x02,0xf6,0xfe,0xfe,0xfe,0xfe,0xfe,0xfe,0xfe,0xfe,0xfe,0xfe,0xfe,
0xfe,0xfe,0xfe,0xfd,0x02,0x00,0x00,0x00,0x00,0x00,0x00,0x00,0x00,0x00,0x00,0x00,
0x00,0x00,0x00,0x00,0x00,0x00,0x00,0x00,0x00,0x00,0x00,0x01,0xfa,0xfe,0xfe,0xfe,
0xfe,0xfe,0xfe,0xfe,0xfe,0xfe,0xfe,0xfe,0xfe,0xfe,0xfd,0x0c,0x01,0x00,0x00,0x00,
0x00,0x00,0x00,0x00,0x00,0x00,0x00,0x00,0x00,0x00,0x00,0x00,0x00,0x00,0x00,0x00,
0x00,0x00,0x00,0x05,0xfc,0xfe,0xfe,0xfe,0xfe,0xfe,0xfe,0xfe,0xfe,0xfe,0xfe,0xfe,
0xfe,0xfe,0xfd,0xfb,0x01,0x00,0x00,0x00,0x00,0x00,0x00,0x00,0x00,0x00,0x00,0x00,
0x00,0x00,0x00,0x00,0x00,0x00,0x00,0x00,0x00,0x00,0x00,0x81,0xfd,0xfe,0xfe,0xfe,
0xfe,0xfe,0xff,0xfe,0xfe,0xfe,0xfe,0xfe,0xfe,0xfd,0xfc,0xfa,0x00,0x00,0x00,0x00,
0x00,0x00,0x00,0x00,0x00,0x00,0x00,0x00,0x00,0x00,0x00,0x00,0x00,0x00,0x00,0x00,
0x00,0x00,0x00,0x89,0xfd,0xfe,0xfe,0xfe,0xfe,0xfe,0xfe,0xff,0xff,0xfe,0xfe,0xfe,
0xfe,0xb7,0x07,0x01,0x00,0x00,0x00,0x00,0x00,0x00,0x00,0x00,0x00,0x00,0x00,0x00,
0x00,0x00,0x00,0x00,0x00,0x00,0x00,0x00,0x00,0x00,0x01,0xfd,0xfe,0xfe,0xfe,0xff,
0xfe,0xfe,0xff,0xff,0xff,0xfe,0xfe,0xfe,0xfe,0xfd,0xc4,0x01,0xf5,0xfb,0x00,0x00,
0x00,0x00,0x00,0x00,0x00,0x00,0x00,0x00,0x00,0x00,0x00,0x00,0x00,0x00,0x00,0x00,
0x00,0x01,0xed,0xfe,0xfe,0xfe,0xfe,0xff,0xff,0xfe,0xfe,0xfe,0xfe,0xfe,0xfe,0xff,
0xfe,0xfe,0xfe,0xfa,0xfd,0xfe,0xfb,0x02,0x00,0x00,0x00,0x00,0x00,0x00,0x00,0x00,
0x00,0x00,0x00,0x00,0x00,0x00,0x00,0x00,0x00,0x04,0xfc,0xfe,0xfe,0xfe,0xfe,0xff,
0xfe,0xfe,0xfe,0xfe,0xfe,0xfe,0xff,0xff,0xfe,0xfe,0xfe,0xfd,0xfe,0xfe,0xfd,0xf9,
0x00,0x00,0x00,0x00,0x00,0x00,0x00,0x00,0x00,0x00,0x00,0x00,0x00,0x00,0x00,0x00,
0x00,0xf1,0xfd,0xfe,0xfe,0xff,0xff,0xff,0xfe,0xfe,0xfe,0xfe,0xfe,0xfe,0xff,0xff,
0xfe,0xfe,0xfe,0xfe,0xfe,0xfe,0xfe,0xfb,0x00,0x00,0x00,0x00,0x00,0x00,0x00,0x00,
0x00,0x00,0x00,0x00,0x00,0x00,0x00,0x00,0x00,0xf8,0xfd,0xfe,0xfe,0xfe,0xfe,0xfe,
0xfe,0xfe,0xfe,0xfe,0xfe,0xff,0xff,0xfe,0xfe,0xfe,0xfe,0xfe,0xfe,0xfe,0xfe,0xfd,
0x01,0x00,0x00,0x00,0x00,0x00,0x00,0x00,0x00,0x00,0x00,0x00,0x00,0x00,0x00,0x00,
0x00,0xf9,0xfe,0xfe,0xfe,0xfe,0xfe,0xfe,0xfe,0xfe,0xfe,0xfe,0xfe,0xff,0xfe,0xfe,
0xfe,0xfe,0xfe,0xfe,0xfe,0xfe,0xfe,0xfc,0x01,0x00,0x00,0x00,0x00,0x00,0x00,0x00,
0x00,0x00,0x00,0x00,0x00,0x00,0x00,0x00,0x00,0x8b,0xfd,0xfe,0xfe,0xfe,0xfe,0xfe,
0xfe,0xfe,0xfe,0xfe,0xfe,0xfe,0xfe,0xfe,0xfe,0xfe,0xfe,0xfe,0xfe,0xfe,0xfc,0x02,
0x01,0x00,0x00,0x00,0x00,0x00,0x00,0x00,0x00,0x00,0x00,0x00,0x00,0x00,0x00,0x00,
0x00,0x02,0xf9,0xfd,0xfe,0xfe,0xfe,0xfe,0xfe,0xfe,0xfe,0xfe,0xfe,0xfe,0xfe,0xfe,
0xfe,0xfe,0xfe,0xfe,0xfd,0xfb,0x0b,0x00,0x00,0x00,0x00,0x00,0x00,0x00,0x00,0x00,
0x00,0x00,0x00,0x00,0x00,0x00,0x00,0x00,0x00,0x01,0x16,0xfd,0xfe,0xfe,0xfe,0xfe,
0xfe,0xfe,0xfe,0xfe,0xfe,0xfe,0xfe,0xfe,0xfe,0xfd,0xfd,0x00,0x00,0x01,0x01,0x00,
0x00,0x00,0x00,0x00,0x00,0x00,0x00,0x00,0x00,0x00,0x00,0x00,0x00,0x00,0x00,0x00,
0x00,0x00,0x01,0xfd,0xfe,0xfe,0xfe,0xfe,0xfe,0xfe,0xfe,0xfe,0xfe,0xfe,0xfe,0xfe,
0xfe,0xfc,0x05,0x00,0x00,0x00,0x00,0x00,0x00,0x00,0x00,0x00,0x00,0x00,0x00,0x00,
0x00,0x00,0x00,0x00,0x00,0x00,0x00,0x00,0x00,0x00,0x00,0xc7,0xfd,0xfd,0xfd,0xfd,
0xfd,0xfe,0xfd,0xfd,0xfd,0xfd,0xfe,0xfd,0xfc,0x00,0x01,0x00,0x00,0x00,0x00,0x00,
0x00,0x00,0x00,0x00,0x00,0x00,0x00,0x00,0x00,0x00,0x00,0x00,0x00,0x00,0x00,0x00,
0x00,0x00,0x00,0x00,0x01,0x01,0x01,0x00,0x00,0x01,0x02,0x01,0x01,0x01,0x01,0x01,
0x01,0x00,0x00,0x00,0x00,0x00,0x00,0x00,0x00,0x00,0x00,0x00,0x00,0x00,0x00,0x00,

};
static const lv_image_dsc_t s_partner_lulu_idle = {
    .header.magic = LV_IMAGE_HEADER_MAGIC,
    .header.cf = LV_COLOR_FORMAT_RGB565A8,
    .header.flags = 0,
    .header.w = 40,
    .header.h = 44,
    .header.stride = 80,
    .data_size = sizeof(s_partner_lulu_idle_map),
    .data = s_partner_lulu_idle_map,
};

static const LV_ATTRIBUTE_MEM_ALIGN LV_ATTRIBUTE_LARGE_CONST uint8_t s_partner_lulu_work_map[] = {
0x00,0x00,0x00,0x00,0x24,0x31,0x45,0x29,0x44,0x31,0x65,0x31,0x44,0x31,0x65,0x31,
0x65,0x39,0x86,0x39,0xa6,0x41,0xc7,0x41,0xe6,0x49,0x27,0x4a,0x48,0x5a,0x89,0x5a,
0x89,0x62,0xca,0x62,0xea,0x72,0x2b,0x73,0x4b,0x7b,0x2b,0x73,0x2b,0x7b,0xea,0x6a,
0xa9,0x6a,0xa9,0x62,0x69,0x62,0x69,0x5a,0x48,0x5a,0x48,0x52,0x27,0x52,0x07,0x4a,
0xe6,0x51,0xe6,0x41,0xa5,0x41,0xa5,0x39,0x65,0x39,0x65,0x39,0x00,0x00,0x00,0x00,
0x00,0x00,0x00,0x00,0x45,0x29,0x44,0x31,0x45,0x29,0x44,0x31,0x65,0x31,0x65,0x39,
0x86,0x31,0x86,0x39,0xc7,0x39,0xc7,0x49,0x08,0x4a,0x28,0x52,0x69,0x52,0x69,0x5a,
0xca,0x62,0xea,0x72,0x4c,0x73,0x6d,0x83,0x00,0x08,0xc3,0x28,0x00,0x10,0x21,0x20,
0xeb,0x6a,0xa9,0x6a,0x8a,0x62,0x69,0x62,0x69,0x5a,0x48,0x5a,0x49,0x52,0x27,0x52,
0x08,0x4a,0xe7,0x49,0xc7,0x41,0xa6,0x41,0x86,0x39,0x65,0x39,0x00,0x00,0x00,0x00,
0x00,0x00,0x00,0x00,0x44,0x31,0x65,0x31,0x44,0x39,0x65,0x31,0x65,0x39,0xa6,0x39,
0x85,0x41,0xc6,0x39,0xc6,0x49,0x07,0x4a,0x27,0x52,0x48,0x52,0x68,0x62,0xaa,0x62,
0xea,0x72,0x4c,0x73,0x6d,0x8b,0x61,0x20,0x5a,0xff,0xbb,0xff,0x7b,0xff,0x2a,0x7b,
0x40,0x20,0xca,0x6a,0xa9,0x6a,0xa9,0x62,0x89,0x62,0x89,0x62,0x48,0x62,0x48,0x5a,
0x27,0x5a,0x27,0x4a,0xe6,0x49,0xc6,0x41,0xa5,0x41,0xa5,0x39,0x00,0x00,0x00,0x00,
0x00,0x00,0x00,0x00,0x65,0x31,0x44,0x31,0x65,0x31,0x65,0x39,0x86,0x31,0x85,0x39,
0xc6,0x39,0xc6,0x41,0x07,0x4a,0x07,0x52,0x48,0x52,0x48,0x5a,0x8a,0x5a,0xaa,0x62,
0x2c,0x73,0x4c,0x7b,0x20,0x08,0x9d,0xff,0x9c,0xff,0x5a,0xff,0xbc,0xff,0xdc,0xff,
0x41,0x18,0xca,0x72,0xca,0x6a,0xa9,0x6a,0xca,0x62,0x89,0x62,0x89,0x5a,0x48,0x5a,
0x49,0x52,0x27,0x52,0x07,0x4a,0xc6,0x49,0xc6,0x41,0x85,0x41,0x00,0x00,0x00,0x00,
0x00,0x00,0x00,0x00,0x64,0x39,0x85,0x31,0x64,0x39,0xa5,0x39,0xa5,0x41,0xc6,0x39,
0xc6,0x41,0x07,0x42,0x07,0x4a,0x48,0x4a,0x48,0x5a,0x89,0x5a,0xa9,0x62,0xea,0x6a,
0x6c,0x7b,0x40,0x10,0x7b,0xff,0xbc,0xff,0x5b,0xff,0x94,0xe5,0x97,0xf6,0x9b,0xff,
0x61,0x28,0x0b,0x73,0xea,0x72,0xea,0x6a,0xc9,0x6a,0xca,0x6a,0xa9,0x6a,0x89,0x62,
0x68,0x62,0x48,0x5a,0x27,0x52,0x07,0x4a,0xc6,0x49,0xc6,0x41,0x00,0x00,0x00,0x00,
0x00,0x00,0x00,0x00,0x85,0x31,0x65,0x39,0x85,0x31,0x85,0x39,0xa6,0x39,0xa6,0x41,
0xe7,0x41,0xe7,0x49,0x28,0x4a,0x28,0x52,0x49,0x52,0x69,0x5a,0xca,0x62,0x0b,0x73,
0x85,0x41,0x37,0xde,0x9b,0xff,0x7a,0xff,0x12,0xfd,0x12,0xfd,0x5a,0xf7,0xbc,0xff,
0x61,0x20,0x0b,0x7b,0x0b,0x73,0xea,0x72,0x0b,0x6b,0xea,0x72,0xeb,0x6a,0xca,0x6a,
0xaa,0x62,0x68,0x62,0x48,0x52,0x07,0x52,0xe7,0x49,0xa6,0x49,0x00,0x00,0x00,0x00,
0x00,0x00,0x00,0x00,0x85,0x39,0xa5,0x39,0x85,0x39,0xa6,0x39,0xa5,0x41,0xe6,0x41,
0xe6,0x49,0x27,0x4a,0x27,0x52,0x68,0x52,0x68,0x5a,0xa9,0x62,0xca,0x6a,0x4c,0x73,
0x00,0x10,0xbd,0xff,0x3a,0xff,0x32,0xdd,0x32,0xfd,0x33,0xfd,0x7a,0xff,0x0d,0xa4,
0x60,0x20,0x4c,0x7b,0x2b,0x7b,0x4b,0x7b,0x6b,0x83,0x6c,0x7b,0x4b,0x7b,0x2b,0x73,
0xea,0x72,0xc9,0x62,0x68,0x62,0x48,0x5a,0x07,0x52,0xe7,0x49,0x00,0x00,0x00,0x00,
0x00,0x00,0x00,0x00,0xa6,0x39,0x85,0x39,0xa6,0x39,0xa6,0x41,0xc6,0x39,0xe6,0x49,
0x07,0x42,0x07,0x4a,0x48,0x52,0x48,0x5a,0x89,0x5a,0x89,0x62,0x0b,0x6b,0x6c,0x7b,
0x20,0x10,0x7c,0xff,0x57,0xfe,0x32,0xed,0x12,0xfd,0xd1,0xfc,0x7c,0xff,0x20,0x20,
0x8d,0x83,0x4c,0x83,0x6c,0x7b,0x8c,0x8b,0xee,0x8b,0xcd,0x8b,0x62,0x10,0x41,0x10,
0x61,0x10,0x41,0x18,0xca,0x6a,0x68,0x62,0x28,0x52,0xe6,0x51,0x00,0x00,0x00,0x00,
0x00,0x00,0x00,0x00,0xa5,0x41,0xc5,0x39,0xa5,0x41,0xe6,0x41,0xe6,0x49,0x07,0x4a,
0x06,0x52,0x47,0x4a,0x47,0x5a,0x89,0x5a,0x89,0x62,0xca,0x62,0x2b,0x73,0xca,0x62,
0xf8,0xf6,0x9b,0xff,0x36,0xfe,0x53,0xed,0x12,0xed,0x98,0xfe,0x3a,0xff,0x20,0x18,
0xac,0x8b,0x8d,0x83,0xcd,0x8b,0x4f,0x94,0x00,0x10,0xe7,0x49,0x7a,0xff,0xbb,0xff,
0x5a,0xff,0x47,0x62,0x00,0x18,0x89,0x62,0x27,0x5a,0x07,0x52,0x00,0x00,0x00,0x00,
0x00,0x00,0x00,0x00,0xc6,0x39,0xa5,0x41,0xc6,0x39,0xc6,0x41,0x07,0x42,0x07,0x4a,
0x28,0x4a,0x47,0x52,0x89,0x52,0x88,0x5a,0xca,0x5a,0xca,0x6a,0x4d,0x6b,0x00,0x08,
0x9b,0xff,0x9b,0xff,0xb1,0xfc,0xb1,0xfc,0x11,0xdd,0xd8,0xfe,0x00,0x08,0xae,0x83,
0xae,0x8b,0xad,0x93,0x40,0x08,0xde,0xff,0x7b,0xff,0x9b,0xff,0x9b,0xff,0x9b,0xff,
0x9b,0xff,0x7a,0xff,0x41,0x18,0x8a,0x72,0x48,0x5a,0xe7,0x51,0x00,0x00,0x00,0x00,
0x00,0x00,0x00,0x00,0xc5,0x41,0xe6,0x41,0xe5,0x41,0x06,0x42,0x06,0x4a,0x27,0x4a,
0x46,0x52,0x67,0x52,0x88,0x5a,0xa9,0x5a,0xc9,0x62,0x0a,0x6b,0x4c,0x7b,0x20,0x08,
0xbb,0xff,0x9b,0xff,0xcd,0xfb,0x2f,0xfc,0x59,0xff,0x39,0xff,0xe6,0x59,0x0e,0x94,
0xee,0x8b,0x20,0x08,0x7a,0xff,0x9b,0xff,0x7a,0xff,0xbb,0xff,0x97,0xfe,0x11,0xe5,
0x32,0xf5,0xd4,0xfd,0x20,0x18,0xaa,0x62,0x27,0x5a,0x07,0x52,0x00,0x00,0x00,0x00,
0x00,0x00,0x00,0x00,0xe6,0x39,0xe5,0x41,0xe6,0x41,0xe6,0x49,0x27,0x4a,0x47,0x52,
0x68,0x52,0x67,0x5a,0xa9,0x5a,0xa9,0x62,0xea,0x62,0x0a,0x6b,0x8d,0x73,0x00,0x08,
0x7b,0xff,0xd8,0xf6,0x91,0xd4,0xfa,0xfe,0x99,0xe6,0x00,0x10,0x2f,0x9c,0xee,0x9b,
0x40,0x10,0x5b,0xff,0x9b,0xff,0x7b,0xff,0x16,0xfe,0x12,0xf5,0xd1,0xfc,0xb1,0xfc,
0x99,0xee,0x00,0x20,0xeb,0x72,0x48,0x6a,0x48,0x5a,0xe7,0x51,0x00,0x00,0x00,0x00,
0x00,0x00,0x00,0x00,0xe5,0x49,0xe5,0x41,0x05,0x4a,0x26,0x4a,0x26,0x4a,0x67,0x4a,
0x67,0x52,0xa8,0x52,0xa8,0x62,0xe9,0x62,0x0a,0x6b,0x4b,0x6b,0xcd,0x8b,0x6f,0x94,
0xd4,0xcd,0x9c,0xff,0x9b,0xff,0x9b,0xff,0x40,0x08,0x41,0x08,0x91,0xa4,0x00,0x08,
0x9a,0xff,0x9b,0xff,0x19,0xff,0x8f,0xd4,0x90,0xfc,0xd1,0xfc,0xd1,0xf4,0xc5,0x89,
0xe2,0x38,0xca,0x72,0x88,0x72,0x68,0x62,0x27,0x5a,0x07,0x52,0x00,0x00,0x00,0x00,
0x00,0x00,0x00,0x00,0x05,0x42,0xe5,0x41,0x26,0x42,0x26,0x4a,0x46,0x4a,0x46,0x52,
0x87,0x52,0x87,0x5a,0xc9,0x5a,0xe9,0x62,0x2b,0x6b,0x6c,0x7b,0xef,0x8b,0x20,0x10,
0x9b,0xff,0x7b,0xff,0x9b,0xff,0x7b,0xff,0x9c,0xff,0x9c,0xff,0x9d,0xff,0xc5,0x41,
0x7a,0xff,0xf8,0xf6,0x4f,0xfc,0xcd,0xfb,0x74,0xfd,0x90,0xec,0x00,0x10,0x69,0x62,
0xca,0x7a,0x88,0x72,0x69,0x62,0x27,0x62,0x28,0x52,0xe7,0x51,0x00,0x00,0x00,0x00,
0x00,0x00,0x00,0x00,0xe4,0x49,0x05,0x42,0x25,0x4a,0x46,0x4a,0x45,0x52,0x86,0x4a,
0x86,0x5a,0xc8,0x5a,0xc9,0x62,0x2a,0x6b,0x6b,0x73,0xee,0x83,0x00,0x08,0xbd,0xff,
0x7a,0xff,0x9b,0xff,0x9a,0xff,0x9b,0xff,0x9b,0xff,0xbb,0xff,0x7a,0xff,0xbb,0xff,
0xd0,0xec,0x73,0xfd,0x6c,0xa3,0x20,0x30,0x00,0x18,0x48,0x5a,0xca,0x8a,0xa9,0x7a,
0x68,0x72,0x68,0x6a,0x47,0x62,0x47,0x5a,0x27,0x5a,0x07,0x52,0x00,0x00,0x00,0x00,
0x00,0x00,0x00,0x00,0x05,0x42,0x05,0x42,0x25,0x42,0x25,0x4a,0x66,0x42,0x66,0x4a,
0xa7,0x52,0xc7,0x5a,0x09,0x63,0x2a,0x6b,0xae,0x73,0x40,0x08,0x7b,0xff,0x7b,0xff,
0x9b,0xff,0x7b,0xff,0x9b,0xff,0x7b,0xff,0x9c,0xff,0x7b,0xff,0x9c,0xff,0x9b,0xff,
0x3b,0xef,0x00,0x10,0x00,0x10,0x2c,0x83,0xca,0x7a,0x89,0x7a,0x89,0x72,0x68,0x72,
0x69,0x62,0x48,0x6a,0x48,0x5a,0x07,0x5a,0x27,0x52,0xe6,0x51,0x00,0x00,0x00,0x00,
0x00,0x00,0x00,0x00,0x24,0x42,0x45,0x42,0x24,0x4a,0x45,0x42,0x65,0x4a,0x86,0x4a,
0x86,0x52,0xc7,0x52,0x08,0x6b,0x8a,0x73,0x00,0x08,0x9d,0xf7,0x9b,0xff,0x9b,0xff,
0x9b,0xff,0x9b,0xff,0x9b,0xff,0xbb,0xff,0x7a,0xff,0x9b,0xff,0x7a,0xff,0x9b,0xff,
0x7a,0xff,0xf8,0xee,0x6b,0x8b,0x2b,0x7b,0xa9,0x7a,0xa9,0x72,0x68,0x72,0x89,0x6a,
0x68,0x6a,0x48,0x62,0x47,0x62,0x27,0x5a,0x06,0x52,0x07,0x52,0x00,0x00,0x00,0x00,
0x00,0x00,0x00,0x00,0x25,0x3a,0x24,0x42,0x45,0x42,0x44,0x42,0x65,0x42,0x65,0x4a,
0xa6,0x4a,0xc6,0x52,0x29,0x63,0xec,0x83,0xd8,0xee,0x7a,0xff,0x9c,0xff,0x9b,0xff,
0x9c,0xff,0x9b,0xff,0x9b,0xf7,0xbc,0xff,0x9b,0xff,0x7b,0xff,0x9b,0xff,0x7b,0xff,
0x9c,0xff,0x19,0xf7,0xce,0x8b,0x0a,0x7b,0xca,0x6a,0x89,0x6a,0x89,0x62,0x69,0x6a,
0x69,0x62,0x48,0x62,0x48,0x52,0x07,0x5a,0x07,0x52,0xe7,0x51,0x00,0x00,0x00,0x00,
0x00,0x00,0x00,0x00,0x24,0x42,0x45,0x42,0x44,0x4a,0x65,0x42,0x83,0x42,0x84,0x42,
0xc4,0x4a,0xc4,0x4a,0x69,0x6b,0x40,0x00,0x7a,0xff,0x9b,0xff,0x7a,0xff,0x9b,0xff,
0x9c,0xff,0x2b,0x73,0x00,0x00,0xef,0x7b,0x7a,0xff,0x9b,0xff,0x9b,0xff,0xbb,0xff,
0x9b,0xff,0xbc,0xff,0x00,0x10,0x2b,0x6b,0xc9,0x6a,0xa9,0x62,0x88,0x6a,0x89,0x62,
0x68,0x62,0x48,0x5a,0x47,0x5a,0x47,0x52,0x07,0x5a,0x07,0x52,0x00,0x00,0x00,0x00,
0x00,0x00,0x00,0x00,0x45,0x42,0x44,0x42,0x64,0x3a,0x64,0x42,0x84,0x3a,0x83,0x42,
0xc0,0x32,0xc7,0x9d,0xc7,0x5b,0xa0,0x00,0xd8,0xee,0x7a,0xff,0x9b,0xff,0x9b,0xff,
0x7c,0xff,0x40,0x18,0x2c,0x73,0x00,0x18,0x9c,0xff,0x7b,0xff,0x9b,0xff,0x9b,0xff,
0x9b,0xf7,0x9b,0xff,0x00,0x00,0xeb,0x6a,0xca,0x62,0x89,0x62,0x89,0x5a,0x68,0x62,
0x68,0x5a,0x47,0x5a,0x48,0x52,0x07,0x5a,0x07,0x52,0xe7,0x51,0x00,0x00,0x00,0x00,
0x00,0x00,0x00,0x00,0x44,0x4a,0x65,0x42,0x63,0x42,0x84,0x42,0x82,0x42,0xa3,0x3a,
0x00,0x3b,0x28,0x9e,0xe2,0x74,0xe0,0x4b,0x5a,0xff,0x9b,0xff,0x5b,0xff,0xb5,0xe5,
0x3a,0xff,0xe1,0x38,0x60,0x28,0x5c,0xff,0x9b,0xff,0x9b,0xff,0x9c,0xff,0xdd,0xff,
0x40,0x10,0x7c,0xf7,0x00,0x08,0x0b,0x63,0x89,0x62,0x89,0x5a,0x68,0x62,0x69,0x5a,
0x48,0x5a,0x48,0x5a,0x27,0x5a,0x27,0x52,0x06,0x52,0x07,0x4a,0x00,0x00,0x00,0x00,
0x00,0x00,0x00,0x00,0x65,0x42,0x44,0x42,0x84,0x3a,0x84,0x42,0xa3,0x3a,0xc3,0x42,
0xe5,0x3a,0x00,0x09,0x24,0x6d,0x40,0x3b,0x00,0x00,0x9d,0xff,0x74,0xfd,0x53,0xfd,
0x53,0xed,0xa4,0x79,0x81,0x20,0x7c,0xff,0x9b,0xff,0x9b,0xff,0x9c,0xff,0x80,0x20,
0x20,0x08,0x7d,0xff,0x20,0x08,0xca,0x62,0x89,0x5a,0x68,0x62,0x69,0x5a,0x48,0x5a,
0x48,0x52,0x48,0x5a,0x48,0x52,0x27,0x52,0x27,0x4a,0x07,0x52,0x00,0x00,0x00,0x00,
0x00,0x00,0x00,0x00,0x64,0x4a,0x65,0x4a,0x84,0x4a,0xa4,0x42,0xc2,0x42,0xe3,0x42,
0xc0,0x00,0x81,0x11,0x60,0x11,0x00,0x01,0x45,0x7c,0x31,0xd7,0x39,0xff,0x73,0xe5,
0x19,0xff,0x9b,0xff,0x7a,0xff,0xbb,0xff,0xbc,0xff,0xbc,0xff,0x7b,0xff,0x80,0x28,
0x60,0x30,0x5c,0xff,0x03,0x31,0xaa,0x5a,0x68,0x62,0x89,0x5a,0x68,0x5a,0x68,0x52,
0x47,0x5a,0x68,0x52,0x47,0x52,0x48,0x52,0x27,0x52,0x27,0x4a,0x00,0x00,0x00,0x00,
0x00,0x00,0x00,0x00,0x65,0x42,0x65,0x4a,0xa5,0x42,0x84,0x4a,0xc6,0x42,0xc0,0x08,
0xe3,0x8d,0xa0,0x6c,0xc4,0x43,0x00,0x12,0x22,0x6d,0x80,0x5c,0x5a,0xf7,0x7a,0xff,
0xbc,0xff,0x7b,0xff,0x3a,0xff,0xa7,0x82,0x3b,0xff,0x12,0xd5,0x9c,0xff,0xe2,0x38,
0x9c,0xff,0x3a,0xf7,0x61,0x10,0x89,0x5a,0x89,0x52,0x69,0x5a,0x89,0x52,0x48,0x52,
0x68,0x52,0x47,0x52,0x48,0x4a,0x27,0x52,0x48,0x4a,0x27,0x52,0x00,0x00,0x00,0x00,
0x00,0x00,0x00,0x00,0x65,0x4a,0x86,0x4a,0xa4,0x4a,0xc5,0x4a,0x00,0x43,0x29,0xa6,
0x42,0x9e,0x60,0x7d,0x27,0x6c,0xc0,0x00,0x4a,0xbe,0x05,0x8d,0xc7,0x63,0xa0,0x00,
0xbb,0xff,0x9c,0xff,0x9b,0xff,0xdc,0xff,0x5a,0xff,0xc4,0x61,0x9b,0xff,0x9b,0xff,
0x52,0xf5,0xd1,0xdc,0x61,0x18,0x8a,0x5a,0x88,0x5a,0x89,0x52,0x68,0x5a,0x89,0x52,
0x68,0x52,0x68,0x52,0x47,0x52,0x48,0x4a,0x47,0x52,0x47,0x4a,0x00,0x00,0x00,0x00,
0x00,0x00,0x00,0x00,0x86,0x4a,0x86,0x52,0xc6,0x4a,0xc6,0x52,0xe7,0x4a,0xc0,0x08,
0xc1,0x00,0x80,0x08,0x40,0x08,0x7b,0xf7,0xdb,0xf7,0x24,0x4a,0x42,0x8e,0xe0,0x8d,
0x85,0x3a,0x60,0x00,0x3a,0xf7,0x5a,0xff,0x7b,0xf7,0xbc,0xff,0x7b,0xff,0x9b,0xff,
0xf7,0xdd,0x00,0x18,0xaa,0x5a,0x69,0x5a,0x89,0x52,0x69,0x52,0x89,0x52,0x68,0x52,
0x69,0x4a,0x48,0x52,0x68,0x4a,0x47,0x52,0x48,0x4a,0x47,0x52,0x00,0x00,0x00,0x00,
0x00,0x00,0x00,0x00,0xa6,0x5a,0xc7,0x52,0xc6,0x5a,0xc7,0x52,0x06,0x5b,0x27,0x5b,
0xaa,0x7b,0xe4,0x39,0x9c,0xff,0x9c,0xff,0x9b,0xff,0x9b,0xff,0x80,0x11,0x48,0x85,
0x41,0x7d,0xa0,0x5c,0x63,0x64,0xc0,0x2a,0x00,0x00,0x61,0x08,0x00,0x08,0x41,0x08,
0x89,0x62,0xaa,0x62,0x89,0x5a,0x89,0x52,0x89,0x52,0x89,0x52,0x88,0x52,0x89,0x4a,
0x88,0x52,0x88,0x4a,0x68,0x52,0x68,0x4a,0x67,0x52,0x88,0x52,0x00,0x00,0x00,0x00,
0x00,0x00,0x00,0x00,0xc8,0x5a,0xc7,0x5a,0xe8,0x5a,0xe8,0x62,0x29,0x63,0x49,0x6b,
0xe2,0x20,0x7b,0xff,0x9b,0xff,0x7b,0xff,0xbc,0xff,0x7b,0xff,0xbe,0xff,0x00,0x08,
0x80,0x22,0x46,0x8d,0x82,0x7d,0xc0,0x6c,0xc3,0x4b,0xa0,0x2a,0x20,0x08,0xca,0x62,
0x8a,0x5a,0x68,0x5a,0x89,0x4a,0x69,0x52,0x8a,0x4a,0x89,0x52,0xaa,0x4a,0x89,0x4a,
0xa9,0x4a,0x88,0x4a,0x89,0x4a,0x68,0x52,0x88,0x4a,0x88,0x52,0x00,0x00,0x00,0x00,
0x00,0x00,0x00,0x00,0xe8,0x62,0x09,0x63,0x09,0x6b,0x6a,0x73,0xab,0x7b,0x8b,0x73,
0x40,0x18,0x9c,0xff,0x9b,0xff,0xbb,0xff,0x9b,0xff,0xbb,0xff,0x9a,0xff,0x9b,0xff,
0x7c,0xff,0x20,0x08,0x47,0x74,0xc0,0x00,0x20,0x08,0xce,0x7b,0x98,0xee,0x20,0x10,
0x69,0x5a,0x89,0x52,0x69,0x52,0x8a,0x52,0x89,0x52,0xaa,0x4a,0xa9,0x52,0xca,0x4a,
0xa8,0x52,0xa9,0x4a,0x88,0x52,0x88,0x4a,0x67,0x52,0x88,0x52,0x00,0x00,0x00,0x00,
0x00,0x00,0x00,0x00,0xea,0x62,0x0a,0x6b,0x8d,0x73,0x40,0x10,0x62,0x10,0x00,0x08,
0x9b,0xff,0x9b,0xff,0x7a,0xff,0x35,0xee,0x9b,0xff,0x9b,0xff,0x9b,0xff,0x9b,0xff,
0x9b,0xff,0x39,0xf7,0x53,0x7c,0x73,0x8c,0x43,0x00,0x90,0x6b,0x23,0x51,0x6b,0x9b,
0x49,0x42,0x49,0x4a,0x6a,0x42,0x8a,0x52,0xcb,0x4a,0xcb,0x52,0xcb,0x4a,0xaa,0x4a,
0xc9,0x4a,0xa9,0x4a,0xa9,0x4a,0x88,0x4a,0x88,0x4a,0x87,0x52,0x00,0x00,0x00,0x00,
0x00,0x00,0x00,0x00,0x0a,0x6b,0x02,0x29,0xfd,0xff,0x9b,0xf7,0xdd,0xff,0xfe,0xff,
0x7a,0xff,0x9b,0xff,0x7a,0xff,0x7a,0xff,0x20,0x20,0x57,0xe6,0x9c,0xff,0xbd,0xff,
0x39,0xff,0xb3,0xd5,0x97,0xad,0xc4,0x08,0x2c,0x7b,0x01,0x10,0xe6,0x41,0x5c,0xef,
0x28,0x4a,0x49,0x4a,0x6a,0x4a,0x8b,0x4a,0xcb,0x4a,0xec,0x4a,0xea,0x52,0xeb,0x4a,
0xc9,0x4a,0xc9,0x4a,0xa7,0x52,0xc8,0x4a,0x87,0x52,0xa8,0x52,0x00,0x00,0x00,0x00,
0x00,0x00,0x00,0x00,0x2c,0x6b,0x00,0x08,0xbc,0xff,0x7b,0xff,0x51,0xcd,0x79,0xff,
0x9b,0xff,0x7b,0xff,0x9b,0xff,0x9b,0xff,0x5a,0xff,0x55,0xee,0xac,0x4a,0x01,0x00,
0x43,0x08,0x09,0x42,0x53,0x7c,0x19,0xbe,0x90,0x6b,0x01,0x00,0x2a,0x42,0x22,0x08,
0xe8,0x31,0x29,0x42,0x6b,0x3a,0x8b,0x4a,0x30,0x33,0x7c,0xa6,0x2c,0x43,0x0b,0x4b,
0xe9,0x42,0xc8,0x42,0xc8,0x4a,0xa7,0x4a,0xa7,0x4a,0x87,0x52,0x00,0x00,0x00,0x00,
0x00,0x00,0x00,0x00,0x2b,0x6b,0x20,0x08,0x9b,0xff,0xbc,0xff,0x30,0xd5,0x79,0xff,
0x9b,0xff,0xbb,0xff,0x9b,0xff,0xbc,0xff,0x7a,0xff,0x5a,0xff,0x31,0x94,0x49,0x4a,
0x42,0x08,0xf5,0x94,0x9b,0xce,0x31,0x74,0x52,0x84,0xd8,0xad,0x2d,0x63,0x22,0x00,
0x09,0x42,0x4a,0x42,0xa3,0x10,0x42,0x00,0x7a,0x65,0xb3,0x23,0x0b,0x43,0x2c,0x43,
0x08,0x4b,0xe8,0x42,0xc6,0x4a,0xc7,0x42,0xa6,0x52,0xa6,0x4a,0x00,0x00,0x00,0x00,
0x00,0x00,0x00,0x00,0x0b,0x63,0x00,0x08,0xd8,0xfe,0xd8,0xfe,0x9b,0xff,0x7b,0xff,
0x9b,0xff,0x7b,0xff,0x9b,0xff,0x9b,0xff,0xb7,0xf6,0x59,0xff,0xac,0x42,0x67,0x21,
0x73,0x84,0x3a,0xc6,0xf5,0x94,0x94,0x8c,0xd2,0x6b,0xb1,0x6b,0x0a,0x3a,0x01,0x00,
0x01,0x00,0x62,0x10,0x1a,0xbe,0x22,0x00,0x6e,0x3b,0x2d,0x43,0xb9,0x75,0x4f,0x2b,
0x48,0x43,0xe7,0x3a,0xe6,0x42,0xa5,0x42,0xa6,0x4a,0x85,0x4a,0x00,0x00,0x00,0x00,
0x00,0x00,0x00,0x00,0xea,0x6a,0x85,0x39,0x00,0x18,0x78,0xe6,0x5a,0xff,0x9b,0xff,
0x9b,0xff,0xbb,0xff,0x9b,0xff,0xbb,0xff,0x9a,0xff,0x39,0xf7,0x01,0x00,0x6e,0x63,
0xf8,0xb5,0x35,0x9d,0xb4,0x94,0xf5,0x94,0xb1,0x6b,0xcd,0x4a,0xac,0x52,0xf5,0x94,
0xb0,0x73,0xb8,0xad,0x2f,0x63,0xa5,0x08,0x2d,0x3b,0x6e,0x3b,0x90,0x2b,0x1a,0x76,
0x68,0x4b,0x40,0x01,0x40,0x09,0xc2,0x19,0x84,0x4a,0xa5,0x4a,0x00,0x00,0x00,0x00,
0x00,0x00,0x00,0x00,0xca,0x62,0xea,0x6a,0x2c,0x73,0xcd,0x8b,0xb3,0xd5,0x5a,0xff,
0x9b,0xff,0x7b,0xff,0x9b,0xff,0x9b,0xff,0x9b,0xff,0xd8,0xf6,0x42,0x00,0xd3,0x9c,
0x94,0x84,0x94,0x8c,0xb5,0x8c,0xd1,0x73,0x70,0x5b,0xea,0x31,0x0e,0x5b,0x02,0x00,
0x22,0x00,0x6f,0x6b,0x32,0x7c,0x01,0x00,0x1b,0x6e,0xd1,0x2b,0x49,0x43,0x00,0x01,
0xa0,0x09,0x88,0x95,0xe9,0x8d,0x20,0x1a,0x84,0x42,0x84,0x4a,0x00,0x00,0x00,0x00,
0x00,0x00,0x00,0x00,0xa8,0x6a,0xc9,0x6a,0x0a,0x73,0x8c,0x7b,0x20,0x10,0x9c,0xf7,
0x9b,0xff,0xbb,0xff,0x9b,0xff,0x9b,0xff,0x7a,0xff,0x76,0xee,0x77,0xee,0x20,0x18,
0x56,0xa5,0x32,0x7c,0xb0,0x6b,0xf1,0x6b,0xad,0x52,0x84,0x08,0x62,0x10,0x29,0x3a,
0x28,0x4a,0x20,0x00,0x44,0x00,0x13,0x5c,0x85,0x22,0x45,0x12,0xc6,0x3a,0x41,0x09,
0x21,0x9e,0xa0,0x8d,0x83,0x4b,0x20,0x1a,0x63,0x52,0x84,0x4a,0x00,0x00,0x00,0x00,
0x00,0x00,0x00,0x00,0xca,0x62,0xc9,0x6a,0xea,0x6a,0x2b,0x73,0x81,0x18,0x1b,0xf7,
0x9c,0xff,0x9b,0xff,0x9b,0xff,0x9b,0xff,0xf8,0xfe,0x35,0xf6,0x76,0xf6,0x35,0xf6,
0x01,0x00,0xac,0x52,0x95,0x84,0xee,0x52,0x2b,0x3a,0x88,0x31,0x09,0x42,0xe8,0x41,
0x29,0x42,0x28,0x42,0xce,0x1a,0x3b,0x96,0xe0,0x09,0xe6,0x6c,0x21,0x12,0xc0,0x11,
0x40,0x5c,0x60,0x64,0xe0,0x08,0x84,0x42,0x64,0x4a,0x43,0x52,0x00,0x00,0x00,0x00,
0x00,0x00,0x00,0x00,0xa8,0x6a,0xc9,0x62,0xc9,0x6a,0x2b,0x6b,0xad,0x83,0x61,0x10,
0xb6,0xf6,0x7a,0xff,0x7a,0xff,0x19,0xf7,0x97,0xee,0x00,0x10,0x96,0xfe,0x14,0xee,
0x13,0xfe,0xf3,0xf5,0x21,0x08,0x00,0x00,0x00,0x08,0x29,0x42,0xe7,0x49,0x08,0x4a,
0x07,0x4a,0x48,0x4a,0x89,0x4a,0x68,0x3a,0xa5,0x42,0x00,0x09,0x42,0x5c,0x20,0x2b,
0x40,0x09,0x80,0x09,0x81,0x52,0x81,0x4a,0x43,0x5a,0x43,0x52,0x00,0x00,0x00,0x00,
0x00,0x00,0x00,0x00,0xa9,0x62,0xa9,0x62,0xca,0x62,0xea,0x6a,0x6d,0x73,0x00,0x08,
0x9b,0xff,0xb8,0xf6,0x96,0xfe,0x34,0xf6,0x34,0xb5,0x03,0x39,0x00,0x10,0xf5,0xe5,
0x35,0xf6,0x14,0xf6,0x20,0x08,0x28,0x52,0xaa,0x5a,0x07,0x52,0x07,0x4a,0xe7,0x51,
0x27,0x52,0x06,0x5a,0x47,0x52,0x25,0x52,0x64,0x4a,0x84,0x5a,0xc0,0x11,0x00,0x1a,
0x61,0x4a,0xa2,0x5a,0x42,0x52,0x21,0x5a,0x23,0x5a,0x02,0x5a,0x00,0x00,0x00,0x00,
0x00,0x00,0x00,0x00,0x88,0x62,0xa9,0x62,0xa9,0x6a,0xea,0x6a,0x2b,0x73,0x68,0x52,
0x40,0x18,0x9c,0xff,0x9a,0xff,0x9a,0xff,0x3a,0xf7,0x40,0x10,0x00,0x10,0x36,0xde,
0x39,0xff,0x7a,0xff,0x7c,0xff,0xa1,0x18,0x88,0x62,0x47,0x52,0x06,0x5a,0x06,0x52,
0x05,0x62,0x26,0x62,0x42,0x61,0xa0,0x48,0x60,0x50,0x22,0x61,0x80,0x11,0x01,0x1a,
0xe0,0x50,0x80,0x40,0xe0,0x48,0x04,0x6a,0xe2,0x61,0x03,0x62,0x00,0x00,0x00,0x00,
0x00,0x00,0x00,0x00,0x88,0x5a,0x88,0x62,0xa9,0x62,0xa9,0x6a,0xea,0x6a,0x2b,0x7b,
0x20,0x08,0x5b,0xf7,0x9b,0xff,0x93,0xdd,0x97,0xee,0xc9,0x7a,0xcb,0x62,0x20,0x10,
0x9c,0xff,0x5a,0xff,0x52,0xe5,0xb3,0xf5,0x00,0x08,0x48,0x5a,0x06,0x5a,0xe6,0x61,
0x05,0x62,0xe4,0x69,0xa0,0x60,0xe6,0xaa,0x65,0xd3,0x61,0xba,0x23,0x6a,0x40,0x51,
0xe3,0xc2,0xc2,0xc2,0x65,0x92,0x80,0x60,0xe3,0x61,0xe3,0x61,0x00,0x00,0x00,0x00,
0x00,0x00,0x00,0x00,0x67,0x62,0x88,0x62,0x88,0x62,0xa9,0x62,0xc9,0x6a,0xea,0x6a,
0x0b,0x6b,0x40,0x08,0x20,0x08,0x41,0x08,0x20,0x08,0x20,0x00,0x88,0x6a,0xc9,0x6a,
0x00,0x08,0x20,0x00,0x00,0x08,0x21,0x00,0x60,0x28,0x47,0x5a,0x05,0x6a,0x25,0x62,
0xc0,0x60,0xa3,0x79,0x81,0x89,0xe3,0x91,0x21,0xaa,0x83,0xb2,0xe1,0x99,0x43,0xa2,
0x23,0xa2,0xe2,0x91,0x81,0x81,0xa2,0x79,0xe0,0x50,0xe4,0x69,0x00,0x00,0x00,0x00,
0x00,0x00,0x00,0x00,0x68,0x5a,0x68,0x62,0x88,0x5a,0x88,0x62,0xa9,0x62,0xa9,0x6a,
0xea,0x6a,0x0a,0x73,0x0b,0x6b,0x0a,0x73,0xca,0x6a,0x89,0x6a,0x88,0x62,0xa8,0x6a,
0xa9,0x6a,0xa8,0x72,0xc9,0x72,0x87,0x6a,0x67,0x6a,0x26,0x6a,0x46,0x6a,0x05,0x6a,
0x04,0x72,0xe4,0x71,0x03,0x7a,0x03,0x82,0x23,0x82,0x22,0x8a,0x43,0x8a,0x22,0x8a,
0x23,0x82,0xe2,0x81,0xe3,0x79,0xc2,0x79,0xe3,0x69,0xc3,0x69,0x00,0x00,0x00,0x00,
0x00,0x00,0x00,0x00,0x00,0x00,0x00,0x00,0x00,0x00,0x00,0x00,0x00,0x00,0x00,0x00,
0x00,0x00,0x00,0x00,0x00,0x04,0x03,0x00,0x00,0x00,0x00,0x00,0x00,0x00,0x00,0x00,
0x00,0x00,0x00,0x00,0x00,0x00,0x00,0x00,0x00,0x00,0x00,0x00,0x00,0x00,0x00,0x00,
0x00,0x00,0x00,0x00,0x00,0x00,0x00,0x00,0x00,0x00,0x00,0x04,0xf5,0xfe,0xfe,0xb1,
0x00,0x00,0x00,0x00,0x00,0x00,0x00,0x00,0x00,0x00,0x00,0x00,0x00,0x00,0x00,0x00,
0x00,0x00,0x00,0x00,0x00,0x00,0x00,0x00,0x00,0x00,0x00,0x00,0x00,0x00,0x00,0x00,
0x00,0x00,0x02,0xf8,0xfd,0xfe,0xfe,0xfd,0xc1,0x00,0x00,0x00,0x00,0x00,0x00,0x00,
0x00,0x00,0x00,0x00,0x00,0x00,0x00,0x00,0x00,0x00,0x00,0x00,0x00,0x00,0x00,0x00,
0x00,0x00,0x00,0x00,0x00,0x00,0x00,0x00,0x00,0x05,0xf9,0xfe,0xfe,0xfe,0xfe,0xfe,
0xe0,0x00,0x00,0x00,0x00,0x00,0x00,0x00,0x00,0x00,0x00,0x00,0x00,0x00,0x00,0x00,
0x00,0x00,0x00,0x00,0x00,0x00,0x00,0x00,0x00,0x00,0x00,0x00,0x00,0x00,0x00,0x00,
0x01,0xf6,0xfd,0xfe,0xfe,0xfe,0xfe,0xfe,0xec,0x00,0x00,0x00,0x00,0x00,0x00,0x00,
0x00,0x00,0x00,0x00,0x00,0x00,0x00,0x00,0x00,0x00,0x00,0x00,0x00,0x00,0x00,0x00,
0x00,0x00,0x00,0x00,0x00,0x00,0x00,0x01,0x94,0xfd,0xfe,0xfe,0xfe,0xfe,0xfe,0xfe,
0xd6,0x00,0x00,0x00,0x00,0x00,0x00,0x00,0x00,0x00,0x00,0x00,0x00,0x00,0x00,0x00,
0x00,0x00,0x00,0x00,0x00,0x00,0x00,0x00,0x00,0x00,0x00,0x00,0x00,0x00,0x00,0x01,
0xf6,0xfe,0xfe,0xfe,0xfe,0xfe,0xfe,0xfd,0xdd,0x00,0x00,0x00,0x00,0x00,0x00,0x00,
0x00,0x00,0x00,0x00,0x00,0x00,0x00,0x00,0x00,0x00,0x00,0x00,0x00,0x00,0x00,0x00,
0x00,0x00,0x00,0x00,0x00,0x00,0x00,0x04,0xfb,0xfe,0xfe,0xfe,0xfe,0xfe,0xfe,0xfa,
0x03,0x00,0x00,0x01,0x01,0x06,0xef,0xf9,0xfa,0xbd,0x01,0x00,0x00,0x00,0x00,0x00,
0x00,0x00,0x00,0x00,0x00,0x00,0x00,0x00,0x00,0x00,0x00,0x00,0x00,0x00,0x00,0x1a,
0xfc,0xfe,0xfe,0xfe,0xfe,0xfe,0xfe,0xf7,0x03,0x01,0x00,0x04,0xfb,0xfb,0xfc,0xfe,
0xfe,0xfd,0xf6,0x00,0x00,0x00,0x00,0x00,0x00,0x00,0x00,0x00,0x00,0x00,0x00,0x00,
0x00,0x00,0x00,0x00,0x00,0x00,0x00,0xfc,0xfe,0xfe,0xfe,0xfe,0xfe,0xfe,0xfc,0x01,
0x01,0x04,0xf8,0xfe,0xfe,0xfe,0xfe,0xfe,0xfe,0xfe,0xfd,0x00,0x00,0x00,0x00,0x00,
0x00,0x00,0x00,0x00,0x00,0x00,0x00,0x00,0x00,0x00,0x00,0x00,0x00,0x00,0x00,0xfc,
0xfe,0xfe,0xfe,0xfe,0xfe,0xfd,0xb3,0x02,0x01,0xfb,0xfe,0xfe,0xfe,0xfe,0xfe,0xfe,
0xfe,0xfd,0xee,0x00,0x00,0x00,0x00,0x00,0x00,0x00,0x00,0x00,0x00,0x00,0x00,0x00,
0x00,0x00,0x00,0x00,0x00,0x00,0x00,0xfa,0xfd,0xfe,0xfe,0xfe,0xfe,0xf6,0x06,0x0f,
0xfb,0xfe,0xfe,0xfe,0xfe,0xfe,0xfe,0xfe,0xfd,0xea,0x01,0x00,0x00,0x00,0x00,0x00,
0x00,0x00,0x00,0x00,0x00,0x00,0x00,0x00,0x00,0x00,0x00,0x00,0x00,0x00,0x00,0x4d,
0xfd,0xfe,0xfe,0xfe,0xfe,0xfa,0x0c,0xfb,0xfd,0xfe,0xff,0xfe,0xfe,0xfe,0xfe,0xfe,
0xde,0x02,0x00,0x00,0x00,0x00,0x00,0x00,0x00,0x00,0x00,0x00,0x00,0x00,0x00,0x00,
0x00,0x00,0x00,0x00,0x00,0x01,0x05,0xfa,0xfd,0xfe,0xfe,0xfe,0xfe,0xfe,0xfd,0xfe,
0xff,0xfe,0xfe,0xfe,0xfe,0xfd,0xfc,0x31,0x00,0x00,0x00,0x00,0x00,0x00,0x00,0x00,
0x00,0x00,0x00,0x00,0x00,0x00,0x00,0x00,0x00,0x00,0x00,0x00,0x00,0x02,0xfb,0xfe,
0xfe,0xfe,0xfe,0xfe,0xfe,0xfe,0xfe,0xff,0xff,0xfe,0xfe,0xfd,0xfe,0x5d,0x02,0x01,
0x00,0x00,0x00,0x00,0x00,0x00,0x00,0x00,0x00,0x00,0x00,0x00,0x00,0x00,0x00,0x00,
0x00,0x00,0x00,0x00,0x01,0xfc,0xfe,0xfe,0xfe,0xfe,0xfe,0xfe,0xfe,0xfe,0xfe,0xfe,
0xfe,0xfc,0xc6,0x03,0x01,0x00,0x00,0x00,0x00,0x00,0x00,0x00,0x00,0x00,0x00,0x00,
0x00,0x00,0x00,0x00,0x00,0x00,0x00,0x00,0x00,0x00,0x00,0x00,0xe5,0xfd,0xfe,0xfe,
0xfe,0xfe,0xfe,0xfe,0xfe,0xfe,0xfe,0xfe,0xfe,0xfd,0x0c,0x01,0x01,0x00,0x00,0x00,
0x00,0x00,0x00,0x00,0x00,0x00,0x00,0x00,0x00,0x00,0x00,0x00,0x00,0x00,0x00,0x00,
0x00,0x00,0x00,0x09,0xfb,0xfe,0xfe,0xfe,0xfe,0xfe,0xfe,0xfe,0xfe,0xfe,0xfe,0xfe,
0xfe,0xfd,0x14,0x00,0x00,0x00,0x00,0x00,0x00,0x00,0x00,0x00,0x00,0x00,0x00,0x00,
0x00,0x00,0x00,0x00,0x00,0x00,0x00,0x00,0x00,0x11,0x04,0xfc,0xfe,0xfe,0xfe,0xfe,
0xfe,0xfe,0xfe,0xfe,0xfe,0xfe,0xfe,0xfe,0xfe,0xfd,0xfb,0x00,0x00,0x00,0x00,0x00,
0x00,0x00,0x00,0x00,0x00,0x00,0x00,0x00,0x00,0x00,0x00,0x00,0x00,0x00,0x00,0x01,
0x39,0xfd,0xfd,0xfd,0xfe,0xfe,0xfe,0xfe,0xfe,0xfe,0xfe,0xfe,0xfe,0xfe,0xfe,0xfe,
0xfe,0xfe,0xfd,0x00,0x00,0x00,0x00,0x00,0x00,0x00,0x00,0x00,0x00,0x00,0x00,0x00,
0x00,0x00,0x00,0x00,0x00,0x00,0x00,0x01,0x36,0xfd,0xfe,0xfe,0xfe,0xfe,0xfe,0xfe,
0xfe,0xfe,0xfe,0xfe,0xfe,0xfe,0xfe,0xfe,0xfe,0xfe,0xfd,0x00,0x00,0x00,0x00,0x00,
0x00,0x00,0x00,0x00,0x00,0x00,0x00,0x00,0x00,0x00,0x00,0x00,0x00,0x00,0x00,0x02,
0x0a,0xfd,0xfe,0xfe,0xfe,0xfe,0xfe,0xfe,0xff,0xfe,0xfe,0xfe,0xfe,0xfe,0xfe,0xfe,
0xfe,0xfe,0xfa,0x00,0x00,0x00,0x00,0x00,0x00,0x00,0x00,0x00,0x00,0x00,0x00,0x00,
0x00,0x00,0x00,0x00,0x00,0x00,0x00,0x05,0xf5,0xfe,0xfe,0xfe,0xfe,0xfe,0xfe,0xff,
0xfe,0xff,0xff,0xff,0xff,0xfe,0xfe,0xfe,0xfe,0xfe,0xeb,0x00,0x00,0x00,0x00,0x00,
0x00,0x00,0x00,0x00,0x00,0x00,0x00,0x00,0x00,0x00,0x00,0x00,0x00,0x00,0x01,0xfb,
0xfd,0xfe,0xfe,0xfe,0xfe,0xfe,0xfe,0xfe,0xfe,0xfe,0xfe,0xff,0xff,0xff,0xfe,0xfe,
0xfe,0xfe,0xdf,0x00,0x00,0x00,0x00,0x00,0x00,0x00,0x00,0x00,0x00,0x00,0x00,0x00,
0x00,0x00,0x00,0x00,0x00,0x01,0x0e,0xfd,0xfd,0xfd,0xfe,0xfe,0xfe,0xfe,0xfe,0xfe,
0xfe,0xfe,0xfe,0xfe,0xff,0xff,0xff,0xff,0xfe,0xfe,0xe6,0x00,0x00,0x00,0x00,0x00,
0x00,0x00,0x00,0x00,0x00,0x00,0x00,0x00,0x00,0x00,0x00,0x00,0x00,0x00,0x01,0xe3,
0xf0,0xf9,0xfd,0xfe,0xfe,0xfe,0xfe,0xfe,0xfe,0xfe,0xfe,0xfe,0xfe,0xfe,0xfe,0xfe,
0xfd,0xe6,0x01,0x00,0x00,0x00,0x00,0x00,0x00,0x00,0x00,0x00,0x00,0x00,0x00,0x00,
0x00,0x00,0x00,0x00,0x00,0x00,0x00,0x02,0x03,0xfd,0xfe,0xfe,0xff,0xfe,0xfe,0xfe,
0xfe,0xfe,0xfe,0xfe,0xfe,0xfe,0xfc,0xf9,0x04,0x01,0x00,0x00,0x00,0x00,0x00,0x00,
0x00,0x00,0x00,0x00,0x00,0x00,0x00,0x00,0x00,0x00,0x00,0x00,0x00,0x00,0x00,0x01,
0xf7,0xfe,0xff,0xff,0xff,0xfe,0xfe,0xfe,0xfe,0xfe,0xfe,0xfe,0xfe,0xfd,0xfd,0x01,
0x00,0x00,0x00,0x00,0x00,0x00,0x00,0x00,0x00,0x00,0x00,0x00,0x00,0x00,0x00,0x00,
0x00,0x00,0x00,0x00,0x00,0x00,0x00,0x13,0xfc,0xfe,0xff,0xff,0xff,0xfe,0xfe,0xfe,
0xff,0xfe,0xfe,0xfe,0xfe,0xfe,0xfe,0xf0,0x00,0x00,0x00,0x00,0x00,0x00,0x00,0x00,
0x00,0x00,0x00,0x00,0x00,0x00,0x00,0x00,0x00,0x00,0x00,0x01,0x03,0xfc,0xfb,0xfb,
0xfd,0xfe,0xff,0xff,0xfe,0xfe,0xfe,0xfe,0xfe,0xff,0xfe,0xfe,0xfe,0xfe,0xfe,0xfd,
0x29,0x00,0x00,0x00,0x00,0x00,0x00,0x00,0x00,0x00,0x00,0x00,0x00,0x00,0x00,0x00,
0x00,0x00,0x00,0x9c,0xfc,0xfe,0xfd,0xfe,0xfe,0xfe,0xff,0xfe,0xfe,0xfe,0xfe,0xfe,
0xfe,0xfe,0xfe,0xfe,0xfe,0xfe,0xfe,0xfd,0x54,0x00,0x00,0x00,0x00,0x00,0x00,0x00,
0x00,0x00,0x00,0x00,0x00,0x00,0x00,0x00,0x00,0x00,0x01,0xfd,0xfe,0xfe,0xfe,0xfe,
0xfe,0xfe,0xfe,0xfe,0xfe,0xfe,0xfe,0xfe,0xfe,0xfe,0xfe,0xfe,0xfe,0xfe,0xfe,0xfc,
0x23,0x01,0x01,0x02,0x06,0xe1,0x01,0x00,0x00,0x00,0x00,0x00,0x00,0x00,0x00,0x00,
0x00,0x00,0x02,0xfe,0xfe,0xfe,0xfe,0xfe,0xfe,0xfe,0xfe,0xff,0xff,0xfe,0xfe,0xfe,
0xfe,0xfe,0xfe,0xfe,0xfe,0xfe,0xfe,0xfc,0x07,0x06,0xb0,0x6e,0xe7,0x1f,0x04,0x00,
0x00,0x00,0x00,0x00,0x00,0x00,0x00,0x00,0x00,0x00,0x02,0xfe,0xfe,0xfe,0xfe,0xfe,
0xfe,0xfe,0xfe,0xff,0xfe,0xfe,0xfe,0xfe,0xfe,0xfe,0xfe,0xfe,0xfe,0xfe,0xfe,0xfb,
0xf6,0xfc,0xfc,0xfb,0x34,0x0f,0xdc,0x01,0x00,0x00,0x00,0x00,0x00,0x00,0x00,0x00,
0x00,0x00,0x00,0xbd,0xfd,0xfe,0xfe,0xfe,0xfe,0xfe,0xfe,0xff,0xfe,0xfe,0xfe,0xfe,
0xfe,0xfe,0xfe,0xfe,0xfe,0xfe,0xfe,0xfd,0xfc,0xfd,0xfd,0xfa,0x33,0x30,0x08,0xea,
0x06,0xf4,0xf6,0x6b,0x00,0x00,0x00,0x00,0x00,0x00,0x00,0x00,0x05,0x79,0xfc,0xfd,
0xfe,0xfe,0xfe,0xfe,0xfe,0xfe,0xfe,0xfe,0xfe,0xfe,0xfe,0xfe,0xfe,0xfe,0xfe,0xfb,
0xfd,0xfd,0xfd,0xe1,0xe0,0x06,0x0a,0xe9,0xfa,0xfd,0xfd,0x94,0x00,0x00,0x00,0x00,
0x00,0x00,0x00,0x00,0x00,0x07,0xfc,0xfe,0xfe,0xfe,0xfe,0xfe,0xfe,0xfe,0xfe,0xfe,
0xfe,0xfe,0xfe,0xfe,0xfe,0xfd,0xe1,0x03,0x03,0xfc,0xf8,0x97,0xd3,0xf7,0x71,0xfa,
0xfc,0xfd,0xfc,0x77,0x00,0x00,0x00,0x00,0x00,0x00,0x00,0x00,0x00,0x02,0xe6,0xfd,
0xfe,0xfe,0xfe,0xfe,0xfe,0xfe,0xfe,0xfe,0xfe,0xfe,0xfe,0xfe,0xfe,0x40,0x01,0x00,
0x00,0x01,0x02,0xf1,0xe8,0xfc,0xfa,0xfd,0xfd,0xfd,0xfb,0x01,0x00,0x00,0x00,0x00,
0x00,0x00,0x00,0x00,0x00,0x00,0x06,0xfd,0xfe,0xfe,0xfe,0xfe,0xfe,0xfe,0xfe,0xfe,
0xfe,0xfe,0xfe,0xfd,0xfa,0x01,0x00,0x00,0x00,0x01,0x01,0x55,0x50,0xfa,0xfc,0xfd,
0xfa,0xf8,0x05,0x01,0x00,0x00,0x00,0x00,0x00,0x00,0x00,0x00,0x00,0x00,0x00,0xf7,
0xfd,0xfe,0xfe,0xfe,0xfe,0xe2,0xfb,0xfe,0xfe,0xfe,0xfe,0x28,0x03,0x00,0x00,0x00,
0x00,0x00,0x01,0x08,0x0a,0x11,0xf5,0xfb,0x1c,0x09,0x02,0x00,0x00,0x00,0x00,0x00,
0x00,0x00,0x00,0x00,0x00,0x00,0x00,0x53,0xfc,0xfe,0xfe,0xfe,0xfe,0xe6,0xea,0xfe,
0xfe,0xfe,0xfe,0xfe,0x47,0x00,0x00,0x00,0x00,0x01,0x93,0xfa,0xf9,0xef,0xfc,0xfd,
0xfd,0xfc,0xf9,0x00,0x01,0x00,0x00,0x00,0x00,0x00,0x00,0x00,0x00,0x00,0x00,0x02,
0xf9,0xfd,0xfe,0xfe,0xfe,0xfb,0x0f,0xfe,0xfe,0xfe,0xfe,0xfe,0xfc,0x00,0x00,0x00,
0x01,0x01,0xf8,0xfc,0xfd,0xfd,0xfd,0xfe,0xfe,0xfd,0xfd,0xf9,0x05,0x00,0x00,0x00,
0x00,0x00,0x00,0x00,0x00,0x00,0x00,0x00,0x02,0xfb,0xfd,0xfd,0xfd,0xf9,0x02,0x00,
0xff,0xfd,0xfd,0xfd,0xcd,0x00,0x00,0x00,0xd0,0xf7,0xf8,0xfa,0xfb,0xfb,0xfb,0xfb,
0xfc,0xfc,0xfc,0xfa,0xf4,0x00,0x00,0x00,0x00,0x00,0x00,0x00,0x00,0x00,0x00,0x00,
0x00,0x00,0x01,0x01,0x01,0x02,0x01,0x00,0x01,0x00,0x00,0x01,0x00,0x00,0x00,0x00,
0x01,0x01,0x01,0x02,0x01,0x02,0x02,0x01,0x01,0x01,0x01,0x00,0x00,0x00,0x00,0x00,

};
static const lv_image_dsc_t s_partner_lulu_work = {
    .header.magic = LV_IMAGE_HEADER_MAGIC,
    .header.cf = LV_COLOR_FORMAT_RGB565A8,
    .header.flags = 0,
    .header.w = 40,
    .header.h = 44,
    .header.stride = 80,
    .data_size = sizeof(s_partner_lulu_work_map),
    .data = s_partner_lulu_work_map,
};

static const LV_ATTRIBUTE_MEM_ALIGN LV_ATTRIBUTE_LARGE_CONST uint8_t s_partner_lulu_tired_map[] = {
0x00,0x00,0x00,0x00,0x00,0x00,0x00,0x00,0x00,0x00,0x00,0x00,0x00,0x00,0x00,0x00,
0x00,0x00,0x00,0x00,0x00,0x00,0x00,0x00,0x00,0x00,0x00,0x00,0x00,0x00,0x00,0x00,
0x00,0x00,0x00,0x00,0x00,0x00,0x00,0x00,0x00,0x00,0x00,0x00,0x00,0x00,0x00,0x00,
0x00,0x00,0x00,0x00,0x00,0x00,0x00,0x00,0x00,0x00,0x00,0x00,0x00,0x00,0x00,0x00,
0x00,0x00,0x00,0x00,0x00,0x00,0x00,0x00,0x00,0x00,0x00,0x00,0x00,0x00,0x00,0x00,
0x00,0x00,0x00,0x00,0x00,0x00,0x00,0x00,0x00,0x00,0x00,0x00,0x00,0x00,0x00,0x00,
0x00,0x00,0x00,0x00,0x00,0x00,0x00,0x00,0x00,0x00,0x00,0x00,0x00,0x00,0x00,0x00,
0x00,0x00,0x00,0x00,0x00,0x00,0x00,0x00,0x00,0x00,0x00,0x00,0x00,0x00,0x00,0x00,
0x00,0x00,0x00,0x00,0x00,0x00,0x00,0x00,0x00,0x00,0x00,0x00,0x00,0x00,0x00,0x00,
0x00,0x00,0x00,0x00,0x00,0x00,0x00,0x00,0x00,0x00,0x00,0x00,0x00,0x00,0x00,0x00,
0x00,0x00,0x00,0x00,0x00,0x00,0x00,0x00,0x00,0x00,0x00,0x00,0x00,0x00,0x00,0x00,
0x00,0x00,0x00,0x00,0x00,0x00,0x00,0x00,0x00,0x00,0x00,0x00,0x00,0x00,0x00,0x00,
0x00,0x00,0x00,0x00,0x00,0x00,0x00,0x00,0x00,0x00,0x00,0x00,0x00,0x00,0x00,0x00,
0x00,0x00,0x00,0x00,0x00,0x00,0x00,0x00,0x00,0x00,0x00,0x00,0x00,0x00,0x00,0x00,
0x00,0x00,0x00,0x00,0x00,0x00,0x00,0x00,0x00,0x00,0x00,0x00,0x00,0x00,0x00,0x00,
0x00,0x00,0x00,0x00,0x00,0x00,0x00,0x00,0x00,0x00,0x00,0x00,0x00,0x00,0x00,0x00,
0x00,0x00,0x00,0x00,0x00,0x00,0x00,0x00,0x00,0x00,0x00,0x00,0x00,0x00,0x00,0x00,
0x00,0x00,0x00,0x00,0x00,0x00,0x00,0x00,0x00,0x00,0x00,0x00,0x00,0x00,0x00,0x00,
0x00,0x00,0x00,0x00,0x00,0x00,0x00,0x00,0x00,0x00,0x00,0x00,0x00,0x00,0x00,0x00,
0x00,0x00,0x00,0x00,0x00,0x00,0x00,0x00,0x00,0x00,0x00,0x00,0x00,0x00,0x00,0x00,
0x00,0x00,0x00,0x00,0x00,0x00,0x00,0x00,0x00,0x00,0x00,0x00,0x00,0x00,0x00,0x00,
0x00,0x00,0x00,0x00,0x00,0x00,0x00,0x00,0x00,0x00,0x00,0x00,0x00,0x00,0x00,0x00,
0x00,0x00,0x00,0x00,0x00,0x00,0x00,0x00,0x00,0x00,0x00,0x00,0x00,0x00,0x00,0x00,
0x00,0x00,0x00,0x00,0x00,0x00,0x00,0x00,0x00,0x00,0x00,0x00,0x00,0x00,0x00,0x00,
0x00,0x00,0x00,0x00,0x00,0x00,0x00,0x00,0x00,0x00,0x00,0x00,0x00,0x00,0x00,0x00,
0x00,0x00,0x00,0x00,0x00,0x00,0x00,0x00,0x00,0x00,0x00,0x00,0x00,0x00,0x00,0x00,
0x00,0x00,0x00,0x00,0x00,0x00,0x00,0x00,0x00,0x00,0x00,0x00,0x00,0x00,0x00,0x00,
0x00,0x00,0x00,0x00,0x00,0x00,0x00,0x00,0x00,0x00,0x00,0x00,0x00,0x00,0x00,0x00,
0x00,0x00,0x00,0x00,0x00,0x00,0x00,0x00,0x00,0x00,0x00,0x00,0x00,0x00,0x00,0x00,
0x00,0x00,0x00,0x00,0x00,0x00,0x00,0x00,0x00,0x00,0x00,0x00,0x00,0x00,0x00,0x00,
0x00,0x00,0x00,0x00,0x00,0x00,0x00,0x00,0x00,0x00,0x00,0x00,0x00,0x00,0x00,0x00,
0x00,0x00,0x00,0x00,0x00,0x00,0x00,0x00,0x00,0x00,0x00,0x00,0x00,0x00,0x00,0x00,
0x00,0x00,0x00,0x00,0x00,0x00,0x00,0x00,0x00,0x00,0x00,0x00,0x00,0x00,0x00,0x00,
0x00,0x00,0x00,0x00,0x00,0x00,0x00,0x00,0x00,0x00,0x00,0x00,0x00,0x00,0x00,0x00,
0x00,0x00,0x00,0x00,0x00,0x00,0x00,0x00,0x00,0x00,0x00,0x00,0x00,0x00,0x00,0x00,
0x00,0x00,0x00,0x00,0x00,0x00,0x00,0x00,0x00,0x00,0x00,0x00,0x00,0x00,0x00,0x00,
0x00,0x00,0x00,0x00,0x00,0x00,0x00,0x00,0x00,0x00,0x00,0x00,0x00,0x00,0x00,0x00,
0x00,0x00,0x00,0x00,0x00,0x00,0x00,0x00,0x00,0x00,0x00,0x00,0x00,0x00,0x00,0x00,
0x00,0x00,0x00,0x00,0x00,0x00,0x00,0x00,0x00,0x00,0x00,0x00,0x00,0x00,0x00,0x00,
0x00,0x00,0x00,0x00,0x00,0x00,0x00,0x00,0x00,0x00,0x00,0x00,0x00,0x00,0x00,0x00,
0xe6,0x49,0xe6,0x49,0xe6,0x51,0x07,0x4a,0x06,0x52,0x27,0x52,0x27,0x5a,0x48,0x52,
0x47,0x5a,0x69,0x5a,0x88,0x62,0xaa,0x62,0xca,0x6a,0x0b,0x6b,0x2b,0x7b,0x4c,0x7b,
0x6b,0x7b,0x6c,0x7b,0x6c,0x83,0x6c,0x7b,0x6c,0x83,0x4b,0x73,0xea,0x72,0xea,0x6a,
0xa9,0x6a,0xa9,0x62,0x88,0x62,0x68,0x5a,0x48,0x5a,0x28,0x52,0x07,0x52,0xe7,0x49,
0xc6,0x49,0xc6,0x41,0xa5,0x41,0xa5,0x39,0x64,0x39,0x85,0x39,0x64,0x39,0x64,0x31,
0x07,0x4a,0xe6,0x49,0x07,0x4a,0x07,0x52,0x28,0x4a,0x27,0x52,0x48,0x52,0x48,0x5a,
0x69,0x5a,0x89,0x62,0xaa,0x62,0xca,0x6a,0x0b,0x6b,0x4c,0x7b,0x6d,0x83,0x20,0x18,
0x62,0x10,0x41,0x10,0x62,0x10,0x41,0x10,0xaa,0x62,0x8d,0x83,0x6c,0x7b,0x2b,0x73,
0x0b,0x6b,0xca,0x6a,0xaa,0x62,0x69,0x62,0x69,0x5a,0x28,0x5a,0x28,0x4a,0xe7,0x51,
0xe7,0x49,0xc6,0x49,0xc6,0x41,0xa5,0x41,0xa6,0x39,0x85,0x39,0x85,0x31,0x64,0x39,
0x06,0x52,0x27,0x52,0x27,0x52,0x47,0x52,0x27,0x5a,0x68,0x5a,0x68,0x62,0x89,0x62,
0x88,0x6a,0xca,0x6a,0xea,0x72,0x2b,0x73,0x0b,0x83,0x40,0x20,0xc5,0x49,0x9c,0xff,
0x7a,0xff,0x9b,0xff,0x9b,0xff,0xbb,0xff,0xc6,0x59,0x41,0x20,0xea,0x72,0xad,0x83,
0x6b,0x83,0x2b,0x73,0xea,0x72,0xca,0x6a,0x89,0x62,0x89,0x5a,0x47,0x5a,0x48,0x52,
0x07,0x52,0x07,0x4a,0xe6,0x49,0xe6,0x49,0xa5,0x49,0xa6,0x41,0xa5,0x41,0xa5,0x39,
0x28,0x4a,0x27,0x52,0x48,0x52,0x28,0x5a,0x49,0x5a,0x68,0x62,0x89,0x5a,0x89,0x62,
0xca,0x62,0xca,0x6a,0x2b,0x73,0x4c,0x7b,0x00,0x10,0x7d,0xff,0x9c,0xff,0x9b,0xff,
0x9c,0xff,0x9b,0xff,0x9c,0xff,0x9b,0xff,0x9c,0xff,0x9c,0xff,0x17,0xd6,0x00,0x18,
0xee,0x8b,0x6c,0x7b,0x2b,0x73,0xca,0x72,0xca,0x62,0x89,0x62,0x89,0x5a,0x48,0x5a,
0x48,0x52,0x07,0x52,0x07,0x4a,0xe7,0x49,0xe7,0x41,0xa6,0x49,0xc6,0x41,0xa5,0x41,
0x47,0x5a,0x68,0x52,0x47,0x5a,0x88,0x5a,0x88,0x62,0xa9,0x62,0xa9,0x6a,0xca,0x6a,
0xc9,0x72,0x0b,0x73,0x2b,0x7b,0xcd,0x8b,0x00,0x10,0x9c,0xff,0x9b,0xff,0xbc,0xff,
0x9b,0xff,0xbb,0xff,0x9b,0xff,0x9b,0xff,0x9b,0xff,0xbb,0xff,0x7a,0xff,0x9b,0xff,
0x40,0x28,0x8d,0x8b,0x6b,0x83,0x2b,0x73,0xea,0x72,0xc9,0x62,0x89,0x62,0x89,0x62,
0x68,0x62,0x48,0x5a,0x27,0x5a,0x27,0x52,0xe6,0x51,0xe7,0x49,0xc6,0x49,0xc6,0x41,
0x68,0x52,0x68,0x5a,0x89,0x5a,0x89,0x62,0xa9,0x62,0xa9,0x6a,0xea,0x6a,0xea,0x72,
0x2b,0x73,0x2b,0x7b,0x6d,0x7b,0x20,0x18,0x9c,0xff,0x9b,0xff,0x16,0xfe,0x88,0xa2,
0x00,0x00,0x9d,0xff,0x9c,0xff,0x9b,0xff,0x9b,0xff,0x9b,0xff,0xbc,0xff,0x9b,0xff,
0x7d,0xf7,0x20,0x10,0xee,0x8b,0x2b,0x7b,0x0b,0x6b,0xca,0x6a,0xca,0x62,0x89,0x62,
0x89,0x5a,0x68,0x62,0x69,0x5a,0x28,0x5a,0x28,0x52,0xe7,0x51,0xe7,0x49,0xc6,0x49,
0x88,0x62,0xa9,0x5a,0x88,0x62,0xc9,0x62,0xc9,0x6a,0xea,0x6a,0x0a,0x73,0x2b,0x73,
0x4b,0x7b,0x8d,0x83,0xad,0x93,0x20,0x18,0xbb,0xff,0xbc,0xff,0xcd,0xf3,0x90,0xfc,
0x70,0xdc,0x00,0x40,0x7a,0xff,0xbb,0xff,0x79,0xff,0xd7,0xf6,0xbc,0xff,0x7b,0xff,
0x7b,0xff,0xbc,0xff,0x20,0x20,0x6d,0x83,0x0a,0x7b,0x0a,0x73,0xc9,0x72,0xca,0x6a,
0xa9,0x6a,0xa9,0x62,0x89,0x62,0x89,0x5a,0x47,0x5a,0x48,0x5a,0x07,0x5a,0x07,0x52,
0xa9,0x5a,0xa9,0x62,0xca,0x62,0xca,0x6a,0xea,0x6a,0x0a,0x73,0x6c,0x7b,0x6c,0x83,
0x00,0x18,0x00,0x18,0x21,0x18,0x00,0x18,0x9b,0xff,0x19,0xff,0x0e,0xec,0xb0,0xfc,
0x20,0x08,0x41,0x18,0x6f,0xa4,0x7b,0xff,0x3a,0xff,0x53,0xe5,0x94,0xfd,0x33,0xfd,
0x33,0xdd,0x3a,0xff,0x7c,0xff,0xac,0x8b,0x4c,0x73,0x0a,0x73,0x0b,0x6b,0xea,0x72,
0xea,0x6a,0xca,0x6a,0xca,0x6a,0xa9,0x6a,0x8a,0x62,0x48,0x62,0x48,0x52,0x07,0x52,
0xa9,0x62,0xc9,0x62,0xc9,0x6a,0x0a,0x6b,0x2a,0x7b,0x6c,0x7b,0x07,0x5a,0x40,0x18,
0x76,0xee,0x7a,0xff,0x7c,0xff,0xc2,0x30,0x7a,0xff,0xd8,0xee,0x7a,0xff,0xbb,0xff,
0x7a,0xff,0x39,0xf7,0x6b,0x93,0x40,0x28,0x7a,0xff,0xbb,0xff,0xb4,0xfd,0x33,0xf5,
0x73,0xed,0x3b,0xff,0x7c,0xff,0x40,0x10,0x6c,0x83,0x6c,0x7b,0x6b,0x83,0x4b,0x73,
0x2b,0x7b,0xe6,0x49,0xe6,0x51,0xe6,0x49,0xea,0x72,0xc9,0x62,0x88,0x62,0x68,0x5a,
0xca,0x62,0xca,0x6a,0x0b,0x6b,0x2b,0x73,0x6c,0x7b,0x6c,0x83,0x00,0x08,0xbd,0xff,
0x7a,0xff,0x97,0xf6,0x97,0xee,0x5a,0xff,0x9c,0xff,0x7b,0xff,0x9b,0xff,0x9b,0xff,
0x9c,0xff,0x7b,0xff,0x5b,0xff,0xd9,0xf6,0xa2,0x10,0x9d,0xff,0x1a,0xff,0x52,0xe5,
0x53,0xfd,0x53,0xfd,0x7c,0xff,0x20,0x18,0x41,0x10,0x20,0x10,0x41,0x08,0xae,0x83,
0x41,0x18,0x4d,0x83,0xdd,0xff,0x7b,0xff,0x20,0x10,0x0b,0x73,0xaa,0x62,0x68,0x62,
0xc9,0x6a,0x0a,0x6b,0x0a,0x73,0x6c,0x7b,0xce,0x83,0x40,0x08,0x7a,0xff,0xbc,0xff,
0x16,0xee,0x00,0x18,0x7a,0xff,0x9b,0xff,0x9a,0xff,0x9b,0xff,0x9a,0xff,0xbb,0xff,
0x9b,0xff,0xbb,0xff,0x9b,0xff,0xbb,0xff,0x56,0xe6,0x60,0x20,0x59,0xff,0xbb,0xff,
0xbb,0xff,0x7b,0xff,0x5b,0xff,0x40,0x20,0x7c,0xf7,0x9d,0xf7,0x5c,0xf7,0x20,0x08,
0x61,0x18,0x9d,0xf7,0x9b,0xff,0xbc,0xff,0xd1,0xb4,0x00,0x10,0xc9,0x72,0x88,0x62,
0xea,0x62,0x0a,0x6b,0x4c,0x73,0x8c,0x83,0x41,0x10,0x7d,0xff,0x7b,0xff,0x56,0xee,
0x8c,0x9b,0x36,0xf6,0x9b,0xff,0x7b,0xff,0x9b,0xff,0x9b,0xff,0x9b,0xff,0x7b,0xff,
0x9c,0xff,0x9b,0xff,0x9c,0xff,0x7b,0xff,0x7b,0xff,0xb7,0xf6,0x41,0x10,0x61,0x18,
0xa3,0x30,0x82,0x30,0xe1,0x20,0x73,0xbd,0x9c,0xff,0x9c,0xff,0x9b,0xff,0x9b,0xff,
0x7c,0xff,0xa1,0x30,0x7b,0xff,0x7b,0xff,0x1b,0xf7,0x00,0x18,0xea,0x6a,0x88,0x62,
0xe9,0x72,0x4b,0x73,0x6c,0x83,0x40,0x18,0x9b,0xff,0x9c,0xff,0x19,0xff,0xd0,0xd4,
0x40,0x10,0x9c,0xf7,0x7a,0xff,0x9b,0xff,0x9a,0xff,0x9b,0xff,0x9b,0xff,0x9b,0xff,
0x9b,0xff,0x9b,0xff,0x9a,0xff,0xbb,0xff,0x9b,0xff,0xbb,0xff,0x54,0xfe,0x95,0xfe,
0xc3,0x5b,0x62,0x43,0xe0,0x6c,0xa2,0x85,0x21,0x19,0xfc,0xef,0x7a,0xff,0x9b,0xff,
0x9b,0xff,0x9b,0xff,0x20,0x28,0x98,0xf6,0x9b,0xff,0x8f,0xa4,0x23,0x39,0x89,0x62,
0xea,0x6a,0x4b,0x7b,0xee,0x8b,0x91,0xac,0x9c,0xff,0x7b,0xff,0x90,0xf4,0x6f,0xfc,
0x76,0xee,0x5a,0xff,0x9b,0xff,0x9b,0xff,0x9b,0xff,0x7b,0xff,0x9b,0xff,0x7b,0xff,
0x9b,0xff,0x7b,0xff,0xbc,0xff,0x9b,0xff,0x9c,0xff,0x7b,0xff,0x9b,0xff,0xb8,0xf6,
0xe0,0x00,0x29,0x8d,0xa0,0x7d,0xc1,0x8d,0x41,0x19,0xdb,0xef,0x9b,0xff,0x7b,0xff,
0x9b,0xff,0x7b,0xff,0x1a,0xff,0xc9,0x7a,0x97,0xfe,0x4d,0xb4,0x44,0x31,0x89,0x6a,
0xe9,0x72,0x6b,0x7b,0x00,0x10,0x9d,0xf7,0x9a,0xff,0x9b,0xff,0xd2,0xdc,0x00,0x30,
0x34,0xee,0x7a,0xff,0x9a,0xff,0xbb,0xff,0x9b,0xff,0x9b,0xff,0x9b,0xff,0x9b,0xff,
0x9b,0xff,0x9b,0xff,0xbd,0xff,0x40,0x08,0x9b,0xff,0x9b,0xff,0x9b,0xff,0xbc,0xff,
0x80,0x00,0xc7,0x5b,0xe0,0x6c,0xe0,0x64,0x49,0x73,0xbb,0xf7,0x7a,0xff,0x9b,0xff,
0x9b,0xff,0x9b,0xff,0x7c,0xff,0x40,0x10,0x77,0xee,0x00,0x10,0xe9,0x72,0xa9,0x6a,
0x0a,0x6b,0xc9,0x6a,0x03,0x39,0x5c,0xff,0x9b,0xff,0x9b,0xff,0x75,0xe5,0x00,0x38,
0x9b,0xff,0x9b,0xff,0x9b,0xff,0x9b,0xff,0x9c,0xff,0x7b,0xff,0x9b,0xff,0x7b,0xff,
0xbc,0xff,0x7b,0xff,0xeb,0x5a,0x00,0x08,0x3b,0xff,0xb4,0xed,0x7b,0xff,0x7a,0xff,
0x40,0x00,0x22,0x19,0x40,0x01,0x61,0x11,0x9b,0xff,0x7b,0xff,0x9b,0xff,0x9b,0xff,
0x9b,0xff,0x7b,0xff,0x7a,0xff,0x55,0xee,0x20,0x10,0x8d,0x83,0xea,0x72,0x89,0x6a,
0xea,0x72,0x0a,0x73,0x67,0x62,0x9c,0xff,0x1a,0xff,0x33,0xdd,0x74,0xed,0x20,0x38,
0xb7,0xf6,0x9a,0xff,0x7a,0xff,0xbb,0xff,0x7a,0xff,0x9b,0xff,0x9b,0xff,0x9b,0xff,
0x7b,0xff,0xa1,0x18,0x80,0x20,0x7c,0xff,0xf1,0xfc,0x32,0xfd,0x72,0xf5,0x35,0xfe,
0xa0,0x2a,0x42,0x33,0xc0,0x6c,0xa2,0x85,0xa1,0x21,0xfb,0xe7,0x7a,0xff,0x9b,0xff,
0x9b,0xff,0xbb,0xff,0x9a,0xff,0xbb,0xff,0x53,0xc5,0x00,0x10,0xea,0x7a,0xa9,0x6a,
0xea,0x72,0x0a,0x7b,0x85,0x59,0x3b,0xff,0x1a,0xff,0x12,0xe5,0xd6,0xe5,0x00,0x30,
0xf4,0xe5,0x39,0xff,0x9b,0xff,0x7b,0xff,0x9b,0xff,0x7b,0xff,0xbc,0xff,0x7b,0xff,
0x7b,0xff,0x9b,0xff,0x7b,0xff,0x7a,0xff,0xb1,0xfc,0xd1,0xfc,0xbe,0xff,0x00,0x08,
0x24,0x3b,0x60,0x01,0xe2,0x8d,0xa0,0x8d,0x09,0x96,0x80,0x4b,0x9b,0xff,0x7b,0xff,
0x9b,0xff,0x7b,0xff,0x9c,0xff,0x9b,0xff,0x57,0xe6,0x00,0x18,0x0b,0x73,0xa9,0x6a,
0xc9,0x72,0x20,0x10,0xb4,0xed,0x5b,0xff,0xf9,0xfe,0x90,0xdc,0x16,0xee,0x00,0x18,
0x80,0x20,0x9c,0xff,0x9c,0xff,0xbc,0xff,0x80,0x18,0xbc,0xff,0xbc,0xff,0xfd,0xff,
0x9b,0xff,0xbb,0xff,0x9a,0xff,0x9b,0xff,0x7a,0xff,0x7a,0xff,0xd2,0xde,0x44,0x63,
0x00,0x21,0xf7,0xd6,0xc0,0x64,0x82,0x75,0x08,0xa6,0xe0,0x5b,0x9b,0xff,0x9b,0xff,
0x9b,0xff,0x9b,0xff,0x7a,0xff,0x19,0xf7,0x97,0xee,0x00,0x10,0x2a,0x7b,0xc9,0x6a,
0xca,0x62,0x00,0x08,0x94,0xe5,0x1a,0xff,0x1a,0xff,0x90,0xdc,0x98,0xee,0x00,0x18,
0x60,0x18,0x5b,0xff,0x21,0x00,0x62,0x10,0xfd,0xff,0x9b,0xff,0xd5,0xdd,0x9c,0xff,
0xdd,0xff,0x7b,0xff,0x9b,0xff,0x7b,0xff,0x7a,0xff,0x55,0xe6,0x20,0x01,0xc6,0x5b,
0xd8,0xe6,0x9b,0xff,0xb6,0xf6,0x75,0xf6,0xbc,0xff,0xbb,0xff,0x9b,0xff,0x7b,0xff,
0x9b,0xff,0x7b,0xff,0x9b,0xff,0xd8,0xf6,0xfa,0xee,0x00,0x10,0x6c,0x7b,0xc9,0x72,
0xa9,0x6a,0x00,0x10,0x32,0xe5,0x3a,0xff,0x76,0xfe,0x96,0xf6,0x00,0x08,0xad,0x7b,
0x85,0x51,0x61,0x28,0x3a,0xf7,0x9c,0xff,0x9a,0xff,0x9b,0xff,0x7c,0xff,0xfe,0xff,
0x7a,0xff,0x9b,0xff,0x7a,0xff,0x7a,0xff,0x92,0xde,0x04,0x63,0x04,0x64,0x51,0xcf,
0x9a,0xff,0x9b,0xff,0xd6,0xfe,0xae,0xc4,0x18,0xff,0x9a,0xff,0x9a,0xff,0xbb,0xff,
0x9b,0xff,0xbb,0xff,0xd6,0xfe,0xd7,0xfe,0xb6,0xfe,0x14,0xee,0x40,0x18,0xea,0x6a,
0x89,0x62,0x00,0x10,0xa4,0x59,0x97,0xfe,0x98,0xe6,0x20,0x20,0x4c,0x7b,0x85,0x49,
0x40,0x18,0xda,0xf6,0xf6,0xe5,0x00,0x28,0x73,0xc5,0x7b,0xff,0x9c,0xf7,0xbc,0xff,
0xc3,0x18,0x62,0x10,0x62,0x08,0x61,0x10,0x41,0x00,0x61,0x08,0xb7,0xe6,0x7a,0xff,
0x7a,0xff,0x18,0xff,0x56,0xfe,0x6e,0xc4,0x6d,0xcc,0x33,0xfe,0x9b,0xff,0x7b,0xff,
0x7a,0xff,0xd7,0xf6,0xb7,0xfe,0xb6,0xfe,0xd7,0xf6,0xf7,0xfe,0x20,0x10,0xaa,0x6a,
0x46,0x6a,0x87,0x6a,0x20,0x10,0x20,0x08,0x00,0x18,0xca,0x6a,0x0b,0x7b,0x20,0x18,
0x7a,0xff,0x9b,0xff,0x9b,0xff,0x7b,0xff,0x54,0xfe,0x95,0xfe,0x45,0x7a,0xf0,0xcc,
0xbc,0xff,0x7c,0xff,0x9c,0xff,0x7b,0xf7,0x7b,0xff,0x9b,0xff,0x9b,0xff,0xbc,0xff,
0x38,0xff,0x96,0xf6,0x60,0x18,0x9d,0xff,0x7a,0xff,0x77,0xee,0x71,0xed,0xf3,0xf5,
0x95,0xfe,0xb6,0xfe,0xb6,0xfe,0xd7,0xfe,0x7a,0xff,0xd7,0xf6,0x00,0x08,0xaa,0x5a,
0x47,0x62,0x46,0x6a,0x88,0x62,0x67,0x6a,0x88,0x62,0x88,0x6a,0xaa,0x62,0x20,0x18,
0x9b,0xff,0x56,0xee,0x7b,0xff,0xd8,0xf6,0x3b,0xf7,0x00,0x10,0x36,0xd6,0x9b,0xff,
0xbc,0xff,0x9b,0xff,0xbb,0xff,0x7b,0xff,0x9b,0xff,0x7a,0xff,0x9b,0xff,0x39,0xff,
0x97,0xf6,0x25,0x6a,0x9c,0xff,0x9c,0xff,0xb8,0xee,0x5a,0xff,0x59,0xff,0xb6,0xf6,
0xb6,0xfe,0x95,0xfe,0xb6,0xfe,0x96,0xfe,0x76,0xf6,0x97,0xfe,0xa2,0x20,0x48,0x5a,
0x05,0x62,0x46,0x62,0x46,0x62,0x47,0x62,0x47,0x62,0x88,0x62,0x89,0x62,0x20,0x10,
0xae,0xdc,0x71,0xed,0xf8,0xfe,0x93,0xdd,0x77,0xee,0x00,0x10,0x76,0xe6,0x9b,0xff,
0x51,0xcd,0x9b,0xff,0x38,0xff,0xd7,0xf6,0xd6,0xfe,0x96,0xf6,0xf9,0xf6,0xa0,0x20,
0xc2,0x20,0x20,0x08,0x61,0x30,0x28,0x62,0xa1,0x38,0x4c,0x8b,0xa2,0x38,0xe3,0x38,
0xc3,0x38,0xe3,0x30,0x03,0x41,0x03,0x31,0x00,0x08,0x24,0x29,0x88,0x6a,0x47,0x5a,
0x26,0x5a,0x05,0x62,0x47,0x5a,0x26,0x62,0x47,0x5a,0x47,0x62,0x48,0x5a,0xa9,0x6a,
0x00,0x00,0x00,0x08,0x01,0x00,0x00,0x00,0x00,0x00,0x2c,0x73,0x01,0x00,0x41,0x10,
0x41,0x08,0x61,0x10,0x62,0x08,0x41,0x10,0x62,0x08,0x41,0x10,0x00,0x00,0x4c,0x73,
0x4c,0x7b,0x2b,0x7b,0x0a,0x6b,0xea,0x72,0x2b,0x73,0x2b,0x7b,0x2c,0x7b,0x2b,0x83,
0x4b,0x7b,0x2a,0x7b,0x2b,0x73,0xc9,0x72,0x89,0x62,0x48,0x62,0x47,0x52,0x27,0x5a,
0x05,0x62,0x25,0x5a,0x25,0x62,0x46,0x5a,0x26,0x62,0x47,0x5a,0x46,0x62,0x67,0x62,
0x87,0x6a,0xa8,0x62,0xc8,0x6a,0xc9,0x6a,0xc9,0x6a,0xc9,0x62,0xa8,0x6a,0xea,0x6a,
0x09,0x73,0x4b,0x7b,0x4a,0x7b,0x6b,0x7b,0x2a,0x7b,0x4b,0x7b,0xe9,0x72,0xea,0x6a,
0xc9,0x72,0xc9,0x6a,0xa9,0x6a,0xc9,0x6a,0xa9,0x6a,0xc9,0x6a,0xa9,0x72,0xca,0x6a,
0xa9,0x72,0xc9,0x6a,0x88,0x6a,0x88,0x62,0x47,0x62,0x47,0x5a,0x06,0x5a,0x26,0x52,
0x00,0x00,0x00,0x00,0x00,0x00,0x00,0x00,0x00,0x00,0x00,0x00,0x00,0x00,0x00,0x00,
0x00,0x00,0x00,0x00,0x00,0x00,0x00,0x00,0x00,0x00,0x00,0x00,0x00,0x00,0x00,0x00,
0x00,0x00,0x00,0x00,0x00,0x00,0x00,0x00,0x00,0x00,0x00,0x00,0x00,0x00,0x00,0x00,
0x00,0x00,0x00,0x00,0x00,0x00,0x00,0x00,0x00,0x00,0x00,0x00,0x00,0x00,0x00,0x00,
0x00,0x00,0x00,0x00,0x00,0x00,0x00,0x00,0x00,0x00,0x00,0x00,0x00,0x00,0x00,0x00,
0x00,0x00,0x00,0x00,0x00,0x00,0x00,0x00,0x00,0x00,0x00,0x00,0x00,0x00,0x00,0x00,
0x00,0x00,0x00,0x00,0x00,0x00,0x00,0x00,0x00,0x00,0x00,0x00,0x00,0x00,0x00,0x00,
0x00,0x00,0x00,0x00,0x00,0x00,0x00,0x00,0x00,0x00,0x00,0x00,0x00,0x00,0x00,0x00,
0x00,0x00,0x00,0x00,0x00,0x00,0x00,0x00,0x00,0x00,0x00,0x00,0x00,0x00,0x00,0x00,
0x00,0x00,0x00,0x00,0x00,0x00,0x00,0x00,0x00,0x00,0x00,0x00,0x00,0x00,0x00,0x00,
0x00,0x00,0x00,0x00,0x00,0x00,0x00,0x00,0x00,0x00,0x00,0x00,0x00,0x00,0x00,0x00,
0x00,0x00,0x00,0x00,0x00,0x00,0x00,0x00,0x00,0x00,0x00,0x00,0x00,0x00,0x00,0x00,
0x00,0x00,0x00,0x00,0x00,0x00,0x00,0x00,0x00,0x00,0x00,0x00,0x00,0x00,0x00,0x00,
0x00,0x00,0x00,0x00,0x00,0x00,0x00,0x00,0x00,0x00,0x00,0x00,0x00,0x00,0x00,0x00,
0x00,0x00,0x00,0x00,0x00,0x00,0x00,0x00,0x00,0x00,0x00,0x00,0x00,0x00,0x00,0x00,
0x00,0x00,0x00,0x00,0x00,0x00,0x00,0x00,0x00,0x00,0x00,0x00,0x00,0x00,0x00,0x00,
0x00,0x00,0x00,0x00,0x00,0x00,0x00,0x00,0x00,0x00,0x00,0x00,0x00,0x00,0x00,0x00,
0x00,0x00,0x00,0x00,0x00,0x00,0x00,0x00,0x00,0x00,0x00,0x00,0x00,0x00,0x00,0x00,
0x00,0x00,0x00,0x00,0x00,0x00,0x00,0x00,0x00,0x00,0x00,0x00,0x00,0x00,0x00,0x00,
0x00,0x00,0x00,0x00,0x00,0x00,0x00,0x00,0x00,0x00,0x00,0x00,0x00,0x00,0x00,0x00,
0x00,0x00,0x00,0x00,0x00,0x00,0x00,0x00,0x00,0x00,0x00,0x00,0x00,0x00,0x00,0x00,
0x00,0x00,0x00,0x00,0x00,0x00,0x00,0x00,0x00,0x00,0x00,0x00,0x00,0x00,0x00,0x00,
0x00,0x00,0x00,0x00,0x00,0x00,0x00,0x00,0x00,0x00,0x00,0x00,0x00,0x00,0x00,0x00,
0x00,0x00,0x00,0x00,0x00,0x00,0x00,0x00,0x00,0x00,0x00,0x00,0x00,0x00,0x00,0x00,
0x00,0x00,0x00,0x00,0x00,0x00,0x00,0x00,0x00,0x00,0x00,0x00,0x00,0x00,0x00,0x00,
0x00,0x00,0x00,0x00,0x00,0x00,0x00,0x00,0x00,0x00,0x00,0x00,0x00,0x00,0x00,0x00,
0x00,0x00,0x00,0x00,0x00,0x00,0x00,0x00,0x00,0x00,0x00,0x00,0x00,0x00,0x00,0x00,
0x00,0x00,0x00,0x00,0x00,0x00,0x00,0x00,0x00,0x00,0x00,0x00,0x00,0x00,0x00,0x00,
0x00,0x00,0x00,0x00,0x00,0x00,0x00,0x00,0x00,0x00,0x00,0x00,0x00,0x00,0x00,0x00,
0x00,0x00,0x00,0x00,0x00,0x00,0x00,0x00,0x00,0x00,0x00,0x00,0x00,0x00,0x00,0x00,
0x00,0x00,0x00,0x00,0x00,0x00,0x00,0x00,0x00,0x00,0x00,0x00,0x00,0x00,0x00,0x00,
0x00,0x00,0x00,0x00,0x00,0x00,0x00,0x00,0x00,0x00,0x00,0x00,0x00,0x00,0x00,0x00,
0x00,0x00,0x00,0x00,0x00,0x00,0x00,0x00,0x00,0x00,0x00,0x00,0x00,0x00,0x00,0x00,
0x00,0x00,0x00,0x00,0x00,0x00,0x00,0x00,0x00,0x00,0x00,0x00,0x00,0x00,0x00,0x00,
0x00,0x00,0x00,0x00,0x00,0x00,0x00,0x00,0x00,0x00,0x00,0x00,0x00,0x00,0x00,0x00,
0x00,0x00,0x00,0x00,0x00,0x00,0x00,0x00,0x00,0x00,0x00,0x00,0x00,0x00,0x00,0x00,
0x00,0x00,0x00,0x00,0x00,0x00,0x00,0x00,0x00,0x00,0x00,0x00,0x00,0x00,0x00,0x00,
0x00,0x00,0x00,0x00,0x00,0x00,0x00,0x00,0x00,0x00,0x00,0x00,0x00,0x00,0x00,0x00,
0x00,0x00,0x00,0x00,0x00,0x00,0x00,0x00,0x00,0x00,0x00,0x00,0x00,0x00,0x00,0x00,
0x00,0x00,0x00,0x00,0x00,0x00,0x00,0x00,0x00,0x00,0x00,0x00,0x00,0x00,0x00,0x00,
0x00,0x00,0x00,0x00,0x00,0x00,0x00,0x00,0x00,0x00,0x00,0x00,0x00,0x00,0x00,0x00,
0x00,0x00,0x00,0x00,0x00,0x00,0x00,0x00,0x00,0x00,0x00,0x00,0x00,0x00,0x00,0x00,
0x00,0x00,0x00,0x00,0x00,0x00,0x00,0x00,0x00,0x00,0x00,0x00,0x00,0x00,0x00,0x00,
0x00,0x00,0x00,0x00,0x00,0x00,0x00,0x00,0x00,0x00,0x00,0x00,0x00,0x00,0x00,0x00,
0x00,0x00,0x00,0x00,0x00,0x00,0x00,0x00,0x00,0x00,0x00,0x00,0x00,0x00,0x00,0x00,
0x00,0x00,0x00,0x00,0x00,0x00,0x00,0x00,0x00,0x00,0x00,0x00,0x00,0x00,0x00,0x00,
0x00,0x00,0x00,0x00,0x00,0x00,0x00,0x00,0x00,0x00,0x00,0x00,0x00,0x00,0x00,0x00,
0x00,0x00,0x00,0x00,0x00,0x00,0x00,0x00,0x00,0x00,0x00,0x00,0x00,0x00,0x00,0x00,
0x00,0x00,0x00,0x00,0x00,0x00,0x00,0x00,0x00,0x00,0x00,0x00,0x00,0x00,0x00,0x00,
0x00,0x00,0x00,0x00,0x00,0x00,0x00,0x00,0x00,0x00,0x00,0x00,0x00,0x00,0x00,0x00,
0x00,0x00,0x00,0x00,0x00,0x00,0x00,0x00,0x00,0x00,0x00,0x00,0x00,0x00,0x00,0x00,
0x00,0x00,0x00,0x00,0x00,0x00,0x00,0x00,0x00,0x00,0x00,0x00,0x00,0x00,0x00,0x00,
0x00,0x00,0x00,0x00,0x00,0x00,0x00,0x00,0x00,0x00,0x00,0x00,0x00,0x00,0x00,0x00,
0x00,0x00,0x00,0x00,0x00,0x00,0x00,0x00,0x00,0x00,0x00,0x00,0x00,0x00,0x00,0x00,
0x00,0x00,0x00,0x00,0x00,0x00,0x00,0x00,0x00,0x00,0x00,0x00,0x00,0x00,0x00,0x00,
0x00,0x00,0x00,0x00,0x00,0x00,0x00,0x00,0x00,0x00,0x00,0x00,0x00,0x00,0x00,0x00,
0x00,0x00,0x00,0x00,0x00,0x00,0x00,0x00,0x00,0x00,0x00,0x00,0x00,0x00,0x00,0x00,
0x00,0x00,0x00,0x00,0x00,0x00,0x00,0x00,0x00,0x00,0x00,0x00,0x00,0x00,0x00,0x00,
0x00,0x00,0x00,0x00,0x00,0x00,0x00,0x00,0x00,0x00,0x00,0x00,0x00,0x00,0x00,0x00,
0x00,0x00,0x00,0x00,0x00,0x00,0x00,0x00,0x00,0x00,0x00,0x00,0x00,0x00,0x00,0x00,
0x00,0x00,0x00,0x00,0x00,0x00,0x00,0x00,0x00,0x00,0x00,0x00,0x00,0x00,0x00,0x00,
0x00,0x00,0x00,0x00,0x00,0x00,0x00,0x00,0x00,0x00,0x00,0x00,0x00,0x00,0x00,0x00,
0x00,0x00,0x00,0x00,0x00,0x00,0x00,0x00,0x00,0x00,0x00,0x00,0x00,0x00,0x00,0x00,
0x00,0x00,0x00,0x00,0x00,0x00,0x00,0x00,0x00,0x00,0x00,0x00,0x00,0x00,0x00,0x00,
0x00,0x00,0x00,0x00,0x00,0x00,0x00,0x00,0x00,0x00,0x00,0x00,0x00,0x00,0x00,0x00,
0x00,0x00,0x00,0x00,0x00,0x00,0x00,0x00,0x00,0x00,0x00,0x00,0x00,0x00,0x00,0x00,
0x01,0x01,0x01,0x01,0x00,0x00,0x00,0x00,0x00,0x00,0x00,0x00,0x00,0x00,0x00,0x00,
0x00,0x00,0x00,0x00,0x00,0x00,0x00,0x00,0x00,0x00,0x00,0x00,0x00,0x00,0x00,0x00,
0x00,0x00,0x00,0x00,0x00,0x01,0x03,0xf5,0xfb,0xfb,0xfc,0xfb,0x54,0x04,0x00,0x00,
0x00,0x00,0x00,0x00,0x00,0x00,0x00,0x00,0x00,0x00,0x00,0x00,0x00,0x00,0x00,0x00,
0x00,0x00,0x00,0x00,0x00,0x00,0x00,0x00,0x00,0x00,0x00,0x01,0x04,0xfe,0xfe,0xfe,
0xfd,0xfe,0xfe,0xfe,0xfd,0xfd,0x6d,0x04,0x00,0x00,0x00,0x00,0x00,0x00,0x00,0x00,
0x00,0x00,0x00,0x00,0x00,0x00,0x00,0x00,0x00,0x00,0x00,0x00,0x00,0x00,0x00,0x00,
0x00,0x00,0x00,0x02,0xf5,0xfd,0xfe,0xfe,0xfe,0xfe,0xfe,0xfe,0xfe,0xfd,0xfb,0xf5,
0x01,0x00,0x00,0x00,0x00,0x00,0x00,0x00,0x00,0x00,0x00,0x00,0x00,0x00,0x00,0x00,
0x00,0x00,0x00,0x00,0x00,0x00,0x00,0x00,0x00,0x00,0x00,0x16,0xfb,0xfe,0xfe,0xfe,
0xfe,0xfe,0xfe,0xfe,0xfe,0xfe,0xfe,0xfd,0xf7,0x05,0x00,0x00,0x00,0x00,0x00,0x00,
0x00,0x00,0x00,0x00,0x00,0x00,0x00,0x00,0x00,0x00,0x00,0x00,0x00,0x00,0x00,0x00,
0x00,0x00,0x00,0xfb,0xfd,0xfe,0xfe,0xfe,0xfe,0xfe,0xfe,0xfe,0xfe,0xfe,0xfe,0xfe,
0xfd,0xfb,0x01,0x00,0x00,0x00,0x00,0x00,0x00,0x00,0x00,0x00,0x00,0x00,0x00,0x00,
0x00,0x00,0x00,0x00,0x00,0x00,0x00,0x01,0x01,0x01,0x01,0xfd,0xfe,0xfe,0xfe,0xff,
0xff,0xff,0xfe,0xfe,0xfe,0xfe,0xfe,0xfe,0xfe,0xfe,0xf7,0x01,0x00,0x00,0x00,0x00,
0x00,0x00,0x00,0x00,0x00,0x00,0x00,0x00,0x00,0x00,0x00,0x00,0x00,0x00,0x00,0x02,
0xf4,0xf9,0xfc,0xfe,0xfe,0xfe,0xfe,0xfe,0xff,0xff,0xfe,0xfe,0xfe,0xfe,0xfe,0xfe,
0xfe,0xfe,0xfd,0x22,0x00,0x00,0x00,0x00,0x00,0x00,0x00,0x00,0x00,0x00,0x00,0x00,
0x00,0x00,0x00,0x00,0x00,0x00,0x6c,0xfa,0xfe,0xfe,0xfe,0xfe,0xfe,0xfe,0xfe,0xfe,
0xfe,0xfe,0xfe,0xfe,0xfe,0xfe,0xfe,0xfe,0xfe,0xfe,0xfe,0xfd,0x04,0x01,0x00,0x00,
0x00,0x62,0x76,0x4a,0x00,0x00,0x00,0x00,0x00,0x00,0x00,0x00,0x00,0x07,0xf9,0xfe,
0xfe,0xfe,0xfe,0xfe,0xfe,0xfe,0xfe,0xfe,0xfe,0xfe,0xfe,0xfe,0xfe,0xfe,0xfe,0xfe,
0xfe,0xfe,0xfe,0xfe,0xfc,0xfa,0xf7,0x05,0xf5,0xfc,0xfd,0xfc,0xf2,0x00,0x00,0x00,
0x00,0x00,0x00,0x01,0x05,0xfd,0xfe,0xfe,0xfe,0xfe,0xfe,0xfe,0xfe,0xfe,0xfe,0xfe,
0xfe,0xfe,0xfe,0xfe,0xfe,0xfe,0xfe,0xfe,0xfe,0xfe,0xfe,0xfe,0xfd,0xfd,0xfd,0xfd,
0xfd,0xfe,0xfe,0xfe,0xfd,0xe9,0x00,0x00,0x00,0x00,0x01,0x05,0xfb,0xfe,0xfe,0xfe,
0xfe,0xfe,0xfe,0xfe,0xfe,0xfe,0xfe,0xfe,0xfe,0xfe,0xfe,0xff,0xff,0xfe,0xfe,0xfe,
0xfe,0xfe,0xfe,0xfe,0xfe,0xfe,0xfe,0xfe,0xfe,0xfe,0xfe,0xff,0xfe,0xfc,0x11,0x00,
0x00,0x00,0x00,0xf4,0xfd,0xfe,0xff,0xff,0xff,0xfe,0xfe,0xfe,0xfe,0xfe,0xfe,0xfe,
0xfe,0xfe,0xfe,0xff,0xff,0xfe,0xfe,0xfe,0xfe,0xfe,0xfe,0xfe,0xfe,0xfe,0xfe,0xfe,
0xfe,0xfe,0xfe,0xfe,0xfe,0xfd,0xa5,0x00,0x00,0x00,0x12,0xfc,0xfd,0xfe,0xfe,0xfe,
0xfe,0xfe,0xfe,0xfe,0xfe,0xfe,0xfe,0xfe,0xfe,0xfe,0xfe,0xfe,0xff,0xfe,0xfe,0xfe,
0xfe,0xfe,0xfe,0xfe,0xfe,0xfe,0xfe,0xfe,0xfe,0xfe,0xfe,0xfe,0xfe,0xfc,0x8d,0x00,
0x00,0x01,0xfb,0xfe,0xfe,0xfe,0xfe,0xfe,0xfe,0xfe,0xfe,0xfe,0xfe,0xfe,0xfe,0xfe,
0xfe,0xfe,0xfe,0xfe,0xfe,0xfe,0xfe,0xfe,0xfe,0xfe,0xfe,0xfe,0xfe,0xfe,0xfe,0xfe,
0xfe,0xfe,0xfe,0xfe,0xfe,0xfb,0x04,0x00,0x00,0x1f,0xfe,0xfe,0xfe,0xfe,0xfe,0xfe,
0xfe,0xfe,0xfe,0xfe,0xfe,0xfe,0xfe,0xfe,0xfe,0xfe,0xfe,0xfe,0xfe,0xfe,0xfe,0xfe,
0xff,0xff,0xfe,0xfe,0xfe,0xfe,0xfe,0xfe,0xfe,0xfe,0xfe,0xfe,0xfd,0x05,0x01,0x00,
0x00,0x28,0xfe,0xfe,0xfe,0xfe,0xfe,0xfe,0xfe,0xfe,0xfe,0xfe,0xfe,0xfe,0xfe,0xfe,
0xfe,0xff,0xfe,0xfe,0xfe,0xfe,0xfe,0xfe,0xff,0xff,0xfe,0xfe,0xfe,0xfe,0xfe,0xfe,
0xfe,0xfe,0xfe,0xfe,0xfd,0xf6,0x01,0x00,0x01,0x1b,0xfe,0xfe,0xfe,0xfe,0xfe,0xfe,
0xfe,0xfe,0xfe,0xfe,0xfe,0xfe,0xfe,0xfe,0xfe,0xfe,0xfe,0xfe,0xfe,0xfe,0xfe,0xfe,
0xfe,0xff,0xfe,0xfe,0xff,0xfe,0xfe,0xfe,0xfe,0xfe,0xfe,0xfe,0xfd,0xfb,0x01,0x00,
0x00,0xf7,0xfd,0xfe,0xfe,0xfe,0xfe,0xfe,0xfe,0xfe,0xfe,0xfe,0xfe,0xfe,0xfe,0xfe,
0xfe,0xfe,0xfe,0xfe,0xff,0xfe,0xfe,0xfe,0xfe,0xfe,0xfe,0xfe,0xff,0xff,0xfe,0xfe,
0xfe,0xfe,0xfe,0xfe,0xfd,0xfb,0x01,0x00,0x01,0xfc,0xfe,0xfe,0xfe,0xfe,0xfd,0xf8,
0xfc,0xfe,0xfe,0xfe,0xfe,0xfe,0xfe,0xfe,0xfe,0xfe,0xfe,0xfe,0xff,0xfe,0xff,0xff,
0xff,0xfe,0xfe,0xfe,0xfe,0xfe,0xfe,0xfe,0xfe,0xfe,0xfe,0xfe,0xfe,0xf8,0x03,0x00,
0x01,0xfc,0xfe,0xfe,0xfe,0xfe,0xfc,0x04,0xf5,0xfe,0xfe,0xfe,0xfe,0xff,0xff,0xfe,
0xfe,0xfe,0xfe,0xfe,0xfe,0xfe,0xff,0xff,0xff,0xfe,0xfe,0xfe,0xfe,0xfe,0xfe,0xfe,
0xfe,0xfe,0xfe,0xfe,0xfe,0xfd,0xf1,0x00,0x00,0xfb,0xfd,0xfd,0xfd,0xfc,0x34,0xef,
0xfe,0xfe,0xfe,0xfe,0xfe,0xff,0xfe,0xfe,0xfe,0xfe,0xfe,0xfe,0xfe,0xfe,0xfe,0xfe,
0xff,0xff,0xfe,0xfe,0xfe,0xfe,0xfe,0xfe,0xfe,0xfe,0xfe,0xfe,0xfe,0xfe,0xfd,0x00,
0x00,0x01,0xe7,0xef,0xe5,0x04,0x03,0xfc,0xfe,0xfe,0xff,0xfe,0xfe,0xfe,0xfe,0xfe,
0xff,0xfe,0xff,0xfe,0xfe,0xfe,0xfe,0xfe,0xff,0xfe,0xfe,0xfe,0xfe,0xfe,0xfe,0xfe,
0xfe,0xfe,0xfe,0xfe,0xfe,0xfe,0xfd,0x00,0x00,0x00,0x01,0x01,0x01,0x01,0x01,0xfc,
0xfe,0xfe,0xfe,0xfe,0xfe,0xfe,0xfe,0xff,0xff,0xff,0xfe,0xff,0xfe,0xfe,0xfe,0xfe,
0xfe,0xfe,0xfe,0xfe,0xfe,0xfe,0xfe,0xfe,0xfe,0xfe,0xfe,0xfe,0xfd,0xfd,0xe8,0x00,
0x00,0x00,0x00,0x00,0x00,0x00,0x01,0xf2,0xfd,0xfe,0xfe,0xfe,0xfe,0xfe,0xfe,0xff,
0xff,0xff,0xff,0xfe,0xfe,0xfe,0xfe,0xfd,0xfd,0xfc,0xfd,0xfd,0xfd,0xfe,0xfe,0xfd,
0xfd,0xfe,0xfe,0xfd,0xfa,0x8d,0x00,0x00,0x00,0x00,0x00,0x00,0x00,0x00,0x00,0x02,
0xee,0xfc,0xfd,0xfc,0xf7,0x0c,0xfa,0xfd,0xfd,0xfe,0xfe,0xfe,0xfe,0xfe,0xff,0x09,
0x05,0x03,0x0a,0x0c,0x08,0x08,0x0a,0x0d,0x0b,0x0a,0x0a,0x06,0x03,0x00,0x00,0x00,
0x00,0x00,0x00,0x00,0x00,0x00,0x00,0x00,0x00,0x00,0x00,0x00,0x00,0x00,0x00,0x00,
0x00,0x00,0x00,0x00,0x01,0x00,0x00,0x00,0x00,0x00,0x00,0x00,0x00,0x00,0x00,0x00,
0x00,0x00,0x00,0x00,0x00,0x00,0x00,0x00,0x00,0x00,0x00,0x00,0x00,0x00,0x00,0x00,
0x00,0x00,0x00,0x00,0x00,0x00,0x00,0x00,0x00,0x00,0x00,0x00,0x00,0x00,0x00,0x00,
0x00,0x00,0x00,0x00,0x00,0x00,0x00,0x00,0x00,0x00,0x00,0x00,0x00,0x00,0x00,0x00,
0x00,0x00,0x00,0x00,0x00,0x00,0x00,0x00,0x00,0x00,0x00,0x00,0x00,0x00,0x00,0x00,
0x00,0x00,0x00,0x00,0x00,0x00,0x00,0x00,0x00,0x00,0x00,0x00,0x00,0x00,0x00,0x00,
0x00,0x00,0x00,0x00,0x00,0x00,0x00,0x00,0x00,0x00,0x00,0x00,0x00,0x00,0x00,0x00,
0x00,0x00,0x00,0x00,0x00,0x00,0x00,0x00,0x00,0x00,0x00,0x00,0x00,0x00,0x00,0x00,
0x00,0x00,0x00,0x00,0x00,0x00,0x00,0x00,0x00,0x00,0x00,0x00,0x00,0x00,0x00,0x00,
0x00,0x00,0x00,0x00,0x00,0x00,0x00,0x00,0x00,0x00,0x00,0x00,0x00,0x00,0x00,0x00,
0x00,0x00,0x00,0x00,0x00,0x00,0x00,0x00,0x00,0x00,0x00,0x00,0x00,0x00,0x00,0x00,
0x00,0x00,0x00,0x00,0x00,0x00,0x00,0x00,0x00,0x00,0x00,0x00,0x00,0x00,0x00,0x00,
0x00,0x00,0x00,0x00,0x00,0x00,0x00,0x00,0x00,0x00,0x00,0x00,0x00,0x00,0x00,0x00,
0x00,0x00,0x00,0x00,0x00,0x00,0x00,0x00,0x00,0x00,0x00,0x00,0x00,0x00,0x00,0x00,
0x00,0x00,0x00,0x00,0x00,0x00,0x00,0x00,0x00,0x00,0x00,0x00,0x00,0x00,0x00,0x00,
0x00,0x00,0x00,0x00,0x00,0x00,0x00,0x00,0x00,0x00,0x00,0x00,0x00,0x00,0x00,0x00,
0x00,0x00,0x00,0x00,0x00,0x00,0x00,0x00,0x00,0x00,0x00,0x00,0x00,0x00,0x00,0x00,
0x00,0x00,0x00,0x00,0x00,0x00,0x00,0x00,0x00,0x00,0x00,0x00,0x00,0x00,0x00,0x00,
0x00,0x00,0x00,0x00,0x00,0x00,0x00,0x00,0x00,0x00,0x00,0x00,0x00,0x00,0x00,0x00,
0x00,0x00,0x00,0x00,0x00,0x00,0x00,0x00,0x00,0x00,0x00,0x00,0x00,0x00,0x00,0x00,
0x00,0x00,0x00,0x00,0x00,0x00,0x00,0x00,0x00,0x00,0x00,0x00,0x00,0x00,0x00,0x00,
0x00,0x00,0x00,0x00,0x00,0x00,0x00,0x00,0x00,0x00,0x00,0x00,0x00,0x00,0x00,0x00,
0x00,0x00,0x00,0x00,0x00,0x00,0x00,0x00,0x00,0x00,0x00,0x00,0x00,0x00,0x00,0x00,
0x00,0x00,0x00,0x00,0x00,0x00,0x00,0x00,0x00,0x00,0x00,0x00,0x00,0x00,0x00,0x00,

};
static const lv_image_dsc_t s_partner_lulu_tired = {
    .header.magic = LV_IMAGE_HEADER_MAGIC,
    .header.cf = LV_COLOR_FORMAT_RGB565A8,
    .header.flags = 0,
    .header.w = 40,
    .header.h = 44,
    .header.stride = 80,
    .data_size = sizeof(s_partner_lulu_tired_map),
    .data = s_partner_lulu_tired_map,
};

static const LV_ATTRIBUTE_MEM_ALIGN LV_ATTRIBUTE_LARGE_CONST uint8_t s_partner_amai_idle_map[] = {
0x00,0x00,0x00,0x00,0x00,0x00,0x00,0x00,0x00,0x00,0x00,0x00,0x00,0x00,0x00,0x00,
0x00,0x00,0x00,0x00,0x00,0x00,0x00,0x00,0x00,0x00,0x00,0x00,0x00,0x00,0x00,0x00,
0x00,0x00,0x00,0x00,0x00,0x00,0x00,0x00,0x00,0x00,0x00,0x00,0x00,0x00,0x00,0x00,
0x00,0x00,0x00,0x00,0x00,0x00,0x00,0x00,0x00,0x00,0x00,0x00,0x00,0x00,0x00,0x00,
0x00,0x00,0x00,0x00,0x00,0x00,0x00,0x00,0x00,0x00,0x00,0x00,0x00,0x00,0x00,0x00,
0xe3,0x59,0xe3,0x61,0xe3,0x61,0xe3,0x61,0x03,0x62,0x03,0x6a,0x44,0x6a,0x44,0x72,
0x64,0x72,0x44,0x7a,0x64,0x72,0x64,0x7a,0x84,0x72,0x84,0x7a,0x84,0x7a,0x84,0x82,
0x84,0x7a,0xa4,0x82,0x85,0x7a,0x84,0x7a,0x84,0x72,0x84,0x7a,0x85,0x72,0x85,0x7a,
0x86,0x72,0x65,0x72,0x86,0x72,0x65,0x72,0x45,0x6a,0x45,0x6a,0x46,0x62,0x25,0x6a,
0x46,0x62,0x25,0x62,0x05,0x5a,0x05,0x62,0x06,0x5a,0x05,0x5a,0x06,0x52,0x05,0x5a,
0xe2,0x61,0xe3,0x61,0xe2,0x69,0x03,0x62,0x03,0x6a,0x43,0x6a,0x23,0x72,0x44,0x72,
0x63,0x7a,0x84,0x7a,0x83,0x82,0xa4,0x82,0x83,0x82,0xc4,0x82,0xc4,0x92,0xc4,0x8a,
0xa6,0x8a,0x40,0x38,0x20,0x20,0x66,0x6a,0xa4,0x8a,0xa4,0x82,0x84,0x82,0xa4,0x7a,
0x84,0x7a,0x85,0x72,0x64,0x72,0x65,0x72,0x44,0x72,0x45,0x6a,0x44,0x6a,0x45,0x6a,
0x25,0x6a,0x25,0x62,0x05,0x62,0x25,0x62,0x05,0x62,0x05,0x5a,0x05,0x62,0x26,0x5a,
0xe3,0x61,0xe3,0x69,0x03,0x62,0x03,0x6a,0x23,0x6a,0x23,0x72,0x43,0x72,0x43,0x7a,
0x83,0x7a,0x83,0x82,0xc4,0x82,0xc4,0x8a,0xe5,0x92,0x83,0x8a,0x61,0x20,0x00,0x18,
0x20,0x30,0x8e,0xe5,0x6e,0xe5,0x20,0x40,0xa4,0x8a,0xc4,0x92,0xa4,0x82,0x83,0x82,
0x85,0x7a,0x64,0x7a,0x65,0x72,0x44,0x72,0x45,0x6a,0x44,0x72,0x45,0x6a,0x24,0x6a,
0x45,0x62,0x25,0x6a,0x26,0x62,0x05,0x62,0x05,0x5a,0x05,0x62,0x06,0x5a,0x05,0x62,
0xe2,0x69,0x03,0x6a,0x02,0x72,0x23,0x6a,0x42,0x7a,0x43,0x72,0x62,0x82,0x83,0x7a,
0xa2,0x8a,0xe4,0x92,0x07,0x93,0x20,0x28,0x40,0x38,0x30,0xf6,0x86,0xfd,0x66,0xfd,
0x45,0xfd,0x66,0xfd,0xc7,0xfd,0x49,0xfe,0x4f,0xf6,0x40,0x28,0xc3,0x92,0xc4,0x8a,
0x84,0x8a,0x84,0x82,0x63,0x7a,0x64,0x72,0x44,0x72,0x44,0x6a,0x44,0x72,0x44,0x6a,
0x24,0x6a,0x45,0x62,0x24,0x6a,0x25,0x62,0x05,0x62,0x25,0x62,0x05,0x62,0x05,0x5a,
0x03,0x6a,0xe2,0x71,0x23,0x6a,0x22,0x72,0x43,0x72,0x43,0x7a,0x83,0x82,0x83,0x8a,
0xc7,0x82,0x40,0x30,0x40,0x40,0xa8,0xb3,0x86,0xfd,0x86,0xfd,0x86,0xfd,0x66,0xfd,
0x8d,0xfe,0xa9,0xf5,0xa7,0xfd,0x66,0xfd,0x66,0xfd,0x24,0xfd,0x20,0x10,0xa2,0x28,
0xc4,0x8a,0x83,0x8a,0x64,0x7a,0x43,0x7a,0x44,0x72,0x24,0x72,0x45,0x6a,0x24,0x72,
0x45,0x6a,0x24,0x6a,0x25,0x62,0x04,0x6a,0x25,0x62,0x25,0x62,0x26,0x5a,0x05,0x62,
0x02,0x72,0x22,0x72,0x22,0x7a,0x43,0x72,0x42,0x82,0x83,0x82,0xa4,0x8a,0x60,0x59,
0xe0,0xaa,0x8a,0xf5,0xa7,0xfd,0xa7,0xfd,0x65,0xfd,0x86,0xfd,0x86,0xfd,0xe8,0xfd,
0xd1,0xfe,0xf2,0xfe,0xa6,0xfd,0x86,0xfd,0x66,0xfd,0x86,0xfd,0x67,0xfd,0xc0,0xc3,
0x20,0x30,0xe7,0x8a,0x83,0x82,0x83,0x7a,0x43,0x7a,0x44,0x72,0x44,0x72,0x44,0x6a,
0x24,0x72,0x45,0x6a,0x24,0x6a,0x25,0x6a,0x25,0x6a,0x45,0x62,0x25,0x6a,0x26,0x62,
0x22,0x72,0x02,0x72,0x42,0x72,0x42,0x7a,0x63,0x7a,0x83,0x8a,0xc0,0x40,0x4a,0x9b,
0x46,0xf5,0x86,0xfd,0x26,0xf5,0x67,0xfd,0x86,0xfd,0x86,0xfd,0xaa,0xed,0xae,0xfe,
0xd2,0xfe,0xd1,0xfe,0x87,0xfd,0x66,0xfd,0x87,0xfd,0x66,0xfd,0x87,0xfd,0x66,0xfd,
0x6f,0xdd,0x00,0x30,0xc4,0x8a,0x63,0x8a,0x44,0x72,0x43,0x7a,0x65,0x72,0x44,0x72,
0x45,0x6a,0x24,0x72,0x45,0x6a,0x24,0x6a,0x26,0x62,0x05,0x6a,0x26,0x62,0x25,0x62,
0x22,0x7a,0x22,0x72,0x22,0x7a,0x63,0x7a,0x82,0x8a,0xa3,0x8a,0x00,0x38,0x6e,0xe5,
0x27,0xfd,0xa2,0xcb,0x65,0xfd,0xa6,0xfd,0x86,0xfd,0xa6,0xfd,0xa9,0xf5,0xce,0xfe,
0xcf,0xfe,0x4e,0xee,0x66,0xfd,0x86,0xfd,0x86,0xfd,0xa7,0xfd,0x67,0xfd,0x47,0xfd,
0x46,0xfd,0x46,0xf5,0x80,0x40,0xa6,0x82,0x63,0x82,0x63,0x7a,0x44,0x7a,0x44,0x72,
0x44,0x72,0x44,0x72,0x44,0x72,0x45,0x6a,0x25,0x6a,0x45,0x6a,0x45,0x6a,0x46,0x6a,
0x22,0x72,0x22,0x7a,0x42,0x7a,0x63,0x8a,0xc4,0x8a,0xe4,0x9a,0x26,0xf5,0x26,0xfd,
0x47,0xfd,0x20,0xc3,0xa6,0xfd,0x86,0xfd,0xa7,0xfd,0x86,0xfd,0xa7,0xfd,0x86,0xfd,
0xae,0xfe,0xaa,0xf5,0x87,0xfd,0x66,0xfd,0xa7,0xfd,0xa7,0xfd,0x69,0xfd,0x00,0xbb,
0x67,0xfd,0x46,0xfd,0x65,0x82,0x00,0x59,0x84,0x82,0x43,0x82,0x64,0x7a,0x43,0x7a,
0x45,0x72,0x24,0x72,0x45,0x6a,0x25,0x72,0x46,0x6a,0x45,0x6a,0x46,0x6a,0x46,0x6a,
0x22,0x7a,0x42,0x7a,0x42,0x8a,0xa3,0x8a,0x27,0x9b,0x40,0x30,0x25,0xfd,0x25,0xfd,
0x01,0xbb,0x63,0xc3,0xab,0xf5,0xc0,0x71,0x00,0x28,0xcf,0xdd,0xa7,0xfd,0xc8,0xfd,
0x86,0xfd,0xa6,0xfd,0x86,0xfd,0xa7,0xfd,0x66,0xfd,0xa7,0xfd,0x48,0xfd,0xc0,0xb2,
0x45,0xfd,0x46,0xfd,0xcd,0xe4,0x00,0x40,0xa3,0x8a,0x83,0x82,0x63,0x82,0x63,0x7a,
0x44,0x7a,0x64,0x72,0x45,0x72,0x45,0x72,0x45,0x72,0x66,0x6a,0x45,0x6a,0x66,0x6a,
0x22,0x7a,0x42,0x82,0x83,0x82,0x01,0x7a,0x20,0x38,0x2d,0xe5,0x26,0xfd,0x05,0xfd,
0xe0,0x89,0x0a,0xfd,0xaf,0xdd,0x00,0x28,0xd1,0xbc,0x88,0x72,0xab,0xed,0xcf,0xfe,
0x31,0xff,0xab,0xed,0x88,0xf5,0xc9,0xfd,0x60,0x18,0x64,0x41,0x87,0xfd,0x66,0xfd,
0xe7,0xf4,0x27,0xfd,0x6e,0xe5,0x20,0x38,0x83,0x8a,0x62,0x8a,0x64,0x7a,0x43,0x82,
0x45,0x72,0x44,0x7a,0x65,0x72,0x44,0x72,0x46,0x6a,0x45,0x72,0x67,0x6a,0x46,0x6a,
0x21,0x82,0x63,0x82,0xc7,0x82,0x00,0x28,0xc4,0xfc,0x05,0xfd,0x05,0xfd,0x25,0xfd,
0x60,0x79,0x4c,0xed,0x6d,0xf5,0xa0,0x50,0x20,0x28,0xc6,0x51,0x8b,0xe5,0x33,0xff,
0x57,0xff,0xb5,0xee,0x6e,0xed,0x20,0x30,0xbe,0xff,0x20,0x10,0x26,0xfd,0x26,0xfd,
0xa6,0xf4,0x28,0xfd,0x25,0xfd,0x05,0xf5,0x00,0x30,0xc7,0x82,0x83,0x8a,0x63,0x82,
0x44,0x7a,0x64,0x7a,0x45,0x7a,0x65,0x72,0x65,0x72,0x66,0x72,0x66,0x72,0x87,0x72,
0x22,0x7a,0x43,0x8a,0x26,0x6a,0x00,0x30,0xc6,0xfc,0x84,0xfc,0x25,0xf5,0x26,0xfd,
0x60,0x79,0x4b,0xfd,0x2c,0xed,0xa0,0x60,0x80,0x40,0xb0,0xf5,0x7b,0xff,0x7b,0xff,
0xdc,0xff,0x7a,0xff,0x8f,0xe5,0x20,0x38,0x20,0x30,0x61,0x40,0x26,0xf5,0x26,0xfd,
0x46,0xe4,0x08,0xfd,0x26,0xfd,0xe4,0xfc,0x30,0xd5,0x20,0x38,0xa4,0x8a,0x63,0x8a,
0x44,0x7a,0x44,0x7a,0x66,0x72,0x45,0x7a,0x66,0x72,0x66,0x72,0x67,0x6a,0x67,0x72,
0x41,0x82,0x42,0x82,0x00,0x40,0xec,0xdc,0xe5,0xfc,0xc4,0xf4,0x05,0xfd,0x63,0xec,
0x20,0x79,0x4b,0xfd,0x25,0xfd,0x87,0xfd,0xb4,0xf6,0x78,0xff,0x00,0x20,0x41,0x28,
0x40,0x20,0x5c,0xff,0x32,0xff,0x8c,0xdd,0x60,0x40,0x67,0x7a,0x25,0xfd,0x66,0xfd,
0xa3,0xdb,0xe9,0xfc,0x25,0xfd,0xe5,0xf4,0xe9,0xf4,0xe0,0x89,0x20,0x30,0x87,0x7a,
0x64,0x82,0x64,0x7a,0x65,0x7a,0x85,0x7a,0x66,0x7a,0x86,0x72,0x86,0x72,0x87,0x72,
0x46,0x6a,0x00,0x28,0x85,0xf4,0xa5,0xfc,0x44,0xec,0xc6,0xfc,0xc6,0xfc,0x23,0xec,
0x20,0x40,0x2d,0xed,0x9b,0xff,0x79,0xff,0x7a,0xff,0x59,0xff,0x3b,0xff,0x40,0x28,
0x2e,0x94,0x5b,0xff,0x5a,0xf7,0x7a,0xff,0xcf,0xfe,0xab,0xed,0x47,0xfd,0xc4,0xf4,
0xe5,0xd3,0xc8,0xfc,0xe6,0xfc,0x63,0xf4,0xc5,0xfc,0xc5,0xfc,0x20,0x28,0x66,0x7a,
0x65,0x7a,0x44,0x7a,0x66,0x72,0x45,0x7a,0x87,0x72,0x86,0x7a,0x87,0x72,0x87,0x72,
0x25,0x72,0x00,0x28,0x84,0xfc,0x84,0xfc,0x64,0xfc,0xc5,0xfc,0xa5,0xfc,0x85,0xfc,
0x60,0x38,0xf9,0xfe,0x7a,0xff,0x7a,0xff,0x7a,0xff,0x46,0x5a,0x5c,0xff,0x20,0x10,
0x77,0xe6,0x7b,0xff,0x6f,0xa4,0x9c,0xff,0x58,0xff,0x58,0xff,0x89,0xfd,0x62,0xc3,
0x44,0xf4,0xc6,0xfc,0xe5,0xfc,0xe5,0xfc,0x63,0xf4,0xc5,0xfc,0x4a,0xd4,0x20,0x48,
0x64,0x82,0x65,0x7a,0x65,0x7a,0x86,0x7a,0x86,0x7a,0xa7,0x72,0x87,0x7a,0xa7,0x72,
0x26,0x6a,0x00,0x28,0x65,0xf4,0x24,0xf4,0xa5,0xfc,0xa4,0xfc,0x46,0xf4,0xa3,0xe3,
0x80,0x30,0x97,0xfe,0x7a,0xff,0x7a,0xff,0x7a,0xff,0x0d,0x9c,0x41,0x70,0x29,0xba,
0x29,0x92,0x00,0x48,0xf9,0xee,0x7b,0xff,0x9b,0xff,0x7a,0xff,0x95,0xfe,0xc0,0x50,
0x86,0xf4,0x45,0xf4,0xe6,0xfc,0xc5,0xfc,0x45,0xf4,0x44,0xfc,0x4b,0xc4,0x00,0x38,
0x65,0x7a,0x65,0x82,0x86,0x72,0x86,0x7a,0xa7,0x72,0x87,0x7a,0xa8,0x72,0x87,0x7a,
0x05,0x6a,0x20,0x20,0x45,0xfc,0xe4,0xeb,0x64,0xfc,0x64,0xf4,0xa3,0xeb,0xa4,0xe3,
0x20,0x20,0x40,0x20,0x75,0xee,0x99,0xff,0x7a,0xff,0x9b,0xff,0xee,0xfb,0x69,0xda,
0xad,0xe3,0x00,0x60,0x9a,0xff,0x9a,0xff,0x9a,0xff,0x39,0xf7,0x00,0x18,0x20,0x10,
0xa3,0xeb,0x45,0xf4,0xc5,0xfc,0xc4,0xfc,0x25,0xf4,0xe4,0xeb,0x0a,0xc4,0x00,0x28,
0x85,0x82,0xa6,0x82,0xa7,0x82,0xa7,0x7a,0xa7,0x7a,0xc8,0x7a,0xa7,0x7a,0xa7,0x72,
0xe4,0x69,0x40,0x38,0x00,0x48,0xca,0xcb,0x65,0xf4,0x44,0xfc,0xa4,0xe3,0xa4,0xe3,
0x00,0x08,0x28,0x5a,0x20,0x10,0xd9,0xf6,0x39,0xf7,0x59,0xff,0x65,0xb1,0x6d,0xfb,
0xcd,0xcb,0x78,0xfe,0x9b,0xff,0x7a,0xff,0x97,0xfe,0xe4,0x71,0x04,0x00,0x08,0x19,
0xe6,0xe3,0xa4,0xe3,0x45,0xf4,0x24,0xf4,0xc5,0xe3,0xa4,0xeb,0x00,0x20,0x67,0x72,
0xa7,0x7a,0xc7,0x8a,0xe9,0x82,0xe9,0x8a,0x09,0x83,0xc8,0x7a,0xc8,0x72,0x87,0x7a,
0xc1,0x71,0xe2,0x71,0x00,0x38,0xea,0xbb,0xa3,0xe3,0xc4,0xe3,0xc9,0xd3,0x00,0x50,
0x00,0x49,0x45,0x6a,0x00,0x08,0x42,0x08,0x25,0x6a,0x2a,0x8b,0x34,0xfe,0x8a,0xb3,
0x96,0xf6,0x18,0xff,0xd3,0xed,0x09,0x8b,0x44,0x08,0xa9,0x31,0x03,0x00,0x08,0x19,
0x00,0x40,0xeb,0xc3,0xe4,0xeb,0x45,0xf4,0xe5,0xe3,0x64,0xd3,0x00,0x28,0xc9,0x7a,
0xe7,0x8a,0x49,0x8b,0x6b,0x8b,0x20,0x18,0x20,0x28,0x41,0x28,0xc8,0x82,0xc8,0x72,
0xc2,0x69,0xc2,0x71,0xe5,0x59,0x00,0x20,0xa5,0xe3,0x63,0xe3,0x00,0x08,0xc6,0x51,
0x05,0x6a,0x24,0x72,0x24,0x00,0xcb,0x29,0xef,0x19,0xad,0x19,0x00,0x00,0x00,0x08,
0x41,0x08,0x41,0x10,0x05,0x00,0x6a,0x21,0x8d,0x11,0x6d,0x19,0x45,0x00,0x85,0x08,
0x01,0x10,0x22,0x20,0x64,0xd3,0xc5,0xe3,0x0b,0xb4,0x00,0x30,0x86,0x7a,0xc7,0x8a,
0x8c,0x8b,0x40,0x28,0x72,0xc5,0x39,0xff,0xb8,0xfe,0x00,0x28,0x2a,0x83,0xc8,0x7a,
0xc1,0x69,0xc2,0x69,0xa1,0x71,0xe2,0x71,0x00,0x08,0x00,0x08,0x03,0x7a,0xe3,0x71,
0x04,0x6a,0x66,0x72,0x04,0x00,0x4d,0x3a,0x4f,0x32,0xce,0x19,0xee,0x21,0xee,0x21,
0xce,0x21,0xad,0x19,0x4c,0x11,0x2f,0x2a,0xc6,0x51,0x51,0x9c,0x26,0x00,0xcd,0x21,
0x29,0x21,0x6a,0x21,0x00,0x10,0x41,0x18,0x00,0x20,0x88,0x72,0xa6,0x82,0x29,0x8b,
0xa0,0x30,0x7a,0xff,0x95,0xf6,0x79,0xff,0x7b,0xff,0x60,0x20,0x8a,0x9b,0xe8,0x7a,
0xa2,0x61,0xa1,0x69,0xa2,0x61,0xa2,0x69,0xc2,0x69,0xc2,0x71,0xe3,0x69,0xc2,0x69,
0x26,0x62,0x00,0x20,0x27,0xf5,0xa9,0xfd,0x26,0x00,0x2e,0x3a,0x30,0x2a,0x6d,0x19,
0x6d,0x11,0x0f,0x2a,0xef,0x19,0x8d,0x19,0x00,0x28,0xac,0xcc,0xcd,0xcc,0x00,0x30,
0xae,0x19,0xae,0x21,0x00,0x10,0x46,0x62,0x25,0x6a,0x86,0x7a,0x0a,0x83,0x40,0x28,
0xb3,0xcd,0x59,0xff,0xbb,0xff,0x7a,0xff,0x7d,0xff,0x20,0x20,0xac,0x93,0xe8,0x82,
0xa1,0x69,0xa2,0x61,0xa1,0x69,0xc2,0x61,0xc1,0x69,0xe2,0x69,0xc2,0x69,0x03,0x6a,
0x21,0x82,0x2a,0xbc,0x48,0xfd,0x0b,0xfe,0x3a,0xce,0x2a,0x42,0x0f,0x2a,0x50,0x22,
0x0e,0x2a,0x2f,0x22,0xa3,0x28,0x46,0x31,0x4d,0xfe,0xaa,0xf5,0x26,0xfd,0x84,0xec,
0x00,0x08,0x41,0x10,0xa2,0x59,0x65,0x6a,0x44,0x72,0xa6,0x7a,0x2a,0x8b,0x20,0x20,
0x9a,0xff,0x9a,0xff,0x7a,0xff,0x9a,0xff,0x7b,0xff,0x40,0x18,0x20,0x20,0x0a,0x7b,
0xa2,0x61,0xa2,0x61,0xa2,0x61,0xa2,0x61,0xc3,0x61,0xc2,0x69,0xe3,0x69,0x03,0x72,
0x46,0x72,0x20,0x30,0x8d,0xe5,0x33,0xff,0x9d,0xf7,0x00,0x08,0x91,0x22,0x71,0x2a,
0x0e,0x22,0xa9,0x00,0x2c,0x9c,0x37,0xff,0x54,0xff,0xee,0xed,0x66,0xfd,0x66,0xfd,
0xa9,0xec,0x40,0xa2,0xe2,0x61,0x84,0x7a,0xa5,0x7a,0xc6,0x8a,0x63,0x49,0x52,0xd5,
0x9b,0xff,0x7a,0xff,0x7a,0xff,0x7a,0xff,0x51,0xcd,0x38,0xff,0x40,0x28,0xc9,0x7a,
0xa1,0x61,0xa2,0x61,0xa1,0x69,0xc2,0x61,0xc2,0x69,0xe2,0x69,0xe2,0x71,0x43,0x72,
0x86,0x7a,0x60,0x28,0xcd,0xed,0x74,0xff,0x79,0xff,0x38,0xf7,0xa9,0x31,0xea,0x31,
0x22,0x41,0x56,0xe6,0x79,0xff,0x79,0xff,0x8e,0xfe,0x0c,0xf6,0x65,0xfd,0x66,0xfd,
0x86,0xfd,0x86,0xfd,0x07,0x93,0x00,0x28,0xe4,0x92,0x25,0x93,0x00,0x30,0xf0,0xe5,
0x50,0xf6,0x75,0xff,0x38,0xff,0x99,0xff,0x9a,0xff,0x9a,0xff,0x20,0x28,0xea,0x7a,
0xa2,0x59,0xa2,0x61,0xa2,0x61,0xa2,0x61,0xc2,0x61,0xc2,0x69,0x03,0x6a,0x23,0x72,
0x20,0x38,0x2d,0xe5,0xab,0xe5,0x30,0xff,0x7b,0xff,0x7a,0xff,0x39,0xff,0xd7,0xfe,
0xd7,0xee,0x59,0xff,0x7a,0xff,0x7a,0xff,0xaa,0xed,0x89,0xf5,0x86,0xfd,0x66,0xfd,
0x66,0xfd,0x66,0xfd,0x67,0xf5,0x26,0xfd,0x20,0x28,0xe8,0x8a,0x00,0x30,0x6e,0xe5,
0xcd,0xe5,0x12,0xff,0xef,0xe5,0x54,0xff,0x59,0xff,0xe3,0x61,0xc1,0x38,0xa8,0x7a,
0x81,0x61,0xa2,0x61,0xa1,0x61,0xc2,0x61,0xc2,0x69,0xe3,0x69,0xe2,0x71,0x23,0x72,
0x20,0x38,0x6d,0xe5,0x8b,0xed,0x31,0xff,0xf7,0xfe,0x79,0xff,0x79,0xff,0x9a,0xff,
0x79,0xff,0x7a,0xff,0x79,0xff,0x9a,0xff,0x67,0xfd,0x87,0xf5,0x65,0xfd,0x86,0xfd,
0x25,0xfd,0x66,0xfd,0x66,0xfd,0x66,0xfd,0xae,0xed,0xc0,0x69,0x60,0x48,0x6d,0xe5,
0x45,0xfd,0x86,0xfd,0x97,0xff,0x15,0xf7,0xf3,0xed,0x20,0x28,0x07,0x8b,0x86,0x7a,
0xa2,0x59,0x82,0x61,0xa2,0x59,0xa2,0x61,0xe3,0x61,0xe2,0x69,0xe2,0x69,0x03,0x72,
0x00,0x38,0x45,0x8a,0xe9,0xfd,0xa8,0xfd,0x93,0xee,0x56,0xff,0x9a,0xff,0x79,0xff,
0x7a,0xff,0x7a,0xff,0x9a,0xff,0x9a,0xff,0x87,0xfd,0x66,0xfd,0x86,0xfd,0x66,0xfd,
0x64,0xe4,0x27,0xfd,0x66,0xfd,0x66,0xfd,0x8e,0xdd,0x00,0x30,0xc5,0xf4,0x26,0xfd,
0x46,0xfd,0x46,0xfd,0xf2,0xfe,0xac,0xed,0x41,0x20,0x00,0x20,0xc7,0x82,0x65,0x7a,
0x81,0x61,0xa2,0x59,0xa1,0x61,0xc2,0x61,0xc2,0x69,0xc2,0x61,0xe2,0x69,0x23,0x6a,
0x66,0x7a,0x20,0x28,0xa7,0xfd,0xa7,0xfd,0x8a,0xed,0xcf,0xfe,0x59,0xff,0x79,0xff,
0x79,0xff,0x7a,0xff,0xd0,0xfe,0x8b,0xed,0x86,0xfd,0x86,0xfd,0x66,0xfd,0x86,0xfd,
0xe8,0xfc,0xc3,0xdb,0xe4,0xf4,0x66,0xfd,0x4c,0xed,0x40,0x61,0x84,0xd3,0xca,0xf4,
0x45,0xfd,0x66,0xfd,0x66,0xfd,0x87,0xfd,0x0d,0xe5,0x00,0x38,0x85,0x82,0x65,0x72,
0x82,0x51,0x82,0x59,0x82,0x59,0x82,0x61,0xa2,0x59,0xa2,0x61,0xe2,0x61,0xe2,0x71,
0x67,0x62,0x00,0x18,0x67,0xf5,0x67,0xfd,0x87,0xfd,0x25,0xfd,0x96,0xee,0x79,0xff,
0x38,0xff,0x74,0xf6,0x87,0xfd,0x66,0xfd,0x67,0xfd,0x66,0xfd,0x66,0xfd,0x46,0xfd,
0x21,0xb3,0x4a,0xfd,0x86,0xfd,0x66,0xfd,0x67,0xfd,0x46,0xfd,0x20,0x48,0xab,0xe4,
0xe5,0xf4,0x47,0xfd,0x67,0xfd,0xa4,0xf4,0x27,0x62,0x60,0x30,0x65,0x72,0x24,0x72,
0x61,0x59,0x82,0x51,0x81,0x59,0xa2,0x59,0xa2,0x61,0xc2,0x61,0xc1,0x69,0x03,0x6a,
0x05,0x7a,0x40,0x30,0x43,0xec,0x47,0xfd,0x86,0xfd,0x86,0xfd,0x49,0xd4,0x51,0xfe,
0x53,0xfe,0x12,0xee,0x66,0xfd,0x67,0xfd,0x66,0xfd,0x86,0xfd,0x6a,0xfd,0xc0,0x81,
0xa5,0xec,0x69,0xfd,0x66,0xfd,0x86,0xfd,0x66,0xfd,0x86,0xfd,0x00,0x48,0x09,0xc4,
0xc5,0xfc,0xa5,0xfc,0x08,0xdc,0x40,0x81,0x20,0x59,0x64,0x7a,0x23,0x72,0x24,0x72,
0x62,0x51,0x62,0x59,0x82,0x51,0x62,0x59,0x82,0x59,0x82,0x61,0xc2,0x61,0xe3,0x69,
0x00,0x30,0xac,0xd4,0x20,0x38,0x4d,0xed,0x87,0xfd,0x66,0xfd,0x6d,0xed,0xad,0xfd,
0x54,0xfe,0xc6,0xa2,0x66,0xfd,0x66,0xfd,0x87,0xfd,0x86,0xfd,0x8e,0xe5,0x20,0x40,
0x06,0xf5,0x46,0xfd,0x66,0xfd,0x66,0xfd,0x67,0xfd,0x46,0xfd,0x20,0x79,0x08,0xe4,
0x04,0xec,0xe4,0xeb,0x04,0xe4,0x03,0xec,0x00,0x20,0x06,0x6a,0x04,0x6a,0x03,0x72,
0x61,0x59,0x62,0x51,0x61,0x59,0x82,0x51,0x61,0x59,0xa2,0x59,0xa3,0x61,0x60,0x30,
0xc0,0xc2,0x86,0xf4,0x00,0x38,0x8e,0xe5,0x86,0xfd,0x86,0xfd,0x6c,0xf5,0x80,0x71,
0xd2,0xfd,0xc2,0x79,0x65,0xfd,0x86,0xfd,0x66,0xfd,0x86,0xfd,0x4c,0xed,0x40,0x40,
0xe5,0xfc,0x67,0xfd,0x66,0xfd,0x66,0xfd,0x26,0xfd,0xa4,0xf4,0xa0,0x99,0x47,0xec,
0xc4,0xeb,0x83,0xdb,0xc9,0xbb,0x00,0x38,0x23,0x7a,0x03,0x72,0xe3,0x69,0x04,0x6a,
0x62,0x49,0x62,0x51,0x62,0x51,0x62,0x59,0x83,0x51,0x82,0x59,0xc4,0x59,0x40,0x30,
0x00,0xa2,0x06,0xec,0x20,0x48,0x4d,0xf5,0x87,0xfd,0x66,0xfd,0x4c,0xed,0x40,0x92,
0xd0,0xcc,0x00,0x38,0x87,0xfd,0x66,0xfd,0x87,0xfd,0x86,0xfd,0xa6,0x59,0x00,0x28,
0x44,0xec,0xa6,0xfc,0x66,0xfd,0x66,0xfd,0xa6,0xfc,0x04,0xec,0x20,0x81,0xc7,0xdb,
0x0b,0xc4,0x00,0x38,0x00,0x18,0x26,0x62,0xe3,0x69,0xc3,0x69,0xe4,0x61,0xe4,0x69,
0x62,0x51,0x62,0x51,0x62,0x59,0x82,0x51,0x82,0x59,0xa3,0x59,0xa3,0x59,0x80,0x30,
0x00,0xaa,0x26,0xe4,0x40,0x58,0x8e,0xf5,0xa8,0xfd,0x09,0xfe,0x4b,0xf5,0xa4,0xb3,
0xe2,0x48,0x20,0x28,0xa7,0xfd,0x66,0xfd,0x66,0xfd,0xa7,0xfd,0x81,0x81,0x48,0xb3,
0xa0,0x68,0x09,0xd4,0x23,0xf4,0x65,0xf4,0x44,0xf4,0x24,0xec,0x01,0x61,0xc0,0x50,
0xe0,0x48,0x25,0x6a,0xe2,0x71,0xe3,0x69,0xc3,0x69,0xe3,0x69,0xe3,0x69,0xe4,0x61,
0x63,0x49,0x42,0x51,0x63,0x49,0x62,0x51,0x83,0x51,0x83,0x59,0xa3,0x59,0xc3,0x61,
0x00,0x30,0xa9,0xb3,0x40,0x18,0x7c,0xff,0x7b,0xff,0x9b,0xff,0x39,0xff,0x29,0x83,
0x61,0x30,0xc2,0x40,0x9b,0xff,0x7a,0xff,0x75,0xff,0x6d,0xdd,0x00,0x18,0x65,0x51,
0x9b,0xff,0x7a,0xff,0x78,0xff,0x53,0xf6,0x67,0xec,0x22,0xcb,0x00,0x20,0x26,0x6a,
0x03,0x6a,0xc2,0x69,0xc3,0x61,0xa3,0x69,0xc3,0x61,0xa3,0x61,0xc4,0x59,0xc3,0x61,
0x42,0x51,0x62,0x49,0x62,0x51,0x83,0x51,0x82,0x59,0xa3,0x51,0xa3,0x59,0xe4,0x61,
0x26,0x62,0x00,0x18,0x79,0xff,0x14,0xde,0x9b,0xff,0x7a,0xff,0x9b,0xff,0x4e,0x9c,
0x40,0x10,0xbc,0xff,0x79,0xff,0x7a,0xff,0x79,0xff,0x59,0xff,0x20,0x18,0xbd,0xff,
0x59,0xff,0xd7,0xf6,0x79,0xff,0x39,0xff,0xd3,0xe5,0x00,0x20,0x04,0x72,0xe3,0x69,
0xc3,0x69,0xc3,0x61,0xa3,0x69,0xc3,0x61,0xa3,0x61,0xc3,0x61,0xa3,0x61,0xc4,0x61,
0x43,0x49,0x42,0x49,0x63,0x49,0x42,0x51,0x83,0x51,0x83,0x59,0xa4,0x51,0xa4,0x59,
0x07,0x5a,0x00,0x18,0xd8,0xf6,0xd8,0xfe,0x9b,0xff,0x77,0xee,0x36,0xe6,0x25,0x6a,
0x20,0x10,0x57,0xde,0x7a,0xff,0xd3,0xe5,0x19,0xff,0xe0,0x48,0x00,0x08,0x71,0xa4,
0xd1,0xb4,0x2a,0x8b,0xd1,0xbc,0xcd,0x9b,0x20,0x20,0x47,0x6a,0x05,0x6a,0xc3,0x69,
0xc4,0x61,0xa3,0x61,0xc3,0x59,0xa3,0x61,0xa4,0x59,0x83,0x61,0xa4,0x59,0xa3,0x59,
0x42,0x49,0x63,0x49,0x42,0x51,0x63,0x49,0x63,0x51,0xa4,0x51,0xa3,0x59,0xc4,0x59,
0xe5,0x61,0x46,0x62,0x20,0x08,0x41,0x08,0x40,0x10,0x41,0x08,0x00,0x10,0xea,0x6a,
0xea,0x72,0x00,0x10,0x40,0x08,0x41,0x08,0x40,0x10,0x20,0x08,0xa7,0x72,0xe9,0x7a,
0xc8,0x7a,0xe9,0x7a,0xc8,0x82,0x87,0x72,0x45,0x72,0x25,0x6a,0xe4,0x69,0xc4,0x61,
0xa3,0x61,0xa4,0x59,0xa3,0x61,0xa3,0x59,0xa3,0x61,0xa3,0x59,0xa3,0x59,0xa3,0x59,
0x43,0x41,0x43,0x49,0x63,0x49,0x43,0x49,0x64,0x49,0x63,0x51,0xa4,0x51,0xa4,0x59,
0xe5,0x59,0xe5,0x61,0x27,0x62,0x67,0x6a,0x88,0x6a,0x67,0x72,0x88,0x6a,0x67,0x6a,
0x68,0x62,0x67,0x6a,0x68,0x62,0x88,0x72,0xa9,0x6a,0x47,0x6a,0x47,0x62,0x47,0x6a,
0x88,0x6a,0x67,0x6a,0x67,0x6a,0x46,0x6a,0x06,0x62,0xe5,0x61,0xe5,0x61,0xc4,0x61,
0xa4,0x59,0xa3,0x59,0xa4,0x59,0x83,0x59,0xa4,0x51,0x83,0x59,0x84,0x51,0x63,0x51,
0x00,0x00,0x00,0x00,0x00,0x00,0x00,0x00,0x00,0x00,0x00,0x00,0x00,0x00,0x00,0x00,
0x00,0x00,0x00,0x00,0x00,0x00,0x00,0x00,0x00,0x00,0x00,0x00,0x00,0x00,0x00,0x00,
0x00,0x00,0x00,0x00,0x00,0x00,0x00,0x00,0x00,0x00,0x00,0x00,0x00,0x00,0x00,0x00,
0x00,0x00,0x00,0x00,0x00,0x00,0x00,0x00,0x00,0x00,0x00,0x00,0x00,0x00,0x00,0x00,
0x00,0x00,0x00,0x00,0x00,0x00,0x00,0x00,0x00,0x00,0x00,0x00,0x00,0x00,0x00,0x00,
0x00,0x00,0x00,0x00,0x00,0x00,0x00,0x00,0x00,0x00,0x00,0x00,0x00,0x00,0x00,0x00,
0x00,0x00,0x00,0x00,0x00,0x00,0x00,0x00,0x00,0x00,0x00,0x00,0x00,0x00,0x00,0x00,
0x00,0x00,0x00,0x00,0x00,0x00,0x00,0x00,0x00,0x00,0x00,0x00,0x00,0x00,0x00,0x00,
0x00,0x00,0x00,0x00,0x00,0x00,0x00,0x00,0x00,0x00,0x00,0x00,0x00,0x00,0x00,0x00,
0x00,0x00,0x00,0x00,0x00,0x00,0x00,0x00,0x00,0x00,0x00,0x00,0x00,0x00,0x00,0x00,
0x00,0x00,0x00,0x00,0x00,0x00,0x00,0x00,0x00,0x00,0x00,0x00,0x00,0x00,0x00,0x00,
0x00,0x00,0x00,0x00,0x00,0x00,0x00,0x00,0x00,0x00,0x00,0x00,0x00,0x00,0x00,0x00,
0x00,0x00,0x00,0x00,0x00,0x00,0x00,0x00,0x00,0x00,0x00,0x00,0x00,0x00,0x00,0x00,
0x00,0x00,0x00,0x00,0x00,0x00,0x00,0x01,0x01,0x00,0x01,0x00,0x00,0x00,0x00,0x00,
0x00,0x00,0x00,0x00,0x00,0x00,0x00,0x00,0x00,0x00,0x00,0x00,0x00,0x00,0x00,0x00,
0x00,0x00,0x00,0x00,0x00,0x00,0x00,0x00,0x00,0x00,0x00,0x00,0x00,0x00,0x02,0x04,
0x04,0xf5,0xfc,0x41,0x00,0x00,0x00,0x00,0x00,0x00,0x00,0x00,0x00,0x00,0x00,0x00,
0x00,0x00,0x00,0x00,0x00,0x00,0x00,0x00,0x00,0x00,0x00,0x00,0x00,0x00,0x00,0x00,
0x00,0x00,0x00,0x01,0x07,0x5b,0xfc,0xfd,0xfd,0xfe,0xfe,0xfb,0x4c,0x02,0x00,0x00,
0x00,0x00,0x00,0x00,0x00,0x00,0x00,0x00,0x00,0x00,0x00,0x00,0x00,0x00,0x00,0x00,
0x00,0x00,0x00,0x00,0x00,0x00,0x00,0x00,0x00,0x00,0x01,0xe8,0xfc,0xfc,0xfe,0xfe,
0xfe,0xfe,0xfe,0xfe,0xfd,0xf6,0x01,0x00,0x00,0x00,0x00,0x00,0x00,0x00,0x00,0x00,
0x00,0x00,0x00,0x00,0x00,0x00,0x00,0x00,0x00,0x00,0x00,0x00,0x00,0x00,0x00,0x00,
0x03,0xfc,0xfc,0xfd,0xfd,0xfe,0xfe,0xfe,0xfe,0xfe,0xfe,0xfe,0xfe,0xfd,0xfc,0xfa,
0x02,0x00,0x00,0x00,0x00,0x00,0x00,0x00,0x00,0x00,0x00,0x00,0x00,0x00,0x00,0x00,
0x00,0x00,0x00,0x00,0x00,0x00,0x00,0xac,0xfb,0xfe,0xfe,0xfe,0xfe,0xfe,0xfe,0xfe,
0xff,0xfe,0xfe,0xfe,0xfe,0xfe,0xfe,0xfd,0xfa,0x09,0x00,0x00,0x00,0x00,0x00,0x00,
0x00,0x00,0x00,0x00,0x00,0x00,0x00,0x00,0x00,0x00,0x00,0x00,0x00,0x00,0xb0,0xfd,
0xfe,0xfe,0xfe,0xfe,0xfe,0xfe,0xfe,0xfe,0xff,0xff,0xfe,0xfe,0xfe,0xfe,0xfe,0xfe,
0xfe,0xfb,0x01,0x00,0x00,0x00,0x00,0x00,0x00,0x00,0x00,0x00,0x00,0x00,0x00,0x00,
0x00,0x00,0x00,0x00,0x00,0x02,0xfb,0xfe,0xfe,0xfe,0xfe,0xfe,0xfe,0xfe,0xfe,0xfe,
0xff,0xfe,0xfe,0xfe,0xfe,0xfe,0xfe,0xfe,0xfe,0xfe,0xcc,0x00,0x00,0x00,0x00,0x00,
0x00,0x00,0x00,0x00,0x00,0x00,0x00,0x00,0x00,0x00,0x00,0x00,0x00,0x2d,0xfc,0xfe,
0xfe,0xfe,0xfe,0xfe,0xfe,0xfe,0xfe,0xfe,0xff,0xff,0xfe,0xfe,0xfe,0xfe,0xfe,0xfe,
0xfe,0xfe,0xfe,0x8b,0x01,0x00,0x00,0x00,0x00,0x00,0x00,0x00,0x00,0x00,0x00,0x00,
0x00,0x00,0x00,0x01,0x04,0xfc,0xfe,0xfe,0xfe,0xfe,0xfe,0xfe,0xfe,0xfe,0xfe,0xfe,
0xff,0xff,0xfe,0xfe,0xfe,0xfe,0xfe,0xfe,0xfe,0xfe,0xfe,0xf6,0x01,0x00,0x00,0x00,
0x00,0x00,0x00,0x00,0x00,0x00,0x00,0x00,0x00,0x00,0x00,0x36,0xf9,0xfd,0xfe,0xfe,
0xfe,0xfe,0xfe,0xfe,0xfe,0xfe,0xfe,0xfe,0xfe,0xfe,0xfe,0xfe,0xfe,0xfe,0xfe,0xfe,
0xfe,0xfe,0xfe,0xfd,0x06,0x00,0x00,0x00,0x00,0x00,0x00,0x00,0x00,0x00,0x00,0x00,
0x00,0x00,0x05,0xfb,0xfd,0xfe,0xfe,0xfe,0xfe,0xfe,0xfe,0xfe,0xfe,0xfe,0xfe,0xfe,
0xfe,0xfe,0xfe,0xfe,0xfe,0xfe,0xfe,0xfe,0xfe,0xfe,0xfe,0xfe,0xfc,0x04,0x01,0x00,
0x00,0x00,0x00,0x00,0x00,0x00,0x00,0x00,0x00,0x00,0x19,0xfd,0xfe,0xfe,0xfe,0xfe,
0xfe,0xfe,0xfe,0xfe,0xff,0xff,0xfe,0xfe,0xfe,0xfe,0xfe,0xfe,0xfe,0xfe,0xfe,0xfe,
0xfe,0xfe,0xfe,0xfe,0xfe,0xec,0x02,0x00,0x00,0x00,0x00,0x00,0x00,0x00,0x00,0x00,
0x00,0x05,0xfa,0xfe,0xfe,0xfe,0xfe,0xfe,0xfe,0xff,0xff,0xfe,0xff,0xff,0xff,0xfe,
0xfe,0xfe,0xff,0xfe,0xfe,0xfe,0xfe,0xfe,0xfe,0xfe,0xfe,0xfe,0xfe,0xfd,0xfe,0x00,
0x00,0x00,0x00,0x00,0x00,0x00,0x00,0x00,0x00,0xf2,0xfc,0xfe,0xfe,0xfe,0xfe,0xfe,
0xfe,0xff,0xff,0xff,0xff,0xff,0xff,0xff,0xff,0xff,0xff,0xff,0xfe,0xfe,0xfe,0xfe,
0xfe,0xfe,0xfe,0xfe,0xfe,0xfe,0xfe,0x03,0x01,0x00,0x00,0x00,0x00,0x00,0x00,0x00,
0x00,0xfc,0xfd,0xfe,0xfe,0xfe,0xfe,0xfe,0xfe,0xfe,0xff,0xfe,0xfe,0xfe,0xfe,0xff,
0xff,0xff,0xff,0xfe,0xfe,0xfe,0xfe,0xfe,0xfe,0xfe,0xfe,0xfe,0xfe,0xfe,0xfd,0xdb,
0x00,0x00,0x00,0x00,0x00,0x00,0x00,0x00,0x00,0xfc,0xfe,0xfe,0xfe,0xfe,0xfe,0xfe,
0xfe,0xfe,0xfe,0xfe,0xfe,0xfe,0xfe,0xfe,0xff,0xff,0xff,0xfe,0xfe,0xfe,0xfe,0xfe,
0xfe,0xfe,0xfe,0xfe,0xfe,0xfe,0xfd,0xec,0x01,0x00,0x00,0x00,0x00,0x00,0x00,0x00,
0x00,0xfb,0xfd,0xfe,0xfe,0xfe,0xfe,0xfd,0xfd,0xfd,0xfe,0xfe,0xfe,0xfe,0xfe,0xfe,
0xff,0xff,0xfe,0xfe,0xfe,0xfe,0xfe,0xfe,0xfe,0xfe,0xfe,0xfe,0xfe,0xfe,0xfd,0xeb,
0x01,0x00,0x00,0x00,0x00,0x00,0x00,0x00,0x00,0xa0,0xfd,0xfe,0xfe,0xfe,0xfe,0xfd,
0xfb,0x6b,0xfd,0xfe,0xff,0xff,0xfe,0xff,0xff,0xff,0xfe,0xfe,0xfe,0xfe,0xfe,0xfe,
0xfe,0xfe,0xfe,0xfe,0xfe,0xfe,0xfe,0x07,0x01,0x00,0x00,0x01,0x01,0x00,0x00,0x00,
0x00,0x06,0xfc,0xfe,0xfe,0xfe,0xfe,0xfc,0xc9,0x08,0xf7,0xfe,0xfe,0xfe,0xff,0xff,
0xfe,0xfe,0xfe,0xfe,0xfe,0xfe,0xfe,0xfe,0xfe,0xfe,0xfe,0xfe,0xfe,0xfd,0xfa,0x03,
0x01,0x02,0x08,0xfa,0xfb,0xd8,0x01,0x00,0x00,0x01,0x04,0xfb,0xfd,0xfd,0xfd,0x70,
0x03,0x05,0xf7,0xfd,0xfe,0xfe,0xfe,0xfe,0xfe,0xfe,0xfe,0xfe,0xff,0xfe,0xff,0xff,
0xfe,0xfe,0xfe,0xfe,0xfd,0xee,0x05,0x04,0x00,0xfe,0xfd,0xfe,0xfe,0xfc,0x01,0x01,
0x00,0x00,0x00,0x04,0xf9,0xfa,0x25,0x03,0x03,0x04,0xfb,0xfe,0xfe,0xfe,0xfe,0xfe,
0xfe,0xfe,0xfe,0xfe,0xff,0xff,0xff,0xff,0xfe,0xfd,0xfc,0xfa,0xf4,0x04,0x05,0x14,
0xfc,0xfe,0xfe,0xfe,0xfe,0xfc,0x01,0x01,0x00,0x00,0x00,0x00,0x00,0x00,0x00,0x01,
0x01,0xfc,0xfe,0xfe,0xfe,0xfe,0xfe,0xfe,0xfe,0xfe,0xfe,0xfe,0xfe,0xff,0xff,0xff,
0xfe,0xfe,0xfa,0x01,0x01,0x01,0x00,0xf2,0xfe,0xfe,0xfe,0xfe,0xfe,0xfb,0x02,0x01,
0x00,0x00,0x00,0x00,0x00,0x00,0x00,0x01,0x12,0xfd,0xfe,0xfe,0xfe,0xfe,0xfe,0xfe,
0xfe,0xfe,0xfe,0xfe,0xfe,0xfe,0xfe,0xff,0xfe,0xfe,0xb9,0x00,0x01,0x01,0x02,0xfb,
0xfe,0xfe,0xfe,0xfe,0xfe,0xfc,0xf0,0x00,0x00,0x00,0x00,0x00,0x00,0x00,0x00,0x00,
0x03,0xfc,0xfe,0xfe,0xfe,0xfe,0xfe,0xfe,0xfe,0xfe,0xfe,0xfe,0xfe,0xfe,0xfe,0xfe,
0xfe,0xfd,0x99,0x01,0x01,0x02,0xaa,0xfe,0xfe,0xfe,0xfe,0xfe,0xfe,0xfd,0xfc,0x00,
0x00,0x00,0x00,0x00,0x00,0x00,0x00,0x00,0x04,0xfd,0xfe,0xfe,0xfe,0xfe,0xfe,0xfe,
0xfe,0xfe,0xfe,0xfe,0xfe,0xfe,0xfe,0xfe,0xfe,0xfd,0xfd,0xf9,0x02,0x03,0xf9,0xfe,
0xfe,0xfe,0xfe,0xfe,0xfe,0xfd,0xfb,0x00,0x00,0x00,0x00,0x00,0x00,0x00,0x00,0x00,
0xe4,0xfe,0xfe,0xfe,0xfe,0xfe,0xfe,0xfe,0xfe,0xfe,0xfe,0xfe,0xfe,0xfe,0xfe,0xfe,
0xfe,0xfe,0xfe,0xfe,0xfe,0x07,0xfa,0xfe,0xfe,0xfe,0xfe,0xfe,0xfe,0xfc,0xe4,0x00,
0x00,0x00,0x00,0x00,0x00,0x00,0x00,0x00,0xee,0xfe,0xfe,0xfe,0xfe,0xff,0xff,0xfe,
0xfe,0xfe,0xfe,0xfe,0xfe,0xfe,0xfe,0xfe,0xfe,0xfe,0xfe,0xfe,0xfe,0xbd,0xfb,0xfe,
0xfe,0xfe,0xfe,0xfe,0xfd,0xf9,0x02,0x00,0x00,0x00,0x00,0x00,0x00,0x00,0x00,0x00,
0xae,0xfd,0xfe,0xfe,0xfe,0xfe,0xff,0xfe,0xfe,0xfe,0xfe,0xfe,0xfe,0xfe,0xfe,0xfe,
0xfe,0xfe,0xfe,0xfe,0xfe,0xfd,0xfd,0xfe,0xfe,0xfe,0xfe,0xfe,0xfe,0xf9,0x01,0x00,
0x00,0x00,0x00,0x00,0x00,0x00,0x00,0x00,0x00,0xfb,0xfe,0xfe,0xfe,0xfe,0xfe,0xfe,
0xfe,0xfe,0xfe,0xfe,0xfe,0xfe,0xfe,0xfe,0xfe,0xfe,0xfe,0xfe,0xfe,0xfe,0xfe,0xfe,
0xfe,0xfe,0xfe,0xfe,0xfe,0xfd,0x01,0x00,0x00,0x00,0x00,0x00,0x00,0x00,0x00,0x00,
0x00,0xfd,0xfe,0xfe,0xfe,0xfe,0xfe,0xfe,0xfe,0xfe,0xfe,0xfe,0xfe,0xfe,0xfe,0xfe,
0xfe,0xfe,0xfe,0xfe,0xfe,0xfe,0xfe,0xfe,0xfe,0xfe,0xfe,0xfe,0xfe,0xbb,0x01,0x00,
0x00,0x00,0x00,0x00,0x00,0x00,0x00,0x01,0x01,0xfe,0xfe,0xfe,0xfe,0xfe,0xfe,0xfe,
0xfe,0xfe,0xfe,0xfe,0xfe,0xfe,0xff,0xfe,0xfe,0xfe,0xfe,0xfe,0xfe,0xfe,0xfe,0xfe,
0xfe,0xfe,0xfe,0xfd,0x92,0x00,0x00,0x00,0x00,0x00,0x00,0x00,0x00,0x00,0x00,0x01,
0xf1,0xfd,0xfe,0xfe,0xfe,0xfe,0xfe,0xfe,0xff,0xff,0xfe,0xfe,0xfe,0xfe,0xfe,0xfe,
0xfe,0xfe,0xfe,0xfe,0xfe,0xfe,0xfe,0xfe,0xfe,0xfe,0xfe,0xfd,0xfa,0x00,0x00,0x00,
0x00,0x00,0x00,0x00,0x00,0x00,0x00,0xf1,0xfe,0xfe,0xfe,0xfe,0xfe,0xfe,0xfe,0xfe,
0xfe,0xfe,0xfe,0xfe,0xfe,0xfe,0xfe,0xfe,0xfe,0xfe,0xfe,0xfe,0xfe,0xfe,0xfe,0xfe,
0xfe,0xfe,0xfc,0xfb,0x04,0x00,0x00,0x00,0x00,0x00,0x00,0x00,0x00,0x00,0x00,0xe2,
0xfd,0xfe,0xfe,0xfe,0xfe,0xfe,0xfe,0xfe,0xfe,0xfe,0xfe,0xfe,0xfe,0xfe,0xfe,0xfe,
0xfe,0xfe,0xfe,0xfe,0xfe,0xfe,0xfe,0xfe,0xfd,0xfd,0xf9,0x02,0x01,0x00,0x00,0x00,
0x00,0x00,0x00,0x00,0x00,0x00,0x00,0xac,0xfb,0xfd,0xfe,0xfe,0xfe,0xfe,0xfe,0xfe,
0xfe,0xfe,0xfe,0xfe,0xfe,0xfe,0xfe,0xfe,0xfe,0xfe,0xfe,0xfe,0xfe,0xfe,0xfd,0xc3,
0xad,0x0a,0x01,0x00,0x00,0x00,0x00,0x00,0x00,0x00,0x00,0x00,0x00,0x00,0x00,0x02,
0xfc,0xfd,0xfe,0xfe,0xfe,0xfe,0xfe,0xfe,0xfe,0xfe,0xfe,0xfe,0xfe,0xfe,0xfe,0xfe,
0xfe,0xfe,0xfe,0xfe,0xfe,0xfd,0xfc,0x01,0x01,0x00,0x00,0x00,0x00,0x00,0x00,0x00,
0x00,0x00,0x00,0x00,0x00,0x00,0x00,0x00,0x01,0xfd,0xfe,0xfe,0xfe,0xfe,0xfe,0xfe,
0xfe,0xfe,0xfe,0xfe,0xfe,0xfe,0xfe,0xfe,0xfe,0xfe,0xfe,0xfe,0xfd,0xf9,0x01,0x00,
0x00,0x00,0x00,0x00,0x00,0x00,0x00,0x00,0x00,0x00,0x00,0x00,0x00,0x00,0x00,0x00,
0x00,0xfa,0xfd,0xfe,0xfe,0xfe,0xfe,0xff,0xfe,0xfe,0xfe,0xfe,0xfe,0xfe,0xfe,0xfe,
0xfe,0xfe,0xfe,0xfe,0xfd,0x14,0x01,0x00,0x00,0x00,0x00,0x00,0x00,0x00,0x00,0x00,
0x00,0x00,0x00,0x00,0x00,0x00,0x00,0x00,0x00,0x01,0xf6,0xfc,0xfb,0xfb,0xfa,0x04,
0x00,0xfd,0xfb,0xfb,0xfc,0xbe,0x00,0x00,0x00,0x00,0x00,0x00,0x03,0x01,0x00,0x00,
0x00,0x00,0x00,0x00,0x00,0x00,0x00,0x00,0x00,0x00,0x00,0x00,0x00,0x00,0x00,0x00,
0x00,0x00,0x00,0x01,0x01,0x01,0x00,0x01,0x01,0x01,0x01,0x02,0x01,0x01,0x00,0x00,
0x00,0x00,0x00,0x00,0x00,0x00,0x00,0x00,0x00,0x00,0x00,0x00,0x00,0x00,0x00,0x00,
0x00,0x00,0x00,0x00,0x00,0x00,0x00,0x00,0x00,0x00,0x00,0x00,0x00,0x00,0x00,0x00,
0x00,0x00,0x00,0x00,0x00,0x00,0x00,0x00,0x00,0x00,0x00,0x00,0x00,0x00,0x00,0x00,
0x00,0x00,0x00,0x00,0x00,0x00,0x00,0x00,0x00,0x00,0x00,0x00,0x00,0x00,0x00,0x00,
0x00,0x00,0x00,0x00,0x00,0x00,0x00,0x00,0x00,0x00,0x00,0x00,0x00,0x00,0x00,0x00,
0x00,0x00,0x00,0x00,0x00,0x00,0x00,0x00,0x00,0x00,0x00,0x00,0x00,0x00,0x00,0x00,

};
static const lv_image_dsc_t s_partner_amai_idle = {
    .header.magic = LV_IMAGE_HEADER_MAGIC,
    .header.cf = LV_COLOR_FORMAT_RGB565A8,
    .header.flags = 0,
    .header.w = 40,
    .header.h = 44,
    .header.stride = 80,
    .data_size = sizeof(s_partner_amai_idle_map),
    .data = s_partner_amai_idle_map,
};

static const LV_ATTRIBUTE_MEM_ALIGN LV_ATTRIBUTE_LARGE_CONST uint8_t s_partner_amai_work_map[] = {
0x00,0x00,0x00,0x00,0x00,0x00,0x00,0x00,0x00,0x00,0x00,0x00,0x00,0x00,0x00,0x00,
0x00,0x00,0x00,0x00,0x00,0x00,0x00,0x00,0x00,0x00,0x00,0x00,0x00,0x00,0x00,0x00,
0x00,0x00,0x00,0x00,0x00,0x00,0x00,0x00,0x00,0x00,0x00,0x00,0x00,0x00,0x00,0x00,
0x00,0x00,0x00,0x00,0x00,0x00,0x00,0x00,0x00,0x00,0x00,0x00,0x00,0x00,0x00,0x00,
0x00,0x00,0x00,0x00,0x00,0x00,0x00,0x00,0x00,0x00,0x00,0x00,0x00,0x00,0x00,0x00,
0x00,0x00,0x00,0x00,0x00,0x00,0x00,0x00,0x00,0x00,0x00,0x00,0x00,0x00,0x00,0x00,
0x00,0x00,0x00,0x00,0x00,0x00,0x00,0x00,0x00,0x00,0x00,0x00,0x00,0x00,0x00,0x00,
0x00,0x00,0x00,0x00,0x00,0x00,0x00,0x00,0x00,0x00,0x00,0x00,0x00,0x00,0x00,0x00,
0x00,0x00,0x00,0x00,0x00,0x00,0x00,0x00,0x00,0x00,0x00,0x00,0x00,0x00,0x00,0x00,
0x00,0x00,0x00,0x00,0x00,0x00,0x00,0x00,0x00,0x00,0x00,0x00,0x00,0x00,0x00,0x00,
0x00,0x00,0x00,0x00,0x00,0x00,0x00,0x00,0x00,0x00,0x00,0x00,0x00,0x00,0x00,0x00,
0x00,0x00,0x00,0x00,0x00,0x00,0x00,0x00,0x00,0x00,0x00,0x00,0x00,0x00,0x00,0x00,
0x00,0x00,0x00,0x00,0x00,0x00,0x00,0x00,0x00,0x00,0x00,0x00,0x00,0x00,0x00,0x00,
0x00,0x00,0x00,0x00,0x00,0x00,0x00,0x00,0x00,0x00,0x00,0x00,0x00,0x00,0x00,0x00,
0x00,0x00,0x00,0x00,0x00,0x00,0x00,0x00,0x00,0x00,0x00,0x00,0x00,0x00,0x00,0x00,
0x26,0x5a,0x06,0x5a,0x27,0x5a,0x26,0x62,0x47,0x5a,0x47,0x62,0x47,0x5a,0x47,0x62,
0x67,0x62,0x67,0x6a,0x87,0x62,0x67,0x6a,0x87,0x6a,0x66,0x6a,0x86,0x6a,0x66,0x72,
0x86,0x72,0x85,0x7a,0x85,0x7a,0x85,0x7a,0x84,0x7a,0x64,0x82,0x84,0x82,0x83,0x82,
0x84,0x82,0x83,0x8a,0x84,0x82,0x83,0x8a,0x83,0x8a,0x83,0x92,0x84,0x8a,0x63,0x8a,
0x63,0x82,0x43,0x82,0x43,0x7a,0x22,0x7a,0x23,0x72,0xe2,0x71,0x03,0x6a,0xe3,0x69,
0x06,0x5a,0x26,0x5a,0x26,0x62,0x46,0x5a,0x26,0x62,0x47,0x5a,0x46,0x62,0x67,0x62,
0x66,0x6a,0x87,0x6a,0x66,0x6a,0x87,0x6a,0x65,0x72,0x86,0x6a,0x65,0x72,0x86,0x72,
0x64,0x7a,0x85,0x7a,0x84,0x82,0xa5,0x7a,0x83,0x8a,0xa4,0x82,0xa3,0x8a,0xc4,0x8a,
0xc3,0x9a,0xe4,0x92,0x03,0xa3,0xe3,0x92,0x07,0x93,0x40,0x38,0x40,0x40,0xc6,0x8a,
0xa3,0x92,0x83,0x82,0x63,0x82,0x43,0x7a,0x23,0x72,0x23,0x72,0x03,0x6a,0x03,0x62,
0x26,0x5a,0x06,0x5a,0x27,0x5a,0x26,0x62,0x27,0x5a,0x47,0x62,0x47,0x62,0x46,0x62,
0x67,0x62,0x66,0x6a,0x67,0x6a,0x66,0x72,0x86,0x6a,0x65,0x72,0x65,0x72,0x65,0x7a,
0x85,0x72,0x84,0x7a,0x84,0x7a,0x84,0x82,0xa4,0x8a,0xc4,0x92,0x08,0x8b,0x20,0x30,
0x00,0x30,0x66,0x8a,0x22,0x82,0x42,0x8a,0x62,0xb3,0x69,0xfd,0xec,0xd4,0x20,0x38,
0x20,0x20,0xc7,0x82,0x84,0x82,0x43,0x82,0x44,0x72,0xe2,0x71,0x03,0x62,0xc2,0x61,
0x25,0x62,0x46,0x5a,0x26,0x62,0x46,0x5a,0x46,0x62,0x47,0x62,0x46,0x6a,0x67,0x62,
0x46,0x6a,0x67,0x6a,0x45,0x72,0x66,0x6a,0x65,0x72,0x86,0x72,0x64,0x7a,0x85,0x7a,
0x64,0x82,0x84,0x7a,0x83,0x8a,0xa4,0x8a,0xc4,0x92,0x26,0x9b,0x20,0x40,0x6d,0xe5,
0x65,0xfd,0x66,0xfd,0x45,0xfd,0x45,0xfd,0x65,0xfd,0x86,0xfd,0x86,0xfd,0x66,0xfd,
0x08,0xc4,0xc0,0x50,0xa0,0x48,0x85,0x82,0x43,0x7a,0x23,0x72,0xe2,0x69,0xe3,0x61,
0x47,0x5a,0x26,0x62,0x47,0x5a,0x46,0x62,0x47,0x62,0x46,0x62,0x47,0x62,0x47,0x6a,
0x67,0x6a,0x46,0x6a,0x46,0x6a,0x45,0x72,0x65,0x72,0x65,0x72,0x85,0x72,0x64,0x7a,
0x84,0x7a,0x84,0x82,0xa4,0x8a,0xc4,0x92,0xe7,0x8a,0x40,0x38,0x05,0xf5,0x25,0xfd,
0x45,0xfd,0x45,0xfd,0x67,0xfd,0x46,0xfd,0x86,0xfd,0x86,0xfd,0x86,0xfd,0x45,0xfd,
0xaf,0xfe,0xaa,0xed,0x20,0x28,0x87,0x7a,0x64,0x72,0x03,0x72,0xe3,0x61,0xc3,0x61,
0x46,0x6a,0x47,0x62,0x46,0x6a,0x47,0x62,0x46,0x6a,0x67,0x62,0x66,0x6a,0x67,0x6a,
0x66,0x72,0x86,0x6a,0x65,0x72,0x66,0x6a,0x65,0x7a,0x65,0x72,0x64,0x7a,0x84,0x7a,
0x83,0x8a,0xc4,0x8a,0xc4,0x92,0x80,0x59,0x20,0x48,0x4d,0xe5,0x24,0xfd,0x45,0xfd,
0x24,0xfd,0x65,0xfd,0x81,0xd3,0x68,0xfd,0x65,0xfd,0x86,0xfd,0xa9,0xed,0x2f,0xff,
0xf1,0xfe,0x4f,0xf6,0x6d,0xe5,0x20,0x38,0x84,0x82,0x23,0x72,0xe3,0x69,0xe3,0x61,
0x47,0x62,0x47,0x6a,0x47,0x62,0x47,0x6a,0x67,0x62,0x47,0x6a,0x67,0x6a,0x67,0x6a,
0x67,0x6a,0x66,0x72,0x86,0x72,0x65,0x72,0x65,0x72,0x44,0x7a,0x64,0x7a,0x64,0x82,
0xa4,0x8a,0x01,0x7a,0x20,0x40,0x8b,0xd4,0x25,0xfd,0x04,0xfd,0x25,0xfd,0x25,0xfd,
0x0a,0xf5,0x60,0x89,0x66,0xfd,0x65,0xfd,0x86,0xfd,0x66,0xfd,0x87,0xfd,0x87,0xfd,
0xf2,0xfe,0xd2,0xfe,0x8d,0xed,0x40,0x8a,0xa6,0x7a,0x03,0x72,0xe4,0x61,0xc3,0x61,
0x46,0x6a,0x67,0x62,0x46,0x6a,0x87,0x6a,0x87,0x72,0x88,0x6a,0x87,0x72,0xa8,0x6a,
0x86,0x72,0x87,0x6a,0x65,0x72,0x86,0x72,0x44,0x7a,0x65,0x72,0x63,0x82,0x84,0x82,
0x80,0x48,0xed,0xd4,0x05,0xfd,0x05,0xfd,0x04,0xfd,0x05,0xfd,0x04,0xfd,0x25,0xfd,
0x0a,0xfd,0x60,0x81,0x45,0xfd,0x66,0xfd,0x65,0xfd,0xa6,0xfd,0x65,0xfd,0xa6,0xfd,
0x8f,0xfe,0x11,0xff,0x8d,0xf5,0x40,0x82,0x24,0x72,0x03,0x6a,0xc3,0x61,0xc3,0x59,
0x67,0x62,0x67,0x6a,0x88,0x6a,0x88,0x72,0xa9,0x6a,0xc9,0x7a,0xc9,0x72,0xc9,0x7a,
0xc8,0x72,0x87,0x72,0x66,0x6a,0x45,0x72,0x45,0x72,0x44,0x7a,0x84,0x7a,0x60,0x61,
0x87,0xdc,0x09,0xf5,0x26,0xfd,0x05,0xfd,0xc5,0xf4,0xe5,0xfc,0x05,0xfd,0xe4,0xfc,
0x27,0xf5,0x22,0xdc,0x66,0xfd,0x65,0xfd,0x86,0xf5,0xc7,0xfd,0x87,0xfd,0x66,0xfd,
0xce,0xe5,0x73,0xff,0x2d,0xdd,0x00,0x40,0x20,0x20,0xc5,0x59,0xc4,0x59,0xa3,0x59,
0x87,0x6a,0xa8,0x6a,0x87,0x72,0xe9,0x72,0xe9,0x82,0x6b,0x8b,0x20,0x20,0x20,0x18,
0x20,0x20,0x0a,0x7b,0x65,0x72,0x65,0x6a,0x43,0x72,0x64,0x72,0x66,0x82,0x60,0x30,
0xe4,0xfc,0x05,0xfd,0xe5,0xfc,0xa4,0xf4,0xe4,0xfc,0x05,0xfd,0xe4,0xfc,0x05,0xfd,
0x06,0xfd,0x43,0xdc,0x65,0xfd,0x66,0xfd,0x8a,0xc4,0xd7,0xff,0x00,0x38,0x6e,0xe5,
0xcd,0xed,0x74,0xff,0x19,0xff,0x20,0x18,0x00,0x20,0x06,0x5a,0xa3,0x59,0xa4,0x51,
0x88,0x6a,0xc9,0x72,0xca,0x72,0x00,0x20,0x69,0x72,0x61,0x38,0x35,0xde,0x39,0xff,
0x5c,0xff,0x40,0x28,0x66,0x6a,0x25,0x6a,0x44,0x6a,0x23,0x72,0x46,0x72,0x20,0x30,
0xe6,0xfc,0xc5,0xfc,0xe5,0xfc,0xc5,0xfc,0x05,0xfd,0xe4,0xfc,0x05,0xfd,0x05,0xfd,
0x03,0xdc,0x23,0xec,0x66,0xfd,0x66,0xfd,0xe4,0x59,0x00,0x20,0x40,0x38,0x6e,0xed,
0x51,0xee,0x75,0xff,0x9d,0xf7,0x5b,0xf7,0xba,0xee,0x00,0x18,0xa4,0x51,0x83,0x51,
0xa8,0x7a,0x2a,0x7b,0x20,0x38,0xed,0xab,0x67,0x6a,0x7b,0xff,0x9a,0xff,0x9a,0xff,
0x96,0xfe,0x20,0x28,0xa5,0x72,0x44,0x62,0x43,0x6a,0x43,0x6a,0x45,0x72,0x40,0x28,
0x63,0xf4,0xe6,0xfc,0x23,0xec,0xc6,0xfc,0xe4,0xfc,0x05,0xfd,0xe5,0xfc,0x84,0xec,
0xe3,0xe3,0x65,0xe4,0x65,0xfd,0x86,0xfd,0x6d,0xed,0x80,0x48,0x60,0x48,0xaf,0xed,
0x79,0xff,0x9a,0xff,0x3a,0xff,0xc1,0x30,0x82,0x38,0x00,0x20,0xa4,0x59,0xa4,0x51,
0xea,0x7a,0xe2,0x38,0x59,0xff,0xd3,0xdd,0x9b,0xff,0x7a,0xff,0x79,0xff,0x53,0xee,
0x60,0x28,0xa8,0x7a,0x85,0x6a,0x23,0x62,0x23,0x5a,0x02,0x62,0x25,0x62,0x20,0x28,
0xe4,0xe3,0x04,0xf4,0x24,0xec,0x85,0xfc,0xe5,0xfc,0xc5,0xfc,0xe6,0xfc,0x23,0xec,
0x40,0x40,0x6d,0xed,0x86,0xfd,0x66,0xfd,0x67,0xfd,0x46,0xfd,0x37,0xff,0x57,0xff,
0x7a,0xff,0x7a,0xff,0x7c,0xff,0xa1,0x30,0x00,0x20,0x82,0x38,0xa5,0x51,0x84,0x51,
0x2b,0x83,0x40,0x20,0x99,0xff,0x79,0xff,0x9a,0xff,0x9a,0xff,0x97,0xff,0x53,0xee,
0x00,0x18,0xc8,0x6a,0x63,0x62,0x43,0x5a,0x02,0x5a,0x43,0x5a,0xe2,0x69,0x02,0x62,
0x06,0xec,0xc5,0xdb,0x03,0xf4,0x65,0xf4,0x84,0xfc,0x64,0xf4,0x65,0xfc,0xe4,0xeb,
0x60,0x50,0x6d,0xed,0x66,0xfd,0x86,0xfd,0x8b,0xe5,0x73,0xff,0x3a,0xff,0x20,0x18,
0x7a,0xff,0x9a,0xff,0x79,0xff,0x38,0xff,0x16,0xde,0x00,0x18,0xc5,0x61,0xc5,0x59,
0x2c,0x7b,0x00,0x20,0xbb,0xff,0x7a,0xff,0xb8,0xff,0x16,0xff,0x72,0xfe,0x86,0xab,
0x67,0x83,0xa4,0x72,0x43,0x4a,0x42,0x52,0x80,0x00,0xa0,0x08,0xe2,0x51,0xe2,0x59,
0x00,0x40,0xea,0xc3,0xa4,0xdb,0xe4,0xeb,0x85,0xf4,0x65,0xfc,0x0b,0xc4,0x00,0x40,
0xc3,0xdb,0x86,0xfc,0x66,0xfd,0x66,0xfd,0x7a,0xff,0x7a,0xff,0x7b,0xff,0xc1,0x30,
0x42,0x28,0x00,0x20,0x41,0x28,0x00,0x28,0x00,0x18,0x07,0x62,0xe5,0x59,0xa4,0x59,
0x20,0x20,0x5b,0xff,0x79,0xff,0x79,0xff,0xb3,0xfe,0x35,0xff,0xac,0xfd,0xa4,0xb3,
0x25,0x83,0x83,0x6a,0x80,0x00,0xa2,0x21,0xa0,0x11,0xe4,0x53,0x00,0x28,0x87,0x7a,
0x87,0x8a,0x00,0x28,0x63,0xe3,0xe5,0xeb,0xc4,0xeb,0xa4,0xdb,0xca,0xbb,0x00,0x38,
0x00,0x30,0xed,0xd4,0x2a,0xe5,0x32,0xff,0x79,0xff,0x9a,0xff,0x79,0xff,0x79,0xff,
0x41,0x80,0x29,0xb2,0x49,0xaa,0x00,0x48,0xe6,0x71,0xc6,0x69,0xa4,0x61,0xc5,0x61,
0x20,0x18,0x5c,0xff,0x58,0xff,0x58,0xff,0xd1,0xfe,0xed,0xf5,0x4c,0xed,0xe2,0xaa,
0xe4,0x72,0x62,0x6a,0x80,0x01,0xa8,0x8d,0x40,0x01,0x01,0x22,0x22,0xcb,0x46,0xf4,
0x26,0x8a,0x60,0x58,0x00,0x38,0xea,0xc3,0xaa,0xbb,0x00,0x40,0x24,0x00,0x28,0x29,
0x6c,0x19,0x8c,0x21,0x81,0x20,0x44,0x41,0x75,0xf6,0x75,0xfe,0x9b,0xff,0x7a,0xff,
0xb9,0xfe,0x6c,0xc3,0x6d,0xf3,0xae,0xfb,0x20,0x30,0xa5,0x69,0xa5,0x59,0xa4,0x61,
0x00,0x28,0xb1,0xe5,0x53,0xff,0xce,0xe5,0x8d,0xfe,0x69,0xed,0x27,0xfd,0x85,0xec,
0x60,0x30,0x45,0x62,0x20,0x19,0x45,0x53,0xe3,0x4a,0x00,0x2a,0x84,0xe3,0x81,0xba,
0x23,0x49,0x20,0x20,0xe7,0xb2,0x00,0x50,0x24,0x08,0x49,0x21,0x07,0x21,0x44,0x08,
0x8c,0x19,0x0f,0x22,0x4c,0x19,0x2f,0x2a,0x41,0x10,0x41,0x08,0x20,0x20,0x61,0x20,
0x40,0x30,0x20,0x20,0xce,0xf3,0x4c,0xe3,0x00,0x38,0xa6,0x61,0xa4,0x69,0xa5,0x61,
0xe9,0x7a,0x40,0x28,0x4d,0xfe,0xcb,0xf5,0x46,0xfd,0x45,0xfd,0x66,0xfd,0xc4,0xfc,
0x20,0x18,0x05,0x62,0x81,0x28,0x20,0x28,0x83,0x3a,0x60,0x19,0x85,0x8a,0xa0,0x58,
0x21,0x63,0xe4,0x83,0xc5,0xdb,0x01,0xcb,0x46,0x00,0xcc,0x31,0x00,0x18,0xc5,0x69,
0x65,0x08,0x27,0x29,0x0f,0x22,0xce,0x21,0x71,0x2a,0x10,0x22,0x2b,0x11,0x2b,0x19,
0xa7,0x51,0x86,0x51,0x21,0x28,0x00,0x28,0xa5,0x61,0x85,0x61,0xa4,0x59,0xa4,0x61,
0xe7,0x8a,0x00,0x49,0x46,0xfd,0x46,0xfd,0x45,0xfd,0x25,0xfd,0x25,0xfd,0x25,0xfd,
0x09,0xcc,0x00,0x40,0xa5,0xb2,0x85,0xa2,0x25,0x82,0x40,0x40,0x60,0x29,0xa3,0x4a,
0x00,0x51,0x25,0x8b,0x03,0x92,0x40,0x71,0x06,0x29,0x24,0x08,0xa2,0x81,0xa3,0x79,
0x21,0x20,0x01,0x18,0x0f,0x22,0x50,0x2a,0xce,0x21,0xad,0x19,0xad,0x29,0x6c,0x19,
0x00,0x10,0xa6,0x39,0x65,0x59,0x85,0x59,0x84,0x61,0xa5,0x61,0xa4,0x61,0xc5,0x61,
0xc9,0x7a,0x00,0x28,0xc6,0xf4,0xc5,0xfc,0x66,0xfd,0x45,0xfd,0x65,0xf4,0x44,0xf4,
0x8c,0xd4,0x00,0x40,0x45,0x92,0x24,0x9a,0x20,0x69,0x07,0xab,0xa7,0x9a,0x60,0x58,
0x41,0x18,0x00,0x18,0x04,0x00,0xe7,0x18,0x83,0x79,0xe4,0x89,0x27,0x7a,0x00,0x38,
0x6b,0xe5,0xb0,0xfe,0x99,0xe6,0x00,0x18,0x30,0x22,0x0f,0x2a,0xce,0x21,0x8d,0x21,
0x01,0x08,0x87,0x41,0x85,0x49,0x85,0x51,0xa5,0x59,0xa5,0x61,0xa5,0x59,0xa4,0x61,
0x84,0x82,0xc6,0x82,0x43,0xb3,0x4b,0xed,0x46,0xfd,0xa4,0xec,0x44,0xf4,0x64,0xf4,
0xe6,0xa2,0x24,0x82,0x46,0x92,0x60,0x50,0xa0,0x68,0xa8,0xc3,0x20,0x79,0x45,0x92,
0x44,0xa2,0x64,0xa2,0x02,0x61,0x63,0x61,0xe3,0x89,0xa3,0x81,0x83,0xf4,0x26,0xfd,
0x6b,0xed,0x52,0xff,0x59,0xff,0xb6,0xee,0xc8,0x08,0x4e,0x32,0x4f,0x32,0x6c,0x09,
0x66,0x39,0x87,0x39,0x85,0x51,0xa5,0x51,0xa4,0x61,0xa5,0x59,0xc4,0x61,0xe5,0x61,
0x85,0x7a,0x85,0x82,0x63,0x49,0x20,0x28,0xc5,0xfc,0x63,0xf4,0xe4,0xe3,0xc4,0xeb,
0x25,0x82,0x86,0x9a,0x64,0x9a,0x85,0xaa,0x20,0x92,0x05,0xd4,0xa1,0x48,0x63,0x69,
0x66,0x92,0xa0,0x60,0xa4,0x79,0x42,0x71,0x00,0x30,0x89,0xab,0x45,0xf5,0x66,0xfd,
0x8b,0xe5,0x8f,0xfe,0x7a,0xff,0x7a,0xff,0x8b,0x5a,0xe4,0x28,0x4d,0x32,0x04,0x00,
0xa7,0x39,0x86,0x41,0x85,0x49,0xa5,0x51,0xa5,0x59,0xa5,0x59,0xc5,0x59,0xc4,0x61,
0x64,0x7a,0x85,0x7a,0x63,0x8a,0x84,0x82,0xc1,0x40,0x20,0x20,0x00,0x20,0x20,0x20,
0x00,0x30,0xa8,0x8a,0x44,0xa2,0x65,0xa2,0xe0,0x68,0x4a,0xcc,0xe4,0x91,0x42,0x71,
0xc1,0x58,0xa4,0x71,0xa1,0x38,0x00,0x18,0x82,0xec,0x87,0xfd,0x65,0xfd,0x66,0xfd,
0x65,0xfd,0x86,0xfd,0x37,0xff,0x79,0xff,0x58,0xff,0xb6,0xee,0x20,0x08,0x20,0x00,
0xc6,0x49,0xc6,0x49,0xa5,0x51,0xc6,0x51,0xa4,0x61,0xc5,0x59,0xe4,0x61,0x05,0x62,
0x65,0x72,0x45,0x7a,0x44,0x7a,0x44,0x7a,0x44,0x72,0x03,0x72,0x03,0x72,0xe2,0x79,
0x00,0x28,0x67,0x82,0x45,0x9a,0x44,0xa2,0x65,0xa2,0x64,0xaa,0x65,0xa2,0x64,0xa2,
0xe1,0x60,0x83,0x79,0x60,0x58,0x6a,0xe4,0xa7,0xfd,0x86,0xfd,0x66,0xfd,0x66,0xfd,
0x86,0xfd,0x66,0xfd,0xac,0xe5,0x12,0xff,0x79,0xff,0xd7,0xfe,0x47,0x62,0x05,0x62,
0xe6,0x51,0xa5,0x51,0xc5,0x51,0xc5,0x59,0xe5,0x59,0xe5,0x61,0xe5,0x61,0xe4,0x61,
0x44,0x7a,0x65,0x72,0x44,0x7a,0x44,0x72,0x23,0x7a,0x23,0x72,0xe3,0x71,0xe3,0x69,
0x84,0x59,0xe2,0x40,0x23,0xa2,0x64,0xa2,0x64,0xa2,0x64,0xa2,0x64,0xaa,0x64,0xa2,
0x63,0x79,0xa4,0x81,0x00,0x30,0x8e,0xdd,0xa6,0xfd,0x45,0xf5,0x65,0xfd,0x86,0xfd,
0x65,0xfd,0x86,0xfd,0x27,0xfd,0x23,0xdc,0x37,0xff,0x33,0xee,0x00,0x20,0x68,0x6a,
0x06,0x62,0x06,0x5a,0xe5,0x59,0xe5,0x59,0xe5,0x61,0x05,0x62,0xe4,0x69,0x05,0x62,
0x65,0x72,0x45,0x7a,0x45,0x72,0x24,0x72,0x45,0x72,0x24,0x72,0x24,0x6a,0x03,0x6a,
0x00,0x28,0x4b,0xc4,0x00,0x20,0x85,0x61,0x83,0x79,0x05,0x92,0x46,0x92,0x22,0x79,
0xe5,0x81,0xa0,0x58,0xc7,0xe4,0xcb,0xfd,0x0c,0xfe,0x86,0xe4,0x87,0xfd,0x66,0xfd,
0x66,0xfd,0x66,0xfd,0x66,0xfd,0x66,0xfd,0xe7,0xaa,0x69,0xc3,0x43,0x41,0x88,0x72,
0x46,0x62,0x05,0x62,0x06,0x5a,0x05,0x62,0x05,0x5a,0xe5,0x61,0x05,0x62,0x05,0x6a,
0x44,0x72,0x65,0x72,0x44,0x72,0x65,0x72,0x65,0x72,0x65,0x72,0x44,0x72,0x85,0x72,
0x00,0x28,0xcf,0xe5,0x03,0xf4,0x24,0xec,0xe1,0x58,0x42,0x59,0x22,0x61,0x43,0x61,
0xe1,0x50,0x6c,0x9b,0xd1,0xf5,0x33,0xfe,0x34,0xf6,0x95,0xfe,0x20,0xbb,0x69,0xfd,
0x66,0xfd,0x86,0xfd,0x65,0xfd,0x86,0xfd,0x42,0x59,0xa0,0x40,0xe6,0x8a,0xa6,0x7a,
0x66,0x72,0x46,0x6a,0x25,0x6a,0x26,0x62,0x05,0x6a,0x25,0x62,0x04,0x6a,0x25,0x6a,
0x45,0x6a,0x45,0x72,0x66,0x6a,0x65,0x72,0x86,0x72,0x86,0x72,0xa6,0x7a,0xe6,0x8a,
0x00,0x28,0x8e,0xe5,0x26,0xfd,0x06,0xfd,0x66,0xf4,0xa3,0xe3,0x68,0xcb,0x60,0x70,
0x00,0x08,0x20,0x10,0x34,0xf6,0x13,0xfe,0x94,0xdd,0x01,0x51,0x00,0x20,0x27,0x93,
0x66,0xfd,0x45,0xfd,0x66,0xfd,0x66,0xfd,0x6e,0xdd,0x00,0x30,0x27,0x8b,0xa5,0x82,
0x87,0x6a,0x46,0x6a,0x46,0x62,0x26,0x62,0x06,0x62,0x05,0x62,0x25,0x62,0x04,0x6a,
0x44,0x72,0x65,0x6a,0x45,0x72,0x66,0x72,0x86,0x72,0xc7,0x72,0xe9,0x7a,0x20,0x18,
0xc8,0xfd,0x87,0xfd,0x65,0xfd,0x66,0xfd,0xc5,0xfc,0xa5,0xf4,0xe9,0xbb,0x00,0x38,
0xa3,0xe3,0xc3,0xe3,0x8b,0xdc,0x00,0x40,0x00,0x18,0x20,0x18,0x08,0x8b,0x40,0x28,
0xc4,0xf4,0x66,0xfd,0x65,0xfd,0x86,0xfd,0x66,0xfd,0x25,0xf5,0x00,0x28,0x09,0x7b,
0xa7,0x7a,0x87,0x6a,0x46,0x6a,0x46,0x62,0x05,0x6a,0x25,0x62,0x04,0x6a,0x25,0x6a,
0x45,0x6a,0x25,0x6a,0x66,0x6a,0x66,0x72,0x87,0x6a,0xc7,0x7a,0x29,0x83,0xe4,0x61,
0x11,0xff,0x6a,0xed,0x66,0xfd,0x45,0xfd,0x47,0xfd,0xc4,0xf4,0x00,0x38,0x4b,0xcc,
0xe5,0xe3,0xc4,0xe3,0xeb,0xbb,0x00,0x38,0xa6,0x7a,0x64,0x7a,0xa5,0x7a,0xe6,0x8a,
0x00,0x28,0x8e,0xdd,0x66,0xfd,0x66,0xfd,0x86,0xfd,0x86,0xfd,0x8a,0xc4,0xa6,0xb3,
0x09,0x7b,0x87,0x72,0x87,0x6a,0x26,0x62,0x26,0x62,0x05,0x62,0x05,0x62,0x05,0x62,
0x24,0x6a,0x45,0x6a,0x45,0x6a,0x66,0x6a,0x87,0x72,0xe8,0x72,0x20,0x10,0x7b,0xf7,
0x15,0xff,0x35,0xff,0x47,0xfd,0x84,0xe4,0x00,0x20,0x02,0x39,0xc2,0xaa,0x49,0xd4,
0xe4,0xeb,0x04,0xec,0x03,0x8a,0xe2,0x79,0x65,0x7a,0x45,0x72,0x43,0x7a,0x84,0x7a,
0x64,0x82,0x40,0x59,0x25,0xfd,0x66,0xfd,0xa8,0xf5,0x8c,0xfe,0xd6,0xfe,0x61,0x49,
0x84,0x51,0x60,0x28,0x26,0x62,0x67,0x62,0x25,0x6a,0x26,0x62,0x05,0x6a,0x05,0x62,
0x25,0x62,0x25,0x6a,0x46,0x62,0x46,0x6a,0x88,0x62,0xc9,0x72,0x00,0x08,0x7c,0xff,
0x7a,0xff,0x59,0xff,0x00,0x10,0x4a,0x83,0xe6,0x82,0x44,0x7a,0x00,0x30,0xcd,0xd4,
0xe4,0xe3,0xe4,0xe3,0x00,0x20,0xa8,0x7a,0x86,0x72,0x24,0x72,0x24,0x6a,0x44,0x72,
0xa5,0x7a,0xe6,0x8a,0x40,0x30,0x8d,0xe5,0xce,0xe5,0x53,0xff,0x9b,0xff,0x7a,0xff,
0x15,0xe6,0x5a,0xff,0x00,0x10,0x68,0x62,0x26,0x62,0x05,0x62,0x05,0x62,0xe5,0x61,
0x04,0x62,0x25,0x62,0x25,0x62,0x46,0x62,0x66,0x6a,0xa8,0x6a,0x00,0x10,0x41,0x18,
0x7a,0xff,0x7a,0xff,0xb9,0xe6,0x40,0x10,0x85,0x7a,0x45,0x6a,0x00,0x20,0x14,0xe6,
0xf2,0xf5,0x33,0xf6,0xb2,0xed,0x20,0x51,0x00,0x18,0x47,0x5a,0x24,0x6a,0x45,0x6a,
0x64,0x72,0xa5,0x7a,0x61,0x18,0x00,0x08,0x9a,0xff,0x9a,0xff,0x59,0xff,0xd3,0xdd,
0x9c,0xff,0x60,0x18,0xa4,0x51,0x67,0x62,0x05,0x62,0x26,0x62,0xe4,0x61,0x05,0x62,
0xe5,0x59,0xe5,0x61,0x06,0x5a,0x06,0x62,0x47,0x5a,0x67,0x6a,0x2c,0x6b,0x20,0x10,
0xbb,0xff,0xb7,0xf6,0x5c,0xf7,0x00,0x10,0x66,0x6a,0x45,0x6a,0xa9,0x62,0x00,0x10,
0x13,0xf6,0xf2,0xf5,0x34,0xee,0x34,0xf6,0x20,0x10,0x47,0x62,0x25,0x62,0x05,0x6a,
0x45,0x6a,0x65,0x72,0xc7,0x7a,0x28,0x8b,0x20,0x10,0x3b,0xff,0x39,0xff,0xd4,0xe5,
0x20,0x10,0x85,0x41,0x68,0x62,0x26,0x62,0x06,0x5a,0xe5,0x61,0xe5,0x59,0xc4,0x61,
0xe4,0x61,0xe5,0x59,0x05,0x62,0x26,0x5a,0x26,0x62,0x67,0x62,0x88,0x6a,0xa8,0x6a,
0x41,0x10,0x41,0x08,0x20,0x10,0x68,0x52,0x25,0x6a,0x46,0x62,0x25,0x6a,0x46,0x62,
0x41,0x10,0x41,0x08,0x40,0x10,0x41,0x08,0xa3,0x59,0x25,0x62,0x04,0x6a,0x25,0x62,
0x24,0x6a,0x45,0x6a,0x65,0x72,0xa7,0x72,0xc9,0x6a,0x00,0x10,0x20,0x10,0x00,0x08,
0xc8,0x7a,0x88,0x6a,0x46,0x6a,0x06,0x5a,0xe5,0x61,0xe5,0x59,0xc4,0x61,0xe5,0x59,
0xc5,0x51,0xc4,0x59,0xe5,0x51,0xe5,0x59,0x06,0x52,0x26,0x62,0x47,0x5a,0x47,0x62,
0x88,0x62,0x67,0x62,0x67,0x62,0x26,0x62,0x06,0x5a,0xe5,0x61,0x06,0x5a,0x05,0x62,
0x47,0x62,0x06,0x62,0x26,0x62,0x06,0x6a,0x06,0x5a,0xe5,0x61,0xe5,0x59,0xe5,0x61,
0x05,0x62,0x05,0x6a,0x46,0x62,0x46,0x6a,0x67,0x6a,0x67,0x72,0x68,0x6a,0x67,0x6a,
0x47,0x62,0x26,0x62,0x06,0x5a,0xe5,0x59,0xe5,0x59,0xc5,0x59,0xc5,0x59,0xa4,0x59,
0x00,0x00,0x00,0x00,0x00,0x00,0x00,0x00,0x00,0x00,0x00,0x00,0x00,0x00,0x00,0x00,
0x00,0x00,0x00,0x00,0x00,0x00,0x00,0x00,0x00,0x00,0x00,0x00,0x00,0x00,0x00,0x00,
0x00,0x00,0x00,0x00,0x00,0x00,0x00,0x00,0x00,0x00,0x00,0x00,0x00,0x00,0x00,0x00,
0x00,0x00,0x00,0x00,0x00,0x00,0x00,0x00,0x00,0x00,0x00,0x00,0x00,0x00,0x00,0x00,
0x00,0x00,0x00,0x00,0x00,0x00,0x00,0x00,0x00,0x00,0x00,0x00,0x00,0x00,0x00,0x00,
0x00,0x00,0x00,0x00,0x00,0x00,0x00,0x00,0x00,0x00,0x00,0x00,0x00,0x00,0x00,0x00,
0x00,0x00,0x00,0x00,0x00,0x00,0x00,0x00,0x00,0x00,0x00,0x00,0x00,0x00,0x00,0x00,
0x00,0x00,0x00,0x00,0x00,0x00,0x00,0x00,0x00,0x00,0x00,0x00,0x00,0x00,0x00,0x00,
0x00,0x00,0x00,0x00,0x00,0x00,0x00,0x00,0x00,0x00,0x00,0x00,0x00,0x00,0x00,0x00,
0x00,0x00,0x00,0x00,0x00,0x00,0x00,0x00,0x00,0x00,0x00,0x00,0x00,0x00,0x00,0x00,
0x00,0x00,0x00,0x00,0x00,0x00,0x00,0x00,0x00,0x00,0x00,0x00,0x00,0x00,0x00,0x00,
0x00,0x00,0x00,0x00,0x00,0x00,0x00,0x00,0x00,0x00,0x00,0x00,0x00,0x00,0x00,0x00,
0x00,0x00,0x00,0x00,0x00,0x00,0x00,0x00,0x00,0x00,0x00,0x00,0x00,0x00,0x00,0x00,
0x00,0x00,0x00,0x00,0x00,0x00,0x00,0x00,0x00,0x00,0x00,0x00,0x00,0x00,0x00,0x00,
0x00,0x00,0x00,0x00,0x00,0x00,0x00,0x00,0x00,0x00,0x00,0x00,0x00,0x00,0x00,0x00,
0x00,0x00,0x00,0x00,0x00,0x00,0x00,0x00,0x00,0x00,0x00,0x00,0x00,0x00,0x00,0x00,
0x00,0x00,0x00,0x00,0x00,0x00,0x00,0x00,0x00,0x00,0x00,0x00,0x00,0x00,0x00,0x00,
0x00,0x00,0x00,0x00,0x00,0x00,0x00,0x00,0x00,0x00,0x00,0x00,0x00,0x00,0x00,0x00,
0x00,0x00,0x00,0x00,0x00,0x00,0x00,0x00,0x00,0x00,0x00,0x00,0x00,0x00,0x00,0x00,
0x00,0x00,0x00,0x00,0x00,0x00,0x00,0x00,0x00,0x00,0x00,0x00,0x00,0x00,0x00,0x00,
0x00,0x00,0x00,0x00,0x00,0x00,0x00,0x00,0x00,0x00,0x00,0x00,0x00,0x00,0x00,0x00,
0x00,0x00,0x00,0x00,0x00,0x00,0x00,0x00,0x00,0x00,0x00,0x00,0x00,0x00,0x00,0x00,
0x00,0x00,0x00,0x00,0x00,0x00,0x00,0x00,0x00,0x00,0x00,0x00,0x00,0x00,0x00,0x00,
0x00,0x00,0x00,0x00,0x00,0x00,0x00,0x00,0x00,0x00,0x00,0x00,0x00,0x00,0x00,0x00,
0x00,0x00,0x00,0x00,0x00,0x00,0x00,0x00,0x00,0x00,0x00,0x00,0x00,0x00,0x00,0x00,
0x00,0x00,0x00,0x00,0x00,0x00,0x00,0x00,0x00,0x00,0x00,0x00,0x00,0x00,0x00,0x00,
0x00,0x00,0x00,0x00,0x00,0x00,0x00,0x00,0x00,0x00,0x00,0x00,0x00,0x00,0x00,0x00,
0x00,0x00,0x00,0x00,0x00,0x00,0x00,0x00,0x00,0x00,0x00,0x00,0x00,0x00,0x00,0x00,
0x00,0x00,0x00,0x00,0x00,0x00,0x00,0x00,0x00,0x00,0x00,0x00,0x00,0x00,0x00,0x00,
0x00,0x00,0x00,0x01,0x01,0x01,0x01,0x00,0x00,0x00,0x00,0x00,0x00,0x00,0x00,0x00,
0x00,0x00,0x00,0x00,0x00,0x00,0x00,0x00,0x00,0x00,0x00,0x00,0x00,0x00,0x00,0x00,
0x00,0x00,0x00,0x00,0x00,0x00,0x00,0x00,0x00,0x00,0x00,0x00,0x0f,0xfa,0xfc,0x01,
0x00,0x00,0x00,0x00,0x00,0x00,0x00,0x00,0x00,0x00,0x00,0x00,0x00,0x00,0x00,0x00,
0x00,0x00,0x00,0x00,0x00,0x00,0x00,0x00,0x00,0x00,0x00,0x00,0x00,0x00,0x01,0xec,
0xfb,0xfc,0xfc,0xfc,0xfd,0xfd,0xfe,0xfd,0xf7,0x04,0x00,0x00,0x00,0x00,0x00,0x00,
0x00,0x00,0x00,0x00,0x00,0x00,0x00,0x00,0x00,0x00,0x00,0x00,0x00,0x00,0x00,0x00,
0x00,0x00,0x00,0x00,0x00,0x02,0xfb,0xfc,0xfe,0xfe,0xfd,0xfd,0xfe,0xfe,0xfe,0xfe,
0xfd,0xfb,0x6f,0x00,0x00,0x00,0x00,0x00,0x00,0x00,0x00,0x00,0x00,0x00,0x00,0x00,
0x00,0x00,0x00,0x00,0x00,0x00,0x00,0x00,0x00,0x00,0x00,0x00,0x06,0xfb,0xfd,0xfd,
0xfe,0xfe,0xfe,0xfe,0xfe,0xfe,0xfe,0xfe,0xfe,0xfd,0xfc,0x04,0x00,0x00,0x00,0x00,
0x00,0x00,0x00,0x00,0x00,0x00,0x00,0x00,0x00,0x00,0x00,0x00,0x00,0x00,0x00,0x00,
0x00,0x00,0x02,0x99,0xfd,0xfd,0xfe,0xfe,0xfe,0xff,0xfe,0xfe,0xfe,0xfe,0xfe,0xfe,
0xfe,0xfe,0xfe,0xfc,0x01,0x00,0x00,0x00,0x00,0x00,0x00,0x00,0x00,0x00,0x00,0x00,
0x00,0x00,0x00,0x00,0x00,0x00,0x00,0x00,0x00,0x73,0xfc,0xfd,0xfe,0xfe,0xfe,0xfe,
0xfe,0xfe,0xfe,0xfe,0xfe,0xfe,0xfe,0xfe,0xfe,0xfe,0xfe,0xfe,0x04,0x00,0x00,0x00,
0x00,0x00,0x00,0x00,0x00,0x00,0x00,0x00,0x00,0x00,0x00,0x00,0x00,0x00,0x00,0x00,
0xe8,0xfc,0xfe,0xfe,0xfe,0xfe,0xfe,0xfe,0xfe,0xfe,0xfe,0xfe,0xfe,0xfe,0xfe,0xfe,
0xfe,0xfe,0xfe,0xfe,0x4d,0x00,0x00,0x00,0x00,0x00,0x00,0x00,0x00,0x00,0x00,0x00,
0x00,0x00,0x00,0x00,0x00,0x00,0x01,0x5b,0xfd,0xfe,0xfe,0xfe,0xfe,0xfe,0xfe,0xfe,
0xfe,0xfe,0xfe,0xfe,0xfe,0xfe,0xfe,0xfe,0xff,0xfe,0xfe,0xfe,0xfb,0x01,0x00,0x00,
0x00,0x00,0x00,0x00,0x00,0x01,0xf7,0xf8,0xfa,0x03,0x00,0x00,0x00,0x00,0x01,0xf3,
0xfe,0xfe,0xfe,0xfe,0xfe,0xfe,0xfe,0xfe,0xfe,0xfe,0xfe,0xfe,0xfe,0xfe,0xfe,0xff,
0xff,0xff,0xfe,0xfe,0xfc,0x02,0x00,0x00,0x00,0x00,0x02,0xea,0x49,0xfe,0xfe,0xfe,
0xfd,0xfc,0x03,0x00,0x00,0x00,0x02,0xfb,0xfe,0xfe,0xfe,0xfe,0xfe,0xfe,0xfe,0xfe,
0xfe,0xfe,0xfe,0xfe,0xfe,0xfe,0xfe,0xfe,0xfe,0xfe,0xff,0xfe,0xfe,0xfb,0x01,0x00,
0x00,0x01,0xf7,0xfb,0xfd,0xfe,0xfe,0xfe,0xfe,0xfd,0x03,0x00,0x00,0x00,0x03,0xfc,
0xfe,0xfe,0xfe,0xfe,0xfe,0xfe,0xfe,0xfe,0xfe,0xfe,0xfe,0xfe,0xfe,0xfe,0xfe,0xff,
0xfe,0xfe,0xfe,0xfe,0xfe,0xfe,0x01,0x00,0x00,0xd6,0xfd,0xfe,0xfe,0xfe,0xfe,0xfe,
0xfc,0x02,0x01,0x00,0x00,0x01,0x02,0xfb,0xfe,0xfe,0xfe,0xfe,0xfe,0xfe,0xfe,0xfe,
0xfe,0xfe,0xfe,0xfe,0xfe,0xfe,0xfe,0xfe,0xfe,0xfe,0xfe,0xfe,0xfe,0xfe,0x02,0x00,
0x00,0xfc,0xfe,0xfe,0xfe,0xfe,0xfe,0xfd,0xf4,0x02,0x01,0x01,0x00,0x00,0x02,0x04,
0xfe,0xfe,0xfd,0xfe,0xfe,0xfd,0xfd,0xfe,0xfe,0xfe,0xfe,0xfe,0xfe,0xfe,0xfe,0xfe,
0xfe,0xfe,0xfe,0xfe,0xfe,0xfe,0x01,0x00,0x07,0xfc,0xfe,0xfe,0xfe,0xfe,0xfe,0xfc,
0x16,0x04,0x02,0x04,0xe8,0xf9,0x04,0x05,0xfe,0xfe,0xfe,0xfe,0xfe,0xfe,0xfe,0xfe,
0xfe,0xfe,0xfe,0xfe,0xfe,0xfe,0xfe,0xfe,0xfe,0xfe,0xfe,0xfe,0xfd,0x06,0x00,0x00,
0xf7,0xfd,0xfe,0xfe,0xfe,0xfe,0xfe,0xfc,0x0f,0x09,0xfd,0xfc,0xfc,0xfb,0xfa,0xfc,
0xfe,0xfe,0xfe,0xfe,0xfe,0xfe,0xfe,0xfe,0xfe,0xfe,0xfe,0xfe,0xfe,0xfe,0xfe,0xfe,
0xfe,0xfe,0xfe,0xfe,0x08,0x00,0x00,0x00,0xf8,0xfe,0xfe,0xfe,0xfe,0xfe,0xfe,0xfc,
0x0f,0x09,0xfb,0xfd,0xfd,0xfd,0xfd,0xfe,0xfe,0xfe,0xfe,0xfe,0xfe,0xfe,0xfe,0xfe,
0xfe,0xfe,0xfe,0xfe,0xfe,0xfe,0xfe,0xfe,0xfe,0xfe,0xfe,0xfe,0xc1,0x00,0x00,0x00,
0xf2,0xfd,0xfe,0xfe,0xfe,0xfe,0xfe,0xfe,0xef,0x10,0xed,0xfd,0xfe,0xfe,0xfe,0xfe,
0xfe,0xfe,0xfe,0xfe,0xfe,0xfe,0xfe,0xfe,0xfe,0xfe,0xfe,0xfe,0xfe,0xfe,0xfe,0xfe,
0xfe,0xfd,0xfe,0xfe,0xad,0x00,0x00,0x00,0x01,0xfd,0xfe,0xfe,0xfe,0xfe,0xfe,0xfe,
0xfd,0x13,0xfa,0xfd,0xfe,0xfe,0xfe,0xfe,0xfe,0xfe,0xfe,0xfe,0xfe,0xfe,0xfe,0xfe,
0xfe,0xfe,0xfe,0xfe,0xfe,0xfe,0xfe,0xfd,0x06,0x02,0xfc,0xf5,0x00,0x00,0x00,0x00,
0x01,0xf5,0xfe,0xfe,0xfe,0xfe,0xfe,0xfe,0xfe,0xfe,0xfe,0xfe,0xfe,0xfe,0xfe,0xfe,
0xfe,0xfe,0xfe,0xfe,0xfe,0xfe,0xfe,0xfe,0xfe,0xfe,0xff,0xff,0xfe,0xfe,0xfe,0xfd,
0xf2,0x00,0x00,0x00,0x00,0x00,0x00,0x00,0x01,0xfc,0xfe,0xfe,0xfe,0xfe,0xfe,0xfe,
0xfe,0xfe,0xfe,0xfe,0xfe,0xfe,0xfe,0xfe,0xfe,0xfe,0xfe,0xfe,0xfe,0xfe,0xfe,0xfe,
0xfe,0xfe,0xff,0xff,0xff,0xfe,0xfe,0xfd,0xf2,0x00,0x00,0x00,0x00,0x00,0x00,0x00,
0x00,0x01,0xfb,0xfe,0xfe,0xfe,0xfe,0xfe,0xfe,0xfe,0xfe,0xfe,0xfe,0xfe,0xfe,0xfe,
0xfe,0xfe,0xfe,0xfe,0xfe,0xfe,0xfe,0xfe,0xfe,0xfe,0xff,0xff,0xff,0xfe,0xfe,0xfe,
0x07,0x00,0x00,0x00,0x00,0x00,0x00,0x00,0x00,0x01,0x7e,0xfb,0xfd,0xfe,0xfe,0xfe,
0xfe,0xfe,0xfe,0xfe,0xfe,0xfe,0xfe,0xfe,0xfe,0xfe,0xfe,0xfe,0xfe,0xfe,0xfe,0xfe,
0xfe,0xff,0xfe,0xfe,0xff,0xfe,0xfe,0xfe,0x00,0x00,0x00,0x00,0x00,0x00,0x00,0x00,
0x00,0x00,0x00,0x06,0xdc,0xfc,0xfd,0xfe,0xfe,0xfe,0xfe,0xfe,0xfe,0xfe,0xfe,0xfe,
0xfe,0xfe,0xfe,0xfe,0xfe,0xfe,0xfe,0xfe,0xfe,0xfe,0xfe,0xfe,0xfe,0xfe,0xfe,0xfd,
0x00,0x00,0x00,0x00,0x00,0x00,0x00,0x00,0x00,0x00,0x00,0x01,0x02,0x01,0x00,0x02,
0xfd,0xfd,0xfe,0xfe,0xfe,0xfe,0xfe,0xfe,0xfe,0xfe,0xfe,0xfe,0xfe,0xfe,0xfe,0xfe,
0xfe,0xfe,0xfe,0xfe,0xfe,0xfe,0xfd,0x1a,0x00,0x00,0x00,0x00,0x00,0x00,0x00,0x00,
0x00,0x00,0x00,0x00,0x00,0x00,0x00,0x00,0x43,0xfd,0xfe,0xfe,0xfe,0xfe,0xfe,0xfe,
0xfe,0xfe,0xfe,0xfe,0xfe,0xfe,0xfe,0xfe,0xfe,0xfe,0xfe,0xfe,0xfe,0xfe,0xfb,0x02,
0x00,0x00,0x00,0x00,0x00,0x00,0x00,0x00,0x00,0x00,0x00,0x00,0x00,0x00,0x00,0x00,
0xe9,0xfd,0xfe,0xfe,0xfe,0xfe,0xfe,0xfe,0xfe,0xfe,0xfe,0xfe,0xfe,0xfe,0xfe,0xfe,
0xfe,0xfe,0xfe,0xfe,0xfe,0xfd,0xa1,0x01,0x00,0x00,0x00,0x00,0x00,0x00,0x00,0x00,
0x00,0x00,0x00,0x00,0x00,0x00,0x00,0x00,0xed,0xfd,0xfe,0xfe,0xfe,0xfe,0xfe,0xfe,
0xfe,0xfe,0xfe,0xfe,0xfe,0xfe,0xfe,0xfe,0xfe,0xfe,0xfe,0xfe,0xfd,0xfe,0x01,0x00,
0x00,0x00,0x00,0x00,0x00,0x00,0x00,0x00,0x00,0x00,0x00,0x00,0x00,0x00,0x00,0x01,
0xfc,0xfd,0xfe,0xfe,0xfe,0xfe,0xfe,0xfe,0xfe,0xfe,0xfe,0xfe,0xfe,0xfe,0xfe,0xfd,
0xfe,0xfe,0xfe,0xfe,0xfd,0xfc,0x06,0x01,0x00,0x00,0x00,0x00,0x00,0x00,0x00,0x00,
0x00,0x00,0x00,0x00,0x00,0x00,0x01,0xfc,0xfe,0xfe,0xfe,0xfe,0xfe,0xfe,0xfe,0xfe,
0xfe,0xfe,0xff,0xfe,0xe9,0xa7,0x06,0xf5,0xfd,0xfe,0xfe,0xfe,0xfe,0xfd,0xed,0x01,
0x00,0x00,0x00,0x00,0x00,0x00,0x00,0x00,0x00,0x00,0x00,0x00,0x00,0x00,0x28,0xfd,
0xfe,0xfe,0xfe,0xfe,0xfe,0xfd,0xfe,0xfe,0xfe,0xfe,0xfe,0xfd,0x04,0x02,0x02,0x01,
0xfd,0xfe,0xfe,0xfe,0xfe,0xfe,0xfd,0x19,0x01,0x02,0x00,0x00,0x00,0x00,0x00,0x00,
0x00,0x00,0x00,0x00,0x00,0x00,0xfc,0xfe,0xfe,0xfe,0xfe,0xfd,0xfb,0xf5,0xfd,0xfe,
0xfe,0xfe,0xfd,0x6b,0x00,0x00,0x00,0x01,0x26,0xfd,0xfe,0xfe,0xfe,0xfe,0xfe,0xfe,
0xfe,0xfd,0x3d,0x00,0x00,0x00,0x00,0x00,0x00,0x00,0x00,0x00,0x00,0x00,0xfc,0xfe,
0xfe,0xfe,0xfe,0x35,0x09,0x0b,0xfd,0xfe,0xfe,0xfe,0xfd,0x09,0x01,0x00,0x00,0x00,
0x01,0x00,0xfd,0xfe,0xfe,0xfe,0xff,0xff,0xfe,0xfd,0xee,0x00,0x00,0x00,0x00,0x00,
0x00,0x00,0x00,0x00,0x00,0x00,0xf9,0xfe,0xfe,0xfe,0xfd,0xf2,0x00,0x01,0xf2,0xfd,
0xfe,0xfe,0xfe,0xfe,0xef,0x01,0x00,0x00,0x00,0x01,0xa1,0xf8,0xfe,0xfe,0xfe,0xfe,
0xfe,0xfd,0x65,0x00,0x00,0x00,0x00,0x00,0x00,0x00,0x00,0x00,0x00,0x00,0x02,0xfe,
0xfe,0xfe,0xfd,0xf5,0x00,0x01,0x05,0xfc,0xfe,0xfe,0xfe,0xfd,0xfa,0x03,0x00,0x00,
0x00,0x00,0x02,0x14,0xfc,0xfe,0xfe,0xfe,0xfe,0xa2,0x00,0x00,0x00,0x00,0x00,0x00,
0x00,0x00,0x00,0x00,0x00,0x00,0x00,0x00,0xfa,0xfc,0xfa,0x02,0x00,0x00,0x00,0x07,
0xfa,0xfc,0xfc,0xfc,0x49,0x01,0x00,0x00,0x00,0x00,0x00,0x00,0x05,0xf2,0xf6,0xf1,
0x01,0x00,0x00,0x00,0x00,0x00,0x00,0x00,0x00,0x00,0x00,0x00,0x00,0x00,0x00,0x00,
0x01,0x01,0x01,0x00,0x00,0x00,0x00,0x00,0x02,0x02,0x01,0x01,0x00,0x00,0x00,0x00,
0x00,0x00,0x00,0x00,0x01,0x01,0x01,0x01,0x00,0x00,0x00,0x00,0x00,0x00,0x00,0x00,
0x00,0x00,0x00,0x00,0x00,0x00,0x00,0x00,0x00,0x00,0x00,0x00,0x00,0x00,0x00,0x00,
0x00,0x00,0x00,0x00,0x00,0x00,0x00,0x00,0x00,0x00,0x00,0x00,0x00,0x00,0x00,0x00,
0x00,0x00,0x00,0x00,0x00,0x00,0x00,0x00,0x00,0x00,0x00,0x00,0x00,0x00,0x00,0x00,
0x00,0x00,0x00,0x00,0x00,0x00,0x00,0x00,0x00,0x00,0x00,0x00,0x00,0x00,0x00,0x00,
0x00,0x00,0x00,0x00,0x00,0x00,0x00,0x00,0x00,0x00,0x00,0x00,0x00,0x00,0x00,0x00,
0x00,0x00,0x00,0x00,0x00,0x00,0x00,0x00,0x00,0x00,0x00,0x00,0x00,0x00,0x00,0x00,
0x00,0x00,0x00,0x00,0x00,0x00,0x00,0x00,0x00,0x00,0x00,0x00,0x00,0x00,0x00,0x00,
0x00,0x00,0x00,0x00,0x00,0x00,0x00,0x00,0x00,0x00,0x00,0x00,0x00,0x00,0x00,0x00,
0x00,0x00,0x00,0x00,0x00,0x00,0x00,0x00,0x00,0x00,0x00,0x00,0x00,0x00,0x00,0x00,
0x00,0x00,0x00,0x00,0x00,0x00,0x00,0x00,0x00,0x00,0x00,0x00,0x00,0x00,0x00,0x00,

};
static const lv_image_dsc_t s_partner_amai_work = {
    .header.magic = LV_IMAGE_HEADER_MAGIC,
    .header.cf = LV_COLOR_FORMAT_RGB565A8,
    .header.flags = 0,
    .header.w = 40,
    .header.h = 44,
    .header.stride = 80,
    .data_size = sizeof(s_partner_amai_work_map),
    .data = s_partner_amai_work_map,
};

static const LV_ATTRIBUTE_MEM_ALIGN LV_ATTRIBUTE_LARGE_CONST uint8_t s_partner_amai_tired_map[] = {
0x00,0x00,0x00,0x00,0x00,0x00,0x00,0x00,0x00,0x00,0x00,0x00,0x00,0x00,0x00,0x00,
0x00,0x00,0x00,0x00,0x00,0x00,0x00,0x00,0x00,0x00,0x00,0x00,0x00,0x00,0x00,0x00,
0x00,0x00,0x00,0x00,0x00,0x00,0x00,0x00,0x00,0x00,0x00,0x00,0x00,0x00,0x00,0x00,
0x00,0x00,0x00,0x00,0x00,0x00,0x00,0x00,0x00,0x00,0x00,0x00,0x00,0x00,0x00,0x00,
0x00,0x00,0x00,0x00,0x00,0x00,0x00,0x00,0x00,0x00,0x00,0x00,0x00,0x00,0x00,0x00,
0x00,0x00,0x00,0x00,0x00,0x00,0x00,0x00,0x00,0x00,0x00,0x00,0x00,0x00,0x00,0x00,
0x00,0x00,0x00,0x00,0x00,0x00,0x00,0x00,0x00,0x00,0x00,0x00,0x00,0x00,0x00,0x00,
0x00,0x00,0x00,0x00,0x00,0x00,0x00,0x00,0x00,0x00,0x00,0x00,0x00,0x00,0x00,0x00,
0x00,0x00,0x00,0x00,0x00,0x00,0x00,0x00,0x00,0x00,0x00,0x00,0x00,0x00,0x00,0x00,
0x00,0x00,0x00,0x00,0x00,0x00,0x00,0x00,0x00,0x00,0x00,0x00,0x00,0x00,0x00,0x00,
0x00,0x00,0x00,0x00,0x00,0x00,0x00,0x00,0x00,0x00,0x00,0x00,0x00,0x00,0x00,0x00,
0x00,0x00,0x00,0x00,0x00,0x00,0x00,0x00,0x00,0x00,0x00,0x00,0x00,0x00,0x00,0x00,
0x00,0x00,0x00,0x00,0x00,0x00,0x00,0x00,0x00,0x00,0x00,0x00,0x00,0x00,0x00,0x00,
0x00,0x00,0x00,0x00,0x00,0x00,0x00,0x00,0x00,0x00,0x00,0x00,0x00,0x00,0x00,0x00,
0x00,0x00,0x00,0x00,0x00,0x00,0x00,0x00,0x00,0x00,0x00,0x00,0x00,0x00,0x00,0x00,
0x00,0x00,0x00,0x00,0x00,0x00,0x00,0x00,0x00,0x00,0x00,0x00,0x00,0x00,0x00,0x00,
0x00,0x00,0x00,0x00,0x00,0x00,0x00,0x00,0x00,0x00,0x00,0x00,0x00,0x00,0x00,0x00,
0x00,0x00,0x00,0x00,0x00,0x00,0x00,0x00,0x00,0x00,0x00,0x00,0x00,0x00,0x00,0x00,
0x00,0x00,0x00,0x00,0x00,0x00,0x00,0x00,0x00,0x00,0x00,0x00,0x00,0x00,0x00,0x00,
0x00,0x00,0x00,0x00,0x00,0x00,0x00,0x00,0x00,0x00,0x00,0x00,0x00,0x00,0x00,0x00,
0x00,0x00,0x00,0x00,0x00,0x00,0x00,0x00,0x00,0x00,0x00,0x00,0x00,0x00,0x00,0x00,
0x00,0x00,0x00,0x00,0x00,0x00,0x00,0x00,0x00,0x00,0x00,0x00,0x00,0x00,0x00,0x00,
0x00,0x00,0x00,0x00,0x00,0x00,0x00,0x00,0x00,0x00,0x00,0x00,0x00,0x00,0x00,0x00,
0x00,0x00,0x00,0x00,0x00,0x00,0x00,0x00,0x00,0x00,0x00,0x00,0x00,0x00,0x00,0x00,
0x00,0x00,0x00,0x00,0x00,0x00,0x00,0x00,0x00,0x00,0x00,0x00,0x00,0x00,0x00,0x00,
0x00,0x00,0x00,0x00,0x00,0x00,0x00,0x00,0x00,0x00,0x00,0x00,0x00,0x00,0x00,0x00,
0x00,0x00,0x00,0x00,0x00,0x00,0x00,0x00,0x00,0x00,0x00,0x00,0x00,0x00,0x00,0x00,
0x00,0x00,0x00,0x00,0x00,0x00,0x00,0x00,0x00,0x00,0x00,0x00,0x00,0x00,0x00,0x00,
0x00,0x00,0x00,0x00,0x00,0x00,0x00,0x00,0x00,0x00,0x00,0x00,0x00,0x00,0x00,0x00,
0x00,0x00,0x00,0x00,0x00,0x00,0x00,0x00,0x00,0x00,0x00,0x00,0x00,0x00,0x00,0x00,
0x00,0x00,0x00,0x00,0x00,0x00,0x00,0x00,0x00,0x00,0x00,0x00,0x00,0x00,0x00,0x00,
0x00,0x00,0x00,0x00,0x00,0x00,0x00,0x00,0x00,0x00,0x00,0x00,0x00,0x00,0x00,0x00,
0x00,0x00,0x00,0x00,0x00,0x00,0x00,0x00,0x00,0x00,0x00,0x00,0x00,0x00,0x00,0x00,
0x00,0x00,0x00,0x00,0x00,0x00,0x00,0x00,0x00,0x00,0x00,0x00,0x00,0x00,0x00,0x00,
0x00,0x00,0x00,0x00,0x00,0x00,0x00,0x00,0x00,0x00,0x00,0x00,0x00,0x00,0x00,0x00,
0x00,0x00,0x00,0x00,0x00,0x00,0x00,0x00,0x00,0x00,0x00,0x00,0x00,0x00,0x00,0x00,
0x00,0x00,0x00,0x00,0x00,0x00,0x00,0x00,0x00,0x00,0x00,0x00,0x00,0x00,0x00,0x00,
0x00,0x00,0x00,0x00,0x00,0x00,0x00,0x00,0x00,0x00,0x00,0x00,0x00,0x00,0x00,0x00,
0x00,0x00,0x00,0x00,0x00,0x00,0x00,0x00,0x00,0x00,0x00,0x00,0x00,0x00,0x00,0x00,
0x00,0x00,0x00,0x00,0x00,0x00,0x00,0x00,0x00,0x00,0x00,0x00,0x00,0x00,0x00,0x00,
0x00,0x00,0x00,0x00,0x00,0x00,0x00,0x00,0x00,0x00,0x00,0x00,0x00,0x00,0x00,0x00,
0x00,0x00,0x00,0x00,0x00,0x00,0x00,0x00,0x00,0x00,0x00,0x00,0x00,0x00,0x00,0x00,
0x00,0x00,0x00,0x00,0x00,0x00,0x00,0x00,0x00,0x00,0x00,0x00,0x00,0x00,0x00,0x00,
0x00,0x00,0x00,0x00,0x00,0x00,0x00,0x00,0x00,0x00,0x00,0x00,0x00,0x00,0x00,0x00,
0x00,0x00,0x00,0x00,0x00,0x00,0x00,0x00,0x00,0x00,0x00,0x00,0x00,0x00,0x00,0x00,
0x00,0x00,0x00,0x00,0x00,0x00,0x00,0x00,0x00,0x00,0x00,0x00,0x00,0x00,0x00,0x00,
0x00,0x00,0x00,0x00,0x00,0x00,0x00,0x00,0x00,0x00,0x00,0x00,0x00,0x00,0x00,0x00,
0x00,0x00,0x00,0x00,0x00,0x00,0x00,0x00,0x00,0x00,0x00,0x00,0x00,0x00,0x00,0x00,
0x00,0x00,0x00,0x00,0x00,0x00,0x00,0x00,0x00,0x00,0x00,0x00,0x00,0x00,0x00,0x00,
0x00,0x00,0x00,0x00,0x00,0x00,0x00,0x00,0x00,0x00,0x00,0x00,0x00,0x00,0x00,0x00,
0xc2,0x61,0xe3,0x61,0xe2,0x69,0x03,0x6a,0x02,0x72,0x43,0x72,0x42,0x72,0x63,0x72,
0x42,0x7a,0x63,0x72,0x62,0x7a,0x83,0x7a,0xc3,0x8a,0xc4,0x82,0xc3,0x8a,0xc3,0x82,
0x83,0x82,0x83,0x7a,0x43,0x72,0x43,0x6a,0x03,0x62,0xe3,0x59,0xa4,0x51,0x63,0x41,
0x63,0x41,0x64,0x39,0x63,0x41,0x63,0x39,0x62,0x49,0x83,0x41,0x62,0x49,0x62,0x49,
0x61,0x49,0x62,0x41,0x41,0x49,0x62,0x41,0x41,0x49,0x41,0x41,0x21,0x41,0x21,0x41,
0xe3,0x61,0xe3,0x69,0x03,0x6a,0x03,0x72,0x43,0x6a,0x43,0x72,0x63,0x72,0x63,0x7a,
0x83,0x7a,0x83,0x82,0xe4,0x8a,0xc3,0x92,0xc7,0x72,0x40,0x28,0x41,0x18,0x40,0x18,
0x41,0x18,0x00,0x18,0x23,0x6a,0x84,0x7a,0x65,0x6a,0xe2,0x61,0xa5,0x49,0x63,0x41,
0x65,0x31,0x44,0x39,0x64,0x39,0x64,0x41,0x63,0x41,0x83,0x49,0x83,0x49,0x62,0x49,
0x82,0x49,0x62,0x51,0x62,0x49,0x61,0x49,0x62,0x49,0x41,0x49,0x42,0x41,0x21,0x49,
0xe2,0x69,0x03,0x6a,0x23,0x72,0x43,0x72,0x42,0x7a,0x63,0x7a,0x62,0x82,0xa3,0x82,
0xa3,0x8a,0x42,0x72,0x00,0x20,0x20,0x18,0xc7,0xfd,0xa6,0xfd,0x65,0xfd,0x86,0xfd,
0x86,0xfd,0x66,0xf5,0xcf,0xed,0x40,0x30,0xc2,0x61,0x04,0x62,0xe5,0x49,0x00,0x08,
0x00,0x00,0x21,0x00,0x43,0x39,0x84,0x39,0x82,0x51,0xa3,0x49,0xa2,0x59,0xa2,0x51,
0xa2,0x59,0xa2,0x51,0x81,0x51,0x82,0x51,0x61,0x51,0x61,0x49,0x61,0x51,0x61,0x49,
0x03,0x6a,0x03,0x72,0x23,0x6a,0x23,0x72,0x43,0x72,0x63,0x7a,0xa3,0x82,0xe4,0x92,
0x20,0x30,0x8e,0xe5,0xa7,0xfd,0xa7,0xfd,0x66,0xfd,0x66,0xfd,0x86,0xfd,0x66,0xfd,
0x87,0xfd,0x66,0xfd,0x87,0xfd,0x66,0xfd,0xe8,0x8a,0x20,0x30,0x24,0x00,0xeb,0x31,
0x2e,0x32,0x05,0x00,0x64,0x39,0x84,0x49,0xa3,0x51,0xc3,0x59,0xe3,0x59,0xc2,0x61,
0xc3,0x59,0xa2,0x59,0xa2,0x51,0xa1,0x59,0xa2,0x51,0x61,0x51,0x62,0x49,0x61,0x51,
0x03,0x72,0x23,0x6a,0x22,0x7a,0x63,0x7a,0x62,0x82,0xa3,0x82,0xe7,0x8a,0x60,0x28,
0x45,0xfd,0x86,0xfd,0x86,0xfd,0xa7,0xfd,0x65,0xfd,0x86,0xfd,0x86,0xfd,0x86,0xfd,
0x65,0xfd,0x65,0xfd,0x66,0xfd,0x66,0xfd,0x86,0xfd,0x66,0xf5,0x03,0x00,0x48,0x21,
0xaa,0x31,0x49,0x21,0x63,0x49,0xe5,0x51,0x03,0x6a,0x44,0x6a,0x02,0x72,0x23,0x6a,
0xe2,0x69,0xe2,0x61,0xc2,0x61,0xc2,0x59,0xa1,0x61,0xa1,0x59,0x81,0x59,0xa1,0x51,
0x24,0x6a,0x23,0x72,0x43,0x72,0x43,0x7a,0x83,0x82,0xc4,0x8a,0x20,0x30,0x6d,0xe5,
0x66,0xfd,0x66,0xfd,0xca,0xed,0xad,0xfe,0x86,0xfd,0x66,0xfd,0x87,0xfd,0x66,0xfd,
0x6b,0xfd,0xa0,0x89,0xe0,0xb2,0x07,0xfd,0x66,0xfd,0x45,0xfd,0x2f,0xd5,0x20,0x30,
0x67,0x00,0x4a,0x21,0x00,0x08,0x41,0x18,0x41,0x10,0x40,0x18,0xa4,0x82,0x63,0x82,
0x43,0x72,0x02,0x72,0xe2,0x61,0xc1,0x61,0xe2,0x59,0xa1,0x61,0xa2,0x59,0x81,0x59,
0x23,0x7a,0x43,0x72,0x42,0x7a,0x83,0x7a,0xa6,0x7a,0x00,0x20,0x65,0xfd,0xa7,0xfd,
0x86,0xfd,0xa6,0xfd,0x88,0xf5,0x8c,0xfe,0xad,0xfe,0xa9,0xed,0x65,0xfd,0x86,0xfd,
0x86,0xfd,0x86,0xfd,0x80,0xaa,0x49,0xfd,0x65,0xfd,0x66,0xfd,0x86,0xfd,0x66,0xfd,
0x24,0x00,0x69,0x19,0xc0,0xaa,0xaa,0xfd,0x66,0xfd,0x66,0xfd,0xa6,0xc3,0xe0,0x79,
0x00,0x28,0x86,0x72,0x22,0x7a,0x02,0x6a,0xe2,0x69,0xe2,0x61,0xa1,0x61,0xa1,0x59,
0x43,0x72,0x43,0x7a,0x63,0x7a,0x83,0x82,0xc7,0x7a,0x00,0x28,0x87,0xfd,0x66,0xfd,
0x87,0xfd,0x86,0xfd,0xb0,0xfe,0x8f,0xfe,0xad,0xfe,0x89,0xf5,0x86,0xfd,0x66,0xfd,
0x86,0xfd,0x66,0xfd,0x05,0xf5,0x87,0xfd,0x66,0xfd,0x66,0xfd,0x66,0xfd,0x45,0xfd,
0x8e,0xdd,0x00,0x30,0x67,0xfd,0x66,0xfd,0x86,0xfd,0x66,0xfd,0x87,0xfd,0x66,0xfd,
0x8e,0xe5,0x20,0x38,0x84,0x7a,0x22,0x7a,0x02,0x6a,0xe1,0x69,0xe2,0x61,0xc1,0x61,
0x43,0x7a,0x63,0x7a,0x62,0x8a,0xc4,0x8a,0x00,0x38,0x4d,0xe5,0x48,0xfd,0xa1,0xcb,
0x86,0xfd,0x86,0xfd,0x8e,0xfe,0xd0,0xfe,0x8c,0xfe,0xa9,0xed,0x66,0xfd,0x86,0xfd,
0x66,0xfd,0x66,0xfd,0x4a,0xfd,0x00,0x92,0x45,0xfd,0x66,0xfd,0x25,0xfd,0x25,0xfd,
0x05,0xfd,0xe5,0xfc,0x40,0x79,0x6c,0xf5,0x66,0xfd,0x66,0xfd,0x65,0xfd,0x66,0xfd,
0x46,0xfd,0x67,0xfd,0x20,0x28,0xa6,0x72,0x42,0x7a,0x01,0x72,0xe1,0x69,0xe2,0x69,
0x43,0x72,0x43,0x7a,0x86,0x7a,0x80,0x40,0x82,0xbb,0x49,0xfd,0x41,0xc3,0x28,0xfd,
0x66,0xfd,0x66,0xfd,0xca,0xed,0x8d,0xfe,0x8d,0xfe,0x89,0xf5,0x86,0xfd,0x66,0xfd,
0x87,0xfd,0x66,0xfd,0x6c,0xf5,0x60,0x79,0x46,0xfd,0x25,0xfd,0x07,0xfd,0x23,0xec,
0x26,0xfd,0x26,0xfd,0x40,0x48,0xec,0xe4,0xe6,0xe3,0xc1,0xc2,0x86,0xfd,0x45,0xfd,
0xa7,0xfd,0x66,0xfd,0x27,0xc4,0x40,0x92,0x43,0x7a,0x01,0x7a,0xe2,0x69,0xe1,0x71,
0x42,0x7a,0x63,0x7a,0x86,0x7a,0x20,0x28,0xa4,0xec,0x67,0xfd,0x20,0x9a,0x8b,0xfd,
0x86,0xfd,0x86,0xfd,0x86,0xfd,0xe8,0xfd,0xc7,0xfd,0xa7,0xfd,0x86,0xfd,0x86,0xfd,
0x86,0xfd,0xa7,0xfd,0x49,0xfd,0x60,0x9a,0x85,0xfc,0x06,0xfd,0xe6,0xfc,0x43,0xec,
0x64,0xf4,0xa5,0xfc,0x20,0x48,0x07,0xa3,0xa6,0xfd,0xa6,0xfd,0x65,0xfd,0x66,0xfd,
0x86,0xfd,0x86,0xfd,0x4a,0xf5,0xe0,0x81,0x62,0x8a,0x22,0x7a,0xe1,0x79,0xe2,0x71,
0x43,0x7a,0x43,0x82,0x43,0x51,0x00,0x30,0x66,0xfd,0x46,0xfd,0x00,0x92,0x6b,0xfd,
0xa7,0xfd,0x86,0xfd,0xa7,0xfd,0x86,0xfd,0xd2,0xf6,0x54,0xff,0xa7,0xfd,0x66,0xfd,
0xa9,0xf5,0xe6,0xe4,0x40,0x40,0xab,0xd4,0x00,0x79,0x69,0xec,0x07,0xfd,0x44,0xec,
0xc4,0xe3,0xe4,0xeb,0x60,0x40,0x2d,0xe5,0x66,0xfd,0x66,0xfd,0x66,0xfd,0x66,0xfd,
0x66,0xfd,0x66,0xfd,0x6e,0xe5,0x00,0x38,0x83,0x82,0x21,0x7a,0x02,0x72,0xe1,0x71,
0x42,0x82,0x63,0x82,0x20,0x48,0x2d,0xe5,0x25,0xfd,0x46,0xfd,0xe5,0xfc,0x88,0xfd,
0x86,0xfd,0xa6,0xfd,0xa6,0xfd,0x86,0xfd,0x34,0xff,0x55,0xff,0x25,0xfd,0x25,0xf5,
0x40,0x10,0x00,0x08,0x26,0xfd,0xe5,0xf4,0x80,0x60,0x8a,0xe4,0x44,0xfc,0x44,0xf4,
0xa4,0xe3,0xa4,0xdb,0x81,0xc3,0x89,0xfd,0x65,0xfd,0x86,0xfd,0x65,0xfd,0x66,0xfd,
0x65,0xfd,0x86,0xfd,0x6d,0xe5,0x20,0x38,0x62,0x8a,0x62,0x82,0x02,0x7a,0x02,0x72,
0x64,0x7a,0x63,0x82,0xc5,0xec,0x27,0xfd,0xc5,0xf4,0x06,0xfd,0xc6,0xf4,0x85,0xf4,
0xc7,0xfd,0x86,0xfd,0x20,0x20,0x53,0xee,0x16,0xf7,0x57,0xff,0x79,0xff,0x79,0xff,
0x4c,0xfe,0x68,0xf5,0x47,0xfd,0x83,0xec,0x00,0x38,0x2a,0xcc,0x25,0xec,0x04,0xf4,
0xa4,0xe3,0x63,0xe3,0x25,0xf5,0x66,0xfd,0x66,0xfd,0x66,0xfd,0x66,0xfd,0x46,0xfd,
0x66,0xfd,0x66,0xfd,0x68,0xec,0xc0,0xa1,0x20,0x28,0xa6,0x8a,0x43,0x7a,0x02,0x7a,
0x46,0x72,0x00,0x18,0xe4,0xfc,0x25,0xfd,0x64,0xf4,0xe6,0xfc,0x09,0xd4,0x20,0x50,
0x8f,0xdd,0x00,0x20,0x6c,0xe5,0x74,0xff,0x79,0xff,0x7a,0xff,0x59,0xff,0x9a,0xff,
0x79,0xff,0x9a,0xff,0xd1,0xfe,0xc9,0xd4,0x00,0x48,0xc9,0xc3,0x83,0xe3,0xa4,0xe3,
0xa9,0xc3,0x00,0x40,0x25,0xfd,0x66,0xfd,0x65,0xfd,0x66,0xfd,0x45,0xfd,0x66,0xfd,
0x46,0xfd,0xa4,0xec,0x06,0xec,0x60,0xb2,0x88,0xec,0xe0,0x91,0x82,0x92,0x21,0x7a,
0x26,0x6a,0x00,0x28,0xc7,0xfc,0x24,0xec,0xc5,0xf4,0xe5,0xfc,0x2b,0xcc,0x00,0x48,
0x26,0xfd,0x26,0xfd,0x58,0xff,0x78,0xff,0x21,0x18,0x20,0x20,0x40,0x18,0x7c,0xff,
0x9a,0xff,0x7a,0xff,0xf8,0xf6,0x00,0x39,0x6b,0x21,0xa7,0x08,0x00,0x18,0x21,0x28,
0x00,0x28,0x6c,0xc4,0x26,0xfd,0x25,0xfd,0x66,0xfd,0x45,0xfd,0x07,0xfd,0x84,0xf4,
0xa6,0xfc,0x44,0xf4,0x80,0xa2,0x2a,0xfd,0x65,0xf4,0x03,0xf4,0x20,0x30,0x25,0x72,
0x25,0x7a,0x20,0x30,0x45,0xfc,0xc3,0xe3,0x65,0xfc,0x44,0xf4,0x2a,0xd4,0x00,0x40,
0x02,0xe4,0x26,0xfd,0x7a,0xff,0x7a,0xff,0x3a,0xff,0x20,0x10,0x2d,0xa4,0x9b,0xff,
0x58,0xff,0xf2,0xe5,0x41,0x18,0x20,0x08,0x0f,0x32,0x6c,0x11,0x47,0x39,0x26,0x31,
0x43,0xd3,0xa4,0xdb,0x25,0xfd,0x66,0xfd,0x26,0xfd,0xc5,0xf4,0x89,0xf4,0x80,0x89,
0x60,0x89,0xc2,0x89,0x25,0xfd,0x46,0xfd,0x05,0xfd,0xa4,0xf4,0x20,0x30,0x05,0x6a,
0x26,0x62,0x00,0x18,0xe4,0xe3,0xa3,0xe3,0x45,0xf4,0xa3,0xe3,0xca,0xb3,0x00,0x38,
0x41,0x18,0x00,0x10,0xd7,0xee,0x58,0xff,0x7b,0xff,0x72,0xc5,0x41,0x08,0x61,0x10,
0x00,0x18,0x64,0x49,0x26,0xfd,0x05,0xfd,0x45,0x00,0xeb,0x31,0xed,0x29,0x46,0x00,
0xc6,0x92,0x80,0x50,0x04,0xe4,0x65,0xfc,0x66,0x8a,0x20,0x48,0xc7,0x7a,0x59,0xff,
0x7a,0xff,0x79,0xff,0xcf,0xfe,0x69,0xed,0x47,0xfd,0x84,0xf4,0x20,0x30,0x25,0x72,
0xe3,0x69,0x03,0x6a,0x81,0xb2,0xc6,0xd3,0xc5,0xe3,0x43,0xd3,0xbb,0xff,0x7a,0xff,
0x9b,0xff,0x9b,0xff,0xf9,0xf6,0x20,0x10,0x00,0x18,0xf3,0xb4,0x3a,0xff,0x7b,0xff,
0xd0,0xfe,0xab,0xed,0x66,0xfd,0x66,0xfd,0x4b,0xc4,0x00,0x30,0x0c,0x3a,0x24,0x00,
0x7a,0xff,0x9b,0xff,0x55,0xfe,0xa0,0x48,0x55,0xee,0x79,0xff,0x9a,0xff,0xbb,0xff,
0x7a,0xff,0xbb,0xff,0xcf,0xfe,0x2d,0xf6,0x26,0xfd,0x43,0xe4,0x00,0x28,0x46,0x6a,
0xe4,0x61,0xe3,0x69,0x67,0x62,0x00,0x20,0x20,0x10,0x20,0x18,0x7a,0xff,0x30,0xd5,
0x7b,0xff,0xd8,0xf6,0xfa,0xf6,0x00,0x18,0x7b,0xf7,0x9b,0xff,0x9b,0xff,0x9b,0xff,
0x97,0xff,0x72,0xee,0x47,0xfd,0xa4,0xf4,0xe8,0xd3,0x20,0x81,0x40,0x08,0x9d,0xff,
0x19,0xf7,0x7a,0xff,0xd8,0xfe,0x40,0x30,0x81,0x61,0x70,0xed,0x9b,0xff,0x9a,0xff,
0x9a,0xff,0x18,0xff,0xcf,0xfe,0x8a,0xed,0x29,0xfd,0xa3,0xd3,0x03,0x6a,0x23,0x72,
0xc3,0x61,0xe4,0x61,0xe3,0x69,0x25,0x72,0x26,0x62,0x20,0x20,0xaa,0xab,0x6e,0xbc,
0xf8,0xfe,0x56,0xee,0xb0,0xbc,0x00,0x18,0x39,0xff,0xbb,0xff,0x10,0xd5,0x79,0xff,
0x2f,0xfe,0xa9,0xdc,0x64,0xfc,0x84,0xf4,0x00,0x10,0x41,0x18,0x20,0x08,0xbe,0xff,
0x8e,0xc4,0x38,0xff,0x56,0xfe,0x40,0x30,0x7a,0xff,0x9b,0xff,0x78,0xff,0xd6,0xf6,
0x76,0xff,0x72,0xee,0x84,0xfc,0xc5,0xfc,0x8b,0xd4,0x00,0x30,0x43,0x7a,0x02,0x6a,
0xc4,0x59,0xc4,0x61,0xe4,0x59,0xe4,0x61,0x26,0x62,0x46,0x6a,0x68,0x62,0x88,0x6a,
0xca,0x6a,0x68,0x62,0x0a,0x73,0xe9,0x72,0x41,0x08,0x00,0x08,0x00,0x08,0x20,0x10,
0x20,0x18,0xc9,0x72,0xa7,0x7a,0x85,0x7a,0x25,0x62,0x25,0x6a,0x67,0x5a,0xe5,0x59,
0x27,0x52,0x68,0x62,0x20,0x10,0x5c,0xff,0x59,0xff,0xf2,0xe5,0x47,0xa3,0x94,0xfe,
0x2d,0xd5,0x00,0x30,0x03,0x41,0x20,0x28,0x00,0x18,0x46,0x6a,0x03,0x6a,0xe2,0x69,
0xa3,0x59,0xc4,0x59,0xc4,0x59,0xe4,0x59,0xe5,0x61,0x05,0x5a,0x26,0x62,0x67,0x62,
0x67,0x6a,0x88,0x6a,0x67,0x6a,0x68,0x62,0x88,0x72,0xc9,0x72,0xa8,0x72,0xc9,0x72,
0xa6,0x7a,0x86,0x72,0x65,0x72,0x45,0x6a,0x25,0x6a,0x25,0x62,0x26,0x62,0x67,0x62,
0x67,0x6a,0x88,0x6a,0xc9,0x72,0x64,0x39,0x64,0x49,0x84,0x41,0x41,0x10,0x61,0x08,
0x20,0x18,0x2a,0x73,0xe6,0x8a,0x85,0x72,0x23,0x72,0x23,0x6a,0xe2,0x69,0xe3,0x61,
0xa4,0x51,0x84,0x59,0xa4,0x51,0xa4,0x59,0xc5,0x51,0xc5,0x59,0xe6,0x59,0x06,0x62,
0x47,0x5a,0x26,0x62,0x47,0x5a,0x26,0x5a,0x47,0x5a,0x47,0x62,0x47,0x62,0x47,0x6a,
0x46,0x62,0x26,0x6a,0x46,0x62,0x05,0x62,0x05,0x62,0xe5,0x61,0x26,0x5a,0x06,0x62,
0x27,0x5a,0x26,0x62,0x47,0x62,0x67,0x6a,0xa8,0x6a,0x88,0x6a,0xa8,0x6a,0xa7,0x72,
0xa7,0x72,0x45,0x72,0x45,0x6a,0x24,0x6a,0x24,0x6a,0xe3,0x69,0xe3,0x61,0xc3,0x61,
0x00,0x00,0x00,0x00,0x00,0x00,0x00,0x00,0x00,0x00,0x00,0x00,0x00,0x00,0x00,0x00,
0x00,0x00,0x00,0x00,0x00,0x00,0x00,0x00,0x00,0x00,0x00,0x00,0x00,0x00,0x00,0x00,
0x00,0x00,0x00,0x00,0x00,0x00,0x00,0x00,0x00,0x00,0x00,0x00,0x00,0x00,0x00,0x00,
0x00,0x00,0x00,0x00,0x00,0x00,0x00,0x00,0x00,0x00,0x00,0x00,0x00,0x00,0x00,0x00,
0x00,0x00,0x00,0x00,0x00,0x00,0x00,0x00,0x00,0x00,0x00,0x00,0x00,0x00,0x00,0x00,
0x00,0x00,0x00,0x00,0x00,0x00,0x00,0x00,0x00,0x00,0x00,0x00,0x00,0x00,0x00,0x00,
0x00,0x00,0x00,0x00,0x00,0x00,0x00,0x00,0x00,0x00,0x00,0x00,0x00,0x00,0x00,0x00,
0x00,0x00,0x00,0x00,0x00,0x00,0x00,0x00,0x00,0x00,0x00,0x00,0x00,0x00,0x00,0x00,
0x00,0x00,0x00,0x00,0x00,0x00,0x00,0x00,0x00,0x00,0x00,0x00,0x00,0x00,0x00,0x00,
0x00,0x00,0x00,0x00,0x00,0x00,0x00,0x00,0x00,0x00,0x00,0x00,0x00,0x00,0x00,0x00,
0x00,0x00,0x00,0x00,0x00,0x00,0x00,0x00,0x00,0x00,0x00,0x00,0x00,0x00,0x00,0x00,
0x00,0x00,0x00,0x00,0x00,0x00,0x00,0x00,0x00,0x00,0x00,0x00,0x00,0x00,0x00,0x00,
0x00,0x00,0x00,0x00,0x00,0x00,0x00,0x00,0x00,0x00,0x00,0x00,0x00,0x00,0x00,0x00,
0x00,0x00,0x00,0x00,0x00,0x00,0x00,0x00,0x00,0x00,0x00,0x00,0x00,0x00,0x00,0x00,
0x00,0x00,0x00,0x00,0x00,0x00,0x00,0x00,0x00,0x00,0x00,0x00,0x00,0x00,0x00,0x00,
0x00,0x00,0x00,0x00,0x00,0x00,0x00,0x00,0x00,0x00,0x00,0x00,0x00,0x00,0x00,0x00,
0x00,0x00,0x00,0x00,0x00,0x00,0x00,0x00,0x00,0x00,0x00,0x00,0x00,0x00,0x00,0x00,
0x00,0x00,0x00,0x00,0x00,0x00,0x00,0x00,0x00,0x00,0x00,0x00,0x00,0x00,0x00,0x00,
0x00,0x00,0x00,0x00,0x00,0x00,0x00,0x00,0x00,0x00,0x00,0x00,0x00,0x00,0x00,0x00,
0x00,0x00,0x00,0x00,0x00,0x00,0x00,0x00,0x00,0x00,0x00,0x00,0x00,0x00,0x00,0x00,
0x00,0x00,0x00,0x00,0x00,0x00,0x00,0x00,0x00,0x00,0x00,0x00,0x00,0x00,0x00,0x00,
0x00,0x00,0x00,0x00,0x00,0x00,0x00,0x00,0x00,0x00,0x00,0x00,0x00,0x00,0x00,0x00,
0x00,0x00,0x00,0x00,0x00,0x00,0x00,0x00,0x00,0x00,0x00,0x00,0x00,0x00,0x00,0x00,
0x00,0x00,0x00,0x00,0x00,0x00,0x00,0x00,0x00,0x00,0x00,0x00,0x00,0x00,0x00,0x00,
0x00,0x00,0x00,0x00,0x00,0x00,0x00,0x00,0x00,0x00,0x00,0x00,0x00,0x00,0x00,0x00,
0x00,0x00,0x00,0x00,0x00,0x00,0x00,0x00,0x00,0x00,0x00,0x00,0x00,0x00,0x00,0x00,
0x00,0x00,0x00,0x00,0x00,0x00,0x00,0x00,0x00,0x00,0x00,0x00,0x00,0x00,0x00,0x00,
0x00,0x00,0x00,0x00,0x00,0x00,0x00,0x00,0x00,0x00,0x00,0x00,0x00,0x00,0x00,0x00,
0x00,0x00,0x00,0x00,0x00,0x00,0x00,0x00,0x00,0x00,0x00,0x00,0x00,0x00,0x00,0x00,
0x00,0x00,0x00,0x00,0x00,0x00,0x00,0x00,0x00,0x00,0x00,0x00,0x00,0x00,0x00,0x00,
0x00,0x00,0x00,0x00,0x00,0x00,0x00,0x00,0x00,0x00,0x00,0x00,0x00,0x00,0x00,0x00,
0x00,0x00,0x00,0x00,0x00,0x00,0x00,0x00,0x00,0x00,0x00,0x00,0x00,0x00,0x00,0x00,
0x00,0x00,0x00,0x00,0x00,0x00,0x00,0x00,0x00,0x00,0x00,0x00,0x00,0x00,0x00,0x00,
0x00,0x00,0x00,0x00,0x00,0x00,0x00,0x00,0x00,0x00,0x00,0x00,0x00,0x00,0x00,0x00,
0x00,0x00,0x00,0x00,0x00,0x00,0x00,0x00,0x00,0x00,0x00,0x00,0x00,0x00,0x00,0x00,
0x00,0x00,0x00,0x00,0x00,0x00,0x00,0x00,0x00,0x00,0x00,0x00,0x00,0x00,0x00,0x00,
0x00,0x00,0x00,0x00,0x00,0x00,0x00,0x00,0x00,0x00,0x00,0x00,0x00,0x00,0x00,0x00,
0x00,0x00,0x00,0x00,0x00,0x00,0x00,0x00,0x00,0x00,0x00,0x00,0x00,0x00,0x00,0x00,
0x00,0x00,0x00,0x00,0x00,0x00,0x00,0x00,0x00,0x00,0x00,0x00,0x00,0x00,0x00,0x00,
0x00,0x00,0x00,0x00,0x00,0x00,0x00,0x00,0x00,0x00,0x00,0x00,0x00,0x00,0x00,0x00,
0x00,0x00,0x00,0x00,0x00,0x00,0x00,0x00,0x00,0x00,0x00,0x00,0x00,0x00,0x00,0x00,
0x00,0x00,0x00,0x00,0x00,0x00,0x00,0x00,0x00,0x00,0x00,0x00,0x00,0x00,0x00,0x00,
0x00,0x00,0x00,0x00,0x00,0x00,0x00,0x00,0x00,0x00,0x00,0x00,0x00,0x00,0x00,0x00,
0x00,0x00,0x00,0x00,0x00,0x00,0x00,0x00,0x00,0x00,0x00,0x00,0x00,0x00,0x00,0x00,
0x00,0x00,0x00,0x00,0x00,0x00,0x00,0x00,0x00,0x00,0x00,0x00,0x00,0x00,0x00,0x00,
0x00,0x00,0x00,0x00,0x00,0x00,0x00,0x00,0x00,0x00,0x00,0x00,0x00,0x00,0x00,0x00,
0x00,0x00,0x00,0x00,0x00,0x00,0x00,0x00,0x00,0x00,0x00,0x00,0x00,0x00,0x00,0x00,
0x00,0x00,0x00,0x00,0x00,0x00,0x00,0x00,0x00,0x00,0x00,0x00,0x00,0x00,0x00,0x00,
0x00,0x00,0x00,0x00,0x00,0x00,0x00,0x00,0x00,0x00,0x00,0x00,0x00,0x00,0x00,0x00,
0x00,0x00,0x00,0x00,0x00,0x00,0x00,0x00,0x00,0x00,0x00,0x00,0x00,0x00,0x00,0x00,
0x00,0x00,0x00,0x00,0x00,0x00,0x00,0x00,0x00,0x00,0x00,0x00,0x00,0x00,0x00,0x00,
0x00,0x00,0x00,0x00,0x00,0x00,0x00,0x00,0x00,0x00,0x00,0x00,0x00,0x00,0x00,0x00,
0x00,0x00,0x00,0x00,0x00,0x00,0x00,0x00,0x00,0x00,0x00,0x00,0x00,0x00,0x00,0x00,
0x00,0x00,0x00,0x00,0x00,0x00,0x00,0x00,0x00,0x00,0x00,0x00,0x00,0x00,0x00,0x00,
0x00,0x00,0x00,0x00,0x00,0x00,0x00,0x00,0x00,0x00,0x00,0x00,0x00,0x00,0x00,0x00,
0x00,0x00,0x00,0x00,0x00,0x00,0x00,0x00,0x00,0x00,0x00,0x00,0x00,0x00,0x00,0x00,
0x00,0x00,0x00,0x00,0x00,0x00,0x00,0x00,0x00,0x00,0x00,0x00,0x00,0x00,0x00,0x00,
0x00,0x00,0x00,0x00,0x00,0x00,0x00,0x00,0x00,0x00,0x00,0x00,0x00,0x00,0x00,0x00,
0x00,0x00,0x00,0x00,0x00,0x00,0x00,0x00,0x00,0x00,0x00,0x00,0x00,0x00,0x00,0x00,
0x00,0x00,0x00,0x00,0x00,0x00,0x00,0x00,0x00,0x00,0x00,0x00,0x00,0x00,0x00,0x00,
0x00,0x00,0x00,0x00,0x00,0x00,0x00,0x00,0x00,0x00,0x00,0x00,0x00,0x00,0x00,0x00,
0x00,0x00,0x00,0x00,0x00,0x00,0x00,0x00,0x00,0x00,0x00,0x00,0x00,0x00,0x00,0x00,
0x00,0x00,0x00,0x00,0x00,0x00,0x00,0x00,0x00,0x00,0x00,0x00,0x00,0x00,0x00,0x00,
0x00,0x00,0x00,0x00,0x00,0x00,0x00,0x00,0x00,0x00,0x00,0x00,0x00,0x00,0x00,0x00,
0x00,0x00,0x00,0x00,0x00,0x00,0x00,0x00,0x00,0x00,0x00,0x00,0x00,0x00,0x00,0x00,
0x00,0x00,0x00,0x00,0x00,0x00,0x00,0x00,0x00,0x00,0x00,0x00,0x00,0x00,0x00,0x00,
0x00,0x00,0x00,0x00,0x00,0x00,0x00,0x00,0x00,0x00,0x00,0x00,0x00,0x00,0x00,0x00,
0x00,0x00,0x00,0x00,0x00,0x00,0x00,0x00,0x00,0x00,0x00,0x00,0x00,0x00,0x00,0x00,
0x00,0x00,0x00,0x00,0x00,0x00,0x00,0x00,0x00,0x00,0x00,0x00,0x00,0x00,0x00,0x00,
0x00,0x00,0x00,0x00,0x00,0x00,0x00,0x00,0x00,0x00,0x00,0x00,0x00,0x00,0x00,0x00,
0x00,0x00,0x00,0x00,0x00,0x00,0x00,0x00,0x00,0x00,0x00,0x00,0x00,0x00,0x00,0x00,
0x00,0x00,0x00,0x00,0x00,0x00,0x00,0x00,0x00,0x00,0x00,0x00,0x00,0x00,0x00,0x00,
0x00,0x00,0x00,0x00,0x00,0x00,0x00,0x00,0x00,0x00,0x00,0x00,0x00,0x00,0x00,0x00,
0x00,0x00,0x00,0x00,0x00,0x00,0x00,0x00,0x00,0x00,0x00,0x00,0x00,0x00,0x00,0x00,
0x00,0x00,0x00,0x00,0x00,0x00,0x00,0x00,0x00,0x00,0x00,0x00,0x00,0x00,0x00,0x00,
0x00,0x00,0x00,0x00,0x00,0x00,0x00,0x00,0x00,0x00,0x00,0x00,0x00,0x01,0x01,0x01,
0x01,0x01,0x00,0x00,0x00,0x00,0x00,0x00,0x00,0x00,0x00,0x00,0x00,0x00,0x00,0x00,
0x00,0x00,0x00,0x00,0x00,0x00,0x00,0x00,0x00,0x00,0x00,0x00,0x00,0x00,0x00,0x00,
0x00,0x00,0x00,0x00,0x4d,0xfb,0xfc,0xfc,0xfc,0xfb,0x3f,0x02,0x00,0x00,0x00,0x00,
0x00,0x00,0x00,0x00,0x00,0x00,0x00,0x00,0x00,0x00,0x00,0x00,0x00,0x00,0x00,0x00,
0x00,0x00,0x00,0x00,0x00,0x00,0x00,0x00,0x04,0x59,0xfd,0xfd,0xfe,0xfe,0xfe,0xfe,
0xfe,0xfe,0xfe,0xfd,0xbf,0x05,0x07,0xfa,0xfb,0xf5,0x00,0x00,0x00,0x00,0x00,0x00,
0x00,0x00,0x00,0x00,0x00,0x00,0x00,0x00,0x00,0x00,0x00,0x00,0x00,0x00,0x00,0x00,
0xf8,0xfc,0xfd,0xfe,0xfe,0xfe,0xfe,0xfe,0xfe,0xfe,0xfe,0xfe,0xfd,0xfa,0xfa,0xfc,
0xfc,0xf7,0x01,0x00,0x00,0x00,0x00,0x00,0x00,0x00,0x00,0x00,0x00,0x00,0x00,0x00,
0x00,0x00,0x00,0x00,0x00,0x00,0x06,0xfc,0xfd,0xfe,0xfe,0xfe,0xfe,0xfe,0xfe,0xfe,
0xfe,0xfe,0xfe,0xfe,0xfe,0xfe,0xfe,0xfe,0xfe,0x16,0x05,0x00,0x00,0x00,0x00,0x00,
0x00,0x00,0x00,0x00,0x00,0x00,0x00,0x00,0x00,0x00,0x00,0x00,0x00,0x00,0xf6,0xfd,
0xfe,0xfe,0xfe,0xfe,0xfe,0xfe,0xfe,0xfe,0xfe,0xfe,0xfe,0xfe,0xfe,0xfe,0xfe,0xfe,
0xfe,0xfd,0xfc,0xfc,0xfa,0xfb,0x00,0x01,0x00,0x00,0x00,0x00,0x00,0x00,0x00,0x00,
0x00,0x00,0x00,0x00,0x01,0xd7,0xfe,0xfe,0xfe,0xfe,0xfe,0xfe,0xfe,0xfe,0xfe,0xfe,
0xfe,0xfe,0xfe,0xfe,0xfe,0xfe,0xfe,0xfe,0xfe,0xfe,0xfe,0xfe,0xfe,0xfd,0xfd,0xfd,
0xf5,0x00,0x00,0x00,0x00,0x00,0x00,0x00,0x00,0x00,0x00,0x00,0x08,0xfd,0xfe,0xfe,
0xfe,0xfe,0xfe,0xfe,0xfe,0xfe,0xfe,0xfe,0xfe,0xfe,0xfe,0xfe,0xfe,0xfe,0xfe,0xfe,
0xfe,0xfe,0xfe,0xfe,0xfe,0xfe,0xfe,0xfe,0xfd,0xf0,0x00,0x00,0x00,0x00,0x00,0x00,
0x00,0x00,0x00,0x00,0xfc,0xfe,0xfe,0xfe,0xfe,0xfe,0xfe,0xfe,0xfe,0xfe,0xfe,0xfe,
0xfe,0xfe,0xfe,0xfe,0xfe,0xfe,0xfe,0xfe,0xfe,0xfe,0xfe,0xfe,0xfe,0xfe,0xfe,0xfe,
0xfe,0xfd,0xf8,0x00,0x00,0x00,0x00,0x00,0x00,0x00,0x01,0xa7,0xfd,0xfe,0xfe,0xfe,
0xfe,0xfe,0xfe,0xfe,0xfe,0xfe,0xfe,0xfe,0xfe,0xfe,0xfe,0xfe,0xfe,0xfe,0xfe,0xfe,
0xfe,0xfe,0xfe,0xfe,0xfe,0xfe,0xfe,0xfe,0xfe,0xfe,0xfd,0x11,0x01,0x00,0x00,0x00,
0x00,0x00,0x02,0xee,0xfd,0xfe,0xfe,0xfe,0xfe,0xfe,0xfe,0xfe,0xfe,0xfe,0xfe,0xfe,
0xfe,0xfe,0xfe,0xfe,0xfe,0xfe,0xfe,0xfe,0xfe,0xfe,0xfe,0xfe,0xfe,0xfe,0xfe,0xfe,
0xfe,0xfe,0xfe,0xb5,0x02,0x00,0x00,0x00,0x00,0x00,0xac,0xfa,0xfe,0xfe,0xfe,0xfe,
0xfe,0xfe,0xfe,0xfe,0xfe,0xfe,0xfe,0xfe,0xfe,0xfe,0xfe,0xfe,0xfe,0xfe,0xfe,0xfe,
0xfe,0xfe,0xfe,0xfe,0xfe,0xfe,0xfe,0xfe,0xfe,0xfe,0xfe,0xfd,0x0c,0x00,0x00,0x00,
0x00,0x00,0xfc,0xfe,0xfe,0xfe,0xfe,0xfe,0xfe,0xfe,0xfe,0xfe,0xfe,0xfe,0xfe,0xfe,
0xfe,0xfe,0xfe,0xfe,0xfe,0xfe,0xfe,0xfe,0xfe,0xfe,0xfe,0xfe,0xfe,0xfe,0xfe,0xfe,
0xfe,0xfe,0xfe,0xfe,0x18,0x00,0x00,0x00,0x00,0x01,0xfe,0xfe,0xfe,0xfe,0xfe,0xfe,
0xfe,0xfe,0xfe,0xfe,0xfe,0xfe,0xff,0xfe,0xfe,0xfe,0xfe,0xfe,0xfe,0xfe,0xfe,0xfe,
0xfe,0xfe,0xfe,0xfe,0xfe,0xfe,0xfe,0xfe,0xfe,0xfe,0xfe,0xfe,0xfd,0x0f,0x00,0x00,
0x01,0xf4,0xfe,0xfe,0xfe,0xfe,0xfe,0xfe,0xfe,0xfe,0xfe,0xfe,0xfe,0xfe,0xfe,0xfe,
0xfe,0xfe,0xfe,0xfe,0xfe,0xfe,0xfe,0xfe,0xfe,0xfe,0xfe,0xfe,0xfe,0xfe,0xfe,0xfe,
0xfe,0xfe,0xfe,0xfe,0xfe,0xfc,0x07,0x00,0x02,0xfb,0xfe,0xfe,0xfe,0xfe,0xfe,0xfe,
0xfe,0xfe,0xfe,0xfe,0xfe,0xfe,0xfe,0xfe,0xfe,0xfe,0xfe,0xfe,0xfe,0xfe,0xfe,0xfe,
0xfe,0xfe,0xfe,0xfe,0xfe,0xfe,0xfe,0xfe,0xfe,0xfe,0xfe,0xfe,0xfe,0xfd,0xfb,0x00,
0x01,0xfb,0xfe,0xfe,0xfe,0xfe,0xfe,0xfd,0xfe,0xfe,0xfe,0xfe,0xfe,0xfe,0xfe,0xfe,
0xfe,0xfe,0xfe,0xfe,0xfe,0xfe,0xfe,0xfe,0xfe,0xfe,0xfe,0xfe,0xfe,0xfe,0xfe,0xfe,
0xfe,0xfe,0xfe,0xfe,0xfe,0xfe,0xfd,0x00,0x00,0xfa,0xfd,0xfe,0xfe,0xfe,0xfe,0xfe,
0xfe,0xfe,0xfe,0xfe,0xfe,0xfe,0xfe,0xfe,0xfe,0xfe,0xfe,0xfe,0xfe,0xfe,0xfe,0xfe,
0xfe,0xfe,0xfe,0xfe,0xfe,0xfe,0xfe,0xfe,0xfe,0xfe,0xfe,0xfe,0xfe,0xfe,0xfd,0x00,
0x00,0x00,0xfb,0xfc,0xfe,0xfe,0xff,0xfe,0xfe,0xfe,0xfe,0xfe,0xfe,0xfe,0xfe,0xfe,
0xfe,0xfe,0xfe,0xfe,0xfe,0xfe,0xfe,0xff,0xfe,0xfe,0xfe,0xfe,0xfe,0xff,0xfe,0xfe,
0xfe,0xfe,0xfe,0xfe,0xfe,0xfe,0xfd,0x00,0x00,0x01,0x04,0xfa,0xfd,0xfe,0xfe,0xfe,
0xfe,0xfe,0xfe,0xfe,0xfe,0xfe,0xfe,0xfe,0xfe,0xfe,0xfe,0xfe,0xfe,0xfe,0xfe,0xfe,
0xfe,0xfe,0xfe,0xfe,0xfe,0xfe,0xfe,0xfe,0xfe,0xfe,0xfe,0xfe,0xfe,0xfd,0xa2,0x00,
0x00,0x00,0x00,0x00,0x02,0x84,0xfe,0xfe,0xfe,0xfe,0xfd,0xfc,0xfe,0xfe,0xfd,0xfe,
0xfd,0xfd,0xfd,0xfd,0xfb,0xb6,0xf9,0xfe,0xfe,0xfe,0xfe,0xfe,0xfe,0xfe,0xfe,0xfe,
0xfe,0xfe,0xfe,0xfe,0xfd,0xf3,0x01,0x00,0x00,0x00,0x00,0x00,0x01,0x01,0x4a,0x66,
0x57,0x5a,0x40,0x25,0xfc,0xfd,0xfd,0xfd,0xf4,0x54,0x3b,0x32,0x03,0x01,0x02,0x83,
0x70,0x61,0xfa,0xfd,0xfd,0xfe,0xfe,0xfe,0xfe,0xfe,0xfe,0xfd,0xfa,0x02,0x00,0x00,
0x00,0x00,0x00,0x00,0x00,0x00,0x00,0x00,0x00,0x00,0x00,0x00,0x00,0x00,0x00,0x00,
0x00,0x00,0x00,0x00,0x00,0x00,0x00,0x00,0x00,0x00,0x00,0x6e,0x96,0xb7,0xfb,0xfc,
0xfc,0x07,0x03,0x02,0x01,0x00,0x00,0x00,0x00,0x00,0x00,0x00,0x00,0x00,0x00,0x00,
0x00,0x00,0x00,0x00,0x00,0x00,0x00,0x00,0x00,0x00,0x00,0x00,0x00,0x00,0x00,0x00,
0x00,0x00,0x00,0x00,0x01,0x01,0x02,0x02,0x02,0x01,0x01,0x00,0x00,0x00,0x00,0x00,
0x00,0x00,0x00,0x00,0x00,0x00,0x00,0x00,0x00,0x00,0x00,0x00,0x00,0x00,0x00,0x00,
0x00,0x00,0x00,0x00,0x00,0x00,0x00,0x00,0x00,0x00,0x00,0x00,0x00,0x00,0x00,0x00,
0x00,0x00,0x00,0x00,0x00,0x00,0x00,0x00,0x00,0x00,0x00,0x00,0x00,0x00,0x00,0x00,
0x00,0x00,0x00,0x00,0x00,0x00,0x00,0x00,0x00,0x00,0x00,0x00,0x00,0x00,0x00,0x00,
0x00,0x00,0x00,0x00,0x00,0x00,0x00,0x00,0x00,0x00,0x00,0x00,0x00,0x00,0x00,0x00,
0x00,0x00,0x00,0x00,0x00,0x00,0x00,0x00,0x00,0x00,0x00,0x00,0x00,0x00,0x00,0x00,
0x00,0x00,0x00,0x00,0x00,0x00,0x00,0x00,0x00,0x00,0x00,0x00,0x00,0x00,0x00,0x00,
0x00,0x00,0x00,0x00,0x00,0x00,0x00,0x00,0x00,0x00,0x00,0x00,0x00,0x00,0x00,0x00,
0x00,0x00,0x00,0x00,0x00,0x00,0x00,0x00,0x00,0x00,0x00,0x00,0x00,0x00,0x00,0x00,
0x00,0x00,0x00,0x00,0x00,0x00,0x00,0x00,0x00,0x00,0x00,0x00,0x00,0x00,0x00,0x00,
0x00,0x00,0x00,0x00,0x00,0x00,0x00,0x00,0x00,0x00,0x00,0x00,0x00,0x00,0x00,0x00,
0x00,0x00,0x00,0x00,0x00,0x00,0x00,0x00,0x00,0x00,0x00,0x00,0x00,0x00,0x00,0x00,
0x00,0x00,0x00,0x00,0x00,0x00,0x00,0x00,0x00,0x00,0x00,0x00,0x00,0x00,0x00,0x00,
0x00,0x00,0x00,0x00,0x00,0x00,0x00,0x00,0x00,0x00,0x00,0x00,0x00,0x00,0x00,0x00,
0x00,0x00,0x00,0x00,0x00,0x00,0x00,0x00,0x00,0x00,0x00,0x00,0x00,0x00,0x00,0x00,
0x00,0x00,0x00,0x00,0x00,0x00,0x00,0x00,0x00,0x00,0x00,0x00,0x00,0x00,0x00,0x00,
0x00,0x00,0x00,0x00,0x00,0x00,0x00,0x00,0x00,0x00,0x00,0x00,0x00,0x00,0x00,0x00,
0x00,0x00,0x00,0x00,0x00,0x00,0x00,0x00,0x00,0x00,0x00,0x00,0x00,0x00,0x00,0x00,
0x00,0x00,0x00,0x00,0x00,0x00,0x00,0x00,0x00,0x00,0x00,0x00,0x00,0x00,0x00,0x00,
0x00,0x00,0x00,0x00,0x00,0x00,0x00,0x00,0x00,0x00,0x00,0x00,0x00,0x00,0x00,0x00,
0x00,0x00,0x00,0x00,0x00,0x00,0x00,0x00,0x00,0x00,0x00,0x00,0x00,0x00,0x00,0x00,
0x00,0x00,0x00,0x00,0x00,0x00,0x00,0x00,0x00,0x00,0x00,0x00,0x00,0x00,0x00,0x00,
0x00,0x00,0x00,0x00,0x00,0x00,0x00,0x00,0x00,0x00,0x00,0x00,0x00,0x00,0x00,0x00,
0x00,0x00,0x00,0x00,0x00,0x00,0x00,0x00,0x00,0x00,0x00,0x00,0x00,0x00,0x00,0x00,
0x00,0x00,0x00,0x00,0x00,0x00,0x00,0x00,0x00,0x00,0x00,0x00,0x00,0x00,0x00,0x00,

};
static const lv_image_dsc_t s_partner_amai_tired = {
    .header.magic = LV_IMAGE_HEADER_MAGIC,
    .header.cf = LV_COLOR_FORMAT_RGB565A8,
    .header.flags = 0,
    .header.w = 40,
    .header.h = 44,
    .header.stride = 80,
    .data_size = sizeof(s_partner_amai_tired_map),
    .data = s_partner_amai_tired_map,
};

static const LV_ATTRIBUTE_MEM_ALIGN LV_ATTRIBUTE_LARGE_CONST uint8_t s_partner_atuan_idle_map[] = {
0x00,0x00,0x00,0x00,0x00,0x00,0x00,0x00,0x00,0x10,0x64,0x39,0x22,0x49,0x43,0x49,
0x42,0x51,0x63,0x49,0x63,0x59,0x84,0x51,0x83,0x61,0xa4,0x61,0xa4,0x61,0xc5,0x61,
0xa4,0x59,0xa4,0x59,0xa4,0x59,0xc5,0x59,0xa4,0x61,0xc4,0x59,0xa4,0x61,0xc4,0x59,
0xa4,0x61,0xc5,0x61,0xa4,0x69,0xa4,0x61,0xa4,0x61,0x84,0x59,0x83,0x59,0x83,0x51,
0x63,0x59,0x63,0x51,0x84,0x49,0x00,0x08,0x00,0x00,0x00,0x00,0x00,0x00,0x00,0x00,
0x00,0x00,0x00,0x00,0x00,0x00,0x00,0x00,0x00,0x08,0x24,0x39,0x23,0x41,0x22,0x49,
0x43,0x49,0x43,0x51,0x64,0x51,0x84,0x59,0x00,0x00,0x00,0x08,0x00,0x00,0x20,0x08,
0xc5,0x59,0x84,0x59,0xa4,0x59,0xa4,0x59,0xa5,0x59,0xa4,0x59,0xa4,0x59,0xa4,0x61,
0x04,0x29,0x00,0x10,0x01,0x00,0x00,0x00,0x00,0x10,0xa5,0x51,0x84,0x51,0x63,0x59,
0x63,0x51,0x43,0x51,0x65,0x39,0x00,0x10,0x00,0x00,0x00,0x00,0x00,0x00,0x00,0x00,
0x00,0x00,0x00,0x00,0x00,0x00,0x00,0x00,0x00,0x10,0x44,0x31,0x02,0x49,0x22,0x41,
0x22,0x51,0x43,0x51,0x84,0x51,0x20,0x20,0x85,0xaa,0xa6,0xaa,0xa5,0xb2,0xc6,0xaa,
0x00,0x10,0xc6,0x51,0xa4,0x69,0xc4,0x61,0xa4,0x61,0xc4,0x61,0xa4,0x69,0xc4,0x61,
0x44,0x9a,0xc6,0xa2,0xc6,0xb2,0x85,0xa2,0x2a,0x9b,0x00,0x20,0x63,0x59,0x63,0x51,
0x43,0x51,0x63,0x51,0x64,0x41,0x00,0x08,0x00,0x00,0x00,0x00,0x00,0x00,0x00,0x00,
0x00,0x00,0x00,0x00,0x00,0x00,0x00,0x00,0x00,0x08,0x23,0x39,0x03,0x41,0x02,0x49,
0x23,0x49,0x23,0x51,0x00,0x20,0xc9,0x8a,0x45,0xa2,0x86,0xb2,0x05,0x92,0x86,0xaa,
0x00,0x00,0x00,0x00,0xe7,0xb2,0x85,0xaa,0xa6,0xa2,0x85,0xaa,0x2a,0x93,0x00,0x28,
0x66,0xa2,0x45,0xa2,0x6b,0xcb,0xa3,0x99,0xc7,0xaa,0x44,0xa2,0x00,0x10,0x64,0x49,
0x43,0x49,0x23,0x51,0x64,0x39,0x00,0x10,0x00,0x00,0x00,0x00,0x00,0x00,0x00,0x00,
0x00,0x00,0x00,0x00,0x00,0x00,0x00,0x00,0x00,0x10,0x44,0x31,0x02,0x49,0x22,0x49,
0x22,0x51,0x43,0x51,0x00,0x20,0xc9,0x82,0x0c,0xfc,0x2d,0xfc,0x4d,0xf4,0x66,0xb2,
0xc5,0xb2,0xe6,0xb2,0xc5,0xb2,0xa5,0xaa,0xc5,0xb2,0xa5,0xaa,0xa5,0xb2,0xa5,0xaa,
0xc6,0xb2,0x24,0x9a,0xec,0xfb,0x2d,0xfc,0x23,0x9a,0xc6,0xaa,0x00,0x10,0x85,0x41,
0x42,0x51,0x43,0x49,0x44,0x41,0x00,0x08,0x00,0x00,0x00,0x00,0x00,0x00,0x00,0x00,
0x00,0x00,0x00,0x00,0x00,0x00,0x00,0x00,0x00,0x08,0x03,0x39,0x02,0x41,0x02,0x49,
0x23,0x49,0x23,0x51,0x00,0x20,0x0a,0x93,0x0d,0xf4,0x0d,0xfc,0xa6,0xaa,0xc6,0xba,
0xc6,0xaa,0xc6,0xb2,0xc6,0xaa,0xa5,0xb2,0xa6,0xa2,0xa5,0xaa,0x85,0xa2,0x85,0xaa,
0xc6,0xaa,0x86,0xaa,0x4e,0xfc,0xec,0xfb,0x86,0xaa,0x45,0xa2,0x00,0x10,0x44,0x49,
0x43,0x49,0x22,0x51,0x45,0x39,0x00,0x10,0x00,0x00,0x00,0x00,0x00,0x00,0x00,0x00,
0x00,0x00,0x00,0x00,0x00,0x00,0x00,0x00,0x00,0x10,0x23,0x31,0x02,0x49,0x02,0x49,
0x02,0x51,0x43,0x49,0x22,0x61,0x84,0x69,0x24,0x9a,0x86,0xa2,0xa5,0xb2,0xc6,0xaa,
0xc5,0xb2,0xa5,0xaa,0x85,0xaa,0xa5,0xaa,0x85,0xaa,0xa5,0xaa,0x85,0xaa,0xa5,0xaa,
0x85,0xaa,0xa6,0xaa,0xa6,0xaa,0x24,0x92,0xa8,0x8a,0x00,0x20,0x43,0x59,0x23,0x51,
0x22,0x51,0x22,0x49,0x23,0x39,0x00,0x08,0x00,0x00,0x00,0x00,0x00,0x00,0x00,0x00,
0x00,0x00,0x00,0x00,0x00,0x00,0x00,0x00,0x00,0x08,0x03,0x31,0x02,0x41,0x02,0x49,
0x23,0x49,0x23,0x51,0x44,0x51,0xc1,0x40,0x86,0xa2,0x86,0xaa,0xc6,0xaa,0x85,0xaa,
0xc6,0xaa,0x85,0xaa,0x85,0xa2,0x85,0xaa,0x86,0xa2,0x85,0xaa,0x86,0xa2,0x65,0xaa,
0xa6,0xa2,0x86,0xaa,0xa6,0xa2,0x85,0xaa,0x00,0x18,0x85,0x51,0x23,0x49,0x02,0x51,
0x23,0x49,0x02,0x49,0x44,0x39,0x00,0x10,0x00,0x00,0x00,0x00,0x00,0x00,0x00,0x00,
0x00,0x00,0x00,0x00,0x00,0x00,0x00,0x00,0x00,0x10,0x24,0x31,0x02,0x49,0x02,0x49,
0x02,0x51,0x43,0x51,0x84,0x51,0x00,0x10,0xa5,0xaa,0xc6,0xaa,0xc5,0xb2,0xc6,0xaa,
0xa5,0xaa,0xa5,0xaa,0x85,0xaa,0x85,0xa2,0xa5,0xaa,0xc6,0xaa,0xa5,0xaa,0xc6,0xaa,
0x85,0xaa,0xc6,0xaa,0xa5,0xb2,0xc6,0xaa,0x46,0x82,0x40,0x38,0x22,0x59,0x22,0x51,
0x22,0x51,0x22,0x49,0x23,0x39,0x00,0x08,0x00,0x00,0x00,0x00,0x00,0x00,0x00,0x00,
0x00,0x00,0x00,0x00,0x00,0x00,0x00,0x00,0x00,0x08,0x03,0x39,0x02,0x41,0x02,0x49,
0x23,0x49,0x23,0x51,0x00,0x18,0xc9,0x8a,0xa6,0xa2,0xa6,0xaa,0xc6,0xaa,0xa6,0xaa,
0xc0,0x58,0xa7,0x9a,0xc6,0xaa,0x85,0xaa,0x86,0xa2,0x86,0xaa,0x86,0xa2,0x86,0xaa,
0x25,0x92,0x86,0xaa,0xa6,0xaa,0x85,0xaa,0xc9,0x82,0x00,0x20,0x63,0x59,0x02,0x51,
0x23,0x49,0x02,0x49,0x24,0x31,0x00,0x10,0x00,0x00,0x00,0x00,0x00,0x00,0x00,0x00,
0x00,0x00,0x00,0x00,0x00,0x00,0x00,0x00,0x00,0x10,0x24,0x39,0x02,0x49,0x02,0x49,
0x22,0x51,0x63,0x51,0x00,0x30,0x2a,0x93,0xc5,0xb2,0xa5,0xaa,0xc8,0x9a,0x00,0x30,
0x00,0x38,0xc9,0x92,0xa6,0xb2,0x85,0xa2,0xa5,0xaa,0x85,0x9a,0xa8,0x92,0x00,0x30,
0x00,0x30,0xc9,0x92,0x85,0xaa,0xa6,0xaa,0xa7,0xa2,0xc0,0x60,0x43,0x59,0x22,0x49,
0x02,0x51,0x02,0x49,0x23,0x39,0x00,0x08,0x00,0x00,0x00,0x00,0x00,0x00,0x00,0x00,
0x00,0x00,0x00,0x00,0x00,0x00,0x00,0x00,0x00,0x08,0x03,0x39,0x02,0x41,0x02,0x49,
0x03,0x49,0x43,0x51,0xa6,0xaa,0xc6,0xb2,0xa6,0xaa,0x85,0xaa,0xa8,0x9a,0x80,0x60,
0x00,0x38,0xea,0xa2,0x8e,0xf5,0xae,0xfd,0x6d,0xf5,0x6d,0xfd,0xc9,0x9a,0x00,0x40,
0x00,0x38,0xa9,0x92,0xa6,0xa2,0x85,0xaa,0x86,0xa2,0x45,0xa2,0x00,0x18,0x24,0x49,
0x03,0x49,0xe2,0x48,0x24,0x31,0x00,0x10,0x00,0x00,0x00,0x00,0x00,0x00,0x00,0x00,
0x00,0x00,0x00,0x00,0x00,0x00,0x00,0x00,0x00,0x10,0x24,0x39,0x02,0x49,0x02,0x49,
0x02,0x51,0x63,0x51,0xc6,0xb2,0xa6,0xaa,0x85,0xaa,0xa6,0xaa,0x85,0xaa,0xa6,0xaa,
0x83,0xa2,0x90,0xfd,0x91,0xed,0x00,0x38,0x00,0x30,0xf3,0xed,0x4e,0xfd,0xc4,0xaa,
0x45,0xa2,0x86,0xaa,0x85,0xaa,0x86,0xa2,0xc6,0xaa,0x24,0x92,0x00,0x18,0x44,0x39,
0x02,0x49,0x02,0x41,0x03,0x39,0x00,0x08,0x00,0x00,0x00,0x00,0x00,0x00,0x00,0x00,
0x00,0x00,0x00,0x00,0x00,0x00,0x00,0x00,0x00,0x08,0x03,0x39,0x02,0x41,0x02,0x49,
0x23,0x49,0x23,0x51,0x04,0x92,0xa6,0xb2,0x86,0xaa,0x65,0xaa,0x86,0xa2,0x86,0xaa,
0xae,0xfd,0x6d,0xfd,0x8e,0xfd,0x4d,0xfd,0x00,0x20,0xb2,0xe5,0x8d,0xfd,0x4c,0xfd,
0x86,0xa2,0x86,0xaa,0x86,0xa2,0x65,0xa2,0xc7,0xaa,0xc3,0x91,0x00,0x10,0x24,0x41,
0x03,0x41,0xe2,0x48,0x24,0x31,0x00,0x10,0x00,0x00,0x00,0x00,0x00,0x00,0x00,0x00,
0x00,0x00,0x00,0x00,0x00,0x00,0x00,0x00,0x00,0x10,0x24,0x39,0x01,0x49,0x22,0x49,
0x02,0x51,0x43,0x51,0x00,0x20,0x68,0x72,0x85,0xaa,0x86,0xaa,0x65,0xaa,0x86,0xa2,
0x8d,0xfd,0x8d,0xfd,0x00,0x20,0x35,0xe6,0x81,0x18,0x41,0x08,0x6d,0xfd,0x6d,0xfd,
0x85,0xaa,0xa6,0xaa,0x65,0xaa,0x86,0xa2,0x88,0x7a,0x00,0x20,0x22,0x51,0x22,0x49,
0x02,0x49,0x02,0x49,0x23,0x39,0x00,0x08,0x00,0x00,0x00,0x00,0x00,0x00,0x00,0x00,
0x00,0x00,0x00,0x00,0x00,0x00,0x00,0x00,0x00,0x08,0x04,0x39,0x02,0x49,0x02,0x49,
0x22,0x49,0x22,0x51,0x64,0x49,0x60,0x30,0x05,0x92,0xa7,0xaa,0x86,0xa2,0x86,0xaa,
0xc5,0xaa,0x2e,0xfd,0x6e,0xfd,0x2d,0xfd,0x6e,0xfd,0x2c,0xfd,0x6f,0xfd,0x4a,0xdc,
0x66,0x9a,0x66,0xa2,0xa7,0xaa,0x04,0x9a,0x89,0x7a,0x00,0x20,0x23,0x49,0x02,0x49,
0x03,0x41,0x02,0x49,0x24,0x31,0x00,0x10,0x00,0x00,0x00,0x00,0x00,0x00,0x00,0x00,
0x00,0x00,0x00,0x00,0x00,0x00,0x00,0x00,0x00,0x10,0x44,0x39,0x02,0x51,0x22,0x49,
0x22,0x51,0x42,0x49,0x42,0x51,0x63,0x51,0x01,0x69,0x47,0x8a,0x45,0xa2,0xa6,0xaa,
0x66,0xaa,0x25,0x9a,0xae,0xfd,0x6d,0xfd,0x4c,0xfd,0x8d,0xfd,0x27,0xbb,0xa6,0xa2,
0x65,0xaa,0x86,0xaa,0xc5,0x89,0xa4,0x79,0x00,0x20,0x64,0x49,0x02,0x51,0x22,0x49,
0x02,0x51,0x22,0x49,0x43,0x39,0x00,0x08,0x00,0x00,0x00,0x00,0x00,0x00,0x00,0x00,
0x00,0x00,0x00,0x00,0x00,0x00,0x00,0x00,0x00,0x08,0x24,0x39,0x22,0x49,0x22,0x51,
0x23,0x49,0x22,0x51,0x65,0x41,0x00,0x18,0x00,0x28,0x69,0xc4,0x03,0x69,0xe6,0x89,
0x26,0x92,0x25,0x9a,0x86,0xa2,0x45,0xa2,0x25,0x92,0x45,0x9a,0x46,0x9a,0xc4,0x91,
0xa5,0x79,0x85,0x79,0x8b,0xbc,0x00,0x30,0x00,0x10,0x64,0x49,0x23,0x49,0x02,0x51,
0x23,0x49,0x02,0x49,0x44,0x39,0x00,0x10,0x00,0x00,0x00,0x00,0x00,0x00,0x00,0x00,
0x00,0x00,0x00,0x00,0x00,0x00,0x00,0x00,0x00,0x10,0x44,0x39,0x02,0x51,0x43,0x51,
0x22,0x51,0x63,0x59,0x00,0x28,0x68,0x7a,0xa0,0x50,0x8a,0xcc,0x88,0xec,0xa0,0x89,
0xa4,0x89,0xe5,0x81,0xa4,0x89,0xc5,0x81,0x84,0x81,0xa5,0x79,0xa4,0x81,0xa5,0x79,
0x00,0x69,0xc6,0x9a,0x8a,0xcc,0x00,0x30,0x68,0x7a,0x00,0x20,0x42,0x59,0x42,0x51,
0x22,0x51,0x22,0x49,0x43,0x41,0x00,0x10,0x00,0x00,0x00,0x00,0x00,0x00,0x00,0x00,
0x00,0x00,0x00,0x00,0x00,0x00,0x00,0x00,0x00,0x08,0x44,0x39,0x23,0x49,0x22,0x51,
0x85,0x41,0x00,0x10,0xa6,0xa2,0xa6,0xaa,0xe3,0x71,0xc3,0x79,0x8e,0xd5,0x00,0x20,
0x45,0x9a,0x66,0xa2,0x67,0x9a,0x83,0x89,0xa4,0x81,0x26,0x9a,0x25,0x92,0x45,0x9a,
0x60,0x40,0x0c,0xe5,0x0b,0xed,0xc0,0x89,0x86,0xa2,0xa6,0xaa,0x00,0x10,0x64,0x49,
0x23,0x51,0x02,0x51,0x44,0x39,0x00,0x10,0x00,0x00,0x00,0x00,0x00,0x00,0x00,0x00,
0x00,0x00,0x00,0x00,0x00,0x00,0x00,0x00,0x00,0x10,0x64,0x39,0x22,0x51,0x63,0x51,
0xe0,0x58,0xc8,0x92,0xc6,0xb2,0xc6,0xaa,0xe9,0x9a,0x00,0x30,0xae,0xe5,0x00,0x20,
0x45,0xa2,0x86,0xa2,0x65,0xa2,0x25,0x9a,0x45,0x9a,0x45,0x92,0x25,0x9a,0x66,0x9a,
0x40,0x40,0x8d,0xe5,0x00,0x20,0x48,0x72,0xa5,0xb2,0xa5,0xaa,0x67,0x7a,0x00,0x20,
0x43,0x59,0x22,0x51,0x43,0x41,0x00,0x10,0x00,0x00,0x00,0x00,0x00,0x00,0x00,0x00,
0x00,0x00,0x00,0x00,0x00,0x00,0x00,0x00,0x00,0x08,0x44,0x41,0x43,0x51,0x63,0x59,
0x00,0x20,0xe9,0x8a,0xa6,0xa2,0x86,0xaa,0x48,0x7a,0x00,0x30,0x04,0xd4,0xe3,0xd3,
0x41,0x20,0x20,0x20,0x41,0x18,0x20,0x20,0x41,0x10,0x20,0x18,0x41,0x18,0x00,0x18,
0x60,0x71,0xa8,0xe4,0x00,0x20,0x07,0x72,0xc6,0xaa,0xa5,0xaa,0xe9,0x8a,0x00,0x28,
0x63,0x59,0x02,0x51,0x64,0x39,0x00,0x10,0x00,0x00,0x00,0x00,0x00,0x00,0x00,0x00,
0x00,0x00,0x00,0x00,0x00,0x00,0x00,0x00,0x00,0x10,0x64,0x41,0x64,0x49,0x00,0x10,
0x44,0x9a,0xc6,0xaa,0x85,0xaa,0xa6,0xaa,0xe6,0x71,0x00,0x28,0xa6,0xfd,0x24,0xf5,
0x85,0xfd,0xa6,0xfd,0x65,0xfd,0x85,0xfd,0x65,0xfd,0x85,0xfd,0x85,0xfd,0x85,0xfd,
0x24,0xf5,0x08,0xfe,0x84,0xaa,0x02,0x92,0x85,0xaa,0xa6,0xaa,0xa6,0xb2,0x85,0xa2,
0x00,0x10,0x64,0x41,0x43,0x41,0x00,0x10,0x00,0x00,0x00,0x00,0x00,0x00,0x00,0x00,
0x00,0x00,0x00,0x00,0x00,0x00,0x00,0x00,0x00,0x08,0x64,0x41,0x85,0x49,0x00,0x10,
0xc6,0xaa,0x85,0xaa,0xa6,0xa2,0x65,0xa2,0x27,0x6a,0x00,0x28,0x02,0xd4,0xa4,0xf4,
0x03,0xd4,0xa1,0xd3,0xc2,0xcb,0xa1,0xd3,0xc2,0xcb,0xa2,0xcb,0xc2,0xcb,0xa2,0xcb,
0xc4,0xec,0x21,0xdc,0x00,0x20,0x27,0x72,0x66,0xa2,0x85,0xaa,0x86,0xa2,0x65,0xa2,
0x46,0x8a,0x22,0x69,0x65,0x39,0x00,0x10,0x00,0x00,0x00,0x00,0x00,0x00,0x00,0x00,
0x00,0x00,0x00,0x00,0x00,0x00,0x00,0x00,0x00,0x10,0x85,0x41,0x21,0x69,0xc8,0x9a,
0xa5,0xb2,0xc6,0xaa,0xc7,0xaa,0xe4,0x89,0xc6,0x69,0x00,0x20,0x65,0xfd,0x85,0xfd,
0x64,0xfd,0x64,0xfd,0x64,0xfd,0x64,0xfd,0x64,0xfd,0x64,0xfd,0x64,0xfd,0x85,0xfd,
0x64,0xfd,0x85,0xfd,0x00,0x28,0xc6,0x61,0x03,0x9a,0xa6,0xaa,0x85,0xaa,0x85,0xa2,
0x25,0x92,0x42,0x69,0x64,0x49,0x00,0x10,0x00,0x00,0x00,0x00,0x00,0x00,0x00,0x00,
0x00,0x00,0x00,0x00,0x00,0x00,0x00,0x00,0x00,0x08,0x65,0x49,0x00,0x18,0x0a,0x93,
0xc6,0xaa,0x85,0xaa,0xa7,0xaa,0x25,0x9a,0x40,0x30,0x4d,0xe5,0x65,0xfd,0x64,0xfd,
0x65,0xfd,0x44,0xfd,0x65,0xfd,0x44,0xfd,0x65,0xfd,0x44,0xfd,0x65,0xfd,0x44,0xfd,
0x45,0xfd,0x65,0xfd,0xae,0xdd,0x00,0x28,0x02,0x69,0xa8,0xa2,0xa6,0xa2,0x65,0xaa,
0xe9,0x8a,0x00,0x20,0x65,0x41,0x00,0x10,0x00,0x00,0x00,0x00,0x00,0x00,0x00,0x00,
0x00,0x00,0x00,0x00,0x00,0x00,0x00,0x00,0x00,0x10,0x85,0x41,0x00,0x28,0x2a,0x93,
0xc5,0xb2,0xa5,0xaa,0xc7,0xaa,0xe0,0x68,0xc2,0xf4,0x45,0xfd,0x85,0xfd,0x85,0xfd,
0x64,0xfd,0x65,0xfd,0x64,0xfd,0x64,0xfd,0x64,0xfd,0x64,0xfd,0x64,0xfd,0x65,0xfd,
0x64,0xfd,0x64,0xfd,0x24,0xfd,0xe3,0xf4,0xe1,0x68,0xc8,0xa2,0x85,0xaa,0x86,0xa2,
0xa8,0x8a,0x00,0x28,0x64,0x41,0x00,0x10,0x00,0x00,0x00,0x00,0x00,0x00,0x00,0x00,
0x00,0x00,0x00,0x00,0x00,0x00,0x00,0x00,0x00,0x08,0x64,0x41,0x00,0x20,0x2a,0x93,
0xc6,0xaa,0x85,0xaa,0xe9,0x8a,0x00,0x28,0x65,0xfd,0x44,0xfd,0x66,0xfd,0x41,0xe4,
0x21,0xb3,0x00,0xb3,0x01,0xb3,0xe0,0xb2,0x01,0xb3,0x01,0xbb,0x21,0xb3,0x00,0xbb,
0x60,0xbb,0x26,0xfd,0x45,0xfd,0x44,0xfd,0x00,0x28,0x88,0x8a,0xa6,0xa2,0x65,0xaa,
0xa9,0x82,0x00,0x28,0x65,0x39,0x00,0x10,0x00,0x00,0x00,0x00,0x00,0x00,0x00,0x00,
0x00,0x00,0x00,0x00,0x00,0x00,0x00,0x00,0x00,0x10,0x65,0x41,0x00,0x20,0x2a,0x8b,
0xa5,0xb2,0xc6,0xaa,0x63,0xa2,0x84,0x9a,0x44,0xfd,0x65,0xfd,0x46,0xfd,0xc0,0xcb,
0x64,0xfd,0x85,0xfd,0x64,0xfd,0x84,0xfd,0x84,0xfd,0x85,0xfd,0xa4,0xfd,0xa5,0xfd,
0x82,0xec,0x45,0xfd,0x44,0xfd,0x65,0xfd,0xc6,0xd3,0x40,0x9a,0x85,0xaa,0x86,0xa2,
0x88,0x8a,0x00,0x28,0x44,0x41,0x00,0x10,0x00,0x00,0x00,0x00,0x00,0x00,0x00,0x00,
0x00,0x00,0x00,0x00,0x00,0x00,0x00,0x00,0x00,0x08,0x24,0x39,0x00,0x18,0xe7,0x69,
0xc6,0xaa,0x85,0xaa,0xc1,0x81,0x67,0xbb,0x45,0xfd,0x65,0xfd,0x68,0xf5,0x20,0xb3,
0x45,0xfd,0x24,0xfd,0x45,0xfd,0x24,0xfd,0x45,0xfd,0x45,0xfd,0x25,0xf5,0x24,0xfd,
0x22,0xd4,0x46,0xfd,0x65,0xfd,0x24,0xfd,0x28,0xd4,0x20,0x9a,0xe5,0x89,0x25,0x9a,
0x28,0x6a,0x00,0x20,0x64,0x39,0x00,0x10,0x00,0x00,0x00,0x00,0x00,0x00,0x00,0x00,
0x00,0x00,0x00,0x00,0x00,0x00,0x00,0x00,0x00,0x10,0x44,0x39,0x60,0x48,0xa5,0x69,
0xe5,0x91,0x84,0x79,0x00,0x28,0x8b,0xbc,0x44,0xfd,0x85,0xfd,0x46,0xfd,0x40,0xb3,
0x24,0xfd,0x45,0xfd,0x44,0xfd,0x45,0xfd,0x24,0xfd,0x65,0xfd,0x24,0xfd,0x65,0xfd,
0x21,0xdc,0x87,0xfd,0x24,0xfd,0x44,0xfd,0x8a,0xcc,0x20,0x38,0x23,0x71,0x85,0x71,
0xa4,0x69,0x02,0x51,0x23,0x39,0x00,0x08,0x00,0x00,0x00,0x00,0x00,0x00,0x00,0x00,
0x00,0x00,0x00,0x00,0x00,0x00,0x00,0x00,0x00,0x08,0x03,0x39,0x24,0x31,0x00,0x10,
0x00,0x10,0x04,0x41,0x00,0x20,0x6a,0xbc,0x45,0xfd,0x24,0xfd,0x65,0xfd,0xa3,0xec,
0x45,0xfd,0x25,0xfd,0x65,0xfd,0x45,0xfd,0x45,0xfd,0x24,0xfd,0x45,0xfd,0x24,0xfd,
0xc0,0xa2,0x27,0xfd,0x25,0xf5,0x24,0xfd,0x6b,0xbc,0x00,0x28,0x41,0x10,0x00,0x10,
0x20,0x18,0x43,0x41,0x44,0x39,0x00,0x10,0x00,0x00,0x00,0x00,0x00,0x00,0x00,0x00,
0x00,0x00,0x00,0x00,0x00,0x00,0x00,0x00,0x00,0x10,0x23,0x31,0xe2,0x48,0x02,0x41,
0x42,0x51,0x42,0x51,0x00,0x28,0x8a,0xbc,0x44,0xfd,0x45,0xfd,0x44,0xfd,0x44,0xfd,
0x40,0xbb,0x46,0xf5,0x44,0xfd,0x65,0xfd,0x44,0xfd,0x44,0xfd,0x47,0xfd,0xe0,0xaa,
0x45,0xfd,0x45,0xfd,0x44,0xfd,0x45,0xfd,0x6a,0xc4,0x00,0x28,0x64,0xc3,0xa0,0x81,
0x00,0x18,0x64,0x41,0x43,0x39,0x00,0x08,0x00,0x00,0x00,0x00,0x00,0x00,0x00,0x00,
0x00,0x00,0x00,0x00,0x00,0x00,0x00,0x00,0x00,0x08,0x03,0x31,0xe2,0x38,0xe2,0x40,
0x02,0x41,0x22,0x49,0x00,0x28,0x8b,0xc4,0x24,0xf5,0x24,0xfd,0x45,0xfd,0x44,0xfd,
0x27,0xf5,0x00,0xb3,0x22,0xb3,0x21,0xbb,0x42,0xb3,0x41,0xbb,0xa1,0xc3,0x06,0xfd,
0x25,0xf5,0x24,0xfd,0x45,0xf5,0x45,0xfd,0xac,0xc4,0x00,0x30,0xe0,0x81,0xe9,0xec,
0x2b,0xdd,0xe0,0x58,0x64,0x39,0x00,0x10,0x00,0x00,0x00,0x00,0x00,0x00,0x00,0x00,
0x00,0x00,0x00,0x00,0x00,0x00,0x00,0x00,0x00,0x10,0x03,0x31,0xe1,0x40,0xe2,0x38,
0xe1,0x48,0x43,0x49,0x44,0x51,0x20,0x20,0xc3,0xf4,0x65,0xfd,0x44,0xfd,0x65,0xfd,
0x24,0xfd,0x45,0xfd,0x44,0xfd,0x45,0xfd,0x24,0xfd,0x45,0xfd,0x24,0xfd,0x24,0xfd,
0x44,0xfd,0x24,0xfd,0x65,0xfd,0x24,0xf5,0x00,0x28,0xa5,0x59,0x00,0x28,0x2c,0xcd,
0x20,0x18,0x63,0x39,0x43,0x39,0x00,0x08,0x00,0x00,0x00,0x00,0x00,0x00,0x00,0x00,
0x00,0x00,0x00,0x00,0x00,0x00,0x00,0x00,0x00,0x08,0xe3,0x30,0xe2,0x38,0xc1,0x38,
0xe2,0x38,0x02,0x49,0xe3,0x50,0x65,0x69,0x41,0x10,0x00,0x10,0x80,0x40,0x29,0xbc,
0x86,0xfd,0x65,0xfd,0x45,0xf5,0x25,0xfd,0x25,0xf5,0x24,0xfd,0x66,0xfd,0x45,0xfd,
0x82,0x20,0x00,0x10,0x00,0x10,0xa5,0x51,0x64,0x71,0xc5,0x81,0x20,0x00,0x00,0x08,
0x20,0x18,0x23,0x41,0x44,0x31,0x00,0x10,0x00,0x00,0x00,0x00,0x00,0x00,0x00,0x00,
0x00,0x00,0x00,0x00,0x00,0x00,0x00,0x00,0x00,0x10,0x03,0x29,0xc1,0x40,0xe2,0x38,
0xe1,0x40,0x02,0x41,0x00,0x20,0x68,0x72,0x25,0x9a,0xe4,0x89,0xa5,0x81,0x85,0x79,
0x61,0x38,0x82,0x30,0x61,0x38,0x82,0x38,0x40,0x28,0x81,0x28,0x20,0x30,0x03,0x49,
0x64,0x79,0xc5,0x81,0xa4,0x81,0xe5,0x89,0x05,0x92,0x42,0x71,0xc0,0x38,0x22,0x41,
0x21,0x49,0x21,0x41,0x23,0x39,0x00,0x08,0x00,0x00,0x00,0x00,0x00,0x00,0x00,0x00,
0x00,0x00,0x00,0x00,0x00,0x00,0x00,0x00,0x00,0x08,0xe3,0x30,0xe2,0x30,0xc2,0x38,
0xe2,0x38,0xe2,0x40,0x00,0x20,0xc9,0x8a,0x86,0xa2,0x45,0xa2,0x46,0x92,0xa3,0x81,
0xc5,0x81,0xc5,0x89,0xe7,0x61,0x00,0x20,0x00,0x18,0xa6,0x59,0xc5,0x81,0xc5,0x89,
0xe5,0x81,0xa4,0x81,0x25,0x92,0x24,0x9a,0xa9,0x7a,0x00,0x20,0x02,0x41,0xe1,0x40,
0x02,0x39,0xe1,0x40,0x03,0x29,0x00,0x08,0x00,0x00,0x00,0x00,0x00,0x00,0x00,0x00,
0x00,0x00,0x00,0x00,0x00,0x00,0x00,0x00,0x00,0x10,0xe3,0x28,0xc1,0x38,0xe2,0x38,
0xe1,0x40,0x02,0x41,0x43,0x49,0x81,0x30,0x45,0xa2,0x45,0x9a,0x85,0xa2,0x65,0x9a,
0x46,0x9a,0xc4,0x81,0x06,0x6a,0x00,0x18,0x64,0x49,0x00,0x10,0xc4,0x89,0xc5,0x81,
0x65,0xaa,0x66,0xa2,0x65,0xaa,0x65,0xa2,0xa8,0x82,0x00,0x20,0x01,0x49,0xe1,0x40,
0xe1,0x40,0x02,0x39,0x02,0x31,0x00,0x08,0x00,0x00,0x00,0x00,0x00,0x00,0x00,0x00,
0x00,0x00,0x00,0x00,0x00,0x00,0x00,0x00,0x00,0x08,0xc2,0x28,0xc2,0x30,0xc1,0x38,
0xe2,0x38,0xe2,0x40,0x44,0x39,0x00,0x10,0xc4,0x81,0x26,0x92,0x86,0x9a,0x65,0xa2,
0x46,0x92,0xa3,0x89,0x00,0x10,0xe3,0x38,0x03,0x41,0x81,0x38,0xa1,0x50,0x68,0x92,
0x86,0xa2,0x45,0xa2,0x25,0x92,0x25,0x9a,0xa6,0x51,0x00,0x20,0x02,0x41,0xc1,0x40,
0xe2,0x30,0xc1,0x38,0xe3,0x28,0x00,0x08,0x00,0x00,0x00,0x00,0x00,0x00,0x00,0x00,
0x00,0x00,0x00,0x00,0x00,0x00,0x00,0x00,0x00,0x08,0xe2,0x20,0xc1,0x38,0xc2,0x30,
0xc1,0x38,0xe2,0x38,0x40,0x30,0x67,0x72,0xa5,0xb2,0xc6,0xaa,0x65,0xaa,0xa6,0xaa,
0x45,0xa2,0xe4,0x89,0x00,0x10,0x24,0x31,0xe2,0x40,0x03,0x41,0x60,0x48,0x88,0x8a,
0x65,0xaa,0x86,0xa2,0x85,0xaa,0x65,0x9a,0x09,0x9b,0x00,0x28,0x02,0x49,0xe2,0x38,
0xc1,0x38,0xc1,0x30,0xc2,0x28,0x00,0x08,0x00,0x00,0x00,0x00,0x00,0x00,0x00,0x00,
0x00,0x00,0x00,0x00,0x00,0x00,0x00,0x00,0x00,0x08,0xc2,0x28,0xa2,0x30,0xa1,0x30,
0xc2,0x30,0xc2,0x38,0x00,0x18,0xa9,0x82,0x25,0x92,0x86,0xa2,0x80,0x50,0xc9,0xa2,
0xc7,0xaa,0x24,0x9a,0x00,0x10,0x04,0x39,0xe3,0x38,0xe2,0x40,0x40,0x38,0x88,0x8a,
0xa6,0xaa,0x86,0xaa,0x86,0xa2,0x86,0xa2,0x04,0x92,0xa6,0xb2,0x03,0x39,0xc1,0x38,
0xc2,0x30,0xa1,0x30,0xc3,0x20,0x00,0x08,0x00,0x00,0x00,0x00,0x00,0x00,0x00,0x00,
0x00,0x00,0x00,0x00,0x00,0x00,0x00,0x00,0x00,0x08,0xc2,0x20,0xa1,0x30,0xc1,0x30,
0xa1,0x38,0xe2,0x30,0x03,0x31,0x00,0x10,0x00,0x08,0x00,0x00,0x00,0x08,0x20,0x00,
0x00,0x08,0x20,0x00,0xe2,0x40,0x03,0x39,0xe2,0x40,0x03,0x41,0x00,0x00,0x20,0x00,
0x00,0x08,0x20,0x00,0x00,0x08,0x20,0x08,0x00,0x00,0x00,0x00,0xc1,0x38,0xc1,0x30,
0xc1,0x38,0xc1,0x30,0xc2,0x28,0x00,0x08,0x00,0x00,0x00,0x00,0x00,0x00,0x00,0x00,
0x00,0x00,0x00,0x00,0x00,0x00,0x00,0x00,0x00,0x08,0xa2,0x20,0xa1,0x28,0xa1,0x30,
0xa2,0x28,0xa1,0x30,0xc2,0x30,0xa2,0x38,0xe2,0x38,0x02,0x49,0x03,0x49,0x02,0x49,
0x03,0x41,0xe2,0x40,0xe2,0x38,0xc2,0x38,0xe2,0x38,0xe2,0x40,0xe2,0x38,0x02,0x41,
0x03,0x49,0x02,0x49,0x23,0x49,0xe2,0x48,0x03,0x39,0xc2,0x40,0xc2,0x30,0xa1,0x30,
0xc1,0x28,0xa1,0x30,0xc2,0x20,0x00,0x08,0x00,0x00,0x00,0x00,0x00,0x00,0x00,0x00,
0x00,0x00,0x00,0x00,0x00,0x00,0x00,0x00,0x00,0x00,0x00,0x00,0x01,0x03,0x02,0x01,
0x00,0x00,0x00,0x00,0x00,0x00,0x00,0x00,0x00,0x02,0x04,0x02,0x01,0x00,0x00,0x00,
0x00,0x00,0x00,0x00,0x00,0x00,0x00,0x00,0x00,0x00,0x00,0x00,0x00,0x00,0x00,0x00,
0x00,0x00,0x00,0x01,0xfc,0xfc,0xfc,0xfb,0x04,0x00,0x00,0x00,0x00,0x00,0x00,0x00,
0x1f,0xfb,0xfc,0xfc,0xfd,0x01,0x00,0x00,0x00,0x00,0x00,0x00,0x00,0x00,0x00,0x00,
0x00,0x00,0x00,0x00,0x00,0x00,0x00,0x00,0x00,0x00,0x06,0xfd,0xfd,0xfe,0xfe,0xfe,
0xfc,0x0d,0x08,0x08,0x0a,0x09,0x05,0x07,0xfd,0xfe,0xfe,0xfe,0xfd,0xfb,0x02,0x00,
0x00,0x00,0x00,0x00,0x00,0x00,0x00,0x00,0x00,0x00,0x00,0x00,0x00,0x00,0x00,0x00,
0x00,0x00,0xfc,0xfe,0xfe,0xfe,0xfe,0xfe,0xfd,0xfd,0xfd,0xfd,0xfd,0xfd,0xfd,0xfd,
0xfe,0xfe,0xfe,0xfe,0xfe,0xfe,0xee,0x00,0x00,0x00,0x00,0x00,0x00,0x00,0x00,0x00,
0x00,0x00,0x00,0x00,0x00,0x00,0x00,0x00,0x00,0x00,0xff,0xfe,0xfe,0xfe,0xfe,0xfe,
0xfe,0xfe,0xfe,0xfe,0xfe,0xfe,0xfd,0xfe,0xfe,0xfe,0xfe,0xfe,0xfe,0xfe,0xfd,0x00,
0x00,0x00,0x00,0x00,0x00,0x00,0x00,0x00,0x00,0x00,0x00,0x00,0x00,0x00,0x00,0x00,
0x00,0x00,0xfe,0xfe,0xfe,0xfe,0xfe,0xfe,0xfe,0xfe,0xfe,0xfe,0xfe,0xfe,0xfe,0xfe,
0xfe,0xfe,0xfe,0xfe,0xfe,0xfd,0xf9,0x00,0x00,0x00,0x00,0x00,0x00,0x00,0x00,0x00,
0x00,0x00,0x00,0x00,0x00,0x00,0x00,0x00,0x00,0x00,0x3c,0xfd,0xfe,0xfe,0xfe,0xfe,
0xfe,0xfe,0xfe,0xfe,0xfe,0xfe,0xfe,0xfe,0xfe,0xfe,0xfe,0xfe,0xfe,0xfd,0x01,0x00,
0x00,0x00,0x00,0x00,0x00,0x00,0x00,0x00,0x00,0x00,0x00,0x00,0x00,0x00,0x00,0x00,
0x00,0x00,0x02,0xd9,0xfe,0xfe,0xfe,0xfe,0xfe,0xfe,0xfe,0xfe,0xfe,0xfe,0xfe,0xfe,
0xfe,0xfe,0xfe,0xfe,0xfe,0x06,0x00,0x00,0x00,0x00,0x00,0x00,0x00,0x00,0x00,0x00,
0x00,0x00,0x00,0x00,0x00,0x00,0x00,0x00,0x00,0x00,0x02,0xfc,0xfe,0xfe,0xfe,0xfe,
0xfe,0xfe,0xfe,0xfe,0xfe,0xfe,0xfe,0xfe,0xfe,0xfe,0xfe,0xfe,0xfe,0xab,0x00,0x00,
0x00,0x00,0x00,0x00,0x00,0x00,0x00,0x00,0x00,0x00,0x00,0x00,0x00,0x00,0x00,0x00,
0x00,0x00,0xfb,0xfd,0xfe,0xfe,0xfe,0xfe,0xfe,0xfe,0xfe,0xfe,0xfe,0xfe,0xfe,0xfe,
0xfe,0xfe,0xfe,0xfe,0xfe,0xfb,0x00,0x00,0x00,0x00,0x00,0x00,0x00,0x00,0x00,0x00,
0x00,0x00,0x00,0x00,0x00,0x00,0x00,0x00,0x00,0x01,0xfd,0xfe,0xfe,0xfe,0xfe,0xfe,
0xfe,0xfe,0xfe,0xfe,0xfe,0xfe,0xfe,0xfe,0xfe,0xfe,0xfd,0xfe,0xfe,0xfd,0x4a,0x00,
0x00,0x00,0x00,0x00,0x00,0x00,0x00,0x00,0x00,0x00,0x00,0x00,0x00,0x00,0x00,0x00,
0x00,0x04,0xfd,0xfe,0xfe,0xfe,0xfe,0xfe,0xfe,0xfe,0xfe,0xfe,0xfe,0xfe,0xfe,0xfe,
0xfe,0xfe,0xfe,0xfe,0xfe,0xfe,0xfd,0x00,0x00,0x00,0x00,0x00,0x00,0x00,0x00,0x00,
0x00,0x00,0x00,0x00,0x00,0x00,0x00,0x00,0x00,0x04,0xfd,0xfe,0xfd,0xfe,0xfe,0xfe,
0xfe,0xfe,0xfe,0xfe,0xfe,0xff,0xfe,0xfe,0xfe,0xfe,0xfd,0xfe,0xfe,0xfe,0xfd,0x00,
0x00,0x00,0x00,0x00,0x00,0x00,0x00,0x00,0x00,0x00,0x00,0x00,0x00,0x00,0x00,0x00,
0x00,0x02,0xfd,0xfe,0xfe,0xfe,0xfe,0xfe,0xfe,0xfe,0xfe,0xfe,0xfe,0xfe,0xfe,0xfe,
0xfe,0xfe,0xfe,0xfe,0xfe,0xfe,0xfc,0x00,0x00,0x00,0x00,0x00,0x00,0x00,0x00,0x00,
0x00,0x00,0x00,0x00,0x00,0x00,0x00,0x00,0x00,0x01,0xfd,0xfd,0xfe,0xfe,0xfe,0xfe,
0xfe,0xfe,0xfe,0xfe,0xfe,0xfe,0xfe,0xfe,0xfe,0xfe,0xfe,0xfe,0xfe,0xfd,0x03,0x00,
0x00,0x00,0x00,0x00,0x00,0x00,0x00,0x00,0x00,0x00,0x00,0x00,0x00,0x00,0x00,0x00,
0x00,0x00,0x20,0xfc,0xfe,0xfe,0xfe,0xfe,0xfe,0xfe,0xfe,0xfe,0xfe,0xfe,0xfe,0xfe,
0xfe,0xfe,0xfe,0xfe,0xfd,0xdf,0x01,0x00,0x00,0x00,0x00,0x00,0x00,0x00,0x00,0x00,
0x00,0x00,0x00,0x00,0x00,0x00,0x00,0x00,0x00,0x00,0x01,0x79,0xfe,0xfe,0xfe,0xfe,
0xfe,0xfe,0xfe,0xfe,0xfe,0xfe,0xfe,0xfe,0xfe,0xfe,0xfe,0xfe,0xf7,0x02,0x01,0x00,
0x00,0x00,0x00,0x00,0x00,0x00,0x00,0x00,0x00,0x00,0x00,0x00,0x00,0x00,0x00,0x00,
0x00,0x00,0x01,0xf5,0xfe,0xfe,0xfe,0xfe,0xfe,0xfe,0xfe,0xfe,0xfe,0xfe,0xfe,0xfe,
0xfe,0xfe,0xfe,0xfe,0xfb,0x01,0x01,0x00,0x00,0x00,0x00,0x00,0x00,0x00,0x00,0x00,
0x00,0x00,0x00,0x00,0x00,0x00,0x00,0x00,0x00,0x00,0xf6,0xfd,0xfe,0xfe,0xfe,0xfe,
0xfe,0xfe,0xfe,0xfe,0xfe,0xfe,0xfe,0xfe,0xff,0xff,0xff,0xfe,0xfd,0xfd,0x02,0x00,
0x00,0x00,0x00,0x00,0x00,0x00,0x00,0x00,0x00,0x00,0x00,0x00,0x00,0x00,0x00,0x00,
0x00,0xf8,0xfd,0xfe,0xfe,0xfe,0xfe,0xfe,0xfe,0xfe,0xfe,0xfe,0xfe,0xfe,0xfe,0xfe,
0xfe,0xfe,0xfe,0xfe,0xfe,0xfd,0xf9,0x00,0x00,0x00,0x00,0x00,0x00,0x00,0x00,0x00,
0x00,0x00,0x00,0x00,0x00,0x00,0x00,0x00,0x5f,0xfd,0xfd,0xfe,0xfe,0xfe,0xfe,0xfe,
0xfe,0xfe,0xfe,0xfe,0xfe,0xfe,0xfe,0xfe,0xfe,0xfe,0xfe,0xfe,0xfe,0xfe,0xfd,0x9e,
0x01,0x00,0x00,0x00,0x00,0x00,0x00,0x00,0x00,0x00,0x00,0x00,0x00,0x00,0x00,0x02,
0xfc,0xfd,0xfe,0xfe,0xfe,0xfe,0xfe,0xfe,0xfe,0xfe,0xfe,0xfe,0xfe,0xfe,0xfe,0xfe,
0xfe,0xfe,0xfe,0xfe,0xfe,0xfe,0xfd,0xfc,0x02,0x00,0x00,0x00,0x00,0x00,0x00,0x00,
0x00,0x00,0x00,0x00,0x00,0x00,0x00,0xf6,0xfd,0xfe,0xfe,0xfe,0xfe,0xfe,0xff,0xfe,
0xfe,0xfe,0xfe,0xfe,0xfe,0xfe,0xfe,0xfe,0xfe,0xfe,0xfe,0xfe,0xfe,0xfe,0xfd,0xfe,
0xfb,0x00,0x00,0x00,0x00,0x00,0x00,0x00,0x00,0x00,0x00,0x00,0x00,0x00,0x00,0xfb,
0xfd,0xfe,0xfe,0xfe,0xfe,0xfe,0xfe,0xfe,0xfe,0xfe,0xfe,0xfe,0xfe,0xfe,0xfe,0xfe,
0xfe,0xfe,0xfe,0xfe,0xfe,0xfe,0xfe,0xfe,0xfc,0x03,0x00,0x00,0x00,0x00,0x00,0x00,
0x00,0x00,0x00,0x00,0x00,0x00,0x22,0xfd,0xfe,0xfe,0xfe,0xfe,0xfe,0xfe,0xfe,0xfe,
0xfe,0xfe,0xfe,0xfe,0xfe,0xfe,0xfe,0xfe,0xfe,0xfe,0xfe,0xfe,0xfe,0xfe,0xfe,0xfe,
0xfd,0x06,0x01,0x00,0x00,0x00,0x00,0x00,0x00,0x00,0x00,0x00,0x00,0x00,0xfb,0xfe,
0xfe,0xfe,0xfe,0xfe,0xfe,0xfe,0xfe,0xfe,0xfe,0xfe,0xfe,0xfe,0xfe,0xfe,0xfe,0xfe,
0xfe,0xfe,0xfe,0xfe,0xfe,0xfe,0xfe,0xfd,0xfd,0xfa,0x01,0x00,0x00,0x00,0x00,0x00,
0x00,0x00,0x00,0x00,0x00,0x00,0xfc,0xfe,0xfe,0xfe,0xfe,0xfe,0xfe,0xfe,0xfe,0xfe,
0xfe,0xfe,0xfe,0xfe,0xfe,0xfe,0xfe,0xfe,0xfe,0xfe,0xfe,0xfe,0xfe,0xfe,0xfe,0xfe,
0xfd,0xfc,0x01,0x00,0x00,0x00,0x00,0x00,0x00,0x00,0x00,0x00,0x00,0x00,0xfd,0xfe,
0xfe,0xfe,0xfe,0xfe,0xfe,0xfe,0xfe,0xfe,0xfe,0xfe,0xfe,0xfe,0xfe,0xfe,0xfe,0xfe,
0xfe,0xfe,0xfe,0xfe,0xfe,0xfe,0xfe,0xfe,0xfd,0xfc,0x01,0x00,0x00,0x00,0x00,0x00,
0x00,0x00,0x00,0x00,0x00,0x01,0xfd,0xfe,0xfe,0xfe,0xfe,0xfe,0xfe,0xfe,0xfe,0xfe,
0xfe,0xfe,0xfe,0xfe,0xfe,0xfe,0xfe,0xfe,0xfe,0xfe,0xfe,0xfe,0xfe,0xfd,0xfe,0xfe,
0xfe,0xfc,0x00,0x00,0x00,0x00,0x00,0x00,0x00,0x00,0x00,0x00,0x00,0x01,0xfd,0xfe,
0xfe,0xfe,0xfe,0xfe,0xfe,0xfe,0xfe,0xfe,0xfe,0xfe,0xfe,0xfe,0xfe,0xfe,0xfe,0xfe,
0xfe,0xfe,0xfe,0xfe,0xfe,0xfe,0xfd,0xfd,0xfd,0xfb,0x00,0x00,0x00,0x00,0x00,0x00,
0x00,0x00,0x00,0x00,0x00,0x01,0x64,0xfd,0xfe,0xfe,0xfe,0xfe,0xfe,0xfe,0xfe,0xfe,
0xfe,0xfe,0xfe,0xfe,0xfe,0xfe,0xfe,0xfe,0xfe,0xfe,0xfe,0xfe,0xfe,0xfe,0xfe,0xfd,
0xfd,0x10,0x00,0x00,0x00,0x00,0x00,0x00,0x00,0x00,0x00,0x00,0x00,0x00,0x01,0xfe,
0xfe,0xfe,0xfd,0xfe,0xfe,0xfe,0xfe,0xfe,0xfe,0xfe,0xfe,0xfe,0xfe,0xfe,0xfe,0xfe,
0xfe,0xfe,0xfe,0xfe,0xfe,0xfe,0xfe,0xfe,0xf0,0x01,0x00,0x00,0x00,0x00,0x00,0x00,
0x00,0x00,0x00,0x00,0x00,0x00,0x00,0x00,0x01,0x03,0xfe,0xfe,0xfe,0xfe,0xfe,0xfe,
0xfe,0xfe,0xfe,0xfe,0xfe,0xfe,0xfe,0xfe,0xfe,0xfe,0xfe,0xfe,0xfe,0xfe,0xfe,0xfe,
0xf8,0x00,0x00,0x00,0x00,0x00,0x00,0x00,0x00,0x00,0x00,0x00,0x00,0x00,0x00,0x00,
0x00,0x03,0xfd,0xfe,0xfe,0xfe,0xfe,0xfe,0xfe,0xfe,0xfe,0xfe,0xfe,0xfe,0xfe,0xfe,
0xfe,0xfe,0xfe,0xfe,0xfe,0xfe,0xfe,0xfe,0xfd,0x45,0x00,0x00,0x00,0x00,0x00,0x00,
0x00,0x00,0x00,0x00,0x00,0x00,0x00,0x00,0x00,0x05,0xfd,0xfe,0xfe,0xfe,0xfe,0xfe,
0xfe,0xfe,0xfe,0xfe,0xfe,0xfe,0xfe,0xfe,0xfe,0xfe,0xfe,0xfe,0xfe,0xfe,0xfe,0xfe,
0xfd,0x10,0x00,0x00,0x00,0x00,0x00,0x00,0x00,0x00,0x00,0x00,0x00,0x00,0x00,0x00,
0x00,0x04,0xfc,0xfe,0xfe,0xfe,0xfe,0xfe,0xfe,0xfe,0xfe,0xfe,0xfe,0xfe,0xfe,0xfe,
0xfe,0xfe,0xfe,0xfe,0xfe,0xfe,0xf2,0xfa,0xca,0x00,0x00,0x00,0x00,0x00,0x00,0x00,
0x00,0x00,0x00,0x00,0x00,0x00,0x00,0x00,0x00,0x00,0xfb,0xfd,0xfe,0xfe,0xfe,0xfe,
0xfe,0xfe,0xfe,0xfe,0xfe,0xfe,0xfe,0xfe,0xfe,0xfe,0xfe,0xfe,0xfe,0xfe,0x28,0x00,
0x00,0x00,0x00,0x00,0x00,0x00,0x00,0x00,0x00,0x00,0x00,0x00,0x00,0x00,0x00,0x00,
0x00,0x00,0xfa,0xfd,0xfe,0xfe,0xfe,0xfe,0xfe,0xfe,0xfe,0xfd,0xfd,0xfe,0xfe,0xfe,
0xfe,0xfe,0xfe,0xfe,0xfe,0xfe,0x02,0x00,0x00,0x00,0x00,0x00,0x00,0x00,0x00,0x00,
0x00,0x00,0x00,0x00,0x00,0x00,0x00,0x00,0x00,0x00,0x11,0xfd,0xfe,0xfe,0xfe,0xfe,
0xfe,0xfe,0xfd,0xf9,0x02,0xfd,0xfe,0xfe,0xfe,0xfe,0xfe,0xfe,0xfe,0xfc,0x01,0x00,
0x00,0x00,0x00,0x00,0x00,0x00,0x00,0x00,0x00,0x00,0x00,0x00,0x00,0x00,0x00,0x00,
0x00,0x00,0x03,0xfd,0xfe,0xfe,0xfe,0xfe,0xfe,0xfe,0xfd,0x02,0x00,0x74,0xfd,0xfe,
0xfe,0xfe,0xfe,0xfe,0xfe,0xf8,0x01,0x00,0x00,0x00,0x00,0x00,0x00,0x00,0x00,0x00,
0x00,0x00,0x00,0x00,0x00,0x00,0x00,0x00,0x00,0x00,0xc1,0xfd,0xfe,0xfe,0xfe,0xfe,
0xfe,0xfe,0xfc,0x01,0x00,0x03,0xfd,0xfe,0xfe,0xfe,0xfe,0xfe,0xfe,0xfe,0x01,0x00,
0x00,0x00,0x00,0x00,0x00,0x00,0x00,0x00,0x00,0x00,0x00,0x00,0x00,0x00,0x00,0x00,
0x00,0x01,0xfb,0xfd,0xfe,0xfe,0xfe,0xfe,0xfe,0xfd,0xfb,0x00,0x00,0x01,0xfc,0xfe,
0xfe,0xfe,0xfe,0xfe,0xfe,0xfd,0x05,0x00,0x00,0x00,0x00,0x00,0x00,0x00,0x00,0x00,
0x00,0x00,0x00,0x00,0x00,0x00,0x00,0x00,0x00,0x00,0x2c,0xfe,0xfe,0xfe,0xfe,0xfe,
0xfe,0xfd,0x61,0x01,0x00,0x00,0xd2,0xfe,0xfe,0xff,0xfe,0xfe,0xfe,0xfb,0x01,0x00,
0x00,0x00,0x00,0x00,0x00,0x00,0x00,0x00,0x00,0x00,0x00,0x00,0x00,0x00,0x00,0x00,
0x00,0x00,0x00,0x03,0x04,0x04,0x04,0x03,0x03,0x03,0x00,0x00,0x00,0x00,0x00,0x04,
0x04,0x03,0x03,0x03,0x03,0x01,0x00,0x00,0x00,0x00,0x00,0x00,0x00,0x00,0x00,0x00,

};
static const lv_image_dsc_t s_partner_atuan_idle = {
    .header.magic = LV_IMAGE_HEADER_MAGIC,
    .header.cf = LV_COLOR_FORMAT_RGB565A8,
    .header.flags = 0,
    .header.w = 40,
    .header.h = 44,
    .header.stride = 80,
    .data_size = sizeof(s_partner_atuan_idle_map),
    .data = s_partner_atuan_idle_map,
};

static const LV_ATTRIBUTE_MEM_ALIGN LV_ATTRIBUTE_LARGE_CONST uint8_t s_partner_atuan_work_map[] = {
0x00,0x00,0x00,0x00,0x00,0x00,0x00,0x00,0x00,0x00,0x00,0x00,0x83,0x51,0xa4,0x51,
0xa4,0x51,0xc5,0x51,0xa4,0x59,0xc5,0x51,0xa4,0x59,0xa4,0x51,0xa4,0x61,0xc4,0x59,
0xa3,0x61,0xc4,0x61,0xa3,0x61,0xa4,0x59,0x83,0x59,0xa4,0x59,0xa3,0x59,0xa4,0x59,
0xa3,0x61,0xc4,0x59,0xa3,0x59,0xc4,0x59,0xa4,0x61,0xc5,0x59,0xa4,0x59,0xc4,0x59,
0xa4,0x59,0xa4,0x51,0x00,0x00,0x00,0x00,0x00,0x00,0x00,0x00,0x00,0x00,0x00,0x00,
0x00,0x00,0x00,0x00,0x00,0x00,0x00,0x00,0x00,0x00,0x00,0x00,0x84,0x49,0x64,0x51,
0x84,0x49,0x84,0x51,0x84,0x51,0x84,0x51,0x84,0x51,0x84,0x59,0xc6,0x49,0x00,0x10,
0x63,0x61,0xa4,0x69,0xe7,0x59,0x00,0x18,0x84,0x51,0x83,0x59,0x84,0x51,0x63,0x59,
0x84,0x59,0x83,0x59,0xa4,0x59,0xa4,0x59,0xa5,0x59,0xa4,0x59,0xa4,0x51,0x84,0x59,
0x84,0x51,0x64,0x51,0x00,0x00,0x00,0x00,0x00,0x00,0x00,0x00,0x00,0x00,0x00,0x00,
0x00,0x00,0x00,0x00,0x00,0x00,0x00,0x00,0x00,0x00,0x00,0x00,0x63,0x51,0x63,0x49,
0x63,0x51,0x84,0x51,0x83,0x51,0xa4,0x51,0x63,0x59,0x84,0x51,0x84,0x59,0xc1,0x38,
0xc6,0xb2,0xc6,0xaa,0x85,0xaa,0xa5,0xa2,0x00,0x10,0xc6,0x51,0x83,0x61,0xa3,0x59,
0x63,0x59,0xa4,0x59,0xa3,0x61,0xe4,0x61,0xc4,0x61,0xc4,0x59,0x83,0x59,0x84,0x51,
0x63,0x51,0x83,0x51,0x00,0x00,0x00,0x00,0x00,0x00,0x00,0x00,0x00,0x00,0x00,0x00,
0x00,0x00,0x00,0x00,0x00,0x00,0x00,0x00,0x00,0x00,0x00,0x00,0x63,0x49,0x43,0x49,
0x64,0x49,0x63,0x51,0x64,0x49,0x63,0x51,0x63,0x51,0x63,0x59,0x00,0x20,0xc9,0x8a,
0x66,0xaa,0x8e,0xf4,0xe4,0x91,0x86,0xaa,0x00,0x00,0x20,0x08,0x21,0x08,0x20,0x08,
0xa4,0x59,0xa4,0x61,0x00,0x20,0x09,0x93,0x86,0x9a,0x65,0xa2,0x00,0x10,0x85,0x49,
0x64,0x49,0x43,0x51,0x00,0x00,0x00,0x00,0x00,0x00,0x00,0x00,0x00,0x00,0x00,0x00,
0x00,0x00,0x00,0x00,0x00,0x00,0x00,0x00,0x00,0x00,0x00,0x00,0x42,0x49,0x63,0x49,
0x42,0x51,0x63,0x49,0x63,0x51,0x63,0x49,0x62,0x51,0x83,0x51,0x00,0x28,0x09,0x8b,
0xec,0xfb,0x2d,0xfc,0x4d,0xf4,0xa7,0xba,0xc5,0xba,0xe6,0xb2,0xa5,0xb2,0xe6,0xb2,
0x29,0x9b,0x00,0x28,0xa5,0xb2,0xc6,0xaa,0x23,0x9a,0xc6,0xaa,0xa7,0x8a,0x80,0x38,
0x42,0x51,0x43,0x49,0x00,0x00,0x00,0x00,0x00,0x00,0x00,0x00,0x00,0x00,0x00,0x00,
0x00,0x00,0x00,0x00,0x00,0x00,0x00,0x00,0x00,0x00,0x00,0x00,0x23,0x41,0x22,0x49,
0x43,0x49,0x43,0x49,0x43,0x49,0x43,0x51,0x63,0x51,0x63,0x59,0x00,0x20,0xc9,0x8a,
0x6a,0xc3,0x65,0xaa,0xa6,0xaa,0xc6,0xb2,0xc6,0xaa,0xa5,0xaa,0xc6,0xaa,0xa5,0xaa,
0xa5,0xaa,0xc5,0xb2,0x67,0xaa,0xa7,0xba,0x6e,0xf4,0x86,0xba,0xc9,0x82,0x00,0x28,
0x43,0x49,0x02,0x49,0x00,0x00,0x00,0x00,0x00,0x00,0x00,0x00,0x00,0x00,0x00,0x00,
0x00,0x00,0x00,0x00,0x00,0x00,0x00,0x00,0x00,0x00,0x00,0x00,0x22,0x49,0x43,0x49,
0x42,0x51,0x43,0x49,0x42,0x51,0x43,0x49,0x42,0x59,0x84,0x59,0x84,0x49,0x00,0x08,
0xa5,0xaa,0xa5,0xa2,0x85,0xaa,0xa5,0xaa,0xa5,0xb2,0xa5,0xaa,0xc5,0xb2,0xa5,0xa2,
0xa5,0xaa,0xc5,0xaa,0xa5,0xaa,0x85,0x9a,0x4e,0xfc,0x6e,0xfc,0xa8,0x82,0x00,0x20,
0x22,0x51,0x22,0x49,0x00,0x00,0x00,0x00,0x00,0x00,0x00,0x00,0x00,0x00,0x00,0x00,
0x00,0x00,0x00,0x00,0x00,0x00,0x00,0x00,0x00,0x00,0x00,0x00,0x23,0x41,0x22,0x49,
0x23,0x49,0x23,0x49,0x43,0x49,0x43,0x51,0x65,0x49,0x00,0x20,0x65,0x9a,0xa5,0xaa,
0xc6,0xaa,0x85,0xaa,0xa6,0xa2,0x85,0xaa,0xa6,0xaa,0xa5,0xaa,0xa6,0xaa,0xa5,0xaa,
0xc6,0xaa,0xa5,0xaa,0xc6,0xaa,0xc6,0xb2,0xc8,0xb2,0x25,0xa2,0x87,0x8a,0x42,0x61,
0x23,0x49,0x02,0x49,0x00,0x00,0x00,0x00,0x00,0x00,0x00,0x00,0x00,0x00,0x00,0x00,
0x00,0x00,0x00,0x00,0x00,0x00,0x00,0x00,0x00,0x00,0x00,0x00,0x22,0x49,0x23,0x49,
0x02,0x49,0x23,0x49,0x22,0x49,0x43,0x49,0x64,0x49,0x00,0x10,0xa5,0xaa,0xa5,0xaa,
0xa5,0xaa,0xa5,0xaa,0x85,0xaa,0xa5,0xa2,0x84,0xaa,0xa5,0xaa,0xa5,0xaa,0xa5,0xaa,
0x85,0xaa,0xa6,0xaa,0xa5,0xaa,0xc5,0xaa,0xc8,0x8a,0x00,0x20,0x20,0x28,0x64,0x49,
0x22,0x51,0x02,0x49,0x00,0x00,0x00,0x00,0x00,0x00,0x00,0x00,0x00,0x00,0x00,0x00,
0x00,0x00,0x00,0x00,0x00,0x00,0x00,0x00,0x00,0x00,0x00,0x00,0x23,0x41,0x02,0x49,
0x23,0x41,0x02,0x49,0x23,0x49,0x23,0x51,0x00,0x20,0xc9,0x8a,0xc6,0xaa,0xa5,0xaa,
0xc6,0xaa,0xa5,0xaa,0x85,0xa2,0xa5,0xaa,0x86,0xa2,0x85,0xaa,0xc6,0xaa,0x85,0xaa,
0xa6,0xa2,0x85,0xaa,0xa6,0xa2,0xa5,0xaa,0x0a,0x8b,0x00,0x20,0x43,0x51,0x22,0x51,
0x03,0x41,0xe2,0x48,0x00,0x00,0x00,0x00,0x00,0x00,0x00,0x00,0x00,0x00,0x00,0x00,
0x00,0x00,0x00,0x00,0x00,0x00,0x00,0x00,0x00,0x00,0x00,0x00,0x02,0x49,0x02,0x41,
0x02,0x49,0x22,0x49,0x22,0x51,0x63,0x51,0x00,0x71,0xe7,0xa2,0xc5,0xb2,0xe6,0xb2,
0xc5,0xb2,0xa5,0xa2,0x20,0x08,0x00,0x00,0xa5,0xaa,0x85,0xa2,0x85,0xaa,0x85,0xa2,
0x85,0xaa,0x85,0xa2,0x85,0xaa,0xc6,0xaa,0xa6,0xb2,0x85,0xa2,0xa0,0x38,0x43,0x49,
0x02,0x49,0x02,0x41,0x00,0x00,0x00,0x00,0x00,0x00,0x00,0x00,0x00,0x00,0x00,0x00,
0x00,0x00,0x00,0x00,0x00,0x00,0x00,0x00,0x00,0x00,0x00,0x00,0x02,0x41,0x02,0x49,
0x03,0x41,0x02,0x49,0x23,0x49,0x43,0x51,0xa7,0x9a,0x61,0x79,0x40,0x40,0xe9,0x9a,
0xc6,0xaa,0x65,0xa2,0x86,0x9a,0xa6,0xaa,0xc5,0xa2,0x6f,0xfd,0xb0,0xfd,0x42,0x9a,
0xea,0x8a,0x00,0x28,0xa6,0xaa,0xa5,0xb2,0xc6,0xaa,0xc6,0xaa,0x81,0x28,0x23,0x49,
0x03,0x41,0xe2,0x48,0x00,0x00,0x00,0x00,0x00,0x00,0x00,0x00,0x00,0x00,0x00,0x00,
0x00,0x00,0x00,0x00,0x00,0x00,0x00,0x00,0x00,0x00,0x00,0x00,0x02,0x49,0x22,0x49,
0x02,0x49,0x22,0x49,0x22,0x49,0x22,0x41,0x44,0x51,0x00,0x18,0xca,0xf4,0xc2,0xaa,
0xc5,0xb2,0xc6,0xaa,0x84,0xaa,0x0e,0xed,0xce,0xfd,0xce,0xfd,0xc1,0x79,0xb1,0xf5,
0xc5,0xb2,0xe6,0xaa,0x00,0x28,0x2a,0x8b,0xc5,0xb2,0xc6,0xaa,0x00,0x18,0x64,0x41,
0x02,0x49,0x02,0x41,0x00,0x00,0x00,0x00,0x00,0x00,0x00,0x00,0x00,0x00,0x00,0x00,
0x00,0x00,0x00,0x00,0x00,0x00,0x00,0x00,0x00,0x00,0x00,0x00,0x23,0x49,0x02,0x49,
0x23,0x49,0x22,0x49,0x43,0x49,0x22,0x51,0x00,0x10,0x21,0x18,0x2e,0xd5,0x00,0x30,
0xc6,0xaa,0x85,0xaa,0xc5,0xa2,0x8f,0xfd,0xcf,0xfd,0xae,0xfd,0x00,0x10,0x03,0x39,
0x6f,0xfd,0xc4,0xaa,0xa6,0xaa,0xa5,0xaa,0xc6,0xaa,0xe6,0xb2,0x00,0x10,0x44,0x41,
0x02,0x41,0xe2,0x48,0x00,0x00,0x00,0x00,0x00,0x00,0x00,0x00,0x00,0x00,0x00,0x00,
0x00,0x00,0x00,0x00,0x00,0x00,0x00,0x00,0x00,0x00,0x00,0x00,0x22,0x51,0x43,0x49,
0x22,0x51,0x63,0x51,0x64,0x49,0x00,0x10,0x00,0x08,0x20,0x08,0x03,0xdc,0x65,0xe4,
0x44,0xa2,0x86,0xa2,0xad,0xfd,0xce,0xfd,0x4a,0xd4,0xb0,0xfd,0x00,0x20,0x14,0xe6,
0x6e,0xfd,0x86,0xbb,0xa5,0xb2,0xa5,0xaa,0xc6,0xb2,0x45,0xa2,0x00,0x10,0x44,0x39,
0xe1,0x48,0x02,0x41,0x00,0x00,0x00,0x00,0x00,0x00,0x00,0x00,0x00,0x00,0x00,0x00,
0x00,0x00,0x00,0x00,0x00,0x00,0x00,0x00,0x00,0x00,0x00,0x00,0x23,0x49,0x23,0x51,
0x85,0x41,0x00,0x10,0xa6,0xaa,0xc6,0xb2,0xa6,0xa2,0x85,0xa2,0xa8,0x82,0x00,0x30,
0x00,0x28,0xe9,0x92,0x43,0x8a,0x90,0xfd,0xaf,0xfd,0x4d,0xf5,0x8f,0xed,0x25,0xa3,
0x8f,0xfd,0xe4,0xaa,0xa6,0xa2,0x86,0xaa,0x67,0x92,0x22,0x71,0x02,0x49,0x02,0x49,
0x02,0x41,0xe2,0x40,0x00,0x00,0x00,0x00,0x00,0x00,0x00,0x00,0x00,0x00,0x00,0x00,
0x00,0x00,0x00,0x00,0x00,0x00,0x00,0x00,0x00,0x00,0x00,0x00,0x22,0x51,0x63,0x51,
0x00,0x28,0x09,0x8b,0x85,0xaa,0xa5,0xaa,0x85,0xaa,0xc6,0xaa,0x85,0xaa,0xc6,0xaa,
0x2a,0x93,0x00,0x20,0x63,0x9a,0x2f,0xed,0x8d,0xfd,0xae,0xfd,0x6c,0xfd,0xad,0xfd,
0xed,0xf4,0xc4,0xaa,0x86,0xaa,0xe4,0x89,0x60,0x38,0x64,0x51,0x02,0x51,0x02,0x49,
0x02,0x49,0x02,0x41,0x00,0x00,0x00,0x00,0x00,0x00,0x00,0x00,0x00,0x00,0x00,0x00,
0x00,0x00,0x00,0x00,0x00,0x00,0x00,0x00,0x00,0x00,0x00,0x00,0x44,0x41,0x60,0x28,
0xe7,0xb2,0xa6,0xaa,0xc6,0xaa,0xa5,0xaa,0xa6,0xa2,0xc6,0xb2,0x85,0xa2,0xc6,0xb2,
0x27,0x6a,0x00,0x20,0xa4,0x81,0x46,0x9a,0x86,0x9a,0x25,0x92,0x86,0xa2,0x04,0x9a,
0x87,0x9a,0xc4,0x89,0x48,0x72,0x00,0x20,0x40,0x28,0x64,0x51,0x23,0x49,0x02,0x49,
0x23,0x49,0x02,0x49,0x00,0x00,0x00,0x00,0x00,0x00,0x00,0x00,0x00,0x00,0x00,0x00,
0x00,0x00,0x00,0x00,0x00,0x00,0x00,0x00,0x00,0x00,0x00,0x00,0x44,0x49,0x00,0x10,
0xa5,0xaa,0xc6,0xaa,0xa5,0xb2,0xc6,0xaa,0x85,0xaa,0x85,0xa2,0xc5,0xb2,0x85,0xa2,
0x07,0x72,0x00,0x20,0x05,0x9a,0xc4,0x89,0x84,0x79,0xc5,0x81,0xa4,0x81,0xa5,0x79,
0x06,0x6a,0x00,0x20,0xe8,0xb3,0x00,0x30,0xe6,0x69,0x00,0x20,0x02,0x51,0x22,0x49,
0x02,0x49,0x22,0x49,0x00,0x00,0x00,0x00,0x00,0x00,0x00,0x00,0x00,0x00,0x00,0x00,
0x00,0x00,0x00,0x00,0x00,0x00,0x00,0x00,0x00,0x00,0x00,0x00,0x23,0x51,0x43,0x59,
0xc6,0xaa,0x85,0xaa,0x86,0xa2,0x85,0xaa,0xc6,0xaa,0x85,0xaa,0x87,0x9a,0x42,0x79,
0x20,0x69,0xca,0xcb,0x86,0x9a,0x24,0x9a,0x45,0x9a,0x45,0x9a,0x45,0x92,0x45,0x9a,
0x88,0x82,0x00,0x30,0xcb,0xec,0x60,0x81,0xa6,0xa2,0xa6,0xaa,0x00,0x10,0x64,0x49,
0x23,0x49,0x02,0x49,0x00,0x00,0x00,0x00,0x00,0x00,0x00,0x00,0x00,0x00,0x00,0x00,
0x00,0x00,0x00,0x00,0x00,0x00,0x00,0x00,0x00,0x00,0x00,0x00,0x22,0x59,0x63,0x59,
0xa5,0xaa,0xa6,0xaa,0x85,0xaa,0x65,0xa2,0xa5,0x89,0xa5,0x81,0xa4,0x79,0xa5,0x79,
0x00,0x28,0x4c,0xb4,0x20,0x10,0x40,0x08,0x40,0x18,0x40,0x10,0x20,0x10,0x41,0x10,
0x00,0x28,0x8a,0xc4,0x48,0xe4,0x81,0xa2,0xc5,0xb2,0xc6,0xaa,0xe9,0x92,0x00,0x20,
0x22,0x51,0x22,0x49,0x00,0x00,0x00,0x00,0x00,0x00,0x00,0x00,0x00,0x00,0x00,0x00,
0x00,0x00,0x00,0x00,0x00,0x00,0x00,0x00,0x00,0x00,0x00,0x00,0x64,0x41,0x00,0x18,
0x05,0x92,0x46,0xa2,0xe6,0x89,0xa4,0x89,0x08,0x6a,0x00,0x20,0x80,0x79,0x49,0xe4,
0x67,0xd4,0xe0,0x89,0xca,0xb3,0x40,0x48,0x41,0x28,0x00,0x28,0x61,0x30,0x20,0x30,
0xc0,0x50,0x6d,0xed,0xa7,0xc3,0xa0,0x81,0xc6,0xaa,0x85,0xaa,0xc9,0x82,0x00,0x28,
0x43,0x51,0x02,0x51,0x00,0x00,0x00,0x00,0x00,0x00,0x00,0x00,0x00,0x00,0x00,0x00,
0x00,0x00,0x00,0x00,0x00,0x00,0x00,0x00,0x00,0x00,0x00,0x00,0x22,0x51,0x63,0x51,
0xe6,0x91,0x64,0x79,0x84,0x81,0xa5,0x81,0x00,0x20,0xa6,0x59,0xe6,0x69,0x00,0x20,
0x8a,0xa3,0x00,0x20,0xa7,0xcb,0xa0,0x81,0x26,0xbb,0x06,0xb3,0x46,0xc3,0x26,0xbb,
0x27,0xbb,0x60,0x79,0x00,0x30,0x27,0x72,0x85,0xaa,0xa6,0xaa,0x85,0xaa,0x85,0xa2,
0x00,0x10,0x64,0x41,0x00,0x00,0x00,0x00,0x00,0x00,0x00,0x00,0x00,0x00,0x00,0x00,
0x00,0x00,0x00,0x00,0x00,0x00,0x00,0x00,0x00,0x00,0x00,0x00,0x42,0x49,0x22,0x49,
0x85,0x41,0x00,0x10,0x00,0x10,0x24,0x41,0x24,0x71,0xa5,0x89,0x00,0x28,0x06,0x72,
0x05,0x72,0x80,0x48,0x27,0xd4,0xe6,0xd3,0x00,0x08,0x5a,0xf7,0x03,0x74,0x70,0xe7,
0x24,0x82,0xa2,0x79,0x2a,0x93,0x00,0x20,0x01,0x61,0xc8,0xa2,0x86,0xa2,0x45,0xa2,
0x20,0x18,0x44,0x41,0x00,0x00,0x00,0x00,0x00,0x00,0x00,0x00,0x00,0x00,0x00,0x00,
0x00,0x00,0x00,0x00,0x00,0x00,0x00,0x00,0x00,0x00,0x00,0x00,0x41,0x51,0x62,0x49,
0x42,0x51,0x83,0x51,0x63,0x61,0x22,0x51,0xe4,0x91,0x05,0x92,0x68,0xb3,0x60,0x69,
0x83,0x7a,0x35,0xff,0x61,0x9a,0xca,0xe4,0x31,0xff,0xc3,0x8b,0xcf,0xfe,0xc8,0xdc,
0x32,0xff,0x6f,0xde,0x67,0x82,0x00,0x20,0xc5,0xb2,0xc6,0xaa,0x85,0xaa,0xc6,0xaa,
0x02,0x51,0x23,0x51,0x00,0x00,0x00,0x00,0x00,0x00,0x00,0x00,0x00,0x00,0x00,0x00,
0x00,0x00,0x00,0x00,0x00,0x00,0x00,0x00,0x00,0x00,0x00,0x00,0x62,0x49,0x82,0x51,
0xa5,0x49,0x00,0x18,0x00,0x20,0xe6,0x69,0x26,0x92,0x25,0x9a,0xe1,0x89,0xa8,0xc3,
0xa1,0x40,0xa1,0x48,0x11,0xff,0xf0,0xfe,0x74,0xff,0x12,0xff,0x94,0xff,0x52,0xff,
0x40,0x40,0x08,0x9b,0x00,0x20,0xc9,0x8a,0xa6,0xa2,0x85,0xaa,0xa6,0xa2,0xc6,0xb2,
0xa1,0x38,0x03,0x51,0x00,0x00,0x00,0x00,0x00,0x00,0x00,0x00,0x00,0x00,0x00,0x00,
0x00,0x00,0x00,0x00,0x00,0x00,0x00,0x00,0x00,0x00,0x00,0x00,0x81,0x59,0xe3,0x59,
0x00,0x20,0x31,0xde,0xeb,0xd4,0x20,0x30,0x67,0x7a,0x00,0x20,0x81,0x79,0x07,0xa3,
0x05,0xb3,0xa4,0xa2,0xe6,0xd3,0x27,0xd4,0x06,0xdc,0x27,0xd4,0x27,0xdc,0xe7,0xd3,
0x67,0x7a,0x00,0x20,0xa6,0xb2,0xa6,0xaa,0x85,0xaa,0x85,0xa2,0x85,0xaa,0x45,0x9a,
0xa1,0x40,0x23,0x49,0x00,0x00,0x00,0x00,0x00,0x00,0x00,0x00,0x00,0x00,0x00,0x00,
0x00,0x00,0x00,0x00,0x00,0x00,0x00,0x00,0x00,0x00,0x00,0x00,0xa3,0x49,0x21,0x41,
0xa9,0xfd,0xa0,0xc3,0x82,0xc3,0x00,0xbb,0x83,0xe4,0x01,0xdc,0x20,0x30,0x87,0x8a,
0xc6,0xa2,0xa5,0xaa,0xa5,0xa2,0xc5,0xaa,0xe5,0xaa,0xa4,0xaa,0xa5,0xa2,0x43,0x9a,
0x26,0x82,0x42,0x69,0x45,0x9a,0xa6,0xaa,0x86,0xa2,0x86,0xaa,0x26,0x92,0xa4,0x81,
0x00,0x08,0x24,0x39,0x00,0x00,0x00,0x00,0x00,0x00,0x00,0x00,0x00,0x00,0x00,0x00,
0x00,0x00,0x00,0x00,0x00,0x00,0x00,0x00,0x00,0x00,0x00,0x00,0x81,0x59,0xe2,0x59,
0x00,0x28,0xad,0xdd,0x22,0x41,0x00,0x10,0x80,0x9a,0x69,0xf5,0x68,0xdc,0x60,0x71,
0xe3,0x89,0x86,0x9a,0xc4,0xb2,0xc4,0xaa,0xc4,0xaa,0xc4,0xa2,0x64,0x9a,0x44,0x92,
0x06,0x6a,0x00,0x20,0x45,0x9a,0x66,0x9a,0x45,0xa2,0x25,0x92,0xa5,0x59,0x00,0x18,
0x02,0x49,0x02,0x49,0x00,0x00,0x00,0x00,0x00,0x00,0x00,0x00,0x00,0x00,0x00,0x00,
0x00,0x00,0x00,0x00,0x00,0x00,0x00,0x00,0x00,0x00,0x00,0x00,0x82,0x51,0xa2,0x59,
0xe5,0x51,0x00,0x18,0x0a,0xac,0x00,0x28,0xe0,0x58,0x4c,0xed,0x06,0xf5,0xc1,0xd3,
0x00,0x20,0x67,0x7a,0x45,0x92,0x65,0x9a,0x85,0x9a,0x03,0x92,0x46,0x92,0xa3,0x81,
0xe6,0x59,0x00,0x20,0x64,0x69,0x85,0x79,0x85,0x79,0xc5,0x89,0x00,0x10,0x44,0x41,
0xe2,0x40,0xe2,0x40,0x00,0x00,0x00,0x00,0x00,0x00,0x00,0x00,0x00,0x00,0x00,0x00,
0x00,0x00,0x00,0x00,0x00,0x00,0x00,0x00,0x00,0x00,0x00,0x00,0x81,0x51,0xa2,0x51,
0xa0,0x71,0x4b,0xe5,0x69,0xcc,0x60,0x40,0x40,0x71,0x4c,0xed,0x24,0xfd,0x65,0xfd,
0xe5,0xcb,0xa0,0x81,0x80,0x30,0x81,0x28,0x81,0x30,0x60,0x28,0xa2,0x28,0x00,0x08,
0x80,0xaa,0x05,0xd4,0x48,0xcc,0x00,0x59,0x00,0x30,0x27,0x7a,0x02,0x51,0x02,0x49,
0xe1,0x40,0xe2,0x40,0x00,0x00,0x00,0x00,0x00,0x00,0x00,0x00,0x00,0x00,0x00,0x00,
0x00,0x00,0x00,0x00,0x00,0x00,0x00,0x00,0x00,0x00,0x00,0x00,0x62,0x49,0x62,0x51,
0x00,0x20,0x6d,0xdd,0x8a,0xcc,0xc0,0x58,0xa0,0x79,0x2b,0xf5,0x04,0xf5,0x45,0xfd,
0x06,0xf5,0x01,0xdc,0xe3,0xdb,0x03,0xe4,0x03,0xdc,0xe2,0xe3,0x03,0xdc,0xc2,0xdb,
0xe2,0xd3,0xe2,0xdb,0x03,0xd4,0x81,0xcb,0x00,0x30,0xa6,0x71,0x00,0x10,0x03,0x39,
0xe2,0x38,0xe1,0x40,0x00,0x00,0x00,0x00,0x00,0x00,0x00,0x00,0x00,0x00,0x00,0x00,
0x00,0x00,0x00,0x00,0x00,0x00,0x00,0x00,0x00,0x00,0x00,0x00,0x61,0x51,0x61,0x49,
0x00,0x08,0x00,0x00,0x00,0x08,0x20,0x08,0x60,0x79,0x4c,0xed,0x44,0xfd,0x45,0xfd,
0x24,0xfd,0x44,0xfd,0xe2,0xdb,0x43,0xe4,0x22,0xe4,0x23,0xdc,0xe1,0xe3,0xe2,0xdb,
0x24,0xfd,0x04,0xf5,0x04,0xfd,0xc3,0xec,0x00,0x30,0x07,0x6a,0x00,0x10,0x24,0x31,
0xe2,0x40,0x02,0x41,0x00,0x00,0x00,0x00,0x00,0x00,0x00,0x00,0x00,0x00,0x00,0x00,
0x00,0x00,0x00,0x00,0x00,0x00,0x00,0x00,0x00,0x00,0x00,0x00,0x41,0x41,0x21,0x49,
0x41,0x41,0x61,0x51,0x64,0x39,0x00,0x10,0x80,0x71,0x2b,0xf5,0x45,0xfd,0x25,0xfd,
0x25,0xf5,0x24,0xfd,0x25,0xf5,0x24,0xfd,0x25,0xf5,0x24,0xfd,0x25,0xf5,0x24,0xfd,
0x25,0xf5,0x04,0xfd,0x25,0xf5,0x24,0xfd,0x00,0x30,0x88,0x8a,0xe6,0x69,0x20,0x38,
0x02,0x41,0xc1,0x40,0x00,0x00,0x00,0x00,0x00,0x00,0x00,0x00,0x00,0x00,0x00,0x00,
0x00,0x00,0x00,0x00,0x00,0x00,0x00,0x00,0x00,0x00,0x00,0x00,0x21,0x49,0x42,0x41,
0x01,0x49,0x22,0x41,0x22,0x59,0x63,0x59,0xa0,0x81,0x2b,0xed,0x45,0xfd,0x45,0xfd,
0x24,0xfd,0x24,0xfd,0x24,0xfd,0x24,0xf5,0x04,0xfd,0x25,0xfd,0x24,0xfd,0x24,0xfd,
0x24,0xfd,0x24,0xfd,0x44,0xfd,0x44,0xfd,0x00,0x30,0x88,0x82,0xe5,0x71,0x60,0x38,
0x02,0x49,0x02,0x41,0x00,0x00,0x00,0x00,0x00,0x00,0x00,0x00,0x00,0x00,0x00,0x00,
0x00,0x00,0x00,0x00,0x00,0x00,0x00,0x00,0x00,0x00,0x00,0x00,0x22,0x41,0x01,0x41,
0x22,0x41,0x02,0x41,0x63,0x51,0x02,0x49,0x80,0x71,0x2c,0xed,0x25,0xf5,0xe4,0xfc,
0x05,0xf5,0x04,0xfd,0x25,0xf5,0x04,0xfd,0x05,0xf5,0x04,0xfd,0x25,0xf5,0xe4,0xf4,
0x25,0xf5,0x24,0xfd,0x25,0xf5,0x25,0xfd,0x00,0x28,0x88,0x82,0x68,0x7a,0x40,0x40,
0x03,0x41,0xe2,0x40,0x00,0x00,0x00,0x00,0x00,0x00,0x00,0x00,0x00,0x00,0x00,0x00,
0x00,0x00,0x00,0x00,0x00,0x00,0x00,0x00,0x00,0x00,0x00,0x00,0x01,0x41,0x01,0x41,
0x01,0x49,0x42,0x41,0x43,0x51,0x22,0x49,0x87,0x92,0x60,0x48,0x00,0x28,0x4d,0xd5,
0x25,0xfd,0x25,0xfd,0x04,0xfd,0x24,0xfd,0x04,0xfd,0x25,0xf5,0x04,0xfd,0x24,0xf5,
0x24,0xfd,0x65,0xfd,0x0b,0xdd,0x00,0x30,0xe3,0x91,0xa7,0xa2,0x67,0x82,0x40,0x38,
0x02,0x49,0x02,0x41,0x00,0x00,0x00,0x00,0x00,0x00,0x00,0x00,0x00,0x00,0x00,0x00,
0x00,0x00,0x00,0x00,0x00,0x00,0x00,0x00,0x00,0x00,0x00,0x00,0x02,0x39,0x01,0x41,
0x02,0x41,0x02,0x41,0x43,0x49,0x02,0x49,0x86,0xa2,0x65,0xa2,0x06,0x8a,0xc5,0x89,
0x41,0x08,0x00,0x08,0x00,0x00,0x00,0x00,0x41,0x08,0x00,0x08,0x01,0x00,0x00,0x00,
0x00,0x20,0x07,0x6a,0xe5,0x81,0x06,0x92,0x86,0xa2,0xa6,0xaa,0x26,0x72,0x80,0x40,
0x03,0x41,0xe2,0x40,0x00,0x00,0x00,0x00,0x00,0x00,0x00,0x00,0x00,0x00,0x00,0x00,
0x00,0x00,0x00,0x00,0x00,0x00,0x00,0x00,0x00,0x00,0x00,0x00,0xe1,0x40,0x02,0x39,
0xe1,0x40,0x02,0x41,0x43,0x41,0x00,0x10,0x85,0xaa,0x65,0xa2,0x65,0xaa,0xc6,0xaa,
0x84,0x79,0xa5,0x79,0xe6,0x79,0xc2,0x50,0x00,0x10,0xe5,0x51,0x00,0x20,0x07,0x62,
0xa4,0x81,0xa5,0x79,0x65,0xaa,0x85,0xa2,0x85,0xaa,0xa6,0xa2,0x00,0x10,0x44,0x39,
0x02,0x49,0x02,0x41,0x00,0x00,0x00,0x00,0x00,0x00,0x00,0x00,0x00,0x00,0x00,0x00,
0x00,0x00,0x00,0x00,0x00,0x00,0x00,0x00,0x00,0x00,0x00,0x00,0xc2,0x30,0xc1,0x38,
0xe2,0x38,0xe2,0x40,0x44,0x41,0x00,0x18,0x86,0xa2,0x45,0xa2,0x86,0xa2,0x85,0xaa,
0x86,0xa2,0x45,0xa2,0x07,0x6a,0x00,0x20,0x22,0x41,0x02,0x49,0x00,0x18,0x07,0x6a,
0xa4,0x79,0x46,0x9a,0x46,0x9a,0x45,0xa2,0x67,0x92,0xa3,0x81,0x00,0x10,0x44,0x41,
0x02,0x39,0xe1,0x40,0x00,0x00,0x00,0x00,0x00,0x00,0x00,0x00,0x00,0x00,0x00,0x00,
0x00,0x00,0x00,0x00,0x00,0x00,0x00,0x00,0x00,0x00,0x00,0x00,0xc1,0x38,0xe1,0x38,
0xe1,0x40,0x02,0x39,0x44,0x41,0x00,0x10,0xc6,0xb2,0xc6,0xaa,0xa5,0xaa,0xa6,0xa2,
0x65,0xa2,0x85,0xa2,0xe6,0x69,0x00,0x18,0xe2,0x40,0x02,0x41,0x23,0x39,0x00,0x10,
0x24,0xa2,0x45,0x9a,0x85,0xaa,0x86,0xa2,0xc5,0xb2,0xc6,0xaa,0x09,0x93,0x00,0x28,
0xe1,0x40,0x02,0x39,0x00,0x00,0x00,0x00,0x00,0x00,0x00,0x00,0x00,0x00,0x00,0x00,
0x00,0x00,0x00,0x00,0x00,0x00,0x00,0x00,0x00,0x00,0x00,0x00,0xc2,0x30,0xc1,0x30,
0xe2,0x30,0xe2,0x38,0xe1,0x48,0x46,0x7a,0xe7,0xb2,0xa5,0xaa,0x86,0x9a,0x04,0x92,
0xc7,0xaa,0x44,0xa2,0x28,0x6a,0x00,0x20,0xe3,0x38,0xc2,0x40,0x24,0x31,0x00,0x10,
0x65,0xa2,0x85,0xaa,0xa7,0xa2,0xe4,0x91,0xa6,0xaa,0xe6,0xb2,0x0a,0x8b,0x00,0x20,
0xe2,0x38,0xc1,0x38,0x00,0x00,0x00,0x00,0x00,0x00,0x00,0x00,0x00,0x00,0x00,0x00,
0x00,0x00,0x00,0x00,0x00,0x00,0x00,0x00,0x00,0x00,0x00,0x00,0xa1,0x30,0xc2,0x30,
0xc1,0x38,0xe2,0x30,0x03,0x31,0x00,0x08,0x40,0x30,0x67,0x72,0xc3,0x89,0xc7,0x9a,
0x66,0x9a,0xc4,0x81,0x00,0x10,0x24,0x31,0xe2,0x40,0xe2,0x38,0x03,0x39,0x00,0x10,
0x01,0x61,0x67,0x8a,0x46,0x8a,0x01,0x51,0x65,0x9a,0x45,0x92,0x27,0x72,0x20,0x28,
0xc1,0x38,0xc2,0x30,0x00,0x00,0x00,0x00,0x00,0x00,0x00,0x00,0x00,0x00,0x00,0x00,
0x00,0x00,0x00,0x00,0x00,0x00,0x00,0x00,0x00,0x00,0x00,0x00,0xa1,0x28,0xa1,0x30,
0xa2,0x30,0xa1,0x30,0xc2,0x30,0xc2,0x38,0xe2,0x40,0xe2,0x40,0x03,0x41,0x02,0x49,
0x03,0x41,0xe2,0x48,0x02,0x39,0xc2,0x40,0xe2,0x38,0xc2,0x40,0xe2,0x38,0xe2,0x40,
0x03,0x49,0x02,0x49,0x23,0x49,0x02,0x49,0x23,0x41,0xe2,0x48,0xe2,0x38,0xc1,0x38,
0xc2,0x30,0xa1,0x30,0x00,0x00,0x00,0x00,0x00,0x00,0x00,0x00,0x00,0x00,0x00,0x00,
0x00,0x00,0x00,0x00,0x00,0x00,0x00,0x00,0x00,0x00,0x00,0x00,0x00,0x00,0x00,0x00,
0x00,0x00,0x00,0x00,0x00,0x00,0x00,0x00,0x00,0x00,0x00,0x00,0x00,0x00,0x00,0x00,
0x00,0x00,0x00,0x00,0x00,0x00,0x00,0x00,0x00,0x00,0x00,0x00,0x00,0x00,0x00,0x00,
0x00,0x00,0x00,0x00,0x00,0x00,0x00,0xe4,0xfc,0xfd,0xfd,0xfd,0x00,0x00,0x00,0x00,
0x00,0x00,0x00,0x00,0x00,0x00,0x00,0x00,0x00,0x00,0x00,0x00,0x00,0x00,0x00,0x00,
0x00,0x00,0x00,0x00,0x00,0x00,0x00,0x00,0x00,0x00,0x00,0x00,0x00,0x00,0x00,0xfb,
0xfd,0xfe,0xfd,0xfc,0xef,0x00,0x00,0x00,0x00,0x00,0x00,0x04,0x14,0x00,0x00,0x00,
0x00,0x00,0x00,0x00,0x00,0x00,0x00,0x00,0x00,0x00,0x00,0x00,0x00,0x00,0x00,0x00,
0x00,0x00,0x00,0x00,0x00,0x01,0xfb,0xfe,0xfe,0xfe,0xfe,0xfe,0xfd,0xfc,0xfe,0xfd,
0x14,0x0b,0xf2,0xfd,0xfe,0xfd,0xfa,0x00,0x00,0x00,0x00,0x00,0x00,0x00,0x00,0x00,
0x00,0x00,0x00,0x00,0x00,0x00,0x00,0x00,0x00,0x00,0x00,0x00,0x00,0x02,0xfb,0xfe,
0xfe,0xfe,0xfe,0xfe,0xfe,0xfd,0xfe,0xfe,0xfd,0xfd,0xfd,0xfd,0xfe,0xfe,0xfd,0x3c,
0x00,0x00,0x00,0x00,0x00,0x00,0x00,0x00,0x00,0x00,0x00,0x00,0x00,0x00,0x00,0x00,
0x00,0x00,0x00,0x00,0x00,0x01,0xf8,0xfe,0xfe,0xfe,0xfe,0xfe,0xfe,0xfe,0xfe,0xfe,
0xfe,0xfe,0xfe,0xfe,0xfe,0xfe,0xfe,0xf7,0x01,0x00,0x00,0x00,0x00,0x00,0x00,0x00,
0x00,0x00,0x00,0x00,0x00,0x00,0x00,0x00,0x00,0x00,0x00,0x00,0x00,0x01,0xac,0xfe,
0xfe,0xfe,0xfe,0xfe,0xfe,0xfd,0xfd,0xfe,0xfe,0xfe,0xfe,0xfe,0xfe,0xfe,0xfe,0xfa,
0x01,0x00,0x00,0x00,0x00,0x00,0x00,0x00,0x00,0x00,0x00,0x00,0x00,0x00,0x00,0x00,
0x00,0x00,0x00,0x00,0x00,0xc6,0xfc,0xfe,0xfe,0xfe,0xfe,0xfe,0xfd,0xfd,0xfd,0xfe,
0xfe,0xfe,0xfe,0xfe,0xfe,0xfe,0xfe,0x04,0x00,0x00,0x00,0x00,0x00,0x00,0x00,0x00,
0x00,0x00,0x00,0x00,0x00,0x00,0x00,0x00,0x00,0x00,0x00,0x00,0x02,0xfc,0xfd,0xfe,
0xfe,0xfe,0xfe,0xfd,0xfd,0xfd,0xfd,0xfd,0xfe,0xfd,0xfd,0xfe,0xfd,0xfc,0xbe,0x00,
0x00,0x00,0x00,0x00,0x00,0x00,0x00,0x00,0x00,0x00,0x00,0x00,0x00,0x00,0x00,0x00,
0x00,0x00,0x00,0x01,0xf7,0xfd,0xfe,0xfe,0xfe,0xfe,0xfe,0xfe,0xfe,0xfe,0xfe,0xfe,
0xfe,0xfe,0xfe,0xfe,0xfd,0xfb,0x06,0x00,0x00,0x00,0x00,0x00,0x00,0x00,0x00,0x00,
0x00,0x00,0x00,0x00,0x00,0x00,0x00,0x00,0x00,0x00,0x00,0x36,0xfe,0xfe,0xfe,0xfe,
0xfe,0xfe,0xfe,0xfe,0xfe,0xfe,0xfe,0xfe,0xfe,0xfe,0xfe,0xfe,0xfd,0xfc,0x9c,0x00,
0x00,0x00,0x00,0x00,0x00,0x00,0x00,0x00,0x00,0x00,0x00,0x00,0x00,0x00,0x00,0x00,
0x00,0x00,0x00,0x3a,0xfe,0xfe,0xfe,0xfe,0xfe,0xfe,0xfe,0xfe,0xfe,0xfe,0xfe,0xfe,
0xfe,0xfe,0xfe,0xfe,0xfe,0xfd,0xb8,0x00,0x00,0x00,0x00,0x00,0x00,0x00,0x00,0x00,
0x00,0x00,0x00,0x00,0x00,0x00,0x00,0x00,0x00,0x00,0x00,0x04,0xfb,0xfe,0xfe,0xfe,
0xfe,0xfe,0xfe,0xfe,0xfe,0xfe,0xfe,0xfe,0xfe,0xfe,0xfe,0xfe,0xfe,0xfe,0xfd,0x00,
0x00,0x00,0x00,0x00,0x00,0x00,0x00,0x00,0x00,0x00,0x00,0x00,0x00,0x00,0x00,0x00,
0x00,0x00,0x00,0x02,0xf5,0xfe,0xfe,0xfe,0xfe,0xfe,0xfe,0xfe,0xfe,0xff,0xfe,0xfe,
0xfe,0xfe,0xfe,0xfe,0xfe,0xfe,0xfd,0x00,0x00,0x00,0x00,0x00,0x00,0x00,0x00,0x00,
0x00,0x00,0x00,0x00,0x00,0x00,0x00,0x00,0x00,0x01,0x22,0xfd,0xfc,0xfe,0xfe,0xfe,
0xfe,0xfe,0xfe,0xfe,0xfe,0xfe,0xff,0xff,0xfe,0xfe,0xfe,0xfe,0xfe,0xfe,0xf9,0x00,
0x00,0x00,0x00,0x00,0x00,0x00,0x00,0x00,0x00,0x00,0x00,0x00,0x00,0x00,0x00,0x00,
0x00,0xfa,0xfb,0xfd,0xfd,0xfe,0xfe,0xfe,0xfe,0xfe,0xfe,0xfe,0xfe,0xfe,0xff,0xfe,
0xfe,0xfe,0xfe,0xfe,0xfe,0xfd,0x3f,0x00,0x00,0x00,0x00,0x00,0x00,0x00,0x00,0x00,
0x00,0x00,0x00,0x00,0x00,0x00,0x00,0x00,0xfb,0xfd,0xfd,0xfe,0xfe,0xfe,0xfe,0xfe,
0xfe,0xfe,0xfe,0xfe,0xff,0xff,0xff,0xfe,0xfe,0xfe,0xfe,0xfe,0xfd,0x09,0x01,0x00,
0x00,0x00,0x00,0x00,0x00,0x00,0x00,0x00,0x00,0x00,0x00,0x00,0x00,0x00,0x00,0xb4,
0xfd,0xfd,0xfe,0xfe,0xfe,0xfe,0xfe,0xfe,0xfe,0xfe,0xfe,0xfe,0xfe,0xfe,0xfe,0xfe,
0xfe,0xfe,0xfe,0xfe,0xfa,0x04,0x02,0x00,0x00,0x00,0x00,0x00,0x00,0x00,0x00,0x00,
0x00,0x00,0x00,0x00,0x00,0x00,0x01,0xfd,0xfe,0xfe,0xfe,0xfe,0xfe,0xfe,0xfe,0xfe,
0xfe,0xfe,0xfe,0xfe,0xfe,0xfe,0xfe,0xfe,0xfe,0xfe,0xfe,0xfe,0xfd,0xf5,0x02,0x00,
0x00,0x00,0x00,0x00,0x00,0x00,0x00,0x00,0x00,0x00,0x00,0x00,0x00,0x00,0x05,0xfd,
0xfe,0xfe,0xfe,0xfe,0xfe,0xfe,0xfe,0xfe,0xfe,0xfe,0xfe,0xfe,0xfe,0xfe,0xfe,0xfe,
0xfe,0xfe,0xfe,0xfe,0xfe,0xfe,0xfb,0x00,0x00,0x00,0x00,0x00,0x00,0x00,0x00,0x00,
0x00,0x00,0x00,0x00,0x00,0x00,0x05,0xfd,0xfe,0xfe,0xfe,0xfe,0xfe,0xfe,0xfe,0xfe,
0xfe,0xfe,0xfe,0xfe,0xfe,0xfe,0xfe,0xfe,0xfe,0xfe,0xfe,0xfe,0xfe,0xfe,0xfe,0xcb,
0x00,0x00,0x00,0x00,0x00,0x00,0x00,0x00,0x00,0x00,0x00,0x00,0x00,0x00,0x02,0xfc,
0xfd,0xfe,0xfe,0xfe,0xfe,0xfe,0xfe,0xff,0xfe,0xfe,0xfe,0xfe,0xfe,0xfe,0xfe,0xfe,
0xfe,0xfe,0xfe,0xfe,0xfe,0xfe,0xfe,0xfd,0x01,0x00,0x00,0x00,0x00,0x00,0x00,0x00,
0x00,0x00,0x00,0x00,0x00,0x00,0x00,0x14,0xfd,0xfe,0xfe,0xfe,0xfe,0xfe,0xfe,0xfe,
0xfe,0xfe,0xfe,0xfe,0xfe,0xfe,0xfe,0xfe,0xfe,0xfe,0xfe,0xfe,0xfe,0xfe,0xfe,0xfd,
0xf7,0x00,0x00,0x00,0x00,0x00,0x00,0x00,0x00,0x00,0x00,0x00,0x00,0x00,0x00,0x00,
0x01,0xfc,0xfc,0xfe,0xfe,0xfe,0xfe,0xfe,0xfe,0xfe,0xfe,0xfe,0xfe,0xff,0xfe,0xfe,
0xfe,0xfe,0xfe,0xfe,0xfe,0xfe,0xfe,0xfd,0xfc,0x01,0x00,0x00,0x00,0x00,0x00,0x00,
0x00,0x00,0x00,0x00,0x00,0x00,0x00,0x00,0x01,0x03,0x08,0xfe,0xfe,0xfe,0xfe,0xfe,
0xfe,0xfe,0xfe,0xfe,0xfe,0xfe,0xfe,0xfe,0xfe,0xfe,0xfe,0xfe,0xfe,0xfe,0xfe,0xfd,
0xfd,0x05,0x00,0x00,0x00,0x00,0x00,0x00,0x00,0x00,0x00,0x00,0x00,0x00,0x00,0x00,
0x02,0xf2,0xef,0xfe,0xfe,0xfe,0xfe,0xfe,0xfe,0xfe,0xfe,0xfe,0xfe,0xfe,0xfe,0xfe,
0xfe,0xfe,0xfe,0xfe,0xfe,0xfe,0xfe,0xfe,0xfd,0x04,0x00,0x00,0x00,0x00,0x00,0x00,
0x00,0x00,0x00,0x00,0x00,0x00,0x00,0x00,0xfc,0xfd,0xfd,0xfe,0xfe,0xfe,0xfe,0xfe,
0xfe,0xfe,0xfe,0xfe,0xfe,0xfe,0xfe,0xfe,0xfe,0xfe,0xfe,0xfe,0xfe,0xfe,0xfe,0xfd,
0xfc,0x02,0x00,0x00,0x00,0x00,0x00,0x00,0x00,0x00,0x00,0x00,0x00,0x00,0x00,0x36,
0xfd,0xfe,0xfe,0xfe,0xfe,0xfe,0xfe,0xfe,0xfe,0xfe,0xfe,0xfe,0xfe,0xfe,0xfe,0xfe,
0xfe,0xfe,0xfe,0xfe,0xfe,0xfe,0xfe,0xfd,0xfa,0x00,0x00,0x00,0x00,0x00,0x00,0x00,
0x00,0x00,0x00,0x00,0x00,0x00,0x00,0x02,0xfb,0xfe,0xfe,0xfe,0xfe,0xfe,0xfe,0xfe,
0xfe,0xfe,0xfe,0xfe,0xfe,0xfe,0xfe,0xfe,0xfe,0xfe,0xfe,0xfe,0xfe,0xfe,0xfe,0xfc,
0x00,0x00,0x00,0x00,0x00,0x00,0x00,0x00,0x00,0x00,0x00,0x00,0x00,0x00,0x00,0x01,
0x06,0xfd,0xfe,0xfe,0xfe,0xfe,0xfe,0xfe,0xff,0xfe,0xfe,0xfe,0xfe,0xfe,0xfe,0xfe,
0xfe,0xfe,0xfe,0xfe,0xfe,0xfe,0xfd,0x04,0x01,0x00,0x00,0x00,0x00,0x00,0x00,0x00,
0x00,0x00,0x00,0x00,0x00,0x00,0x00,0x01,0x03,0xfd,0xfe,0xfe,0xfe,0xfe,0xfe,0xfe,
0xfe,0xfe,0xfe,0xfe,0xfe,0xfe,0xfe,0xfe,0xfe,0xfe,0xfe,0xfe,0xfe,0xfd,0x1b,0x00,
0x00,0x00,0x00,0x00,0x00,0x00,0x00,0x00,0x00,0x00,0x00,0x00,0x00,0x00,0x00,0x01,
0xfa,0xfd,0xfe,0xfe,0xfe,0xfe,0xfe,0xfe,0xfe,0xfe,0xfe,0xfe,0xfe,0xfe,0xfe,0xfe,
0xfe,0xfe,0xfe,0xfe,0xfe,0xfd,0xfc,0x00,0x00,0x00,0x00,0x00,0x00,0x00,0x00,0x00,
0x00,0x00,0x00,0x00,0x00,0x00,0x00,0x01,0xf2,0xfd,0xef,0xfd,0xfe,0xfe,0xfe,0xfe,
0xfe,0xfe,0xfe,0xfe,0xfe,0xfe,0xfe,0xfe,0xfe,0xfe,0xfe,0xfe,0xfe,0xfd,0xfc,0x00,
0x00,0x00,0x00,0x00,0x00,0x00,0x00,0x00,0x00,0x00,0x00,0x00,0x00,0x00,0x00,0x00,
0x01,0x08,0x07,0xfe,0xfe,0xfe,0xfe,0xfe,0xfe,0xfe,0xfe,0xfe,0xfe,0xfe,0xfe,0xfe,
0xfe,0xfe,0xfe,0xfe,0xfe,0xfd,0xfd,0x84,0x01,0x00,0x00,0x00,0x00,0x00,0x00,0x00,
0x00,0x00,0x00,0x00,0x00,0x00,0x00,0x00,0x00,0x01,0x06,0xfe,0xfe,0xfe,0xfe,0xfe,
0xfe,0xfe,0xfe,0xfe,0xfe,0xfe,0xfe,0xfe,0xfe,0xfe,0xfe,0xfe,0xfe,0xfe,0xfe,0x7f,
0x00,0x00,0x00,0x00,0x00,0x00,0x00,0x00,0x00,0x00,0x00,0x00,0x00,0x00,0x00,0x00,
0x00,0x00,0x05,0xfe,0xfe,0xfe,0xfe,0xfe,0xfe,0xfe,0xfe,0xfe,0xfe,0xfe,0xfe,0xfe,
0xfe,0xfe,0xfe,0xfe,0xfe,0xfe,0xfe,0x88,0x00,0x00,0x00,0x00,0x00,0x00,0x00,0x00,
0x00,0x00,0x00,0x00,0x00,0x00,0x00,0x00,0x00,0x00,0x07,0xfe,0xfe,0xfe,0xfe,0xfe,
0xfe,0xfe,0xfe,0xfe,0xfe,0xfe,0xfe,0xfe,0xfe,0xfe,0xfe,0xfe,0xfe,0xfe,0xfe,0x8c,
0x01,0x00,0x00,0x00,0x00,0x00,0x00,0x00,0x00,0x00,0x00,0x00,0x00,0x00,0x00,0x00,
0x00,0x00,0x03,0xfe,0xfe,0xfe,0xfe,0xfe,0xfe,0xfe,0xfe,0xfe,0xfd,0xfd,0xfe,0xfe,
0xfe,0xfe,0xfe,0xfe,0xfe,0xfe,0xfe,0x34,0x01,0x00,0x00,0x00,0x00,0x00,0x00,0x00,
0x00,0x00,0x00,0x00,0x00,0x00,0x00,0x00,0x00,0x00,0x01,0xfa,0xfe,0xfe,0xfe,0xfe,
0xfe,0xfe,0xfe,0xfd,0xfb,0x03,0xfc,0xfe,0xfe,0xfe,0xfe,0xfe,0xfe,0xfe,0xfe,0x00,
0x00,0x00,0x00,0x00,0x00,0x00,0x00,0x00,0x00,0x00,0x00,0x00,0x00,0x00,0x00,0x00,
0x00,0x00,0x00,0xfd,0xfe,0xfe,0xfe,0xfe,0xfe,0xfe,0xfe,0xfb,0x03,0x01,0xf1,0xfc,
0xfe,0xfe,0xfe,0xfe,0xfe,0xfe,0xfe,0x00,0x00,0x00,0x00,0x00,0x00,0x00,0x00,0x00,
0x00,0x00,0x00,0x00,0x00,0x00,0x00,0x00,0x00,0x00,0x01,0xfc,0xfe,0xfe,0xfe,0xfe,
0xfe,0xfe,0xfd,0xfc,0x00,0x01,0x03,0xfb,0xfe,0xfe,0xfe,0xfe,0xfe,0xfe,0xfe,0xe9,
0x00,0x00,0x00,0x00,0x00,0x00,0x00,0x00,0x00,0x00,0x00,0x00,0x00,0x00,0x00,0x00,
0x00,0x00,0x01,0xfd,0xfe,0xfe,0xfe,0xfe,0xfe,0xfe,0xfd,0xf4,0x00,0x00,0x01,0xfb,
0xfe,0xfe,0xfe,0xfe,0xfe,0xfe,0xfe,0xf9,0x01,0x00,0x00,0x00,0x00,0x00,0x00,0x00,
0x00,0x00,0x00,0x00,0x00,0x00,0x00,0x00,0x00,0x00,0x00,0xfa,0xfe,0xfe,0xfe,0xfe,
0xfe,0xfe,0xfa,0x03,0x00,0x00,0x01,0xb6,0xfd,0xfe,0xfe,0xfe,0xfe,0xfe,0xfe,0x8b,
0x01,0x00,0x00,0x00,0x00,0x00,0x00,0x00,0x00,0x00,0x00,0x00,0x00,0x00,0x00,0x00,
0x00,0x00,0x00,0x00,0x04,0x04,0x04,0x04,0x03,0x03,0x00,0x00,0x00,0x00,0x00,0x00,
0x02,0x03,0x03,0x03,0x03,0x03,0x03,0x00,0x00,0x00,0x00,0x00,0x00,0x00,0x00,0x00,

};
static const lv_image_dsc_t s_partner_atuan_work = {
    .header.magic = LV_IMAGE_HEADER_MAGIC,
    .header.cf = LV_COLOR_FORMAT_RGB565A8,
    .header.flags = 0,
    .header.w = 40,
    .header.h = 44,
    .header.stride = 80,
    .data_size = sizeof(s_partner_atuan_work_map),
    .data = s_partner_atuan_work_map,
};

static const LV_ATTRIBUTE_MEM_ALIGN LV_ATTRIBUTE_LARGE_CONST uint8_t s_partner_atuan_tired_map[] = {
0xe1,0x38,0x02,0x39,0x02,0x41,0x02,0x39,0x02,0x41,0x23,0x39,0x02,0x41,0x23,0x39,
0x02,0x41,0x23,0x41,0x22,0x49,0x43,0x49,0x42,0x49,0x63,0x49,0x43,0x51,0x63,0x51,
0x63,0x59,0x84,0x51,0x63,0x59,0x63,0x51,0x63,0x59,0x63,0x51,0x63,0x51,0x63,0x51,
0x63,0x51,0x63,0x51,0x63,0x51,0x84,0x51,0x63,0x51,0x84,0x51,0x63,0x51,0x63,0x51,
0x63,0x51,0x63,0x49,0x42,0x51,0x63,0x49,0x42,0x51,0x43,0x49,0x22,0x49,0x42,0x49,
0xe2,0x30,0xc2,0x38,0xe2,0x30,0xe2,0x38,0x02,0x39,0x02,0x39,0x03,0x39,0x02,0x41,
0x03,0x39,0x02,0x41,0x23,0x41,0x23,0x49,0x23,0x41,0x23,0x49,0x64,0x51,0x63,0x51,
0xa6,0x49,0x00,0x18,0x21,0x08,0x20,0x08,0x00,0x10,0x64,0x49,0x64,0x51,0x43,0x51,
0x64,0x51,0x43,0x51,0x64,0x49,0x63,0x51,0x64,0x49,0x63,0x51,0x64,0x49,0x43,0x51,
0x63,0x49,0x43,0x49,0x43,0x49,0x43,0x49,0x43,0x49,0x22,0x49,0x23,0x41,0x22,0x49,
0xc1,0x38,0xe2,0x38,0xe1,0x38,0x02,0x39,0xe2,0x40,0x02,0x39,0x02,0x41,0x02,0x39,
0x02,0x49,0x23,0x41,0x02,0x49,0x23,0x41,0x22,0x49,0x43,0x49,0x64,0x49,0x00,0x10,
0xa6,0xb2,0xa6,0xaa,0xa5,0xaa,0xa6,0xaa,0xa7,0x92,0x80,0x48,0xe1,0x40,0x63,0x49,
0x63,0x59,0x63,0x51,0x63,0x59,0x63,0x51,0x43,0x51,0x63,0x51,0x63,0x51,0x63,0x49,
0x42,0x51,0x63,0x49,0x42,0x51,0x63,0x49,0x22,0x49,0x43,0x49,0x22,0x49,0x22,0x41,
0xc2,0x30,0xc1,0x38,0xe2,0x30,0xe2,0x38,0xe2,0x38,0xe2,0x38,0x03,0x39,0xe2,0x40,
0x03,0x39,0x02,0x41,0x03,0x41,0x02,0x49,0x23,0x41,0x23,0x49,0x00,0x18,0xa2,0x38,
0x86,0xa2,0xa6,0xaa,0xe5,0x89,0x05,0x9a,0xa6,0xa2,0x65,0xa2,0x00,0x10,0xa5,0x51,
0x64,0x59,0x63,0x61,0x64,0x51,0x43,0x51,0x63,0x51,0x43,0x51,0x63,0x51,0x43,0x51,
0x63,0x49,0x43,0x51,0x43,0x49,0x23,0x49,0x23,0x49,0x02,0x49,0x23,0x41,0x02,0x49,
0xc1,0x38,0xc1,0x30,0xc1,0x38,0xe2,0x38,0xc1,0x38,0xe2,0x38,0xe2,0x40,0x02,0x39,
0x02,0x49,0x02,0x41,0x02,0x49,0x23,0x49,0x02,0x49,0x43,0x49,0x00,0x28,0xc9,0x82,
0x86,0xb2,0x65,0xa2,0xed,0xfb,0x2e,0xfc,0x45,0xa2,0x66,0xa2,0x00,0x18,0x85,0x49,
0x43,0x59,0xa1,0x38,0x00,0x08,0x20,0x08,0x63,0x59,0x63,0x51,0x62,0x59,0x63,0x59,
0x63,0x59,0x63,0x51,0x43,0x51,0x43,0x51,0x22,0x49,0x23,0x49,0x02,0x49,0x22,0x41,
0xc2,0x30,0xc1,0x30,0xc2,0x30,0xc1,0x38,0xe2,0x30,0xc2,0x38,0xe2,0x38,0xe2,0x40,
0x02,0x39,0x02,0x41,0x03,0x41,0x02,0x49,0x23,0x49,0x23,0x51,0x00,0x20,0xe9,0x8a,
0x25,0xa2,0x2d,0xec,0x2e,0xfc,0xed,0xfb,0x45,0x9a,0x65,0xa2,0x46,0x9a,0x45,0xa2,
0x86,0x9a,0x65,0xa2,0x66,0x9a,0x41,0x79,0x00,0x08,0xe6,0x51,0x21,0x08,0x00,0x08,
0x00,0x08,0x00,0x08,0x20,0x18,0x44,0x49,0x23,0x49,0x02,0x49,0x03,0x41,0x02,0x49,
0xc1,0x38,0xc1,0x30,0xc1,0x38,0xe2,0x38,0xc1,0x38,0xe2,0x38,0xe1,0x40,0x02,0x41,
0x02,0x49,0x02,0x41,0x02,0x49,0x23,0x49,0x42,0x51,0x63,0x51,0x01,0x59,0xc1,0x48,
0x25,0xaa,0x4d,0xec,0xe7,0xba,0xa6,0xaa,0x85,0xaa,0xa6,0xa2,0xa5,0xaa,0x86,0xa2,
0x65,0xa2,0x86,0xa2,0xa6,0xaa,0xa6,0xaa,0xe9,0x92,0x00,0x20,0xa6,0xaa,0x86,0xa2,
0x65,0xa2,0xa6,0xaa,0x87,0x7a,0x00,0x20,0x23,0x51,0x23,0x49,0x02,0x49,0x02,0x41,
0xc2,0x30,0xc1,0x38,0xc2,0x30,0xc2,0x38,0xe2,0x38,0xc1,0x38,0xe2,0x38,0xe2,0x40,
0x03,0x41,0x02,0x49,0x23,0x49,0x22,0x49,0x63,0x51,0x22,0x51,0x00,0x18,0x24,0x49,
0x46,0x9a,0x66,0xa2,0x86,0xa2,0x85,0xaa,0x86,0xa2,0x65,0xa2,0x86,0xa2,0x65,0xa2,
0x65,0x9a,0x65,0xa2,0x86,0xa2,0x85,0xaa,0x86,0xa2,0x04,0x9a,0x86,0xa2,0x45,0xa2,
0xe5,0x89,0x05,0x9a,0x46,0x9a,0x04,0x9a,0x00,0x10,0x24,0x39,0x03,0x41,0xe2,0x40,
0xa1,0x38,0xc1,0x38,0xc1,0x38,0xe1,0x38,0xc1,0x40,0x02,0x39,0xe1,0x40,0x02,0x41,
0xe1,0x48,0x02,0x41,0x02,0x51,0x43,0x51,0x00,0x08,0x00,0x00,0x65,0xaa,0xc6,0xaa,
0xa6,0xb2,0x85,0xa2,0x45,0xa2,0x86,0xa2,0x65,0xaa,0x65,0xa2,0x85,0xaa,0x85,0xa2,
0x65,0xaa,0x65,0xa2,0xa5,0xaa,0xa6,0xaa,0x85,0xa2,0x86,0xa2,0x25,0xb2,0x4d,0xec,
0x0c,0xfc,0x2d,0xfc,0x45,0xa2,0x25,0x9a,0x00,0x10,0x44,0x39,0x02,0x49,0x02,0x41,
0xc2,0x30,0xc1,0x38,0xc2,0x30,0xc1,0x38,0xe2,0x38,0xe2,0x40,0xe2,0x38,0xe2,0x40,
0x03,0x41,0xe2,0x48,0x44,0x41,0x00,0x18,0x20,0x38,0xa8,0x92,0x86,0xa2,0x85,0xaa,
0xa6,0xaa,0x65,0xaa,0x86,0xa2,0x65,0xa2,0x86,0xa2,0x85,0xa2,0x86,0xa2,0x65,0xa2,
0x86,0xa2,0x65,0xa2,0xa6,0xaa,0x65,0xa2,0x86,0x9a,0x85,0xa2,0x66,0xa2,0x86,0xaa,
0x2e,0xfc,0x0d,0xfc,0x25,0x9a,0x25,0xa2,0x00,0x08,0x24,0x41,0x03,0x41,0xe2,0x40,
0xc1,0x38,0xc1,0x38,0xc1,0x40,0xe2,0x38,0xc1,0x40,0xe2,0x38,0xe1,0x40,0x02,0x41,
0xe1,0x48,0x02,0x41,0x44,0x41,0x00,0x10,0xa5,0xaa,0xc6,0xaa,0x85,0xaa,0x86,0xa2,
0x65,0xaa,0xa6,0xaa,0x85,0xaa,0x86,0xa2,0x65,0xaa,0x86,0xa2,0x65,0xaa,0x65,0xa2,
0x85,0xaa,0x86,0xa2,0x65,0xa2,0xa6,0xaa,0x65,0xa2,0xa6,0xa2,0x85,0xaa,0x86,0xa2,
0xaf,0xfc,0xe9,0xc2,0x88,0x92,0x00,0x30,0x02,0x49,0x23,0x49,0x02,0x49,0x02,0x41,
0xc2,0x38,0xc1,0x38,0xe2,0x38,0xc1,0x38,0xe2,0x38,0xe2,0x40,0xe2,0x38,0xe2,0x40,
0x02,0x41,0x02,0x49,0x65,0x39,0x00,0x10,0xa6,0xa2,0xc6,0xb2,0xa6,0xaa,0x85,0xaa,
0x86,0xa2,0x65,0xaa,0x66,0xa2,0x45,0xa2,0x66,0xa2,0x66,0xa2,0x66,0xa2,0x45,0xa2,
0x86,0xa2,0x85,0xaa,0x66,0x9a,0x45,0xa2,0x66,0x9a,0x45,0xa2,0x86,0xa2,0x65,0xa2,
0x46,0x9a,0x25,0xa2,0x00,0x00,0x00,0x00,0x23,0x49,0xe2,0x48,0x03,0x41,0xe2,0x48,
0xc1,0x40,0xe1,0x38,0xc1,0x40,0xe2,0x38,0xc1,0x40,0xe2,0x38,0xe2,0x40,0x02,0x41,
0xe1,0x48,0x22,0x49,0x00,0x20,0xc9,0x82,0xa5,0xaa,0x85,0xa2,0x85,0xaa,0x85,0xa2,
0x85,0xaa,0x85,0xa2,0x45,0xa2,0x66,0xa2,0x65,0xa2,0x66,0xa2,0x85,0xaa,0x85,0xa2,
0x85,0xa2,0x86,0xa2,0x65,0xa2,0xa6,0xa2,0x65,0xa2,0x66,0xa2,0x65,0xaa,0x66,0xa2,
0x88,0x82,0x00,0x20,0x20,0x30,0x44,0x51,0x02,0x51,0x02,0x49,0xe2,0x48,0x02,0x41,
0xc2,0x38,0xc1,0x40,0xe2,0x38,0xc1,0x40,0xe2,0x38,0xe2,0x40,0x02,0x39,0xe2,0x40,
0x02,0x41,0x02,0x49,0x00,0x18,0xa9,0x82,0xa6,0xaa,0x85,0xaa,0x86,0xa2,0x85,0xaa,
0x86,0xa2,0x65,0xaa,0x00,0x20,0xa9,0x8a,0x46,0x9a,0x86,0xa2,0x86,0xa2,0x65,0xa2,
0x87,0xa2,0x25,0x9a,0x66,0x9a,0x65,0xa2,0x46,0x9a,0x46,0xa2,0x86,0xa2,0x65,0xa2,
0x89,0x7a,0x00,0x20,0x44,0x51,0x02,0x51,0x03,0x41,0xe2,0x48,0xe2,0x40,0xe2,0x48,
0xc1,0x40,0xe2,0x38,0xe1,0x40,0x02,0x41,0xe1,0x40,0x02,0x41,0xe1,0x48,0x02,0x41,
0x02,0x49,0x23,0x49,0x00,0x00,0x21,0x00,0x65,0xa2,0xa6,0xaa,0xa5,0xb2,0x85,0xa2,
0x65,0xaa,0x86,0xa2,0x88,0x7a,0x00,0x20,0x00,0x28,0x89,0x7a,0x45,0xa2,0x66,0x9a,
0x45,0xa2,0x46,0x9a,0x66,0xaa,0x45,0x9a,0x45,0xa2,0x46,0xa2,0x65,0xaa,0xa6,0xaa,
0x88,0x82,0x00,0x20,0x23,0x59,0x23,0x51,0x02,0x49,0x02,0x49,0xe2,0x48,0x02,0x41,
0xe2,0x38,0xc2,0x40,0xe2,0x38,0xe2,0x40,0x02,0x41,0xe2,0x40,0x02,0x41,0xe2,0x48,
0x23,0x49,0x23,0x51,0x65,0x49,0xe6,0x61,0x86,0xa2,0x86,0xaa,0xa6,0xaa,0x65,0xa2,
0x86,0xa2,0x65,0xaa,0x66,0x9a,0x86,0xa2,0xa6,0xa2,0xce,0xf4,0x6d,0xf5,0x8d,0xfd,
0x6f,0xfd,0xe5,0xb2,0x69,0x72,0x00,0x20,0x46,0x9a,0x66,0xa2,0x46,0x9a,0x66,0xa2,
0xca,0x8a,0x00,0x28,0x03,0x49,0xe2,0x50,0x03,0x41,0xe2,0x48,0xe2,0x40,0xe2,0x48,
0xe1,0x40,0xe2,0x38,0xe1,0x40,0x02,0x41,0xe1,0x48,0x02,0x41,0x02,0x49,0x23,0x49,
0x64,0x41,0x00,0x10,0x00,0x08,0x21,0x00,0x45,0xa2,0x86,0xaa,0xa6,0xaa,0x85,0xa2,
0x65,0xa2,0x86,0xa2,0x45,0xa2,0x46,0x9a,0x8d,0xfd,0x8d,0xfd,0x6d,0xfd,0xae,0xfd,
0x6d,0xfd,0xae,0xfd,0x06,0x92,0x84,0x79,0x00,0x08,0x00,0x00,0x45,0xaa,0x66,0xa2,
0x66,0xaa,0x45,0xa2,0x00,0x10,0x44,0x39,0xe2,0x48,0x02,0x41,0xe2,0x48,0xe2,0x40,
0xe2,0x38,0xe2,0x40,0xe2,0x40,0xe2,0x40,0x02,0x41,0x02,0x49,0x43,0x49,0x43,0x51,
0x00,0x20,0xe9,0x8a,0xa8,0xa2,0x83,0x89,0x00,0x20,0xe7,0x71,0x86,0xa2,0x45,0xa2,
0x86,0xa2,0x65,0xa2,0x84,0x9a,0x6f,0xfd,0x6d,0xfd,0x6d,0xfd,0xd0,0xcc,0x40,0x40,
0x60,0x40,0x31,0xe5,0x4f,0xfd,0x84,0xaa,0x46,0x9a,0x45,0x9a,0x87,0xa2,0x45,0xa2,
0x46,0x9a,0xe4,0x91,0x00,0x10,0x04,0x39,0x03,0x41,0xe2,0x48,0xe2,0x40,0xc1,0x40,
0xe1,0x40,0x02,0x41,0xe1,0x48,0x02,0x41,0x02,0x49,0x23,0x49,0x64,0x49,0x00,0x10,
0xc7,0xa2,0x87,0x9a,0xa6,0xaa,0x65,0x9a,0xc6,0x51,0x00,0x10,0x04,0x9a,0x66,0xa2,
0x65,0xaa,0x45,0x9a,0x41,0x9a,0x8f,0xfd,0x6d,0xfd,0x8e,0xfd,0xb2,0xe5,0x00,0x20,
0x00,0x10,0x21,0x10,0x8e,0xfd,0x4a,0xd4,0x25,0x9a,0x46,0x9a,0x86,0xaa,0x66,0xa2,
0x88,0x8a,0x00,0x28,0x00,0x10,0x24,0x39,0xe1,0x48,0xe2,0x40,0xe1,0x48,0xe2,0x40,
0xe2,0x40,0xe2,0x40,0x02,0x41,0xe2,0x48,0x03,0x49,0x23,0x51,0x00,0x18,0xe6,0x69,
0xa6,0xaa,0x85,0xaa,0x85,0xa2,0xa5,0xaa,0xcb,0x7a,0x00,0x20,0xac,0xbc,0x00,0x20,
0x84,0x79,0x26,0x9a,0x43,0x9a,0x4e,0xfd,0x6e,0xf5,0x8e,0xfd,0xb3,0xdd,0x80,0x40,
0x8e,0xfd,0x6e,0xfd,0x8f,0xfd,0x49,0xd4,0x26,0x9a,0x46,0xa2,0x86,0xa2,0x45,0xa2,
0x48,0x72,0x00,0x20,0x03,0x49,0xc2,0x48,0xe3,0x40,0xc2,0x40,0xe2,0x40,0xc2,0x40,
0xe1,0x48,0x02,0x41,0x02,0x49,0x02,0x41,0x02,0x51,0x63,0x51,0x00,0x20,0xc9,0x82,
0xa5,0xaa,0xa6,0xaa,0x64,0xaa,0xa6,0xaa,0x46,0xa2,0x83,0x81,0xe4,0xfc,0x83,0xe4,
0x00,0x20,0x07,0x62,0x02,0x92,0x70,0xfd,0x6d,0xfd,0x8e,0xfd,0xea,0xc3,0xcd,0xdc,
0xc2,0x71,0x91,0xe5,0x4f,0xfd,0x64,0x9a,0x45,0xa2,0x25,0x92,0x06,0x92,0x84,0x81,
0x00,0x20,0x03,0x41,0x02,0x49,0x02,0x41,0xe2,0x48,0xe2,0x40,0xc2,0x40,0xe2,0x40,
0x02,0x41,0xe2,0x40,0x02,0x41,0x02,0x49,0x43,0x49,0x40,0x30,0xe4,0x89,0x66,0xa2,
0x86,0xa2,0x85,0xaa,0x86,0xa2,0x65,0xa2,0x87,0xa2,0x42,0x79,0x08,0xe5,0x28,0xed,
0x00,0x20,0xa6,0x61,0x03,0x59,0xa5,0x71,0x6e,0xf5,0x6d,0xfd,0x6e,0xf5,0x8e,0xfd,
0x4e,0xfd,0x4d,0xfd,0x67,0x9a,0xe5,0x91,0x27,0x8a,0x64,0x79,0x07,0x62,0x00,0x28,
0x00,0x10,0x64,0x49,0x03,0x49,0xe2,0x48,0xe3,0x40,0xc2,0x40,0xe3,0x38,0xc2,0x40,
0x02,0x49,0x02,0x41,0x02,0x49,0x22,0x49,0x44,0x41,0x00,0x10,0x85,0xaa,0xa6,0xaa,
0x85,0xaa,0x85,0xa2,0x85,0xaa,0xa5,0xa2,0x66,0xa2,0x63,0x79,0x00,0x28,0x8d,0xdd,
0x6d,0xed,0x20,0x38,0xa4,0x81,0xc5,0x81,0x64,0x71,0x64,0x69,0x45,0x9a,0x08,0xab,
0xe8,0xaa,0xc4,0x81,0xa4,0x89,0x64,0x79,0x61,0x30,0x20,0x20,0x00,0x28,0xa6,0x61,
0xe6,0x69,0x00,0x20,0x02,0x51,0x02,0x49,0xe2,0x48,0x02,0x41,0xe2,0x48,0xe2,0x40,
0x23,0x41,0x02,0x49,0x23,0x49,0x22,0x49,0x65,0x41,0x00,0x10,0x86,0xa2,0x86,0xaa,
0x86,0xa2,0x65,0xaa,0x86,0xa2,0x45,0xa2,0xa6,0x79,0x44,0x71,0x00,0x28,0x4c,0xdd,
0x6d,0xe5,0x00,0x38,0x25,0x92,0x25,0x9a,0xa5,0x79,0xa5,0x81,0x85,0x71,0x23,0x69,
0xa5,0x71,0x64,0x71,0x00,0x08,0x23,0x39,0x29,0x9b,0x83,0x69,0xa5,0x79,0xe6,0x91,
0x48,0x82,0x00,0x38,0xa1,0x38,0x02,0x49,0x03,0x41,0xe2,0x48,0xe2,0x40,0xc2,0x40,
0x01,0x49,0x22,0x41,0x22,0x51,0x43,0x49,0x00,0x18,0x24,0x39,0x85,0xaa,0xa6,0xaa,
0xa6,0xaa,0x86,0xa2,0x85,0xaa,0xa6,0xaa,0x85,0xaa,0xa6,0xaa,0x87,0x7a,0x00,0x20,
0x20,0x38,0x0a,0xd5,0xa6,0xfd,0x65,0xf5,0x24,0xf5,0xa6,0xfd,0xe5,0xec,0x64,0xd4,
0x84,0xec,0x84,0xdc,0x40,0x79,0xc9,0xe4,0xc4,0x71,0xa4,0x69,0xe4,0x91,0x66,0x9a,
0x65,0xa2,0x45,0x9a,0x00,0x18,0x64,0x41,0x02,0x49,0x02,0x49,0xe2,0x48,0xe2,0x40,
0x22,0x41,0x02,0x49,0x23,0x41,0x22,0x49,0x00,0x18,0x27,0x72,0x86,0xa2,0x65,0xaa,
0x86,0xa2,0x85,0xaa,0x86,0xa2,0x65,0xa2,0x86,0x9a,0x65,0xa2,0x65,0x9a,0x65,0xa2,
0xa9,0x82,0x00,0x28,0x04,0xf5,0xe4,0xfc,0x45,0xf5,0x45,0xfd,0x66,0xfd,0x24,0xfd,
0x04,0xf5,0x82,0xf4,0xe1,0xd3,0xc1,0xdb,0x20,0x00,0x20,0x08,0x03,0x61,0xe6,0x81,
0x87,0xa2,0x25,0x9a,0xca,0x7a,0x00,0x18,0x03,0x49,0xe2,0x48,0xe3,0x40,0xc2,0x40,
0x21,0x49,0x22,0x49,0x21,0x51,0x42,0x49,0x00,0x20,0x89,0x7a,0x85,0xaa,0xa6,0xaa,
0x65,0xaa,0xa6,0xaa,0x85,0xaa,0x85,0xa2,0x85,0xaa,0x85,0xa2,0x64,0xa2,0xa6,0xa2,
0x85,0xa2,0x65,0x9a,0x40,0x40,0xe8,0xb3,0xc2,0xd3,0x61,0xbb,0x81,0xd3,0xc2,0xd3,
0x41,0xc3,0x82,0xc3,0xa9,0xb3,0x00,0x51,0x24,0xa2,0x86,0xa2,0x85,0xaa,0xa6,0xaa,
0x65,0xa2,0x85,0xa2,0xea,0x92,0x00,0x28,0x02,0x51,0x02,0x49,0xe2,0x48,0xe2,0x40,
0x22,0x41,0x22,0x49,0x42,0x49,0x42,0x51,0x00,0x18,0x68,0x7a,0x05,0x92,0x87,0xaa,
0xa6,0xa2,0x85,0xa2,0x86,0xa2,0x45,0xa2,0x66,0xa2,0x65,0xa2,0x66,0xa2,0x85,0xaa,
0x66,0x9a,0x45,0x9a,0x89,0x7a,0x00,0x20,0x45,0xfd,0x24,0xfd,0x86,0xfd,0x65,0xfd,
0x4d,0xd5,0x20,0x30,0x65,0xa2,0x65,0xaa,0x65,0x9a,0x65,0xa2,0x86,0xa2,0x65,0xa2,
0x86,0xa2,0x65,0xa2,0xa9,0x8a,0x00,0x38,0x23,0x49,0xe2,0x48,0xe2,0x40,0xc2,0x40,
0x41,0x51,0x62,0x49,0x61,0x51,0x61,0x49,0x20,0x10,0x20,0x10,0xe4,0x91,0x66,0x9a,
0x65,0xaa,0x65,0xa2,0x65,0xa2,0x65,0xa2,0x85,0xaa,0x86,0xa2,0x65,0xa2,0x86,0xa2,
0x65,0xa2,0x66,0xa2,0x45,0x9a,0xa3,0x81,0x44,0xfd,0x85,0xfd,0x45,0xfd,0x24,0xf5,
0x00,0x30,0xa9,0x82,0x65,0xa2,0x85,0xa2,0x65,0xaa,0x85,0xa2,0x65,0xaa,0x85,0xa2,
0x65,0xaa,0x86,0xa2,0x88,0x8a,0x00,0x30,0x02,0x49,0xe2,0x40,0xe2,0x48,0xe2,0x40,
0x62,0x49,0x61,0x51,0x82,0x51,0x61,0x51,0x84,0x59,0x00,0x28,0xc5,0x89,0x06,0x92,
0x87,0xa2,0x45,0x9a,0x27,0x92,0x84,0x89,0xe4,0x91,0x86,0xaa,0x66,0x9a,0x86,0xa2,
0x86,0xa2,0x45,0xa2,0x44,0x71,0x85,0x81,0x65,0xf5,0x65,0xfd,0x6e,0xd5,0x00,0x28,
0x66,0x9a,0x66,0xa2,0x66,0xa2,0x45,0xa2,0x66,0x9a,0x45,0xa2,0x86,0xa2,0x65,0xa2,
0x86,0xa2,0xe4,0x99,0xa6,0x71,0x00,0x38,0x03,0x49,0xe2,0x48,0xe3,0x40,0xc2,0x40,
0x61,0x51,0xa2,0x51,0xc4,0x59,0x20,0x20,0x24,0xfd,0x00,0xd4,0x67,0xb3,0x80,0x50,
0x84,0x79,0x64,0x71,0x61,0x20,0x00,0x10,0x00,0x10,0x20,0x08,0x40,0x40,0x27,0x72,
0x63,0x79,0x67,0x9a,0xe7,0x69,0x00,0x20,0x24,0xfd,0x65,0xfd,0x2c,0xed,0x20,0x40,
0x45,0xa2,0x65,0xa2,0x85,0xa2,0x86,0xa2,0x45,0xa2,0x45,0xa2,0x86,0xa2,0x25,0x92,
0x03,0x59,0x40,0x38,0x40,0x10,0x00,0x08,0xe2,0x48,0x03,0x49,0xe2,0x48,0x02,0x41,
0x81,0x49,0xa2,0x59,0x05,0x52,0x00,0x10,0xe0,0x81,0x49,0xf5,0xc7,0xb3,0x41,0x8a,
0x01,0x08,0x00,0x08,0x46,0x9a,0x66,0xa2,0x66,0x9a,0x05,0x92,0xa9,0x82,0x00,0x20,
0xa5,0x71,0x64,0x79,0x00,0x18,0xee,0xc4,0x45,0xfd,0x45,0xfd,0xec,0xe4,0x40,0x50,
0x05,0x92,0x66,0xa2,0x86,0xa2,0x45,0xa2,0x66,0x9a,0xe4,0x91,0xe7,0x61,0x00,0x20,
0xa5,0x71,0x06,0x82,0x45,0x9a,0x45,0x9a,0x00,0x00,0x41,0x10,0x03,0x41,0xe2,0x48,
0x80,0x59,0xe2,0x59,0x00,0x20,0x6a,0x93,0x66,0xfd,0x62,0xe4,0x29,0xd4,0xe0,0x60,
0x00,0x28,0xa8,0x82,0x45,0x9a,0xe4,0x89,0x63,0x79,0xa4,0x79,0x66,0xa2,0xe5,0x91,
0x00,0x30,0x68,0x9b,0x41,0xec,0x04,0xfd,0x44,0xfd,0x45,0xfd,0x2c,0xed,0x60,0x48,
0x42,0x79,0x67,0x9a,0x04,0x9a,0x46,0xa2,0xe5,0x91,0xa4,0x81,0x00,0x28,0x68,0x7a,
0x45,0x9a,0xc4,0x81,0x86,0xaa,0x04,0x92,0x68,0x8a,0x00,0x30,0x02,0x49,0x03,0x49,
0xa1,0x51,0xc2,0x59,0x20,0x28,0x8d,0xe5,0x62,0xb3,0x46,0xdc,0x00,0x10,0x45,0x49,
0xa5,0x69,0x47,0x82,0x64,0x91,0xac,0xdb,0xad,0xdb,0x63,0x91,0x0d,0xec,0x04,0xaa,
0xe0,0x81,0x04,0xab,0xc1,0xc3,0x46,0xfd,0x45,0xfd,0x25,0xfd,0x0b,0xd5,0x00,0x59,
0x64,0x69,0xc5,0x79,0x23,0x71,0xa5,0x81,0xc6,0x59,0x00,0x20,0x66,0xa2,0x46,0xa2,
0x0d,0xf4,0x0c,0xf4,0x2d,0xfc,0xcb,0xf3,0x48,0x7a,0x00,0x30,0x00,0x18,0x04,0x41,
0xa3,0x49,0x00,0x10,0x24,0xfd,0x65,0xfd,0x00,0x30,0x8a,0xc4,0x00,0x10,0x20,0x08,
0xe4,0xa9,0xcc,0xdb,0xcc,0xe3,0xe5,0xa1,0x84,0x81,0xa5,0x79,0x49,0xcb,0x45,0xa2,
0x88,0x82,0x00,0x20,0x05,0xfd,0xe1,0xd3,0x60,0xcb,0x27,0xfd,0xe4,0xfc,0xc0,0xd3,
0x20,0x28,0x41,0x20,0x20,0x28,0x82,0x30,0x00,0x28,0x67,0x7a,0x45,0xa2,0x66,0xa2,
0x46,0xa2,0x84,0x81,0xa4,0x91,0x84,0x89,0xcc,0xe3,0x63,0x91,0x00,0x10,0x24,0x39,
0xa4,0x41,0x00,0x10,0x46,0xfd,0x41,0xe4,0x00,0x30,0x8a,0xcc,0x00,0x08,0x00,0x08,
0x87,0x9a,0x04,0x92,0xa5,0x81,0xc5,0x89,0x2d,0xf4,0x4d,0xfc,0x43,0x71,0x67,0x9a,
0x88,0x72,0x00,0x20,0x25,0xfd,0xe4,0xf4,0x86,0xfd,0x65,0xfd,0x04,0xf5,0x45,0xfd,
0x67,0xfd,0xa0,0xcb,0xa1,0xcb,0x02,0xe4,0xa0,0x60,0x46,0x9a,0x47,0x92,0x63,0x79,
0x05,0xa2,0x2e,0xf4,0xc9,0xaa,0xe5,0x99,0xc8,0xaa,0xe5,0x91,0x00,0x10,0x03,0x39,
0x83,0x41,0x00,0x10,0x2b,0xed,0x80,0x50,0xe3,0xfc,0x62,0xe4,0x00,0x08,0x40,0x08,
0x46,0xa2,0x25,0x92,0x62,0x99,0x4e,0xf4,0x2d,0xfc,0x4e,0xfc,0x0c,0xec,0xe4,0xa1,
0x67,0x82,0x00,0x28,0x25,0xf5,0x46,0xf5,0x24,0xfd,0xc3,0xec,0xc3,0xf4,0xa3,0xec,
0x82,0xec,0x45,0xfd,0x6d,0xe5,0x00,0x28,0x45,0x9a,0x45,0x9a,0xe4,0xa1,0xec,0xdb,
0x2c,0xfc,0x4d,0xfc,0x4d,0xfc,0xe4,0xa9,0x05,0x9a,0xa4,0x81,0x00,0x10,0x24,0x39,
0x61,0x41,0x61,0x49,0x21,0x00,0x00,0x00,0x05,0xfd,0x21,0xe4,0x00,0x10,0x45,0x41,
0xc5,0x79,0x06,0x8a,0x22,0x89,0x4e,0xf4,0x2d,0xfc,0x2d,0xfc,0x2e,0xe4,0x63,0x91,
0x26,0x8a,0x05,0x8a,0x00,0x28,0x6d,0xdd,0x45,0xfd,0x24,0xfd,0x45,0xfd,0x45,0xfd,
0x45,0xf5,0x45,0xfd,0x2e,0xe5,0xe1,0x81,0x66,0x9a,0x45,0x9a,0x84,0x91,0x4e,0xf4,
0x2d,0xfc,0x0d,0xfc,0x6e,0xf4,0xc4,0xa9,0x48,0x72,0x00,0x28,0x03,0x49,0xe3,0x48,
0x20,0x41,0x61,0x41,0x63,0x39,0x20,0x10,0xe6,0xfc,0xc0,0xb2,0x64,0x39,0x00,0x08,
0x63,0x71,0x47,0x8a,0x62,0x91,0x8f,0xec,0x2d,0xfc,0x4d,0xfc,0x6f,0xf4,0x63,0x89,
0x05,0x8a,0x26,0x8a,0x85,0x59,0x00,0x20,0xe3,0xf4,0x24,0xfd,0x24,0xfd,0x65,0xfd,
0x2b,0xdd,0xc0,0x48,0x40,0x50,0xe6,0x79,0x86,0xaa,0x65,0x9a,0x83,0x99,0x8f,0xf4,
0x2c,0xfc,0x2d,0xfc,0x4e,0xf4,0xa4,0x99,0x68,0x7a,0x00,0x18,0x03,0x51,0x03,0x49,
0x01,0x39,0x01,0x41,0x44,0x39,0x00,0x10,0x00,0x00,0x00,0x00,0x22,0x41,0x01,0x41,
0x00,0x18,0x07,0x72,0x06,0x8a,0xa4,0x81,0x0d,0xfc,0x0d,0xfc,0x4e,0xec,0xc4,0xa1,
0x47,0x82,0x43,0x69,0x64,0x71,0x44,0x71,0x45,0x31,0x00,0x10,0x21,0x00,0x00,0x00,
0x00,0x18,0xa6,0x59,0x85,0x71,0x84,0x79,0x25,0x92,0x25,0x9a,0x84,0x91,0x6f,0xf4,
0x2d,0xfc,0x2d,0xfc,0xc6,0x89,0xc5,0x91,0x00,0x10,0x44,0x41,0x03,0x49,0xe2,0x48,
0x00,0x39,0x01,0x39,0x00,0x41,0x21,0x39,0x01,0x41,0x21,0x41,0x01,0x41,0x22,0x41,
0x00,0x28,0xc6,0x61,0xe5,0x89,0x06,0x8a,0x84,0x79,0x84,0x71,0xa4,0x89,0x06,0x8a,
0xe6,0x69,0x00,0x18,0x00,0x00,0x20,0x00,0x00,0x08,0x00,0x00,0x00,0x08,0x00,0x00,
0x00,0x18,0x64,0x41,0xa4,0x81,0xa5,0x79,0xa4,0x89,0x46,0x92,0x06,0x92,0x64,0x79,
0x63,0x79,0xe5,0x89,0xe6,0x69,0x00,0x18,0x43,0x59,0x03,0x51,0xe2,0x48,0xe3,0x40,
0xe1,0x30,0xe1,0x38,0x01,0x31,0xe1,0x38,0x01,0x39,0xe1,0x38,0xe2,0x38,0xe1,0x38,
0x04,0x31,0x00,0x08,0xc5,0x81,0x05,0x92,0x05,0x92,0xe5,0x91,0x06,0x8a,0x63,0x79,
0xe7,0x61,0x00,0x20,0xe2,0x38,0xe2,0x40,0xe2,0x38,0xe2,0x40,0x02,0x41,0xe1,0x40,
0x23,0x31,0x00,0x10,0x00,0x00,0x00,0x00,0xe6,0x81,0x23,0x71,0xe5,0x89,0xe5,0x91,
0x06,0x92,0xe5,0x91,0x00,0x10,0x65,0x49,0x24,0x49,0xe3,0x48,0xe3,0x40,0xc2,0x40,
0xe0,0x38,0x01,0x31,0xe0,0x38,0x01,0x31,0xe0,0x38,0x01,0x39,0xe1,0x38,0x01,0x39,
0xc1,0x38,0x02,0x39,0x44,0x41,0x00,0x10,0x00,0x08,0x20,0x00,0x00,0x00,0x20,0x00,
0xc2,0x40,0x03,0x39,0xc1,0x38,0xc2,0x30,0xc1,0x38,0xe2,0x38,0xc1,0x38,0xc2,0x30,
0xc1,0x38,0xe2,0x38,0xe1,0x40,0x02,0x41,0x00,0x08,0x00,0x00,0x00,0x08,0x20,0x00,
0x00,0x08,0x20,0x08,0x03,0x51,0x03,0x49,0xe2,0x48,0xe3,0x40,0xc2,0x40,0xe2,0x38,
0xe1,0x30,0xc0,0x30,0xe1,0x30,0xc1,0x30,0xc1,0x30,0xc1,0x38,0xe2,0x30,0xc1,0x38,
0xe2,0x30,0xc1,0x38,0xe2,0x38,0xe2,0x40,0xe3,0x40,0xc2,0x40,0x03,0x39,0xc2,0x40,
0xe3,0x38,0xa2,0x38,0xc2,0x30,0xa1,0x38,0xc2,0x30,0xa1,0x30,0xc2,0x30,0xa1,0x38,
0xc2,0x30,0xc1,0x38,0xc2,0x38,0xc2,0x38,0xc3,0x38,0xc2,0x40,0xe3,0x40,0xe3,0x40,
0xe3,0x40,0xc2,0x40,0xe3,0x40,0xc2,0x40,0xe3,0x38,0xc2,0x40,0xc3,0x38,0xa2,0x38,
0x00,0x00,0x00,0x00,0x00,0x00,0x00,0x00,0x00,0x00,0x00,0x00,0x00,0x00,0x00,0x00,
0x00,0x00,0x00,0x00,0x00,0x00,0x00,0x00,0x00,0x00,0x00,0x00,0x00,0x00,0x00,0x00,
0x00,0x00,0x00,0x00,0x00,0x00,0x00,0x00,0x00,0x00,0x00,0x00,0x00,0x00,0x00,0x00,
0x00,0x00,0x00,0x00,0x00,0x00,0x00,0x04,0x34,0xfc,0xfd,0xfd,0xfa,0x01,0x00,0x00,
0x00,0x00,0x00,0x00,0x00,0x00,0x00,0x00,0x00,0x00,0x00,0x00,0x00,0x00,0x00,0x00,
0x00,0x00,0x00,0x00,0x00,0x00,0x00,0x00,0x00,0x00,0x00,0x00,0x00,0x00,0x02,0xfa,
0xfd,0xfd,0xfd,0xfe,0xfd,0xfd,0x5d,0x00,0x00,0x00,0x00,0x00,0x00,0x00,0x00,0x00,
0x00,0x00,0x00,0x00,0x00,0x00,0x00,0x00,0x00,0x00,0x00,0x00,0x00,0x00,0x00,0x00,
0x00,0x00,0x00,0x00,0x00,0x00,0xf0,0xfc,0xfd,0xfe,0xfe,0xfe,0xfe,0xfd,0xf8,0x1a,
0x10,0x01,0x01,0x00,0x00,0x00,0x00,0x00,0x00,0x00,0x00,0x00,0x00,0x00,0x00,0x00,
0x00,0x00,0x00,0x00,0x00,0x00,0x00,0x00,0x00,0x00,0x00,0x00,0x00,0x00,0xfb,0xfc,
0xfe,0xfe,0xfe,0xfe,0xfe,0xfe,0xfd,0xfc,0xfc,0xfc,0xf3,0xc9,0x01,0x00,0x00,0x00,
0x00,0x00,0x00,0x00,0x00,0x00,0x00,0x00,0x00,0x00,0x00,0x00,0x00,0x00,0x00,0x00,
0x00,0x00,0x00,0x00,0x00,0x00,0xfb,0xfc,0xfe,0xfe,0xfe,0xfe,0xfe,0xfe,0xfe,0xfd,
0xfe,0xfd,0xfe,0xfe,0xfd,0x1e,0xe2,0xfd,0xfd,0xfd,0xf6,0x02,0x00,0x00,0x00,0x00,
0x00,0x00,0x00,0x00,0x00,0x00,0x00,0x00,0x00,0x00,0x00,0x00,0x00,0x00,0xcb,0xfd,
0xfe,0xfe,0xfe,0xfe,0xfe,0xfe,0xfe,0xfe,0xfe,0xfe,0xfe,0xfe,0xfe,0xfd,0xfc,0xfd,
0xfd,0xfd,0xfd,0xfa,0x00,0x00,0x00,0x00,0x00,0x00,0x00,0x00,0x00,0x00,0x00,0x00,
0x00,0x00,0x00,0x00,0x00,0x36,0xfd,0xfe,0xfe,0xfe,0xfe,0xfe,0xfe,0xfe,0xfe,0xfe,
0xfe,0xfe,0xfe,0xfe,0xfe,0xfe,0xfd,0xfe,0xfe,0xfe,0xfe,0xfd,0xf0,0x00,0x00,0x00,
0x00,0x00,0x00,0x00,0x00,0x00,0x00,0x00,0x00,0x00,0x00,0x00,0xc9,0xfc,0xfe,0xfe,
0xfe,0xfe,0xfe,0xfe,0xfe,0xfe,0xfe,0xfe,0xfe,0xfe,0xfe,0xfe,0xfe,0xfe,0xfe,0xfe,
0xfe,0xfe,0xfe,0xfd,0xf5,0x00,0x00,0x00,0x00,0x00,0x00,0x00,0x00,0x00,0x00,0x00,
0x00,0x00,0x00,0xe8,0xfd,0xfd,0xfe,0xfe,0xfe,0xfe,0xfe,0xfe,0xfe,0xfe,0xfe,0xfd,
0xfe,0xfe,0xfe,0xfe,0xfd,0xfe,0xfe,0xfe,0xfe,0xfe,0xfd,0xfc,0xf5,0x01,0x00,0x00,
0x00,0x00,0x00,0x00,0x00,0x00,0x00,0x00,0x00,0x00,0x00,0xfc,0xfd,0xfe,0xfe,0xfe,
0xfe,0xfe,0xfe,0xfe,0xfe,0xfe,0xfe,0xfe,0xfe,0xfe,0xfe,0xfe,0xfd,0xfe,0xfe,0xfe,
0xfe,0xfe,0xfd,0xfd,0x11,0x01,0x00,0x00,0x00,0x00,0x00,0x00,0x00,0x00,0x00,0x00,
0x00,0x00,0x52,0xfd,0xfd,0xfe,0xfe,0xfe,0xfe,0xfe,0xfe,0xfe,0xfe,0xfe,0xfe,0xfe,
0xfe,0xfe,0xfd,0xfd,0xfd,0xfe,0xfe,0xfe,0xfe,0xfd,0xfd,0xfc,0x01,0x00,0x00,0x00,
0x00,0x00,0x00,0x00,0x00,0x00,0x00,0x00,0x00,0x00,0xfc,0xfd,0xfe,0xfe,0xfe,0xfe,
0xfe,0xfd,0xfe,0xfe,0xfe,0xfe,0xfe,0xfe,0xfe,0xfe,0xfd,0xfd,0xfd,0xfe,0xfe,0xfe,
0xfe,0xfd,0x81,0x01,0x00,0x00,0x00,0x00,0x00,0x00,0x00,0x00,0x00,0x00,0x00,0x00,
0x00,0x00,0xfc,0xfd,0xfe,0xfe,0xfe,0xfe,0xfe,0xfe,0xfe,0xfe,0xfe,0xfe,0xfe,0xfe,
0xfe,0xfe,0xfe,0xfd,0xfd,0xfe,0xfe,0xfe,0xfd,0xfc,0x04,0x01,0x00,0x00,0x00,0x00,
0x00,0x00,0x00,0x00,0x00,0x00,0x00,0x00,0x00,0x00,0xf7,0xfe,0xfe,0xfe,0xfe,0xfe,
0xfe,0xfe,0xfe,0xfe,0xfe,0xfe,0xfe,0xfe,0xfe,0xfe,0xfe,0xfe,0xfe,0xfe,0xfe,0xfe,
0xfd,0xfc,0x06,0x00,0x00,0x00,0x00,0x00,0x00,0x00,0x00,0x00,0x00,0x00,0x00,0x00,
0x00,0x01,0x13,0xfd,0xfe,0xfe,0xfe,0xfe,0xfe,0xfe,0xfe,0xfe,0xfe,0xfe,0xfe,0xfe,
0xfe,0xfe,0xfe,0xfe,0xfe,0xfe,0xfe,0xfe,0xfe,0xfd,0x12,0x00,0x00,0x00,0x00,0x00,
0x00,0x00,0x00,0x00,0x00,0x00,0x00,0x01,0x00,0xf2,0xf9,0xfd,0xfe,0xfe,0xfe,0xfe,
0xfe,0xfe,0xfe,0xfe,0xfe,0xfe,0xfe,0xfe,0xfe,0xff,0xfe,0xfe,0xfe,0xfe,0xfe,0xfe,
0xfe,0xfd,0xf9,0x01,0x00,0x00,0x00,0x00,0x00,0x00,0x00,0x00,0x00,0x00,0x00,0x03,
0xf4,0xfd,0xfd,0xfe,0xfe,0xfe,0xfe,0xfe,0xfe,0xfe,0xfe,0xfe,0xfe,0xfe,0xfe,0xfe,
0xfe,0xff,0xfe,0xfe,0xfe,0xfe,0xfe,0xfe,0xfe,0xfd,0xfa,0x01,0x00,0x00,0x00,0x00,
0x00,0x00,0x00,0x00,0x00,0x01,0x03,0xfc,0xfd,0xfd,0xfe,0xfe,0xfe,0xfe,0xfe,0xfe,
0xfe,0xfe,0xff,0xff,0xfe,0xfe,0xfe,0xfe,0xfe,0xfe,0xfe,0xfe,0xfe,0xfe,0xfe,0xfe,
0xfe,0xfd,0xf7,0x01,0x00,0x00,0x00,0x00,0x00,0x00,0x00,0x00,0x00,0x01,0xf6,0xfd,
0xfd,0xfe,0xfe,0xfe,0xfe,0xfe,0xfe,0xfe,0xfe,0xfe,0xfe,0xfe,0xff,0xff,0xfe,0xff,
0xff,0xfe,0xfe,0xfe,0xfe,0xfe,0xfe,0xfe,0xfe,0xfd,0x03,0x01,0x00,0x00,0x00,0x00,
0x00,0x00,0x00,0x00,0x00,0x04,0xfb,0xfd,0xfd,0xfe,0xfe,0xfe,0xfe,0xfe,0xfe,0xfe,
0xfe,0xfe,0xfe,0xfe,0xfe,0xff,0xfe,0xfe,0xfe,0xfe,0xfe,0xfe,0xfe,0xfe,0xfe,0xfe,
0xfd,0x96,0x01,0x00,0x00,0x00,0x00,0x00,0x00,0x00,0x00,0x00,0x00,0xdd,0xfc,0xfd,
0xfd,0xfe,0xfe,0xfe,0xfe,0xfe,0xfe,0xfe,0xfe,0xfe,0xfe,0xfe,0xfe,0xfe,0xfe,0xfe,
0xfe,0xfe,0xfe,0xfe,0xfe,0xfe,0xfe,0xfe,0xfb,0x08,0x01,0x00,0x00,0x00,0x00,0x00,
0x00,0x00,0x00,0x00,0x00,0xfd,0xfd,0xfe,0xfe,0xfe,0xfe,0xfe,0xfe,0xfe,0xfe,0xff,
0xfe,0xfe,0xfe,0xfe,0xfe,0xfe,0xfe,0xfe,0xfe,0xfe,0xfe,0xfe,0xfe,0xfe,0xfe,0xfd,
0xfd,0xfc,0x01,0x00,0x00,0x00,0x00,0x00,0x00,0x00,0x00,0x00,0x00,0xfd,0xfd,0xfe,
0xfe,0xfe,0xfe,0xfe,0xfe,0xfe,0xff,0xff,0xfe,0xfe,0xfe,0xfe,0xfe,0xfe,0xfe,0xfe,
0xfe,0xfe,0xfe,0xfe,0xfe,0xfe,0xfe,0xfd,0xfd,0xfc,0x48,0x00,0x00,0x00,0x00,0x00,
0x00,0x00,0x00,0x00,0xf6,0xfc,0xfe,0xfe,0xfe,0xfe,0xfe,0xfe,0xfe,0xfe,0xfe,0xfe,
0xfe,0xff,0xfe,0xfe,0xfe,0xfe,0xfe,0xfe,0xfe,0xfe,0xfe,0xfe,0xfe,0xfe,0xfe,0xfd,
0xfd,0xfd,0xfe,0x02,0x00,0x00,0x00,0x00,0x00,0x00,0x00,0x01,0xf8,0xfd,0xfe,0xfe,
0xfe,0xfe,0xfe,0xfe,0xfe,0xfe,0xfe,0xfe,0xfe,0xfe,0xfe,0xfe,0xfe,0xfe,0xfe,0xfe,
0xfe,0xfe,0xfe,0xfe,0xfe,0xfe,0xfe,0xfe,0xfe,0xfe,0xfd,0xfa,0x00,0x00,0x00,0x00,
0x00,0x00,0x00,0x01,0xf7,0xfe,0xfe,0xfe,0xfe,0xfe,0xfe,0xfe,0xfe,0xfe,0xfe,0xfe,
0xfe,0xfe,0xfe,0xfe,0xfe,0xfe,0xfe,0xfe,0xfe,0xfe,0xfe,0xfe,0xfe,0xfe,0xfe,0xfe,
0xfe,0xfe,0xfe,0xfc,0x02,0x00,0x00,0x00,0x00,0x00,0x00,0x01,0xf6,0xfe,0xfe,0xfe,
0xfe,0xfe,0xfe,0xfe,0xfe,0xfe,0xfe,0xfe,0xfe,0xfe,0xfe,0xfe,0xfe,0xfe,0xfe,0xfe,
0xfe,0xfe,0xfe,0xfe,0xfe,0xfe,0xfe,0xfe,0xfe,0xfe,0xfe,0xfd,0x05,0x00,0x00,0x00,
0x00,0x00,0x01,0x26,0xfb,0xfe,0xfe,0xfe,0xfe,0xfe,0xfe,0xfe,0xfe,0xfd,0xfd,0xfe,
0xfe,0xfe,0xfe,0xfe,0xfe,0xfe,0xfe,0xfe,0xfe,0xfe,0xfe,0xfe,0xfe,0xfe,0xfe,0xfe,
0xfe,0xfe,0xfe,0xfd,0x05,0x00,0x00,0x00,0x00,0x00,0x01,0x28,0xfb,0xfe,0xfe,0xfe,
0xfe,0xfe,0xfe,0xfe,0xfe,0xfe,0xfe,0xfe,0xfe,0xfe,0xfe,0xfe,0xfe,0xfe,0xfe,0xfe,
0xfe,0xfe,0xfe,0xfe,0xfe,0xfe,0xfe,0xfe,0xfe,0xfe,0xfd,0xfd,0x02,0x00,0x00,0x00,
0x00,0x00,0x01,0xf0,0xfc,0xfe,0xfe,0xfe,0xfe,0xfe,0xfe,0xfe,0xfe,0xfe,0xfe,0xfe,
0xfe,0xfe,0xfe,0xfe,0xfe,0xfe,0xfe,0xfe,0xfe,0xfe,0xfe,0xfe,0xfe,0xfe,0xfe,0xfe,
0xfe,0xfe,0xfe,0xfe,0x2d,0x00,0x00,0x00,0x00,0x01,0x05,0xfc,0xfd,0xfe,0xfe,0xfe,
0xfe,0xfe,0xfe,0xfe,0xfe,0xfe,0xfe,0xfe,0xfe,0xfe,0xfe,0xff,0xfe,0xfe,0xfe,0xfe,
0xfe,0xfe,0xfe,0xfe,0xfe,0xfe,0xfe,0xfe,0xfe,0xfe,0xfe,0xfe,0xfc,0xe5,0x00,0x00,
0x00,0x01,0xf4,0xfd,0xfe,0xfe,0xfe,0xfe,0xfe,0xfe,0xfe,0xfe,0xfe,0xfe,0xfe,0xfe,
0xfe,0xfe,0xfe,0xfe,0xfe,0xfe,0xfe,0xff,0xff,0xff,0xfe,0xfe,0xfe,0xfe,0xfe,0xfe,
0xfe,0xfe,0xfe,0xfe,0xfe,0xfc,0x02,0x00,0x01,0x03,0xfd,0xfe,0xfe,0xfe,0xfe,0xfe,
0xfe,0xfe,0xfe,0xfe,0xff,0xfe,0xff,0xfe,0xfe,0xfe,0xfe,0xfe,0xfe,0xfe,0xfe,0xff,
0xff,0xff,0xfe,0xfe,0xfe,0xfe,0xfe,0xfe,0xfe,0xfe,0xfe,0xfe,0xfe,0xfd,0xc9,0x01,
0x02,0xf5,0xfd,0xfe,0xfe,0xfe,0xfe,0xfe,0xfe,0xfe,0xfe,0xfe,0xff,0xfe,0xff,0xfe,
0xfe,0xfe,0xfe,0xfe,0xfe,0xfe,0xff,0xff,0xff,0xfe,0xfe,0xfe,0xfe,0xfe,0xfe,0xfe,
0xfe,0xfe,0xfe,0xfe,0xfe,0xfe,0xfb,0x00,0x02,0xf7,0xfd,0xfe,0xfe,0xfe,0xfe,0xfe,
0xfe,0xfe,0xfe,0xfe,0xfe,0xfe,0xfe,0xfe,0xfe,0xfe,0xfe,0xfe,0xfe,0xfe,0xfe,0xfe,
0xfe,0xfe,0xfe,0xfe,0xfe,0xfe,0xfe,0xfe,0xfe,0xfe,0xfe,0xfe,0xfe,0xfe,0xfc,0x01,
0x01,0xf2,0xfd,0xfe,0xfe,0xfe,0xfe,0xfe,0xfe,0xfe,0xfe,0xfe,0xfe,0xff,0xff,0xfe,
0xfe,0xfe,0xfe,0xfe,0xfe,0xfe,0xfe,0xfe,0xfe,0xfe,0xff,0xfe,0xfe,0xfe,0xfe,0xff,
0xfe,0xfe,0xfe,0xfe,0xfe,0xfe,0xfa,0x01,0x00,0x03,0xfd,0xfe,0xfe,0xfe,0xfe,0xfe,
0xfe,0xfe,0xfe,0xfe,0xfe,0xfe,0xfe,0xfe,0xfe,0xfe,0xfe,0xfe,0xfe,0xfe,0xfe,0xfe,
0xfe,0xfe,0xff,0xfe,0xfe,0xfe,0xfe,0xfe,0xfe,0xfe,0xfe,0xfe,0xfd,0xfd,0x03,0x00,
0x00,0x00,0x05,0xfd,0xfe,0xfc,0x47,0xfc,0xfd,0xfe,0xfe,0xfe,0xfe,0xfe,0xfe,0xfe,
0xfe,0xfe,0xfe,0xfe,0xfe,0xfe,0xfe,0xfe,0xfe,0xfe,0xfe,0xfe,0xfe,0xfe,0xfe,0xfe,
0xfe,0xfe,0xff,0xfe,0xfc,0xf6,0x00,0x00,0x00,0x00,0x00,0xfa,0xfd,0xfb,0x0a,0x06,
0xfc,0xfe,0xfe,0xfe,0xfe,0xfe,0xfe,0xfe,0xfe,0xfe,0xfe,0xfe,0xfe,0xfe,0xfe,0xfe,
0xfe,0xfe,0xfe,0xfe,0xfe,0xfe,0xfe,0xfe,0xfe,0xfe,0xfe,0xfd,0xf9,0x01,0x00,0x00,
0x00,0x00,0x00,0x00,0x02,0x02,0x01,0x01,0xeb,0xfd,0xfe,0xfe,0xfe,0xfe,0xfe,0xfe,
0xfe,0xfd,0xfd,0xfd,0xfe,0xfd,0xfd,0xfd,0xfd,0xfe,0xfe,0xfe,0xfe,0xfe,0xfe,0xfe,
0xfe,0xfe,0xfd,0xfb,0x00,0x00,0x00,0x00,0x00,0x00,0x00,0x00,0x00,0x00,0x00,0x01,
0x02,0xfa,0xfe,0xfe,0xfe,0xfe,0xfe,0xfe,0xfd,0xf8,0x00,0x00,0x00,0x01,0x01,0x00,
0x00,0xf9,0xfe,0xfd,0xfd,0xfe,0xfe,0xfe,0xfe,0xfd,0xfc,0x01,0x00,0x00,0x00,0x00,
0x00,0x00,0x00,0x00,0x00,0x00,0x00,0x00,0x00,0x00,0x01,0xfa,0xfb,0xfc,0xfb,0xf9,
0x20,0x00,0x00,0x00,0x00,0x00,0x00,0x00,0x00,0x00,0x00,0x02,0xe0,0xdb,0xe8,0xe5,
0xe0,0xce,0x00,0x00,0x00,0x00,0x00,0x00,0x00,0x00,0x00,0x00,0x00,0x00,0x00,0x00,
0x00,0x00,0x00,0x01,0x01,0x01,0x01,0x01,0x00,0x00,0x00,0x00,0x00,0x00,0x00,0x00,
0x00,0x00,0x00,0x00,0x00,0x00,0x01,0x01,0x01,0x00,0x00,0x00,0x00,0x00,0x00,0x00,

};
static const lv_image_dsc_t s_partner_atuan_tired = {
    .header.magic = LV_IMAGE_HEADER_MAGIC,
    .header.cf = LV_COLOR_FORMAT_RGB565A8,
    .header.flags = 0,
    .header.w = 40,
    .header.h = 44,
    .header.stride = 80,
    .data_size = sizeof(s_partner_atuan_tired_map),
    .data = s_partner_atuan_tired_map,
};

const lv_image_dsc_t *const visual_partners[4][3] = {
    { &s_partner_momo_idle, &s_partner_momo_work, &s_partner_momo_tired },
    { &s_partner_lulu_idle, &s_partner_lulu_work, &s_partner_lulu_tired },
    { &s_partner_amai_idle, &s_partner_amai_work, &s_partner_amai_tired },
    { &s_partner_atuan_idle, &s_partner_atuan_work, &s_partner_atuan_tired },
};
