#include "app_tama.h"
#include "lvgl.h"

#ifndef LV_ATTRIBUTE_MEM_ALIGN
#define LV_ATTRIBUTE_MEM_ALIGN
#endif

/* Ardot 宠物养成 file 718233732936873 固件纪念品贴纸 16:3-16:10，透明 PNG */

static const LV_ATTRIBUTE_MEM_ALIGN uint8_t app_tama_souv_shell_map[] = {
    0x00, 0x00, 0x00, 0x00, 0x00, 0x00, 0x00, 0x00, 0x00, 0x00, 0x00, 0x00, 0x00, 0x00, 0x00, 0x00,
    0x00, 0x00, 0x00, 0x00, 0x00, 0x00, 0x00, 0x00, 0x00, 0x00, 0x00, 0x00, 0x00, 0x00, 0x00, 0x00,
    0x00, 0x00, 0x00, 0x00, 0x00, 0x00, 0x00, 0x00, 0x00, 0x00, 0x00, 0x00, 0x00, 0x00, 0x00, 0x00,
    0x00, 0x00, 0x00, 0x00, 0x00, 0x00, 0x00, 0x00, 0x00, 0x00, 0x00, 0x00, 0x00, 0x00, 0x00, 0x00,
    0x00, 0x00, 0x00, 0x00, 0x00, 0x00, 0x00, 0x00, 0x00, 0x00, 0x00, 0x00, 0x00, 0x00, 0x00, 0x00,
    0x00, 0x00, 0x00, 0x00, 0x00, 0x00, 0x00, 0x00, 0x00, 0x00, 0x00, 0x00, 0x00, 0x00, 0x00, 0x00,
    0x00, 0x00, 0x00, 0x00, 0x00, 0x00, 0x00, 0x00, 0x00, 0x00, 0x00, 0x00, 0x00, 0x00, 0x00, 0x00,
    0x00, 0x00, 0x00, 0x00, 0x00, 0x00, 0x00, 0x00, 0x00, 0x00, 0x00, 0x00, 0x00, 0x00, 0x00, 0x00,
    0x00, 0x00, 0x00, 0x00, 0x00, 0x00, 0x00, 0x00, 0x00, 0x00, 0x00, 0x00, 0x00, 0x00, 0x00, 0x00,
    0x00, 0x00, 0x00, 0x00, 0x00, 0x00, 0x00, 0x00, 0x00, 0x00, 0x00, 0x00, 0x00, 0x00, 0x00, 0x00,
    0x00, 0x00, 0x00, 0x00, 0x00, 0x00, 0x00, 0x00, 0x00, 0x00, 0x00, 0x00, 0x00, 0x00, 0x00, 0x00,
    0x00, 0x00, 0x00, 0x00, 0x00, 0x00, 0x00, 0x00, 0x00, 0x00, 0x00, 0x00, 0x00, 0x00, 0x00, 0x00,
    0x00, 0x00, 0x00, 0x00, 0x00, 0x00, 0x00, 0x00, 0x00, 0x00, 0x00, 0x00, 0x00, 0x00, 0x00, 0x00,
    0x00, 0x00, 0x00, 0x00, 0x00, 0x00, 0x00, 0x00, 0x00, 0x00, 0x00, 0x00, 0x00, 0x00, 0x00, 0x00,
    0x00, 0x00, 0x00, 0x00, 0x00, 0x00, 0x00, 0x00, 0x00, 0x00, 0x00, 0x00, 0x00, 0x00, 0x00, 0x00,
    0x00, 0x00, 0x00, 0x00, 0x00, 0x00, 0x00, 0x00, 0x00, 0x00, 0x00, 0x00, 0x00, 0x00, 0x00, 0x00,
    0x00, 0x00, 0x00, 0x00, 0x00, 0x00, 0x00, 0x00, 0x00, 0x00, 0x00, 0x00, 0x00, 0x00, 0x00, 0x00,
    0x00, 0x00, 0x00, 0x00, 0x00, 0x00, 0x00, 0x00, 0x00, 0x00, 0x00, 0x00, 0x00, 0x00, 0x00, 0x00,
    0x00, 0x00, 0x00, 0x00, 0x00, 0x00, 0x00, 0x00, 0x00, 0x00, 0x00, 0x00, 0x00, 0x00, 0xa1, 0x28,
    0x81, 0x28, 0x00, 0x18, 0xc2, 0x30, 0xc2, 0x30, 0x00, 0x00, 0x00, 0x00, 0x00, 0x00, 0x00, 0x00,
    0x00, 0x00, 0x00, 0x00, 0x00, 0x00, 0x00, 0x00, 0x00, 0x00, 0x00, 0x00, 0x00, 0x00, 0x00, 0x00,
    0x00, 0x00, 0x00, 0x00, 0x00, 0x00, 0x00, 0x00, 0x00, 0x00, 0x00, 0x00, 0x00, 0x00, 0x00, 0x00,
    0xc6, 0x49, 0xe2, 0x38, 0xc4, 0x61, 0xa8, 0x82, 0x4a, 0x9b, 0x8b, 0x9b, 0xe9, 0x8a, 0x47, 0x72,
    0xa5, 0x59, 0xc2, 0x38, 0xa1, 0x30, 0x00, 0x00, 0x00, 0x00, 0x00, 0x00, 0x00, 0x00, 0x00, 0x00,
    0x00, 0x00, 0x00, 0x00, 0x00, 0x00, 0x00, 0x00, 0x00, 0x00, 0x00, 0x00, 0x00, 0x00, 0x00, 0x00,
    0x00, 0x00, 0x00, 0x00, 0x00, 0x00, 0xe2, 0x38, 0xa4, 0x61, 0xd0, 0xc4, 0x98, 0xf6, 0xb8, 0xfe,
    0x7c, 0xff, 0x76, 0xfe, 0xd3, 0xf5, 0xf3, 0xf5, 0x14, 0xee, 0x8e, 0xbc, 0x67, 0x72, 0xe2, 0x38,
    0x27, 0x52, 0x00, 0x00, 0x00, 0x00, 0x00, 0x00, 0x00, 0x00, 0x00, 0x00, 0x00, 0x00, 0x00, 0x00,
    0x00, 0x00, 0x00, 0x00, 0x00, 0x00, 0x00, 0x00, 0x00, 0x00, 0x00, 0x00, 0x02, 0x39, 0xa8, 0x82,
    0x98, 0xf6, 0xbd, 0xff, 0xd9, 0xf6, 0xf4, 0xed, 0x15, 0xf6, 0xf4, 0xf5, 0x51, 0xe5, 0xd2, 0xed,
    0x75, 0xfe, 0xb6, 0xfe, 0x95, 0xfe, 0x6e, 0xbc, 0x23, 0x49, 0x45, 0x41, 0x00, 0x00, 0x00, 0x00,
    0x00, 0x00, 0x00, 0x00, 0x00, 0x00, 0x00, 0x00, 0x00, 0x00, 0x00, 0x00, 0x00, 0x00, 0x00, 0x00,
    0x00, 0x00, 0x84, 0x41, 0x06, 0x72, 0x1a, 0xff, 0x7d, 0xff, 0x31, 0xe5, 0x71, 0xed, 0x76, 0xfe,
    0x14, 0xfe, 0x35, 0xfe, 0xb2, 0xf5, 0x54, 0xfe, 0x34, 0xf6, 0x34, 0xf6, 0x75, 0xf6, 0xd2, 0xf5,
    0x2e, 0xd5, 0xc4, 0x59, 0x03, 0x39, 0x00, 0x00, 0x00, 0x00, 0x00, 0x00, 0x00, 0x00, 0x00, 0x00,
    0x00, 0x00, 0x00, 0x00, 0x00, 0x00, 0x00, 0x00, 0x00, 0x00, 0x43, 0x49, 0x32, 0xdd, 0x9d, 0xff,
    0xb3, 0xed, 0xd4, 0xfd, 0xcf, 0xd4, 0x09, 0x8b, 0x67, 0x72, 0x67, 0x72, 0xa8, 0x82, 0x51, 0xd5,
    0xb6, 0xfe, 0x75, 0xf6, 0xf3, 0xed, 0x0e, 0xdd, 0xb4, 0xfe, 0x70, 0xdd, 0x63, 0x49, 0x8a, 0x5a,
    0x00, 0x00, 0x00, 0x00, 0x00, 0x00, 0x00, 0x00, 0x00, 0x00, 0x00, 0x00, 0x00, 0x00, 0x00, 0x00,
    0xe3, 0x28, 0x06, 0x6a, 0x72, 0xed, 0x93, 0xed, 0x15, 0xfe, 0xf1, 0xd4, 0xc5, 0x59, 0x4f, 0xa4,
    0x56, 0xe6, 0x35, 0xde, 0xaf, 0xac, 0x06, 0x62, 0xcc, 0xa3, 0x75, 0xfe, 0xee, 0xdc, 0x32, 0xf6,
    0x32, 0xf6, 0xd4, 0xfe, 0x4c, 0xb4, 0xc2, 0x38, 0x00, 0x00, 0x00, 0x00, 0x00, 0x00, 0x00, 0x00,
    0x00, 0x00, 0x00, 0x00, 0x00, 0x00, 0x00, 0x00, 0xc2, 0x30, 0x4a, 0xa3, 0x70, 0xfd, 0xce, 0xdc,
    0x51, 0xed, 0x26, 0x6a, 0x73, 0xc5, 0xfb, 0xff, 0xb3, 0xd5, 0x15, 0xe6, 0x9a, 0xff, 0xf7, 0xfe,
    0x67, 0x6a, 0x69, 0x9b, 0x52, 0xfe, 0x32, 0xf6, 0x32, 0xf6, 0x32, 0xf6, 0x4f, 0xdd, 0xc5, 0x59,
    0x64, 0x39, 0x00, 0x00, 0x00, 0x00, 0x00, 0x00, 0x00, 0x00, 0x00, 0x00, 0x00, 0x00, 0x00, 0x00,
    0x03, 0x39, 0xaa, 0xb3, 0x30, 0xf5, 0x50, 0xf5, 0x2c, 0xcc, 0xa8, 0x72, 0xbb, 0xff, 0xac, 0x93,
    0x2a, 0x7b, 0x68, 0x6a, 0x4e, 0xac, 0x59, 0xff, 0x35, 0xe6, 0x05, 0x62, 0x32, 0xf6, 0x73, 0xfe,
    0x32, 0xf6, 0x70, 0xe5, 0xd8, 0xf6, 0x4f, 0xa4, 0x81, 0x30, 0x00, 0x00, 0x00, 0x00, 0x00, 0x00,
    0x00, 0x00, 0x00, 0x00, 0x00, 0x00, 0x00, 0x00, 0xa2, 0x30, 0xc7, 0x92, 0x4f, 0xfd, 0x0f, 0xed,
    0x8a, 0xb3, 0x2a, 0x83, 0x7a, 0xff, 0x06, 0x62, 0x4f, 0x9c, 0x56, 0xd6, 0x88, 0x6a, 0x55, 0xee,
    0x38, 0xff, 0x09, 0x83, 0x8d, 0xc4, 0x11, 0xf6, 0x0f, 0xd5, 0xd8, 0xee, 0xfe, 0xff, 0xd5, 0xcd,
    0xe2, 0x40, 0x00, 0x00, 0x00, 0x00, 0x00, 0x00, 0x00, 0x00, 0x00, 0x00, 0x00, 0x00, 0x24, 0x41,
    0x05, 0x62, 0xa7, 0x7a, 0x25, 0x72, 0xce, 0xdc, 0xee, 0xec, 0xe5, 0x61, 0x39, 0xf7, 0xb4, 0xcd,
    0xcc, 0x93, 0xf9, 0xee, 0x88, 0x6a, 0x35, 0xee, 0x38, 0xff, 0xed, 0x9b, 0x29, 0x93, 0x35, 0xee,
    0x3a, 0xf7, 0x9c, 0xff, 0x9b, 0xff, 0xb3, 0xd5, 0x43, 0x49, 0x00, 0x00, 0x00, 0x00, 0x00, 0x00,
    0x00, 0x00, 0x00, 0x00, 0x00, 0x00, 0xa2, 0x30, 0x8e, 0xbc, 0xfe, 0xff, 0x31, 0xc5, 0xa4, 0x59,
    0xee, 0xe4, 0xe8, 0x9a, 0x67, 0x62, 0x16, 0xd6, 0x77, 0xde, 0x88, 0x6a, 0xab, 0x9b, 0x18, 0xff,
    0x18, 0xff, 0x8b, 0x93, 0xd1, 0xac, 0xfe, 0xff, 0x7b, 0xf7, 0xd8, 0xee, 0x75, 0xf6, 0xd3, 0xdd,
    0x43, 0x49, 0x00, 0x00, 0x00, 0x00, 0x00, 0x00, 0x00, 0x00, 0x00, 0x00, 0x00, 0x00, 0xc5, 0x59,
    0x05, 0x6a, 0x6d, 0xb4, 0x57, 0xff, 0xee, 0xcc, 0xa4, 0x61, 0x0c, 0xf5, 0x68, 0xb3, 0xe4, 0x71,
    0xe5, 0x69, 0xcb, 0xb3, 0x50, 0xed, 0xb2, 0xe5, 0xd7, 0xfe, 0x88, 0x72, 0xf5, 0xd5, 0x18, 0xf7,
    0x55, 0xee, 0x75, 0xee, 0xd7, 0xfe, 0xf3, 0xe5, 0xe6, 0x59, 0xa5, 0x49, 0x00, 0x00, 0x00, 0x00,
    0x00, 0x00, 0x00, 0x00, 0x03, 0x31, 0x26, 0x6a, 0xf3, 0xe5, 0x46, 0x6a, 0x6c, 0xbc, 0x35, 0xff,
    0x49, 0x8b, 0x27, 0xab, 0x8d, 0xfd, 0x2c, 0xfd, 0xcd, 0xe4, 0xd2, 0xfd, 0x71, 0xed, 0x91, 0xf5,
    0xec, 0xb3, 0x67, 0x72, 0xb6, 0xf6, 0x75, 0xf6, 0xb6, 0xf6, 0x75, 0xf6, 0xf4, 0xe5, 0xdc, 0xff,
    0xd1, 0xac, 0x80, 0x30, 0x00, 0x00, 0x00, 0x00, 0x00, 0x00, 0x00, 0x00, 0xa5, 0x51, 0xea, 0x7a,
    0xcc, 0x9b, 0x92, 0xdd, 0x46, 0x72, 0x11, 0xf6, 0x0f, 0xd5, 0x25, 0x72, 0xeb, 0xf4, 0xeb, 0xf4,
    0x8b, 0xe4, 0xef, 0xdc, 0xf3, 0xfd, 0x10, 0xe5, 0x63, 0x59, 0x72, 0xd5, 0x96, 0xf6, 0x34, 0xee,
    0x35, 0xee, 0xf8, 0xf6, 0xfe, 0xff, 0x16, 0xce, 0xa5, 0x51, 0x85, 0x49, 0x00, 0x00, 0x00, 0x00,
    0x00, 0x00, 0x00, 0x00, 0x43, 0x49, 0xd1, 0xbc, 0x67, 0x6a, 0xd2, 0xe5, 0xe9, 0x82, 0x0e, 0xdd,
    0xb4, 0xfe, 0xa7, 0x82, 0x4a, 0xdc, 0x6d, 0xfd, 0x2c, 0xfd, 0xed, 0xec, 0x4d, 0xc4, 0xe5, 0x61,
    0x93, 0xc5, 0x5a, 0xff, 0x39, 0xff, 0xbc, 0xff, 0xdd, 0xff, 0xb9, 0xe6, 0xad, 0x8b, 0x02, 0x41,
    0x84, 0x49, 0x00, 0x00, 0x00, 0x00, 0x00, 0x00, 0x00, 0x00, 0x00, 0x00, 0xc9, 0x72, 0xe2, 0x38,
    0x43, 0x49, 0x47, 0x6a, 0x64, 0x51, 0xaa, 0xa3, 0x4f, 0xdd, 0x46, 0x72, 0xc6, 0x9a, 0x2a, 0xd4,
    0x88, 0xb3, 0x04, 0x72, 0x64, 0x49, 0xb4, 0xc5, 0x5a, 0xf7, 0x98, 0xde, 0x16, 0xce, 0xd1, 0xac,
    0xc9, 0x72, 0x43, 0x49, 0x81, 0x38, 0x00, 0x00, 0x00, 0x00, 0x00, 0x00, 0x00, 0x00, 0x00, 0x00,
    0x00, 0x00, 0x00, 0x00, 0x00, 0x00, 0x00, 0x00, 0x00, 0x00, 0x00, 0x00, 0xe6, 0x59, 0x43, 0x41,
    0x43, 0x49, 0x43, 0x41, 0x03, 0x39, 0xc2, 0x38, 0xe3, 0x30, 0x03, 0x39, 0xa5, 0x51, 0xc5, 0x51,
    0x64, 0x49, 0x63, 0x49, 0xe2, 0x40, 0x80, 0x30, 0x20, 0x28, 0x00, 0x00, 0x00, 0x00, 0x00, 0x00,
    0x00, 0x00, 0x00, 0x00, 0x00, 0x00, 0x00, 0x00, 0x00, 0x00, 0x00, 0x00, 0x00, 0x00, 0x00, 0x00,
    0x00, 0x00, 0x00, 0x00, 0x00, 0x00, 0x00, 0x00, 0x00, 0x00, 0x00, 0x00, 0x00, 0x00, 0x00, 0x00,
    0x00, 0x00, 0x00, 0x00, 0x00, 0x00, 0x00, 0x00, 0x00, 0x00, 0x00, 0x00, 0x00, 0x00, 0x00, 0x00,
    0x00, 0x00, 0x00, 0x00, 0x00, 0x00, 0x00, 0x00, 0x00, 0x00, 0x00, 0x00, 0x00, 0x00, 0x00, 0x00,
    0x00, 0x00, 0x00, 0x00, 0x00, 0x00, 0x00, 0x00, 0x00, 0x00, 0x00, 0x00, 0x00, 0x00, 0x00, 0x00,
    0x00, 0x00, 0x00, 0x00, 0x00, 0x00, 0x00, 0x00, 0x00, 0x00, 0x00, 0x00, 0x00, 0x00, 0x00, 0x00,
    0x00, 0x00, 0x00, 0x00, 0x00, 0x00, 0x00, 0x00, 0x00, 0x00, 0x00, 0x00, 0x00, 0x00, 0x00, 0x00,
    0x00, 0x00, 0x00, 0x00, 0x00, 0x00, 0x00, 0x00, 0x00, 0x00, 0x00, 0x00, 0x00, 0x00, 0x00, 0x00,
    0x00, 0x00, 0x00, 0x00, 0x00, 0x00, 0x00, 0x00, 0x00, 0x00, 0x00, 0x00, 0x00, 0x00, 0x00, 0x00,
    0x00, 0x00, 0x00, 0x00, 0x00, 0x00, 0x00, 0x00, 0x00, 0x00, 0x00, 0x00, 0x00, 0x00, 0x00, 0x00,
    0x00, 0x00, 0x00, 0x00, 0x00, 0x00, 0x00, 0x00, 0x00, 0x00, 0x00, 0x00, 0x00, 0x00, 0x00, 0x00,
    0x00, 0x00, 0x00, 0x00, 0x00, 0x00, 0x00, 0x00, 0x00, 0x00, 0x00, 0x00, 0x00, 0x00, 0x00, 0x00,
    0x00, 0x00, 0x00, 0x00, 0x00, 0x00, 0x00, 0x00, 0x00, 0x00, 0x00, 0x00, 0x00, 0x00, 0x00, 0x00,
    0x00, 0x00, 0x00, 0x00, 0x00, 0x00, 0x00, 0x00, 0x00, 0x00, 0x00, 0x00, 0x00, 0x00, 0x00, 0x00,
    0x00, 0x00, 0x00, 0x00, 0x00, 0x00, 0x00, 0x00, 0x00, 0x00, 0x00, 0x00, 0x00, 0x00, 0x00, 0x00,
    0x00, 0x00, 0x00, 0x00, 0x00, 0x00, 0x00, 0x00, 0x00, 0x00, 0x00, 0x00, 0x00, 0x00, 0x00, 0x00,
    0x00, 0x00, 0x00, 0x00, 0x00, 0x00, 0x00, 0x00, 0x00, 0x00, 0x00, 0x00, 0x00, 0x00, 0x00, 0x00,
    0x00, 0x00, 0x00, 0x00, 0x00, 0x00, 0x00, 0x00, 0x00, 0x00, 0x00, 0x00, 0x00, 0x00, 0x00, 0x00,
    0x00, 0x00, 0x00, 0x00, 0x00, 0x00, 0x00, 0x00, 0x00, 0x00, 0x00, 0x00, 0x00, 0x00, 0x00, 0x00,
    0x00, 0x00, 0x00, 0x00, 0x00, 0x00, 0x00, 0x00, 0x00, 0x00, 0x00, 0x00, 0x00, 0x00, 0x00, 0x00,
    0x00, 0x00, 0x00, 0x00, 0x00, 0x00, 0x00, 0x00, 0x00, 0x00, 0x00, 0x00, 0x00, 0x00, 0x00, 0x00,
    0x00, 0x00, 0x00, 0x00, 0x00, 0x00, 0x00, 0x00, 0x00, 0x00, 0x00, 0x00, 0x00, 0x00, 0x00, 0x00,
    0x00, 0x00, 0x00, 0x00, 0x00, 0x00, 0x00, 0x00, 0x00, 0x00, 0x00, 0x00, 0x00, 0x00, 0x00, 0x00,
    0x00, 0x00, 0x00, 0x00, 0x00, 0x00, 0x00, 0x00, 0x00, 0x00, 0x00, 0x00, 0x00, 0x00, 0x00, 0x00,
    0x00, 0x00, 0x00, 0x00, 0x00, 0x00, 0x00, 0x00, 0x00, 0x00, 0x00, 0x00, 0x00, 0x00, 0x00, 0x00,
    0x00, 0x00, 0x00, 0x00, 0x00, 0x00, 0x00, 0x00, 0x00, 0x00, 0x00, 0x00, 0x00, 0x00, 0x00, 0x00,
    0x00, 0x00, 0x00, 0x00, 0x00, 0x00, 0x00, 0x00, 0x00, 0x00, 0x00, 0x00, 0x00, 0x00, 0x00, 0x00,
    0x00, 0x00, 0x00, 0x00, 0x00, 0x00, 0x00, 0x33, 0x4f, 0x50, 0x4a, 0x2a, 0x00, 0x00, 0x00, 0x00,
    0x00, 0x00, 0x00, 0x00, 0x00, 0x00, 0x00, 0x00, 0x00, 0x00, 0x00, 0x00, 0x00, 0x00, 0x00, 0x00,
    0x30, 0x9a, 0xe6, 0xff, 0xff, 0xff, 0xff, 0xfe, 0xdd, 0x97, 0x39, 0x00, 0x00, 0x00, 0x00, 0x00,
    0x00, 0x00, 0x00, 0x00, 0x00, 0x00, 0x00, 0x00, 0x00, 0x00, 0x00, 0x72, 0xfa, 0xff, 0xff, 0xfe,
    0xfc, 0xfc, 0xfc, 0xff, 0xff, 0xff, 0xff, 0xac, 0x21, 0x00, 0x00, 0x00, 0x00, 0x00, 0x00, 0x00,
    0x00, 0x00, 0x00, 0x00, 0x00, 0x00, 0x80, 0xff, 0xfe, 0xfb, 0xfe, 0xff, 0xff, 0xff, 0xff, 0xfe,
    0xfd, 0xfb, 0xfd, 0xff, 0xeb, 0x46, 0x00, 0x00, 0x00, 0x00, 0x00, 0x00, 0x00, 0x00, 0x00, 0x00,
    0x00, 0x47, 0xff, 0xfb, 0xfe, 0xff, 0xff, 0xff, 0xff, 0xff, 0xff, 0xff, 0xff, 0xff, 0xff, 0xfb,
    0xff, 0xf9, 0x3d, 0x00, 0x00, 0x00, 0x00, 0x00, 0x00, 0x00, 0x00, 0x00, 0x00, 0xc9, 0xfe, 0xfc,
    0xff, 0xff, 0xff, 0xff, 0xff, 0xff, 0xff, 0xff, 0xff, 0xff, 0xff, 0xff, 0xfc, 0xff, 0xe7, 0x16,
    0x00, 0x00, 0x00, 0x00, 0x00, 0x00, 0x00, 0x00, 0x2a, 0xfc, 0xfe, 0xff, 0xff, 0xff, 0xff, 0xff,
    0xff, 0xff, 0xff, 0xff, 0xff, 0xff, 0xff, 0xff, 0xff, 0xfb, 0xff, 0x96, 0x00, 0x00, 0x00, 0x00,
    0x00, 0x00, 0x00, 0x00, 0x66, 0xff, 0xfb, 0xff, 0xff, 0xff, 0xff, 0xff, 0xff, 0xff, 0xff, 0xff,
    0xff, 0xff, 0xff, 0xff, 0xff, 0xfe, 0xfe, 0xf3, 0x16, 0x00, 0x00, 0x00, 0x00, 0x00, 0x00, 0x00,
    0x7e, 0xff, 0xfb, 0xff, 0xff, 0xff, 0xff, 0xff, 0xff, 0xff, 0xff, 0xff, 0xff, 0xff, 0xff, 0xff,
    0xff, 0xff, 0xfc, 0xff, 0x61, 0x00, 0x00, 0x00, 0x00, 0x00, 0x00, 0x00, 0x78, 0xff, 0xfb, 0xff,
    0xff, 0xff, 0xff, 0xff, 0xff, 0xff, 0xff, 0xff, 0xff, 0xff, 0xff, 0xff, 0xff, 0xff, 0xfb, 0xfe,
    0x9a, 0x00, 0x00, 0x00, 0x00, 0x00, 0x00, 0x27, 0xe6, 0xfe, 0xfe, 0xff, 0xff, 0xff, 0xff, 0xff,
    0xff, 0xff, 0xff, 0xff, 0xff, 0xff, 0xff, 0xff, 0xff, 0xff, 0xfc, 0xff, 0xbb, 0x00, 0x00, 0x00,
    0x00, 0x00, 0x00, 0x75, 0xff, 0xfb, 0xff, 0xff, 0xff, 0xff, 0xff, 0xff, 0xff, 0xff, 0xff, 0xff,
    0xff, 0xff, 0xff, 0xff, 0xff, 0xff, 0xfc, 0xff, 0xbe, 0x00, 0x00, 0x00, 0x00, 0x00, 0x00, 0xbf,
    0xfe, 0xfc, 0xff, 0xff, 0xff, 0xff, 0xff, 0xff, 0xff, 0xff, 0xff, 0xff, 0xff, 0xff, 0xff, 0xff,
    0xff, 0xff, 0xfe, 0xfe, 0xec, 0x30, 0x00, 0x00, 0x00, 0x00, 0x2b, 0xff, 0xfe, 0xff, 0xff, 0xff,
    0xff, 0xff, 0xff, 0xff, 0xff, 0xff, 0xff, 0xff, 0xff, 0xff, 0xff, 0xff, 0xff, 0xff, 0xff, 0xf8,
    0xff, 0x78, 0x00, 0x00, 0x00, 0x00, 0x7f, 0xfa, 0xf8, 0xfe, 0xfe, 0xff, 0xff, 0xff, 0xff, 0xff,
    0xff, 0xff, 0xff, 0xff, 0xff, 0xff, 0xff, 0xff, 0xff, 0xfd, 0xfb, 0xff, 0xe6, 0x1e, 0x00, 0x00,
    0x00, 0x00, 0x99, 0xff, 0xff, 0xff, 0xff, 0xfb, 0xfb, 0xfb, 0xfb, 0xfb, 0xfb, 0xfb, 0xfb, 0xfc,
    0xfc, 0xfc, 0xfb, 0xfb, 0xff, 0xff, 0xff, 0xc1, 0x2a, 0x00, 0x00, 0x00, 0x00, 0x00, 0x14, 0x76,
    0xa3, 0xe8, 0xf7, 0xff, 0xff, 0xff, 0xff, 0xff, 0xff, 0xff, 0xff, 0xff, 0xff, 0xff, 0xff, 0xff,
    0xfe, 0xc6, 0x5e, 0x00, 0x00, 0x00, 0x00, 0x00, 0x00, 0x00, 0x00, 0x00, 0x00, 0x00, 0x25, 0x8a,
    0xa5, 0x70, 0x82, 0x93, 0x78, 0x76, 0xa2, 0xba, 0xbc, 0xb8, 0x9e, 0x70, 0x2e, 0x00, 0x00, 0x00,
    0x00, 0x00, 0x00, 0x00, 0x00, 0x00, 0x00, 0x00, 0x00, 0x00, 0x00, 0x00, 0x00, 0x00, 0x00, 0x00,
    0x00, 0x00, 0x00, 0x00, 0x00, 0x00, 0x00, 0x00, 0x00, 0x00, 0x00, 0x00, 0x00, 0x00, 0x00, 0x00,
    0x00, 0x00, 0x00, 0x00, 0x00, 0x00, 0x00, 0x00, 0x00, 0x00, 0x00, 0x00, 0x00, 0x00, 0x00, 0x00,
    0x00, 0x00, 0x00, 0x00, 0x00, 0x00, 0x00, 0x00, 0x00, 0x00, 0x00, 0x00, 0x00, 0x00, 0x00, 0x00,
    0x00, 0x00, 0x00, 0x00, 0x00, 0x00, 0x00, 0x00, 0x00, 0x00, 0x00, 0x00, 0x00, 0x00, 0x00, 0x00,
    0x00, 0x00, 0x00, 0x00, 0x00, 0x00, 0x00, 0x00, 0x00, 0x00, 0x00, 0x00, 0x00, 0x00, 0x00, 0x00,
    0x00, 0x00, 0x00, 0x00, 0x00, 0x00, 0x00, 0x00, 0x00, 0x00, 0x00, 0x00, 0x00, 0x00, 0x00, 0x00,
    0x00, 0x00, 0x00, 0x00, 0x00, 0x00, 0x00, 0x00, 0x00, 0x00, 0x00, 0x00, 0x00, 0x00, 0x00, 0x00,
    0x00, 0x00, 0x00, 0x00, 0x00, 0x00, 0x00, 0x00, 0x00, 0x00, 0x00, 0x00, 0x00, 0x00, 0x00, 0x00,
};

static const LV_ATTRIBUTE_MEM_ALIGN uint8_t app_tama_souv_ticket_map[] = {
    0x00, 0x00, 0x00, 0x00, 0x00, 0x00, 0x00, 0x00, 0x00, 0x00, 0x00, 0x00, 0x00, 0x00, 0x00, 0x00,
    0x00, 0x00, 0x00, 0x00, 0x00, 0x00, 0x00, 0x00, 0x00, 0x00, 0x00, 0x00, 0x00, 0x00, 0x00, 0x00,
    0x00, 0x00, 0x00, 0x00, 0x00, 0x00, 0x00, 0x00, 0x00, 0x00, 0x00, 0x00, 0x00, 0x00, 0x00, 0x00,
    0x00, 0x00, 0x00, 0x00, 0x00, 0x00, 0x00, 0x00, 0x00, 0x00, 0x00, 0x00, 0x00, 0x00, 0x00, 0x00,
    0x00, 0x00, 0x00, 0x00, 0x00, 0x00, 0x00, 0x00, 0x00, 0x00, 0x00, 0x00, 0x00, 0x00, 0x00, 0x00,
    0x00, 0x00, 0x00, 0x00, 0x00, 0x00, 0x00, 0x00, 0x00, 0x00, 0x00, 0x00, 0x00, 0x00, 0x00, 0x00,
    0x00, 0x00, 0x00, 0x00, 0x00, 0x00, 0x00, 0x00, 0x00, 0x00, 0x00, 0x00, 0x00, 0x00, 0x00, 0x00,
    0x00, 0x00, 0x00, 0x00, 0x00, 0x00, 0x00, 0x00, 0x00, 0x00, 0x00, 0x00, 0x00, 0x00, 0x00, 0x00,
    0x00, 0x00, 0x00, 0x00, 0x00, 0x00, 0x00, 0x00, 0x00, 0x00, 0x00, 0x00, 0x00, 0x00, 0x00, 0x00,
    0x00, 0x00, 0x00, 0x00, 0x00, 0x00, 0x00, 0x00, 0x00, 0x00, 0x00, 0x00, 0x00, 0x00, 0x00, 0x00,
    0x00, 0x00, 0x00, 0x00, 0x00, 0x00, 0x00, 0x00, 0x00, 0x00, 0x00, 0x00, 0x00, 0x00, 0x00, 0x00,
    0x00, 0x00, 0x00, 0x00, 0x00, 0x00, 0x00, 0x00, 0x00, 0x00, 0x00, 0x00, 0x00, 0x00, 0x00, 0x00,
    0x00, 0x00, 0x00, 0x00, 0x00, 0x00, 0x00, 0x00, 0x00, 0x00, 0x00, 0x00, 0x00, 0x00, 0x00, 0x00,
    0x00, 0x00, 0x00, 0x00, 0x00, 0x00, 0x00, 0x00, 0x00, 0x00, 0x00, 0x00, 0x00, 0x00, 0x00, 0x00,
    0x00, 0x00, 0x00, 0x00, 0x00, 0x00, 0x00, 0x00, 0x00, 0x00, 0x00, 0x00, 0x00, 0x00, 0x00, 0x00,
    0x00, 0x00, 0x00, 0x00, 0x00, 0x00, 0x00, 0x00, 0x00, 0x00, 0x00, 0x00, 0x00, 0x00, 0x00, 0x00,
    0x00, 0x00, 0x00, 0x00, 0x00, 0x00, 0x00, 0x00, 0x00, 0x00, 0x00, 0x00, 0x00, 0x00, 0x00, 0x00,
    0x00, 0x00, 0x00, 0x00, 0x00, 0x00, 0x00, 0x00, 0x00, 0x00, 0x00, 0x00, 0x00, 0x00, 0x00, 0x00,
    0x00, 0x00, 0x00, 0x00, 0x00, 0x00, 0x00, 0x00, 0x00, 0x00, 0x00, 0x00, 0x00, 0x00, 0x00, 0x00,
    0x00, 0x00, 0x00, 0x00, 0x00, 0x00, 0x00, 0x00, 0x00, 0x00, 0x00, 0x00, 0x00, 0x00, 0x00, 0x00,
    0x00, 0x00, 0x00, 0x00, 0x00, 0x00, 0x00, 0x00, 0x00, 0x00, 0x00, 0x00, 0x00, 0x00, 0x00, 0x00,
    0x00, 0x00, 0x00, 0x00, 0x00, 0x00, 0x00, 0x00, 0x00, 0x00, 0x00, 0x00, 0x00, 0x00, 0x00, 0x00,
    0x00, 0x00, 0x00, 0x00, 0x00, 0x00, 0x00, 0x00, 0x00, 0x00, 0x00, 0x00, 0x00, 0x00, 0x00, 0x00,
    0x00, 0x00, 0x00, 0x00, 0x00, 0x00, 0x00, 0x00, 0x00, 0x00, 0x00, 0x00, 0x00, 0x00, 0x00, 0x00,
    0x00, 0x00, 0x00, 0x00, 0x00, 0x00, 0x00, 0x00, 0x00, 0x00, 0x00, 0x00, 0x00, 0x00, 0x00, 0x00,
    0x00, 0x00, 0x00, 0x00, 0x00, 0x00, 0x00, 0x00, 0x00, 0x00, 0x00, 0x00, 0x00, 0x00, 0x00, 0x00,
    0x00, 0x00, 0x00, 0x00, 0x00, 0x00, 0x00, 0x00, 0x00, 0x00, 0x00, 0x00, 0x00, 0x00, 0x00, 0x00,
    0x00, 0x00, 0x00, 0x00, 0x00, 0x00, 0x00, 0x00, 0x00, 0x00, 0x00, 0x00, 0x00, 0x00, 0x00, 0x00,
    0x00, 0x00, 0x00, 0x00, 0xe5, 0x59, 0x07, 0x5a, 0x28, 0x5a, 0x07, 0x52, 0x07, 0x52, 0x07, 0x52,
    0x07, 0x52, 0x07, 0x52, 0x07, 0x52, 0x07, 0x52, 0x07, 0x52, 0x07, 0x52, 0x07, 0x52, 0x07, 0x52,
    0x07, 0x52, 0x28, 0x5a, 0x07, 0x5a, 0xa5, 0x51, 0x00, 0x00, 0xea, 0x7a, 0xc5, 0x59, 0xe5, 0x59,
    0xe5, 0x59, 0x06, 0x62, 0x00, 0x00, 0x00, 0x00, 0x00, 0x00, 0xc7, 0x71, 0x26, 0x62, 0xf6, 0x9d,
    0x58, 0x9e, 0x58, 0x9e, 0x58, 0x9e, 0x58, 0x9e, 0x58, 0x9e, 0x58, 0x9e, 0x58, 0x9e, 0x58, 0x9e,
    0x58, 0x9e, 0x58, 0x9e, 0x58, 0x9e, 0x58, 0x9e, 0x58, 0x9e, 0x58, 0x9e, 0x37, 0x9e, 0xc8, 0x72,
    0x02, 0x49, 0x43, 0x49, 0xd0, 0xb4, 0x1a, 0xef, 0x16, 0xde, 0x26, 0x62, 0x00, 0x00, 0x00, 0x00,
    0x00, 0x00, 0x04, 0x39, 0x66, 0x72, 0xee, 0xfd, 0xed, 0xf5, 0xcd, 0xf5, 0xcd, 0xf5, 0xcd, 0xf5,
    0xcd, 0xf5, 0xee, 0xf5, 0xcd, 0xf5, 0xcd, 0xf5, 0xed, 0xf5, 0xcd, 0xf5, 0xcd, 0xf5, 0xcd, 0xf5,
    0xcd, 0xf5, 0xed, 0xf5, 0xcd, 0xf5, 0x0f, 0xbd, 0x33, 0xbd, 0xd5, 0xd5, 0x9c, 0xff, 0x9c, 0xff,
    0x7b, 0xff, 0x88, 0x6a, 0x00, 0x00, 0x00, 0x00, 0x00, 0x00, 0x20, 0x29, 0x48, 0x72, 0xb6, 0xf4,
    0x95, 0xec, 0x95, 0xec, 0x96, 0xec, 0x96, 0xec, 0x96, 0xec, 0xb6, 0xec, 0xb6, 0xec, 0x96, 0xec,
    0xb6, 0xf4, 0x96, 0xec, 0x95, 0xec, 0x96, 0xec, 0x96, 0xec, 0xb6, 0xf4, 0x55, 0xec, 0x13, 0xcd,
    0xfd, 0xff, 0x9c, 0xff, 0x5a, 0xf7, 0x5b, 0xf7, 0x3a, 0xf7, 0x87, 0x6a, 0x00, 0x00, 0x00, 0x00,
    0x00, 0x00, 0x85, 0x51, 0x67, 0x6a, 0xd9, 0xee, 0x7b, 0xff, 0x3b, 0xf7, 0x5b, 0xff, 0x5b, 0xf7,
    0x5b, 0xff, 0x5b, 0xff, 0x5b, 0xf7, 0x5b, 0xf7, 0x5b, 0xff, 0x5b, 0xff, 0x5b, 0xf7, 0x5b, 0xf7,
    0x5b, 0xff, 0x5b, 0xff, 0x1a, 0xf7, 0x94, 0xc5, 0x5b, 0xf7, 0x3a, 0xf7, 0x3a, 0xf7, 0x9c, 0xff,
    0x98, 0xe6, 0x06, 0x62, 0x00, 0x00, 0x00, 0x00, 0x00, 0x00, 0x00, 0x00, 0xa4, 0x51, 0xa8, 0x72,
    0x3a, 0xf7, 0x7b, 0xff, 0x5b, 0xf7, 0x5b, 0xff, 0x5b, 0xff, 0x5b, 0xff, 0x5b, 0xff, 0x5b, 0xff,
    0x5b, 0xff, 0x5b, 0xff, 0x5b, 0xff, 0x5b, 0xff, 0x5b, 0xff, 0x5b, 0xff, 0x3a, 0xf7, 0xb4, 0xcd,
    0x5b, 0xff, 0x5b, 0xf7, 0x7b, 0xff, 0xd9, 0xee, 0x47, 0x6a, 0xc5, 0x59, 0x00, 0x00, 0x00, 0x00,
    0x00, 0x00, 0x00, 0x00, 0x00, 0x00, 0x63, 0x49, 0xf5, 0xd5, 0xbc, 0xff, 0x3a, 0xf7, 0x5b, 0xff,
    0x5b, 0xff, 0x5b, 0xf7, 0x5b, 0xff, 0x5b, 0xff, 0x5b, 0xf7, 0x5b, 0xf7, 0x5b, 0xff, 0x5b, 0xff,
    0x5b, 0xff, 0x5b, 0xff, 0x1a, 0xf7, 0xb4, 0xcd, 0x5b, 0xff, 0x3a, 0xf7, 0xdd, 0xff, 0x52, 0xc5,
    0x02, 0x41, 0x00, 0x00, 0x00, 0x00, 0x00, 0x00, 0x00, 0x00, 0x00, 0x00, 0xa4, 0x51, 0xe5, 0x59,
    0xd8, 0xee, 0x7b, 0xff, 0x5b, 0xf7, 0x5b, 0xff, 0x5b, 0xf7, 0x5b, 0xff, 0x5b, 0xff, 0x5b, 0xff,
    0x5b, 0xff, 0x5b, 0xff, 0x5b, 0xf7, 0x5b, 0xf7, 0x5b, 0xf7, 0x5b, 0xff, 0x1a, 0xf7, 0xb4, 0xc5,
    0x5b, 0xff, 0x3a, 0xf7, 0x9c, 0xff, 0x36, 0xde, 0x63, 0x51, 0xe5, 0x59, 0x00, 0x00, 0x00, 0x00,
    0x00, 0x00, 0xa8, 0x72, 0x05, 0x62, 0xd5, 0xcd, 0x9c, 0xff, 0x5b, 0xf7, 0x5b, 0xff, 0x5b, 0xff,
    0x5b, 0xff, 0x5b, 0xff, 0x5b, 0xf7, 0x5b, 0xff, 0x5b, 0xff, 0x5b, 0xff, 0x5b, 0xff, 0x5b, 0xf7,
    0x5b, 0xf7, 0x5b, 0xff, 0x1a, 0xf7, 0x94, 0xc5, 0x5b, 0xf7, 0x5b, 0xf7, 0x5b, 0xf7, 0x9c, 0xff,
    0x52, 0xc5, 0xe5, 0x59, 0x00, 0x00, 0x00, 0x00, 0x00, 0x00, 0x40, 0x30, 0xc9, 0x7a, 0x9c, 0xff,
    0x5b, 0xf7, 0x5b, 0xf7, 0x5b, 0xf7, 0x5b, 0xf7, 0x5b, 0xf7, 0x5b, 0xf7, 0x5b, 0xff, 0x5b, 0xf7,
    0x5b, 0xf7, 0x5b, 0xf7, 0x5b, 0xf7, 0x5b, 0xf7, 0x5b, 0xf7, 0x5b, 0xff, 0x1a, 0xf7, 0xb4, 0xcd,
    0xbc, 0xff, 0x7b, 0xff, 0x3a, 0xf7, 0x5b, 0xff, 0x7b, 0xff, 0x88, 0x72, 0x00, 0x00, 0x00, 0x00,
    0x00, 0x00, 0xc1, 0x38, 0xc9, 0x72, 0x7b, 0xff, 0x5b, 0xff, 0x5b, 0xf7, 0x5b, 0xf7, 0x5b, 0xf7,
    0x5b, 0xf7, 0x5b, 0xf7, 0x5b, 0xf7, 0x5b, 0xf7, 0x5b, 0xf7, 0x5b, 0xf7, 0x5b, 0xf7, 0x5b, 0xf7,
    0x5b, 0xf7, 0x5b, 0xff, 0x3a, 0xf7, 0x94, 0xc5, 0x56, 0xde, 0xb8, 0xe6, 0x9c, 0xff, 0x5b, 0xff,
    0x3a, 0xf7, 0x88, 0x6a, 0x00, 0x00, 0x00, 0x00, 0x00, 0x00, 0x05, 0x62, 0x67, 0x6a, 0x19, 0xf7,
    0x7b, 0xff, 0x7b, 0xff, 0x7b, 0xff, 0x7b, 0xff, 0x7b, 0xff, 0x7b, 0xff, 0x7b, 0xff, 0x7b, 0xff,
    0x7b, 0xff, 0x7b, 0xff, 0x7b, 0xff, 0x7b, 0xff, 0x7b, 0xff, 0x7b, 0xff, 0x7b, 0xff, 0xcd, 0x93,
    0x63, 0x51, 0xe5, 0x59, 0xb4, 0xcd, 0x9c, 0xff, 0x98, 0xe6, 0x26, 0x62, 0x00, 0x00, 0x00, 0x00,
    0x00, 0x00, 0x00, 0x00, 0xc5, 0x59, 0x87, 0x72, 0xc9, 0x7a, 0xc9, 0x72, 0xc8, 0x72, 0xc9, 0x72,
    0xc9, 0x72, 0xc9, 0x72, 0xc9, 0x7a, 0xc9, 0x72, 0xc9, 0x72, 0xc9, 0x72, 0xc9, 0x72, 0xc8, 0x72,
    0xc9, 0x72, 0xc9, 0x72, 0xa8, 0x72, 0x84, 0x51, 0x00, 0x00, 0xc5, 0x59, 0x05, 0x62, 0xa8, 0x72,
    0x46, 0x6a, 0xe5, 0x59, 0x00, 0x00, 0x00, 0x00, 0x00, 0x00, 0x00, 0x00, 0x00, 0x00, 0x27, 0x62,
    0xa0, 0x38, 0x60, 0x30, 0x20, 0x28, 0x20, 0x28, 0x20, 0x28, 0x20, 0x28, 0x00, 0x20, 0x00, 0x20,
    0x20, 0x28, 0x00, 0x20, 0x00, 0x28, 0x20, 0x28, 0x60, 0x30, 0x20, 0x28, 0x22, 0x49, 0x00, 0x00,
    0x00, 0x00, 0x00, 0x00, 0x2b, 0x7b, 0x22, 0x49, 0x00, 0x00, 0x00, 0x00, 0x00, 0x00, 0x00, 0x00,
    0x00, 0x00, 0x00, 0x00, 0x00, 0x00, 0x00, 0x00, 0x00, 0x00, 0x00, 0x00, 0x00, 0x00, 0x00, 0x00,
    0x00, 0x00, 0x00, 0x00, 0x00, 0x00, 0x00, 0x00, 0x00, 0x00, 0x00, 0x00, 0x00, 0x00, 0x00, 0x00,
    0x00, 0x00, 0x00, 0x00, 0x00, 0x00, 0x00, 0x00, 0x00, 0x00, 0x00, 0x00, 0x00, 0x00, 0x00, 0x00,
    0x00, 0x00, 0x00, 0x00, 0x00, 0x00, 0x00, 0x00, 0x00, 0x00, 0x00, 0x00, 0x00, 0x00, 0x00, 0x00,
    0x00, 0x00, 0x00, 0x00, 0x00, 0x00, 0x00, 0x00, 0x00, 0x00, 0x00, 0x00, 0x00, 0x00, 0x00, 0x00,
    0x00, 0x00, 0x00, 0x00, 0x00, 0x00, 0x00, 0x00, 0x00, 0x00, 0x00, 0x00, 0x00, 0x00, 0x00, 0x00,
    0x00, 0x00, 0x00, 0x00, 0x00, 0x00, 0x00, 0x00, 0x00, 0x00, 0x00, 0x00, 0x00, 0x00, 0x00, 0x00,
    0x00, 0x00, 0x00, 0x00, 0x00, 0x00, 0x00, 0x00, 0x00, 0x00, 0x00, 0x00, 0x00, 0x00, 0x00, 0x00,
    0x00, 0x00, 0x00, 0x00, 0x00, 0x00, 0x00, 0x00, 0x00, 0x00, 0x00, 0x00, 0x00, 0x00, 0x00, 0x00,
    0x00, 0x00, 0x00, 0x00, 0x00, 0x00, 0x00, 0x00, 0x00, 0x00, 0x00, 0x00, 0x00, 0x00, 0x00, 0x00,
    0x00, 0x00, 0x00, 0x00, 0x00, 0x00, 0x00, 0x00, 0x00, 0x00, 0x00, 0x00, 0x00, 0x00, 0x00, 0x00,
    0x00, 0x00, 0x00, 0x00, 0x00, 0x00, 0x00, 0x00, 0x00, 0x00, 0x00, 0x00, 0x00, 0x00, 0x00, 0x00,
    0x00, 0x00, 0x00, 0x00, 0x00, 0x00, 0x00, 0x00, 0x00, 0x00, 0x00, 0x00, 0x00, 0x00, 0x00, 0x00,
    0x00, 0x00, 0x00, 0x00, 0x00, 0x00, 0x00, 0x00, 0x00, 0x00, 0x00, 0x00, 0x00, 0x00, 0x00, 0x00,
    0x00, 0x00, 0x00, 0x00, 0x00, 0x00, 0x00, 0x00, 0x00, 0x00, 0x00, 0x00, 0x00, 0x00, 0x00, 0x00,
    0x00, 0x00, 0x00, 0x00, 0x00, 0x00, 0x00, 0x00, 0x00, 0x00, 0x00, 0x00, 0x00, 0x00, 0x00, 0x00,
    0x00, 0x00, 0x00, 0x00, 0x00, 0x00, 0x00, 0x00, 0x00, 0x00, 0x00, 0x00, 0x00, 0x00, 0x00, 0x00,
    0x00, 0x00, 0x00, 0x00, 0x00, 0x00, 0x00, 0x00, 0x00, 0x00, 0x00, 0x00, 0x00, 0x00, 0x00, 0x00,
    0x00, 0x00, 0x00, 0x00, 0x00, 0x00, 0x00, 0x00, 0x00, 0x00, 0x00, 0x00, 0x00, 0x00, 0x00, 0x00,
    0x00, 0x00, 0x00, 0x00, 0x00, 0x00, 0x00, 0x00, 0x00, 0x00, 0x00, 0x00, 0x00, 0x00, 0x00, 0x00,
    0x00, 0x00, 0x00, 0x00, 0x00, 0x00, 0x00, 0x00, 0x00, 0x00, 0x00, 0x00, 0x00, 0x00, 0x00, 0x00,
    0x00, 0x00, 0x00, 0x00, 0x00, 0x00, 0x00, 0x00, 0x00, 0x00, 0x00, 0x00, 0x00, 0x00, 0x00, 0x00,
    0x00, 0x00, 0x00, 0x00, 0x00, 0x00, 0x00, 0x00, 0x00, 0x00, 0x00, 0x00, 0x00, 0x00, 0x00, 0x00,
    0x00, 0x00, 0x00, 0x00, 0x00, 0x00, 0x00, 0x00, 0x00, 0x00, 0x00, 0x00, 0x00, 0x00, 0x00, 0x00,
    0x00, 0x00, 0x00, 0x00, 0x00, 0x00, 0x00, 0x00, 0x00, 0x00, 0x00, 0x00, 0x00, 0x00, 0x00, 0x00,
    0x00, 0x00, 0x00, 0x00, 0x00, 0x00, 0x00, 0x00, 0x00, 0x00, 0x00, 0x00, 0x00, 0x00, 0x00, 0x00,
    0x00, 0x00, 0x00, 0x00, 0x00, 0x00, 0x00, 0x00, 0x00, 0x00, 0x00, 0x00, 0x00, 0x00, 0x00, 0x00,
    0x00, 0x00, 0x00, 0x00, 0x00, 0x00, 0x00, 0x00, 0x00, 0x00, 0x00, 0x00, 0x00, 0x00, 0x00, 0x00,
    0x00, 0x00, 0x00, 0x00, 0x00, 0x00, 0x00, 0x00, 0x00, 0x00, 0x00, 0x00, 0x00, 0x00, 0x00, 0x00,
    0x00, 0x00, 0x00, 0x00, 0x00, 0x00, 0x00, 0x00, 0x00, 0x00, 0x00, 0x00, 0x00, 0x00, 0x00, 0x00,
    0x00, 0x00, 0x00, 0x00, 0x00, 0x00, 0x00, 0x00, 0x00, 0x00, 0x00, 0x00, 0x00, 0x00, 0x00, 0x00,
    0x00, 0x00, 0x00, 0x00, 0x00, 0x00, 0x00, 0x00, 0x00, 0x00, 0x00, 0x00, 0x00, 0x00, 0x00, 0x00,
    0x00, 0x00, 0x00, 0x00, 0x00, 0x00, 0x00, 0x00, 0x00, 0x00, 0x00, 0x00, 0x00, 0x00, 0x00, 0x00,
    0x00, 0x00, 0x00, 0x00, 0x00, 0x00, 0x00, 0x00, 0x00, 0x00, 0x00, 0x00, 0x00, 0x00, 0x00, 0x00,
    0x00, 0x00, 0x00, 0x00, 0x00, 0x00, 0x00, 0x00, 0x00, 0x00, 0x00, 0x00, 0x00, 0x00, 0x00, 0x00,
    0x00, 0x00, 0x71, 0xdf, 0xe3, 0xe5, 0xe6, 0xe6, 0xe6, 0xe6, 0xe6, 0xe6, 0xe6, 0xe6, 0xe6, 0xe6,
    0xe6, 0xe3, 0xe5, 0x96, 0x00, 0x20, 0xdc, 0xd7, 0xcd, 0x5f, 0x00, 0x00, 0x00, 0x12, 0xf9, 0xff,
    0xff, 0xff, 0xff, 0xff, 0xff, 0xff, 0xff, 0xff, 0xff, 0xff, 0xff, 0xff, 0xff, 0xff, 0xff, 0xff,
    0x9b, 0xcb, 0xff, 0xff, 0xff, 0xee, 0x00, 0x00, 0x00, 0x1f, 0xfa, 0xfd, 0xfd, 0xfe, 0xfe, 0xfe,
    0xfe, 0xfe, 0xfe, 0xfe, 0xfe, 0xfe, 0xfe, 0xfe, 0xfe, 0xfe, 0xfe, 0xfe, 0xff, 0xff, 0xfd, 0xfc,
    0xfd, 0xeb, 0x00, 0x00, 0x00, 0x1c, 0xf6, 0xff, 0xfe, 0xff, 0xff, 0xff, 0xff, 0xff, 0xff, 0xff,
    0xff, 0xff, 0xff, 0xff, 0xff, 0xff, 0xff, 0xff, 0xfb, 0xfd, 0xff, 0xfe, 0xfe, 0xe8, 0x00, 0x00,
    0x00, 0x1f, 0xff, 0xff, 0xfe, 0xff, 0xff, 0xff, 0xff, 0xff, 0xff, 0xff, 0xff, 0xff, 0xff, 0xff,
    0xff, 0xff, 0xff, 0xff, 0xff, 0xff, 0xff, 0xfe, 0xff, 0xfd, 0x00, 0x00, 0x00, 0x00, 0x92, 0xf9,
    0xfe, 0xff, 0xff, 0xff, 0xff, 0xff, 0xff, 0xff, 0xff, 0xff, 0xff, 0xff, 0xff, 0xff, 0xff, 0xff,
    0xff, 0xff, 0xfe, 0xfe, 0xf4, 0x7f, 0x00, 0x00, 0x00, 0x00, 0x00, 0xb3, 0xff, 0xfb, 0xff, 0xff,
    0xff, 0xff, 0xff, 0xff, 0xff, 0xff, 0xff, 0xff, 0xff, 0xff, 0xff, 0xff, 0xff, 0xff, 0xfb, 0xff,
    0x8f, 0x00, 0x00, 0x00, 0x00, 0x00, 0x48, 0xe5, 0xfe, 0xfe, 0xff, 0xff, 0xff, 0xff, 0xff, 0xff,
    0xff, 0xff, 0xff, 0xff, 0xff, 0xff, 0xff, 0xff, 0xff, 0xff, 0xfd, 0xfe, 0xd1, 0x3b, 0x00, 0x00,
    0x00, 0x1b, 0xff, 0xff, 0xfe, 0xff, 0xff, 0xff, 0xff, 0xff, 0xff, 0xff, 0xff, 0xff, 0xff, 0xff,
    0xff, 0xff, 0xff, 0xff, 0xff, 0xff, 0xff, 0xfe, 0xff, 0xf2, 0x00, 0x00, 0x00, 0x1d, 0xf8, 0xfe,
    0xfe, 0xff, 0xff, 0xff, 0xff, 0xff, 0xff, 0xff, 0xff, 0xff, 0xff, 0xff, 0xff, 0xff, 0xff, 0xff,
    0xfc, 0xfe, 0xff, 0xfe, 0xfe, 0xec, 0x00, 0x00, 0x00, 0x1e, 0xf9, 0xfe, 0xfd, 0xfe, 0xfe, 0xfe,
    0xfe, 0xfe, 0xfe, 0xfe, 0xfe, 0xfe, 0xfe, 0xfe, 0xfe, 0xfe, 0xfe, 0xfe, 0xff, 0xff, 0xfe, 0xfd,
    0xfe, 0xec, 0x00, 0x00, 0x00, 0x17, 0xff, 0xff, 0xff, 0xff, 0xff, 0xff, 0xff, 0xff, 0xff, 0xff,
    0xff, 0xff, 0xff, 0xff, 0xff, 0xff, 0xff, 0xff, 0xc8, 0xeb, 0xff, 0xff, 0xff, 0xeb, 0x00, 0x00,
    0x00, 0x00, 0x89, 0xf4, 0xf7, 0xfa, 0xfa, 0xfa, 0xfa, 0xfa, 0xfa, 0xfa, 0xfa, 0xfa, 0xfa, 0xfa,
    0xfa, 0xf7, 0xfa, 0xb3, 0x00, 0x3c, 0xf6, 0xf1, 0xe8, 0x71, 0x00, 0x00, 0x00, 0x00, 0x00, 0x19,
    0x20, 0x20, 0x20, 0x20, 0x20, 0x20, 0x20, 0x20, 0x20, 0x20, 0x20, 0x20, 0x20, 0x20, 0x20, 0x00,
    0x00, 0x00, 0x1c, 0x1a, 0x00, 0x00, 0x00, 0x00, 0x00, 0x00, 0x00, 0x00, 0x00, 0x00, 0x00, 0x00,
    0x00, 0x00, 0x00, 0x00, 0x00, 0x00, 0x00, 0x00, 0x00, 0x00, 0x00, 0x00, 0x00, 0x00, 0x00, 0x00,
    0x00, 0x00, 0x00, 0x00, 0x00, 0x00, 0x00, 0x00, 0x00, 0x00, 0x00, 0x00, 0x00, 0x00, 0x00, 0x00,
    0x00, 0x00, 0x00, 0x00, 0x00, 0x00, 0x00, 0x00, 0x00, 0x00, 0x00, 0x00, 0x00, 0x00, 0x00, 0x00,
    0x00, 0x00, 0x00, 0x00, 0x00, 0x00, 0x00, 0x00, 0x00, 0x00, 0x00, 0x00, 0x00, 0x00, 0x00, 0x00,
    0x00, 0x00, 0x00, 0x00, 0x00, 0x00, 0x00, 0x00, 0x00, 0x00, 0x00, 0x00, 0x00, 0x00, 0x00, 0x00,
    0x00, 0x00, 0x00, 0x00, 0x00, 0x00, 0x00, 0x00, 0x00, 0x00, 0x00, 0x00, 0x00, 0x00, 0x00, 0x00,
    0x00, 0x00, 0x00, 0x00, 0x00, 0x00, 0x00, 0x00, 0x00, 0x00, 0x00, 0x00, 0x00, 0x00, 0x00, 0x00,
    0x00, 0x00, 0x00, 0x00, 0x00, 0x00, 0x00, 0x00, 0x00, 0x00, 0x00, 0x00, 0x00, 0x00, 0x00, 0x00,
    0x00, 0x00, 0x00, 0x00, 0x00, 0x00, 0x00, 0x00, 0x00, 0x00, 0x00, 0x00, 0x00, 0x00, 0x00, 0x00,
    0x00, 0x00, 0x00, 0x00, 0x00, 0x00, 0x00, 0x00, 0x00, 0x00, 0x00, 0x00, 0x00, 0x00, 0x00, 0x00,
};

static const LV_ATTRIBUTE_MEM_ALIGN uint8_t app_tama_souv_card_map[] = {
    0x00, 0x00, 0x00, 0x00, 0x00, 0x00, 0x00, 0x00, 0x00, 0x00, 0x00, 0x00, 0x00, 0x00, 0x00, 0x00,
    0x00, 0x00, 0x00, 0x00, 0x00, 0x00, 0x00, 0x00, 0x00, 0x00, 0x00, 0x00, 0x00, 0x00, 0x00, 0x00,
    0x00, 0x00, 0x00, 0x00, 0x00, 0x00, 0x00, 0x00, 0x00, 0x00, 0x00, 0x00, 0x00, 0x00, 0x00, 0x00,
    0x00, 0x00, 0x00, 0x00, 0x00, 0x00, 0x00, 0x00, 0x00, 0x00, 0x00, 0x00, 0x00, 0x00, 0x00, 0x00,
    0x00, 0x00, 0x00, 0x00, 0x00, 0x00, 0x00, 0x00, 0x00, 0x00, 0x00, 0x00, 0x00, 0x00, 0x00, 0x00,
    0x00, 0x00, 0x00, 0x00, 0x00, 0x00, 0x00, 0x00, 0x00, 0x00, 0x00, 0x00, 0x00, 0x00, 0x00, 0x00,
    0x00, 0x00, 0x00, 0x00, 0x00, 0x00, 0x00, 0x00, 0x00, 0x00, 0x00, 0x00, 0x00, 0x00, 0x00, 0x00,
    0x00, 0x00, 0x00, 0x00, 0x00, 0x00, 0x00, 0x00, 0x00, 0x00, 0xe5, 0x61, 0x26, 0x6a, 0x87, 0x72,
    0x67, 0x6a, 0x67, 0x6a, 0xe5, 0x61, 0xc4, 0x59, 0xc4, 0x59, 0xc4, 0x59, 0xc4, 0x59, 0xc4, 0x59,
    0xc4, 0x59, 0xc5, 0x61, 0xc4, 0x61, 0x42, 0x51, 0xa4, 0x59, 0x83, 0x59, 0x47, 0x6a, 0x00, 0x00,
    0x00, 0x00, 0x00, 0x00, 0x00, 0x00, 0x00, 0x00, 0x00, 0x00, 0x00, 0x00, 0x00, 0x00, 0x00, 0x00,
    0x63, 0x51, 0x0a, 0x83, 0xda, 0xee, 0xfa, 0xee, 0x1b, 0xef, 0x1b, 0xef, 0x1b, 0xef, 0xfa, 0xee,
    0xda, 0xee, 0xd9, 0xe6, 0x99, 0xe6, 0x78, 0xde, 0x58, 0xde, 0x57, 0xde, 0x37, 0xde, 0x17, 0xd6,
    0xf6, 0xd5, 0x13, 0xbd, 0x67, 0x72, 0x26, 0x6a, 0x00, 0x00, 0x00, 0x00, 0x00, 0x00, 0x00, 0x00,
    0x00, 0x00, 0x00, 0x00, 0x00, 0x00, 0x00, 0x00, 0xc0, 0x40, 0x12, 0xb5, 0xff, 0xff, 0x9c, 0xff,
    0x97, 0xee, 0x77, 0xe6, 0x98, 0xee, 0xb8, 0xee, 0xb8, 0xee, 0xd9, 0xee, 0xf9, 0xf6, 0x19, 0xf7,
    0x1a, 0xf7, 0x3a, 0xf7, 0x3a, 0xf7, 0x5b, 0xff, 0xfe, 0xff, 0xff, 0xff, 0xf2, 0xb4, 0xa3, 0x59,
    0x00, 0x00, 0x00, 0x00, 0x00, 0x00, 0x00, 0x00, 0x00, 0x00, 0x00, 0x00, 0x00, 0x00, 0x00, 0x00,
    0x80, 0x38, 0xf2, 0xb4, 0xfe, 0xff, 0x70, 0xa4, 0xcd, 0x52, 0x2f, 0x53, 0x0e, 0x5b, 0x0e, 0x5b,
    0x0e, 0x5b, 0x0e, 0x5b, 0x0e, 0x5b, 0x0e, 0x5b, 0x2e, 0x63, 0x0e, 0x5b, 0x4f, 0x63, 0xcc, 0x62,
    0xb0, 0xac, 0xfe, 0xff, 0x33, 0xbd, 0xa4, 0x59, 0x00, 0x00, 0x00, 0x00, 0x00, 0x00, 0x00, 0x00,
    0x00, 0x00, 0x00, 0x00, 0x00, 0x00, 0x00, 0x00, 0x60, 0x38, 0x12, 0xbd, 0xbc, 0xff, 0x0c, 0x6b,
    0x9c, 0x44, 0xbc, 0x4c, 0xbc, 0x4c, 0xbc, 0x4c, 0x9c, 0x4c, 0xbc, 0x4c, 0xbc, 0x4c, 0xdc, 0x54,
    0xdc, 0x54, 0x9b, 0x4c, 0xfc, 0x54, 0x5b, 0x44, 0xeb, 0x6a, 0xbc, 0xff, 0x33, 0xbd, 0xc5, 0x61,
    0x00, 0x00, 0x00, 0x00, 0x00, 0x00, 0x00, 0x00, 0x00, 0x00, 0x00, 0x00, 0x00, 0x00, 0x00, 0x00,
    0x83, 0x59, 0x53, 0xbd, 0x9b, 0xff, 0x2d, 0x6b, 0x7b, 0x4c, 0x7a, 0x54, 0x7a, 0x4c, 0x7a, 0x4c,
    0x7a, 0x4c, 0x7a, 0x54, 0x7a, 0x54, 0xdb, 0x5c, 0x7a, 0x4c, 0x9a, 0x54, 0x9b, 0x54, 0x5a, 0x44,
    0x2d, 0x6b, 0x9c, 0xff, 0x33, 0xbd, 0x83, 0x59, 0x00, 0x00, 0x00, 0x00, 0x00, 0x00, 0x00, 0x00,
    0x00, 0x00, 0x00, 0x00, 0x00, 0x00, 0x00, 0x00, 0x83, 0x51, 0x53, 0xbd, 0x7b, 0xff, 0x2d, 0x6b,
    0x7b, 0x4c, 0x9a, 0x4c, 0x9b, 0x4c, 0x7a, 0x4c, 0x9a, 0x4c, 0xbc, 0x4c, 0xdc, 0x5c, 0xbb, 0x54,
    0x7a, 0x4c, 0xbb, 0x54, 0x7a, 0x4c, 0x7b, 0x44, 0x4d, 0x73, 0xbc, 0xff, 0x12, 0xb5, 0xc0, 0x40,
    0x00, 0x00, 0x00, 0x00, 0x00, 0x00, 0x00, 0x00, 0x00, 0x00, 0x00, 0x00, 0x00, 0x00, 0x00, 0x00,
    0x22, 0x49, 0x74, 0xc5, 0x7b, 0xff, 0x2e, 0x63, 0x7b, 0x4c, 0x9b, 0x54, 0x7a, 0x4c, 0x7a, 0x4c,
    0xbb, 0x54, 0xd6, 0x4b, 0x58, 0x54, 0x9b, 0x4c, 0x9b, 0x54, 0x9b, 0x54, 0x7a, 0x4c, 0x7b, 0x4c,
    0x4d, 0x73, 0xbd, 0xff, 0xf2, 0xb4, 0x42, 0x51, 0x00, 0x00, 0x00, 0x00, 0x00, 0x00, 0x00, 0x00,
    0x00, 0x00, 0x00, 0x00, 0x00, 0x00, 0x00, 0x00, 0xc0, 0x40, 0x74, 0xc5, 0x7b, 0xff, 0x2e, 0x63,
    0x9b, 0x4c, 0x7a, 0x4c, 0x7a, 0x4c, 0xdc, 0x54, 0xd7, 0x43, 0x6b, 0x8b, 0x2c, 0x73, 0x5a, 0x4c,
    0xbb, 0x54, 0x7a, 0x4c, 0x9b, 0x4c, 0x5a, 0x44, 0x4d, 0x73, 0xbd, 0xff, 0xd1, 0xb4, 0xc4, 0x61,
    0x00, 0x00, 0x00, 0x00, 0x00, 0x00, 0x00, 0x00, 0x00, 0x00, 0x00, 0x00, 0x00, 0x00, 0x00, 0x00,
    0x62, 0x51, 0xb5, 0xcd, 0x5b, 0xff, 0x2e, 0x63, 0x9c, 0x4c, 0x9b, 0x4c, 0xbc, 0x4c, 0x7c, 0x44,
    0x8c, 0x52, 0x1b, 0xf7, 0x53, 0xc5, 0x31, 0x43, 0xfd, 0x4c, 0x9b, 0x4c, 0x9b, 0x4c, 0x5a, 0x4c,
    0x6d, 0x7b, 0xdd, 0xff, 0x91, 0xac, 0x83, 0x59, 0x00, 0x00, 0x00, 0x00, 0x00, 0x00, 0x00, 0x00,
    0x00, 0x00, 0x00, 0x00, 0x00, 0x00, 0x00, 0x00, 0xe5, 0x61, 0xd5, 0xcd, 0x5a, 0xff, 0x2e, 0x63,
    0x9c, 0x4c, 0xb3, 0x53, 0x4e, 0x63, 0xec, 0x62, 0xd1, 0xac, 0xff, 0xff, 0x5c, 0xf7, 0x6d, 0x83,
    0x0e, 0x5b, 0x30, 0x53, 0x58, 0x54, 0x5a, 0x44, 0x6d, 0x7b, 0xdd, 0xff, 0x70, 0xa4, 0xa0, 0x40,
    0x00, 0x00, 0x00, 0x00, 0x00, 0x00, 0x00, 0x00, 0x00, 0x00, 0x00, 0x00, 0x00, 0x00, 0x00, 0x00,
    0xa4, 0x59, 0xf6, 0xcd, 0x3a, 0xff, 0x2e, 0x63, 0x7b, 0x44, 0xca, 0x72, 0x97, 0xee, 0x9d, 0xff,
    0xbe, 0xff, 0x7d, 0xf7, 0x9e, 0xf7, 0x7d, 0xf7, 0x3c, 0xf7, 0xcf, 0xbc, 0x0f, 0x53, 0x7b, 0x44,
    0x6d, 0x83, 0xdd, 0xff, 0x50, 0xa4, 0xe0, 0x48, 0x00, 0x00, 0x00, 0x00, 0x00, 0x00, 0x00, 0x00,
    0x00, 0x00, 0x00, 0x00, 0x00, 0x00, 0x00, 0x00, 0x63, 0x51, 0xf6, 0xd5, 0x3a, 0xff, 0x0e, 0x5b,
    0xbc, 0x4c, 0xd5, 0x4b, 0x6c, 0x83, 0x3c, 0xef, 0x9e, 0xf7, 0x7d, 0xf7, 0x7d, 0xf7, 0xde, 0xff,
    0x78, 0xde, 0x2d, 0x6b, 0x59, 0x4c, 0x5a, 0x44, 0x8d, 0x83, 0xdd, 0xff, 0x4f, 0xa4, 0x42, 0x51,
    0x00, 0x00, 0x00, 0x00, 0x00, 0x00, 0x00, 0x00, 0x00, 0x00, 0x00, 0x00, 0x00, 0x00, 0x00, 0x00,
    0x63, 0x51, 0x16, 0xd6, 0x19, 0xf7, 0x2e, 0x5b, 0x9b, 0x4c, 0xdc, 0x54, 0x32, 0x3b, 0x6f, 0xa4,
    0xff, 0xff, 0x9d, 0xf7, 0x9e, 0xf7, 0x3b, 0xf7, 0xeb, 0x6a, 0x19, 0x44, 0xbc, 0x4c, 0x39, 0x4c,
    0x8d, 0x83, 0xdd, 0xff, 0x4f, 0xa4, 0xa4, 0x59, 0x00, 0x00, 0x00, 0x00, 0x00, 0x00, 0x00, 0x00,
    0x00, 0x00, 0x00, 0x00, 0x00, 0x00, 0x00, 0x00, 0x42, 0x51, 0x37, 0xd6, 0xf9, 0xf6, 0x2f, 0x5b,
    0xbc, 0x4c, 0x9b, 0x4c, 0x73, 0x4b, 0x74, 0xc5, 0xff, 0xff, 0xfa, 0xee, 0xbe, 0xff, 0x9d, 0xff,
    0x4e, 0x6b, 0x5a, 0x44, 0xbb, 0x54, 0x19, 0x44, 0xad, 0x8b, 0xdd, 0xff, 0x0f, 0x9c, 0x43, 0x51,
    0x00, 0x00, 0x00, 0x00, 0x00, 0x00, 0x00, 0x00, 0x00, 0x00, 0x00, 0x00, 0x00, 0x00, 0x00, 0x00,
    0x63, 0x51, 0x57, 0xde, 0xd9, 0xf6, 0x2f, 0x5b, 0x9b, 0x4c, 0x9c, 0x4c, 0x0e, 0x5b, 0xf5, 0xdd,
    0xd1, 0xb4, 0xcc, 0x62, 0x8d, 0x8b, 0xd9, 0xee, 0x0e, 0x94, 0xf7, 0x43, 0xbc, 0x4c, 0xf8, 0x43,
    0xce, 0x8b, 0xde, 0xff, 0xce, 0x93, 0x60, 0x38, 0x00, 0x00, 0x00, 0x00, 0x00, 0x00, 0x00, 0x00,
    0x00, 0x00, 0x00, 0x00, 0x00, 0x00, 0x00, 0x00, 0xe5, 0x61, 0x78, 0xde, 0xd8, 0xf6, 0x2f, 0x5b,
    0x9b, 0x4c, 0x9b, 0x4c, 0xd5, 0x53, 0xec, 0x62, 0x94, 0x4b, 0xbc, 0x4c, 0xb6, 0x43, 0xed, 0x62,
    0x2e, 0x63, 0x59, 0x4c, 0x9b, 0x4c, 0x18, 0x44, 0xee, 0x93, 0xde, 0xff, 0xad, 0x93, 0x01, 0x49,
    0x00, 0x00, 0x00, 0x00, 0x00, 0x00, 0x00, 0x00, 0x00, 0x00, 0x00, 0x00, 0x00, 0x00, 0x00, 0x00,
    0xa4, 0x59, 0x78, 0xde, 0xd8, 0xee, 0x0f, 0x53, 0x9c, 0x4c, 0x9a, 0x54, 0x9b, 0x4c, 0xdc, 0x54,
    0xfc, 0x54, 0x7a, 0x4c, 0x9b, 0x4c, 0x9b, 0x4c, 0x7b, 0x4c, 0x7a, 0x4c, 0xbb, 0x54, 0xf8, 0x43,
    0xee, 0x93, 0xde, 0xff, 0xad, 0x93, 0x62, 0x59, 0x00, 0x00, 0x00, 0x00, 0x00, 0x00, 0x00, 0x00,
    0x00, 0x00, 0x00, 0x00, 0x00, 0x00, 0x00, 0x00, 0x63, 0x51, 0x99, 0xe6, 0xb8, 0xee, 0x0f, 0x53,
    0xbc, 0x4c, 0x7a, 0x4c, 0xbb, 0x54, 0xbb, 0x54, 0x7a, 0x4c, 0x5a, 0x44, 0x9a, 0x4c, 0x7a, 0x4c,
    0x9a, 0x4c, 0x7a, 0x4c, 0xbb, 0x54, 0xf7, 0x43, 0x0e, 0x94, 0xde, 0xff, 0x8d, 0x8b, 0xa3, 0x61,
    0x00, 0x00, 0x00, 0x00, 0x00, 0x00, 0x00, 0x00, 0x00, 0x00, 0x00, 0x00, 0x00, 0x00, 0x00, 0x00,
    0xc4, 0x59, 0xb9, 0xe6, 0x97, 0xe6, 0x30, 0x53, 0xbc, 0x4c, 0x9a, 0x54, 0xbb, 0x54, 0x9b, 0x54,
    0x5a, 0x4c, 0x7a, 0x4c, 0x9a, 0x4c, 0x7a, 0x4c, 0x7a, 0x4c, 0x9a, 0x54, 0x9b, 0x4c, 0xd7, 0x43,
    0x2f, 0x9c, 0xde, 0xff, 0x8c, 0x8b, 0x05, 0x62, 0x00, 0x00, 0x00, 0x00, 0x00, 0x00, 0x00, 0x00,
    0x00, 0x00, 0x00, 0x00, 0x00, 0x00, 0x00, 0x00, 0x26, 0x6a, 0xd9, 0xe6, 0x56, 0xe6, 0x30, 0x53,
    0xfe, 0x4c, 0xfc, 0x5c, 0xdc, 0x54, 0xbc, 0x4c, 0x9b, 0x4c, 0xdc, 0x54, 0xbc, 0x54, 0xbb, 0x4c,
    0xbc, 0x54, 0xbb, 0x54, 0xbc, 0x4c, 0x18, 0x44, 0x0e, 0x9c, 0xde, 0xff, 0x4b, 0x83, 0x60, 0x38,
    0x00, 0x00, 0x00, 0x00, 0x00, 0x00, 0x00, 0x00, 0x00, 0x00, 0x00, 0x00, 0x00, 0x00, 0x00, 0x00,
    0x06, 0x62, 0x99, 0xe6, 0xf9, 0xf6, 0xab, 0x5a, 0x94, 0x4b, 0xb5, 0x4b, 0xb5, 0x4b, 0x74, 0x43,
    0x74, 0x43, 0xb5, 0x4b, 0xb5, 0x43, 0xb6, 0x43, 0xd6, 0x43, 0xd6, 0x43, 0x18, 0x44, 0xf1, 0x42,
    0xb0, 0xb4, 0xde, 0xff, 0x4b, 0x83, 0xe0, 0x48, 0x00, 0x00, 0x00, 0x00, 0x00, 0x00, 0x00, 0x00,
    0x00, 0x00, 0x00, 0x00, 0x00, 0x00, 0x00, 0x00, 0x06, 0x62, 0xb9, 0xe6, 0xfe, 0xff, 0x16, 0xde,
    0xd0, 0xb4, 0xd1, 0xb4, 0xb0, 0xb4, 0x90, 0xac, 0x6f, 0xac, 0x4f, 0xa4, 0x2e, 0xa4, 0x2e, 0x9c,
    0x0e, 0x9c, 0xee, 0x9b, 0xcd, 0x93, 0x6f, 0xac, 0x1a, 0xf7, 0x9d, 0xff, 0x2b, 0x83, 0x63, 0x51,
    0x00, 0x00, 0x00, 0x00, 0x00, 0x00, 0x00, 0x00, 0x00, 0x00, 0x00, 0x00, 0x00, 0x00, 0x00, 0x00,
    0xa4, 0x59, 0xd0, 0xb4, 0x5c, 0xf7, 0x7c, 0xff, 0xbd, 0xff, 0xbd, 0xff, 0xbe, 0xff, 0xde, 0xff,
    0xde, 0xff, 0xfe, 0xff, 0xde, 0xff, 0xfe, 0xff, 0xfe, 0xff, 0xfe, 0xff, 0xfe, 0xff, 0xfe, 0xff,
    0xde, 0xff, 0x58, 0xde, 0x47, 0x6a, 0x00, 0x00, 0x00, 0x00, 0x00, 0x00, 0x00, 0x00, 0x00, 0x00,
    0x00, 0x00, 0x00, 0x00, 0x00, 0x00, 0x00, 0x00, 0x00, 0x00, 0x05, 0x62, 0x88, 0x72, 0xc9, 0x7a,
    0xc9, 0x7a, 0xc9, 0x7a, 0xc9, 0x7a, 0xe9, 0x7a, 0xea, 0x7a, 0x2a, 0x83, 0x4b, 0x83, 0x4b, 0x8b,
    0x4b, 0x83, 0x6b, 0x8b, 0x6c, 0x8b, 0xad, 0x93, 0x8c, 0x93, 0x88, 0x72, 0x26, 0x6a, 0x00, 0x00,
    0x00, 0x00, 0x00, 0x00, 0x00, 0x00, 0x00, 0x00, 0x00, 0x00, 0x00, 0x00, 0x00, 0x00, 0x00, 0x00,
    0x00, 0x00, 0x00, 0x00, 0x00, 0x00, 0x00, 0x00, 0x87, 0x7a, 0x25, 0x62, 0x41, 0x51, 0x40, 0x38,
    0x00, 0x28, 0x20, 0x49, 0x66, 0x72, 0xa3, 0x61, 0x20, 0x49, 0x60, 0x38, 0x80, 0x38, 0xe5, 0x61,
    0x82, 0x59, 0x00, 0x00, 0x00, 0x00, 0x00, 0x00, 0x00, 0x00, 0x00, 0x00, 0x00, 0x00, 0x00, 0x00,
    0x00, 0x00, 0x00, 0x00, 0x00, 0x00, 0x00, 0x00, 0x00, 0x00, 0x00, 0x00, 0x00, 0x00, 0x00, 0x00,
    0x00, 0x00, 0x00, 0x00, 0x00, 0x00, 0x00, 0x00, 0x00, 0x00, 0x00, 0x00, 0x00, 0x00, 0x00, 0x00,
    0x00, 0x00, 0x00, 0x00, 0x00, 0x00, 0x00, 0x00, 0x00, 0x00, 0x00, 0x00, 0x00, 0x00, 0x00, 0x00,
    0x00, 0x00, 0x00, 0x00, 0x00, 0x00, 0x00, 0x00, 0x00, 0x00, 0x00, 0x00, 0x00, 0x49, 0xae, 0xb7,
    0xb8, 0xb8, 0xa5, 0xa3, 0xa3, 0xa3, 0xa3, 0xa3, 0xa3, 0xa3, 0x9e, 0x8c, 0x8c, 0x6f, 0x1f, 0x00,
    0x00, 0x00, 0x00, 0x00, 0x00, 0x00, 0x00, 0x00, 0x20, 0xfb, 0xff, 0xff, 0xff, 0xff, 0xff, 0xff,
    0xff, 0xff, 0xff, 0xff, 0xff, 0xff, 0xff, 0xff, 0xff, 0xff, 0xeb, 0x24, 0x00, 0x00, 0x00, 0x00,
    0x00, 0x00, 0x00, 0x00, 0x4a, 0xff, 0xf9, 0xfc, 0xfc, 0xfc, 0xfb, 0xfb, 0xfb, 0xfb, 0xfb, 0xfb,
    0xfb, 0xfb, 0xfb, 0xfb, 0xfb, 0xf7, 0xff, 0x70, 0x00, 0x00, 0x00, 0x00, 0x00, 0x00, 0x00, 0x00,
    0x48, 0xfe, 0xfc, 0xff, 0xff, 0xff, 0xff, 0xff, 0xff, 0xff, 0xff, 0xff, 0xff, 0xff, 0xff, 0xff,
    0xff, 0xfb, 0xfe, 0x73, 0x00, 0x00, 0x00, 0x00, 0x00, 0x00, 0x00, 0x00, 0x48, 0xff, 0xfc, 0xff,
    0xff, 0xff, 0xff, 0xff, 0xff, 0xff, 0xff, 0xff, 0xff, 0xff, 0xff, 0xff, 0xff, 0xfb, 0xff, 0x73,
    0x00, 0x00, 0x00, 0x00, 0x00, 0x00, 0x00, 0x00, 0x59, 0xff, 0xfb, 0xff, 0xff, 0xff, 0xff, 0xff,
    0xff, 0xff, 0xff, 0xff, 0xff, 0xff, 0xff, 0xff, 0xff, 0xfb, 0xff, 0x6a, 0x00, 0x00, 0x00, 0x00,
    0x00, 0x00, 0x00, 0x00, 0x5e, 0xff, 0xfb, 0xff, 0xff, 0xff, 0xff, 0xff, 0xff, 0xff, 0xff, 0xff,
    0xff, 0xff, 0xff, 0xff, 0xff, 0xfb, 0xff, 0x5d, 0x00, 0x00, 0x00, 0x00, 0x00, 0x00, 0x00, 0x00,
    0x5d, 0xff, 0xfb, 0xff, 0xff, 0xff, 0xff, 0xff, 0xff, 0xff, 0xff, 0xff, 0xff, 0xff, 0xff, 0xff,
    0xff, 0xfb, 0xff, 0x5d, 0x00, 0x00, 0x00, 0x00, 0x00, 0x00, 0x00, 0x00, 0x5c, 0xff, 0xfb, 0xff,
    0xff, 0xff, 0xff, 0xff, 0xff, 0xff, 0xff, 0xff, 0xff, 0xff, 0xff, 0xff, 0xff, 0xfb, 0xff, 0x5e,
    0x00, 0x00, 0x00, 0x00, 0x00, 0x00, 0x00, 0x00, 0x67, 0xff, 0xfb, 0xff, 0xff, 0xff, 0xff, 0xff,
    0xff, 0xff, 0xff, 0xff, 0xff, 0xff, 0xff, 0xff, 0xff, 0xfb, 0xff, 0x55, 0x00, 0x00, 0x00, 0x00,
    0x00, 0x00, 0x00, 0x00, 0x74, 0xff, 0xfb, 0xff, 0xff, 0xff, 0xff, 0xff, 0xff, 0xff, 0xff, 0xff,
    0xff, 0xff, 0xff, 0xff, 0xff, 0xfc, 0xff, 0x47, 0x00, 0x00, 0x00, 0x00, 0x00, 0x00, 0x00, 0x00,
    0x73, 0xff, 0xfb, 0xff, 0xff, 0xff, 0xff, 0xff, 0xff, 0xff, 0xff, 0xff, 0xff, 0xff, 0xff, 0xff,
    0xff, 0xfc, 0xff, 0x48, 0x00, 0x00, 0x00, 0x00, 0x00, 0x00, 0x00, 0x00, 0x73, 0xff, 0xfb, 0xff,
    0xff, 0xff, 0xff, 0xff, 0xff, 0xff, 0xff, 0xff, 0xff, 0xff, 0xff, 0xff, 0xff, 0xfc, 0xff, 0x48,
    0x00, 0x00, 0x00, 0x00, 0x00, 0x00, 0x00, 0x00, 0x73, 0xff, 0xfb, 0xff, 0xff, 0xff, 0xff, 0xff,
    0xff, 0xff, 0xff, 0xff, 0xff, 0xff, 0xff, 0xff, 0xff, 0xfc, 0xff, 0x49, 0x00, 0x00, 0x00, 0x00,
    0x00, 0x00, 0x00, 0x00, 0x72, 0xff, 0xfb, 0xff, 0xff, 0xff, 0xff, 0xff, 0xff, 0xff, 0xff, 0xff,
    0xff, 0xff, 0xff, 0xff, 0xff, 0xfd, 0xff, 0x3f, 0x00, 0x00, 0x00, 0x00, 0x00, 0x00, 0x00, 0x00,
    0x79, 0xff, 0xfb, 0xff, 0xff, 0xff, 0xff, 0xff, 0xff, 0xff, 0xff, 0xff, 0xff, 0xff, 0xff, 0xff,
    0xff, 0xfe, 0xff, 0x33, 0x00, 0x00, 0x00, 0x00, 0x00, 0x00, 0x00, 0x00, 0x89, 0xff, 0xfb, 0xff,
    0xff, 0xff, 0xff, 0xff, 0xff, 0xff, 0xff, 0xff, 0xff, 0xff, 0xff, 0xff, 0xff, 0xfe, 0xff, 0x34,
    0x00, 0x00, 0x00, 0x00, 0x00, 0x00, 0x00, 0x00, 0x89, 0xff, 0xfb, 0xff, 0xff, 0xff, 0xff, 0xff,
    0xff, 0xff, 0xff, 0xff, 0xff, 0xff, 0xff, 0xff, 0xff, 0xfe, 0xff, 0x34, 0x00, 0x00, 0x00, 0x00,
    0x00, 0x00, 0x00, 0x00, 0x88, 0xff, 0xfb, 0xff, 0xff, 0xff, 0xff, 0xff, 0xff, 0xff, 0xff, 0xff,
    0xff, 0xff, 0xff, 0xff, 0xff, 0xfe, 0xff, 0x34, 0x00, 0x00, 0x00, 0x00, 0x00, 0x00, 0x00, 0x00,
    0x90, 0xff, 0xfb, 0xff, 0xff, 0xff, 0xff, 0xff, 0xff, 0xff, 0xff, 0xff, 0xff, 0xff, 0xff, 0xff,
    0xff, 0xfe, 0xff, 0x33, 0x00, 0x00, 0x00, 0x00, 0x00, 0x00, 0x00, 0x00, 0xa0, 0xff, 0xfb, 0xff,
    0xff, 0xff, 0xff, 0xff, 0xff, 0xff, 0xff, 0xff, 0xff, 0xff, 0xff, 0xff, 0xfe, 0xff, 0xfc, 0x25,
    0x00, 0x00, 0x00, 0x00, 0x00, 0x00, 0x00, 0x00, 0x9e, 0xff, 0xfb, 0xff, 0xff, 0xff, 0xff, 0xff,
    0xff, 0xff, 0xff, 0xff, 0xff, 0xff, 0xff, 0xff, 0xfe, 0xff, 0xfc, 0x23, 0x00, 0x00, 0x00, 0x00,
    0x00, 0x00, 0x00, 0x00, 0xa4, 0xfc, 0xf9, 0xfe, 0xfe, 0xfe, 0xfe, 0xfe, 0xfe, 0xfe, 0xfe, 0xfe,
    0xfe, 0xfe, 0xff, 0xff, 0xfe, 0xfd, 0xf8, 0x1c, 0x00, 0x00, 0x00, 0x00, 0x00, 0x00, 0x00, 0x00,
    0x77, 0xff, 0xff, 0xff, 0xff, 0xff, 0xff, 0xff, 0xff, 0xff, 0xff, 0xff, 0xff, 0xff, 0xff, 0xff,
    0xfd, 0xff, 0xde, 0x00, 0x00, 0x00, 0x00, 0x00, 0x00, 0x00, 0x00, 0x00, 0x00, 0x9e, 0xdf, 0xe2,
    0xef, 0xef, 0xef, 0xef, 0xef, 0xf4, 0xfa, 0xfa, 0xfa, 0xfa, 0xfb, 0xff, 0xfd, 0xdd, 0x45, 0x00,
    0x00, 0x00, 0x00, 0x00, 0x00, 0x00, 0x00, 0x00, 0x00, 0x00, 0x00, 0x00, 0x19, 0x19, 0x19, 0x19,
    0x19, 0x21, 0x2a, 0x2a, 0x2a, 0x2a, 0x2d, 0x3d, 0x37, 0x00, 0x00, 0x00, 0x00, 0x00, 0x00, 0x00,
};

static const LV_ATTRIBUTE_MEM_ALIGN uint8_t app_tama_souv_leaf_map[] = {
    0x00, 0x00, 0x00, 0x00, 0x00, 0x00, 0x00, 0x00, 0x00, 0x00, 0x00, 0x00, 0x00, 0x00, 0x00, 0x00,
    0x00, 0x00, 0x00, 0x00, 0x00, 0x00, 0x00, 0x00, 0x00, 0x00, 0x00, 0x00, 0x00, 0x00, 0x00, 0x00,
    0x00, 0x00, 0x00, 0x00, 0x00, 0x00, 0x00, 0x00, 0x00, 0x00, 0x00, 0x00, 0x00, 0x00, 0x00, 0x00,
    0x00, 0x00, 0x00, 0x00, 0x00, 0x00, 0x00, 0x00, 0x00, 0x00, 0x00, 0x00, 0x00, 0x00, 0x00, 0x00,
    0x00, 0x00, 0x00, 0x00, 0x00, 0x00, 0x00, 0x00, 0x00, 0x00, 0x00, 0x00, 0x00, 0x00, 0x00, 0x00,
    0x00, 0x00, 0x00, 0x00, 0x00, 0x00, 0x00, 0x00, 0x00, 0x00, 0x00, 0x00, 0x00, 0x00, 0x00, 0x00,
    0x00, 0x00, 0x00, 0x00, 0x00, 0x00, 0x00, 0x00, 0x00, 0x00, 0x00, 0x00, 0x00, 0x00, 0x00, 0x00,
    0x00, 0x00, 0x00, 0x00, 0x00, 0x00, 0x00, 0x00, 0x00, 0x00, 0x00, 0x00, 0x00, 0x00, 0x00, 0x00,
    0x00, 0x00, 0x00, 0x00, 0x00, 0x00, 0x00, 0x00, 0x00, 0x00, 0x00, 0x00, 0x00, 0x00, 0x00, 0x00,
    0x00, 0x00, 0x00, 0x00, 0x00, 0x00, 0x00, 0x00, 0x00, 0x00, 0x00, 0x00, 0x00, 0x00, 0x00, 0x00,
    0x00, 0x00, 0x00, 0x00, 0x00, 0x00, 0x00, 0x00, 0x00, 0x00, 0x00, 0x00, 0x00, 0x00, 0x00, 0x00,
    0x00, 0x00, 0x00, 0x00, 0x00, 0x00, 0x00, 0x00, 0x00, 0x00, 0x00, 0x00, 0x00, 0x00, 0x00, 0x00,
    0x00, 0x00, 0x00, 0x00, 0x00, 0x00, 0x00, 0x00, 0x00, 0x00, 0x00, 0x00, 0x00, 0x00, 0x00, 0x00,
    0x00, 0x00, 0x00, 0x00, 0x00, 0x00, 0x00, 0x00, 0x00, 0x00, 0x00, 0x00, 0x00, 0x00, 0x00, 0x00,
    0x00, 0x00, 0x00, 0x00, 0x00, 0x00, 0x00, 0x00, 0x00, 0x00, 0x00, 0x00, 0x00, 0x00, 0x00, 0x00,
    0x00, 0x00, 0x00, 0x00, 0x00, 0x00, 0x00, 0x00, 0xc6, 0x59, 0xc2, 0x48, 0xc2, 0x48, 0x00, 0x00,
    0x00, 0x00, 0x00, 0x00, 0x00, 0x00, 0x00, 0x00, 0x00, 0x00, 0x00, 0x00, 0x00, 0x00, 0x00, 0x00,
    0x00, 0x00, 0x00, 0x00, 0x00, 0x00, 0x00, 0x00, 0x00, 0x00, 0x00, 0x00, 0x00, 0x00, 0x00, 0x00,
    0x00, 0x00, 0x00, 0x00, 0x00, 0x00, 0x00, 0x00, 0x00, 0x00, 0x00, 0x00, 0x00, 0x00, 0x00, 0x00,
    0x03, 0x51, 0x2f, 0xd4, 0xe9, 0x9a, 0x81, 0x38, 0x00, 0x00, 0x00, 0x00, 0x00, 0x00, 0x00, 0x00,
    0x00, 0x00, 0x00, 0x00, 0x00, 0x00, 0x00, 0x00, 0x00, 0x00, 0x00, 0x00, 0x00, 0x00, 0x00, 0x00,
    0x00, 0x00, 0x00, 0x00, 0x00, 0x00, 0x00, 0x00, 0x00, 0x00, 0x00, 0x00, 0x00, 0x00, 0x00, 0x00,
    0x00, 0x00, 0x00, 0x00, 0x00, 0x00, 0xc2, 0x40, 0xea, 0xaa, 0xaf, 0xfc, 0x0e, 0xec, 0x64, 0x59,
    0x00, 0x00, 0x00, 0x00, 0x00, 0x00, 0x00, 0x00, 0x00, 0x00, 0x00, 0x00, 0x00, 0x00, 0x00, 0x00,
    0x00, 0x00, 0x00, 0x00, 0x00, 0x00, 0x00, 0x00, 0x00, 0x00, 0x00, 0x00, 0x00, 0x00, 0x00, 0x00,
    0x00, 0x00, 0x00, 0x00, 0x00, 0x00, 0x00, 0x00, 0x00, 0x00, 0x44, 0x59, 0x02, 0x51, 0x44, 0x59,
    0x0d, 0xec, 0xe8, 0xea, 0x4a, 0xfb, 0xe6, 0x91, 0xc2, 0x38, 0x23, 0x61, 0x44, 0x51, 0x00, 0x00,
    0x00, 0x00, 0x00, 0x00, 0x00, 0x00, 0x00, 0x00, 0x00, 0x00, 0x00, 0x00, 0x00, 0x00, 0x00, 0x00,
    0x00, 0x00, 0x00, 0x00, 0x00, 0x00, 0x00, 0x00, 0x00, 0x00, 0x00, 0x00, 0x00, 0x00, 0x00, 0x00,
    0x00, 0x00, 0xe6, 0x79, 0x4f, 0xdc, 0xcd, 0xcb, 0x6a, 0xf3, 0x29, 0xf3, 0x29, 0xf3, 0xc8, 0xe2,
    0x87, 0xca, 0x05, 0xc2, 0x03, 0x49, 0x00, 0x00, 0x00, 0x00, 0x00, 0x00, 0x00, 0x00, 0x00, 0x00,
    0x00, 0x00, 0x00, 0x00, 0x00, 0x00, 0x00, 0x00, 0x00, 0x00, 0x00, 0x00, 0x00, 0x00, 0x00, 0x00,
    0x00, 0x00, 0x00, 0x00, 0x00, 0x00, 0x00, 0x00, 0x00, 0x00, 0xe6, 0x71, 0x4e, 0xfc, 0x4a, 0xfb,
    0x29, 0xf3, 0x09, 0xeb, 0x09, 0xeb, 0x09, 0xeb, 0x29, 0xfb, 0xc5, 0xa9, 0xe2, 0x38, 0x00, 0x00,
    0x00, 0x00, 0x00, 0x00, 0x00, 0x00, 0x00, 0x00, 0x00, 0x00, 0x00, 0x00, 0x00, 0x00, 0x00, 0x00,
    0x00, 0x00, 0x00, 0x00, 0x00, 0x00, 0x00, 0x00, 0xc7, 0x31, 0x00, 0x00, 0x23, 0x51, 0xe2, 0x48,
    0x00, 0x00, 0x85, 0x61, 0xac, 0xeb, 0x09, 0xf3, 0x29, 0xf3, 0x87, 0xca, 0xe9, 0xea, 0xe8, 0xe2,
    0xc8, 0xea, 0x43, 0x81, 0xa6, 0x39, 0xe2, 0x38, 0x23, 0x49, 0x89, 0x62, 0x00, 0x00, 0x00, 0x00,
    0x00, 0x00, 0x00, 0x00, 0x00, 0x00, 0x00, 0x00, 0x00, 0x00, 0x00, 0x00, 0x00, 0x00, 0x44, 0x59,
    0x84, 0x79, 0xe2, 0x58, 0xa8, 0xa2, 0xee, 0xcb, 0x03, 0x49, 0x03, 0x49, 0x6b, 0xd3, 0x29, 0xf3,
    0x09, 0xeb, 0x67, 0xca, 0x47, 0xc2, 0x67, 0xca, 0x67, 0xda, 0x03, 0x59, 0x23, 0x39, 0x47, 0xa2,
    0x27, 0xb2, 0xa1, 0x38, 0xe2, 0x58, 0xe2, 0x50, 0x85, 0x51, 0x00, 0x00, 0x00, 0x00, 0x00, 0x00,
    0x00, 0x00, 0x00, 0x00, 0x00, 0x00, 0xe2, 0x40, 0x87, 0xca, 0x09, 0xeb, 0x09, 0xeb, 0xed, 0xfb,
    0x4b, 0xb3, 0x44, 0x51, 0xac, 0xdb, 0xe8, 0xea, 0x09, 0xf3, 0x26, 0xb2, 0x26, 0xba, 0xe9, 0xf2,
    0xc5, 0xb1, 0x61, 0x30, 0x27, 0xaa, 0x88, 0xf2, 0x27, 0xe2, 0xe6, 0xc9, 0xa5, 0xc9, 0x03, 0x89,
    0x23, 0x39, 0x00, 0x00, 0x00, 0x00, 0x00, 0x00, 0x00, 0x00, 0x00, 0x00, 0x00, 0x00, 0x03, 0x31,
    0xe5, 0x99, 0x4a, 0xfb, 0x09, 0xeb, 0xe8, 0xea, 0x6b, 0xeb, 0x0e, 0xec, 0x6b, 0xf3, 0x67, 0xca,
    0x67, 0xca, 0x26, 0xba, 0xa8, 0xe2, 0xc8, 0xea, 0x06, 0xca, 0xe6, 0xb9, 0x68, 0xea, 0x27, 0xda,
    0x27, 0xda, 0x27, 0xe2, 0xa5, 0xc9, 0xc2, 0x58, 0xa5, 0x29, 0x00, 0x00, 0x00, 0x00, 0x00, 0x00,
    0x00, 0x00, 0x00, 0x00, 0x00, 0x00, 0x03, 0x49, 0x06, 0xaa, 0x29, 0xf3, 0xc8, 0xda, 0x87, 0xca,
    0x47, 0xc2, 0xc8, 0xe2, 0xc8, 0xea, 0xe8, 0xea, 0x06, 0xb2, 0xc5, 0x99, 0xa8, 0xe2, 0x87, 0xe2,
    0x68, 0xea, 0x47, 0xe2, 0x85, 0xa1, 0xa5, 0xb1, 0xe6, 0xd1, 0x07, 0xe2, 0x23, 0x99, 0xe2, 0x30,
    0x00, 0x00, 0x00, 0x00, 0x00, 0x00, 0x00, 0x00, 0x00, 0x00, 0x00, 0x00, 0x00, 0x00, 0x03, 0x59,
    0xe8, 0xea, 0x09, 0xeb, 0xe8, 0xe2, 0x67, 0xca, 0xa5, 0x99, 0xc8, 0xe2, 0xe8, 0xea, 0xc8, 0xe2,
    0x87, 0xda, 0xa5, 0xa1, 0x67, 0xe2, 0x67, 0xea, 0x47, 0xe2, 0xa5, 0xa9, 0x85, 0xa1, 0x06, 0xda,
    0x07, 0xe2, 0xe6, 0xd1, 0x44, 0xa9, 0xc2, 0x58, 0x24, 0x41, 0x00, 0x00, 0x00, 0x00, 0x00, 0x00,
    0x00, 0x00, 0x00, 0x00, 0x00, 0x00, 0x03, 0x39, 0x63, 0x79, 0xc8, 0xea, 0x88, 0xda, 0x26, 0xba,
    0xe5, 0xa1, 0xe5, 0xa1, 0x87, 0xda, 0xc8, 0xf2, 0x47, 0xca, 0xa5, 0xa1, 0x88, 0xf2, 0x06, 0xc2,
    0x84, 0x99, 0x64, 0x91, 0xa5, 0xb1, 0xe6, 0xd1, 0xe6, 0xd9, 0x85, 0xc1, 0x23, 0x99, 0xc2, 0x50,
    0x64, 0x39, 0x00, 0x00, 0x00, 0x00, 0x00, 0x00, 0x00, 0x00, 0x00, 0x00, 0x00, 0x00, 0x00, 0x00,
    0x03, 0x39, 0x23, 0x61, 0x47, 0xc2, 0xa8, 0xe2, 0xa8, 0xea, 0x47, 0xca, 0x84, 0x91, 0x26, 0xca,
    0x06, 0xc2, 0x84, 0x99, 0xa5, 0xa9, 0x64, 0x91, 0x06, 0xd2, 0x27, 0xe2, 0xe6, 0xd1, 0xc6, 0xd1,
    0x44, 0xa9, 0xe2, 0x70, 0xe2, 0x40, 0xe7, 0x39, 0x00, 0x00, 0x00, 0x00, 0x00, 0x00, 0x00, 0x00,
    0x00, 0x00, 0x00, 0x00, 0x00, 0x00, 0x00, 0x00, 0x00, 0x00, 0x03, 0x21, 0x23, 0x69, 0xa8, 0xf2,
    0x88, 0xe2, 0x88, 0xea, 0x67, 0xda, 0x84, 0x91, 0x44, 0x81, 0x43, 0x79, 0xc5, 0xb1, 0x47, 0xe2,
    0x27, 0xe2, 0x06, 0xda, 0xa5, 0xc1, 0xe3, 0x70, 0xc2, 0x40, 0x24, 0x31, 0x00, 0x00, 0x00, 0x00,
    0x00, 0x00, 0x00, 0x00, 0x00, 0x00, 0x00, 0x00, 0x00, 0x00, 0x00, 0x00, 0x00, 0x00, 0x00, 0x00,
    0x64, 0x41, 0x03, 0x69, 0x26, 0xca, 0x47, 0xda, 0x47, 0xda, 0x47, 0xd2, 0x27, 0xda, 0x06, 0xd2,
    0x23, 0x81, 0x84, 0xa9, 0x06, 0xda, 0xe6, 0xc9, 0xc5, 0xc1, 0x85, 0xb1, 0x44, 0xa1, 0xa1, 0x38,
    0x85, 0x39, 0x00, 0x00, 0x00, 0x00, 0x00, 0x00, 0x00, 0x00, 0x00, 0x00, 0x00, 0x00, 0x00, 0x00,
    0x00, 0x00, 0x00, 0x00, 0x00, 0x00, 0x00, 0x00, 0x44, 0x39, 0x03, 0x69, 0xa5, 0xb9, 0xc5, 0xc1,
    0xc5, 0xc1, 0xc5, 0xc1, 0xa5, 0xb1, 0x23, 0x89, 0x63, 0x69, 0x44, 0x91, 0x64, 0xb1, 0x64, 0xb1,
    0x64, 0xa9, 0x64, 0xa9, 0x85, 0xb9, 0x64, 0xa9, 0xc2, 0x58, 0x44, 0x39, 0x00, 0x00, 0x00, 0x00,
    0x00, 0x00, 0x00, 0x00, 0x00, 0x00, 0x00, 0x00, 0x00, 0x00, 0x00, 0x00, 0x00, 0x00, 0x00, 0x00,
    0x00, 0x00, 0x03, 0x39, 0xe3, 0x50, 0x23, 0x71, 0x43, 0x79, 0x23, 0x71, 0x03, 0x51, 0xa1, 0x30,
    0xc4, 0x61, 0xe2, 0x40, 0xe2, 0x68, 0x44, 0x99, 0x44, 0xa1, 0x44, 0xa1, 0x44, 0x91, 0x03, 0x71,
    0x03, 0x49, 0x06, 0x52, 0x00, 0x00, 0x00, 0x00, 0x00, 0x00, 0x00, 0x00, 0x00, 0x00, 0x00, 0x00,
    0x00, 0x00, 0x00, 0x00, 0x00, 0x00, 0x00, 0x00, 0x00, 0x00, 0x00, 0x00, 0x00, 0x00, 0x64, 0x31,
    0x85, 0x39, 0x65, 0x31, 0x00, 0x00, 0xa2, 0x38, 0x66, 0x82, 0x43, 0x51, 0x65, 0x31, 0x03, 0x41,
    0xc2, 0x40, 0xc2, 0x40, 0xe3, 0x38, 0x65, 0x39, 0x00, 0x00, 0x00, 0x00, 0x00, 0x00, 0x00, 0x00,
    0x00, 0x00, 0x00, 0x00, 0x00, 0x00, 0x00, 0x00, 0x00, 0x00, 0x00, 0x00, 0x00, 0x00, 0x00, 0x00,
    0x00, 0x00, 0x00, 0x00, 0x00, 0x00, 0x00, 0x00, 0x00, 0x00, 0x00, 0x00, 0x00, 0x00, 0xc2, 0x30,
    0x46, 0x7a, 0xe4, 0x69, 0xc3, 0x30, 0x00, 0x00, 0x00, 0x00, 0x00, 0x00, 0x00, 0x00, 0x00, 0x00,
    0x00, 0x00, 0x00, 0x00, 0x00, 0x00, 0x00, 0x00, 0x00, 0x00, 0x00, 0x00, 0x00, 0x00, 0x00, 0x00,
    0x00, 0x00, 0x00, 0x00, 0x00, 0x00, 0x00, 0x00, 0x00, 0x00, 0x00, 0x00, 0x00, 0x00, 0x00, 0x00,
    0x00, 0x00, 0x00, 0x00, 0x00, 0x00, 0xa5, 0x49, 0x23, 0x49, 0x43, 0x51, 0x45, 0x49, 0x00, 0x00,
    0x00, 0x00, 0x00, 0x00, 0x00, 0x00, 0x00, 0x00, 0x00, 0x00, 0x00, 0x00, 0x00, 0x00, 0x00, 0x00,
    0x00, 0x00, 0x00, 0x00, 0x00, 0x00, 0x00, 0x00, 0x00, 0x00, 0x00, 0x00, 0x00, 0x00, 0x00, 0x00,
    0x00, 0x00, 0x00, 0x00, 0x00, 0x00, 0x00, 0x00, 0x00, 0x00, 0x00, 0x00, 0x00, 0x00, 0x00, 0x00,
    0x24, 0x41, 0xa8, 0x41, 0x00, 0x00, 0x00, 0x00, 0x00, 0x00, 0x00, 0x00, 0x00, 0x00, 0x00, 0x00,
    0x00, 0x00, 0x00, 0x00, 0x00, 0x00, 0x00, 0x00, 0x00, 0x00, 0x00, 0x00, 0x00, 0x00, 0x00, 0x00,
    0x00, 0x00, 0x00, 0x00, 0x00, 0x00, 0x00, 0x00, 0x00, 0x00, 0x00, 0x00, 0x00, 0x00, 0x00, 0x00,
    0x00, 0x00, 0x00, 0x00, 0x00, 0x00, 0x00, 0x00, 0x00, 0x00, 0x00, 0x00, 0x00, 0x00, 0x00, 0x00,
    0x00, 0x00, 0x00, 0x00, 0x00, 0x00, 0x00, 0x00, 0x00, 0x00, 0x00, 0x00, 0x00, 0x00, 0x00, 0x00,
    0x00, 0x00, 0x00, 0x00, 0x00, 0x00, 0x00, 0x00, 0x00, 0x00, 0x00, 0x00, 0x00, 0x00, 0x00, 0x00,
    0x00, 0x00, 0x00, 0x00, 0x00, 0x00, 0x00, 0x00, 0x00, 0x00, 0x00, 0x00, 0x00, 0x00, 0x00, 0x00,
    0x00, 0x00, 0x00, 0x00, 0x00, 0x00, 0x00, 0x00, 0x00, 0x00, 0x00, 0x00, 0x00, 0x00, 0x00, 0x00,
    0x00, 0x00, 0x00, 0x00, 0x00, 0x00, 0x00, 0x00, 0x00, 0x00, 0x00, 0x00, 0x00, 0x00, 0x00, 0x00,
    0x00, 0x00, 0x00, 0x00, 0x00, 0x00, 0x00, 0x00, 0x00, 0x00, 0x00, 0x00, 0x00, 0x00, 0x00, 0x00,
    0x00, 0x00, 0x00, 0x00, 0x00, 0x00, 0x00, 0x00, 0x00, 0x00, 0x00, 0x00, 0x00, 0x00, 0x00, 0x00,
    0x00, 0x00, 0x00, 0x00, 0x00, 0x00, 0x00, 0x00, 0x00, 0x00, 0x00, 0x00, 0x00, 0x00, 0x00, 0x00,
    0x00, 0x00, 0x00, 0x00, 0x00, 0x00, 0x00, 0x00, 0x00, 0x00, 0x00, 0x00, 0x00, 0x00, 0x00, 0x00,
    0x00, 0x00, 0x00, 0x00, 0x00, 0x00, 0x00, 0x00, 0x00, 0x00, 0x00, 0x00, 0x00, 0x00, 0x00, 0x00,
    0x00, 0x00, 0x00, 0x00, 0x00, 0x00, 0x00, 0x00, 0x00, 0x00, 0x00, 0x00, 0x00, 0x00, 0x00, 0x00,
    0x00, 0x00, 0x00, 0x00, 0x00, 0x00, 0x00, 0x00, 0x00, 0x00, 0x00, 0x00, 0x00, 0x00, 0x00, 0x00,
    0x00, 0x00, 0x00, 0x00, 0x00, 0x00, 0x00, 0x00, 0x00, 0x00, 0x00, 0x00, 0x1a, 0xa9, 0x83, 0x00,
    0x00, 0x00, 0x00, 0x00, 0x00, 0x00, 0x00, 0x00, 0x00, 0x00, 0x00, 0x00, 0x00, 0x00, 0x00, 0x00,
    0x00, 0x00, 0x00, 0x00, 0x00, 0x00, 0x00, 0x00, 0xc9, 0xff, 0xff, 0x63, 0x00, 0x00, 0x00, 0x00,
    0x00, 0x00, 0x00, 0x00, 0x00, 0x00, 0x00, 0x00, 0x00, 0x00, 0x00, 0x00, 0x00, 0x00, 0x00, 0x00,
    0x00, 0x00, 0x00, 0x62, 0xff, 0xf6, 0xfc, 0xdf, 0x00, 0x00, 0x00, 0x00, 0x00, 0x00, 0x00, 0x00,
    0x00, 0x00, 0x00, 0x00, 0x00, 0x00, 0x00, 0x00, 0x00, 0x00, 0x00, 0x00, 0x00, 0xae, 0xbd, 0xdb,
    0xfd, 0xfd, 0xff, 0xff, 0xb8, 0xde, 0x64, 0x00, 0x00, 0x00, 0x00, 0x00, 0x00, 0x00, 0x00, 0x00,
    0x00, 0x00, 0x00, 0x00, 0x00, 0x00, 0x00, 0x00, 0x00, 0xf6, 0xff, 0xff, 0xff, 0xff, 0xff, 0xfe,
    0xff, 0xff, 0xa9, 0x00, 0x00, 0x00, 0x00, 0x00, 0x00, 0x00, 0x00, 0x00, 0x00, 0x00, 0x00, 0x00,
    0x00, 0x00, 0x00, 0x00, 0x00, 0xe2, 0xfc, 0xfc, 0xff, 0xff, 0xff, 0xff, 0xf8, 0xfe, 0x7b, 0x00,
    0x00, 0x00, 0x00, 0x00, 0x00, 0x00, 0x00, 0x00, 0x00, 0x00, 0x00, 0x00, 0x1a, 0x00, 0xa2, 0xa4,
    0x00, 0xba, 0xff, 0xfc, 0xff, 0xff, 0xff, 0xff, 0xfd, 0xfb, 0x3a, 0x68, 0xba, 0x25, 0x00, 0x00,
    0x00, 0x00, 0x00, 0x00, 0x00, 0x00, 0x00, 0x82, 0xf5, 0xd9, 0xff, 0xff, 0xbb, 0xa4, 0xff, 0xfc,
    0xff, 0xff, 0xff, 0xfe, 0xff, 0xed, 0xbe, 0xff, 0xff, 0xde, 0xd8, 0xdc, 0x46, 0x00, 0x00, 0x00,
    0x00, 0x00, 0x00, 0x90, 0xff, 0xff, 0xfd, 0xfc, 0xff, 0xfa, 0xff, 0xff, 0xff, 0xff, 0xff, 0xff,
    0xff, 0xff, 0xff, 0xfc, 0xfc, 0xff, 0xff, 0xff, 0x76, 0x00, 0x00, 0x00, 0x00, 0x00, 0x00, 0x49,
    0xfe, 0xfa, 0xff, 0xff, 0xfd, 0xff, 0xff, 0xff, 0xff, 0xff, 0xff, 0xff, 0xff, 0xff, 0xfd, 0xff,
    0xff, 0xfd, 0xfc, 0xf4, 0x21, 0x00, 0x00, 0x00, 0x00, 0x00, 0x00, 0xa3, 0xff, 0xfd, 0xff, 0xff,
    0xff, 0xff, 0xff, 0xff, 0xff, 0xff, 0xff, 0xff, 0xff, 0xff, 0xff, 0xff, 0xff, 0xfc, 0xff, 0xb3,
    0x00, 0x00, 0x00, 0x00, 0x00, 0x00, 0x00, 0xf8, 0xfe, 0xfc, 0xff, 0xff, 0xff, 0xff, 0xff, 0xff,
    0xff, 0xff, 0xff, 0xff, 0xff, 0xff, 0xff, 0xff, 0xff, 0xff, 0xf9, 0xf9, 0x5b, 0x00, 0x00, 0x00,
    0x00, 0x00, 0x00, 0x64, 0xff, 0xff, 0xff, 0xff, 0xff, 0xff, 0xff, 0xff, 0xff, 0xff, 0xff, 0xff,
    0xff, 0xff, 0xff, 0xff, 0xfd, 0xfb, 0xff, 0xed, 0x2d, 0x00, 0x00, 0x00, 0x00, 0x00, 0x00, 0x00,
    0x64, 0xe9, 0xfd, 0xfe, 0xff, 0xff, 0xff, 0xff, 0xff, 0xff, 0xff, 0xff, 0xff, 0xff, 0xff, 0xff,
    0xff, 0xff, 0xbf, 0x26, 0x00, 0x00, 0x00, 0x00, 0x00, 0x00, 0x00, 0x00, 0x00, 0x7f, 0xff, 0xfc,
    0xff, 0xff, 0xff, 0xff, 0xff, 0xff, 0xff, 0xff, 0xff, 0xff, 0xfe, 0xfa, 0xc6, 0x60, 0x00, 0x00,
    0x00, 0x00, 0x00, 0x00, 0x00, 0x00, 0x00, 0x00, 0x46, 0xfa, 0xfb, 0xfe, 0xff, 0xff, 0xfd, 0xfd,
    0xff, 0xff, 0xff, 0xff, 0xff, 0xfe, 0xfd, 0xf3, 0x59, 0x00, 0x00, 0x00, 0x00, 0x00, 0x00, 0x00,
    0x00, 0x00, 0x00, 0x00, 0x42, 0xff, 0xff, 0xfd, 0xfc, 0xfe, 0xff, 0xff, 0xff, 0xff, 0xfd, 0xfb,
    0xfc, 0xfc, 0xfb, 0xfd, 0xff, 0x3f, 0x00, 0x00, 0x00, 0x00, 0x00, 0x00, 0x00, 0x00, 0x00, 0x00,
    0x00, 0x6b, 0xe8, 0xff, 0xff, 0xff, 0xdc, 0xd7, 0xff, 0xfb, 0xff, 0xff, 0xff, 0xff, 0xff, 0xff,
    0xba, 0x13, 0x00, 0x00, 0x00, 0x00, 0x00, 0x00, 0x00, 0x00, 0x00, 0x00, 0x00, 0x00, 0x00, 0x40,
    0x50, 0x3c, 0x00, 0x83, 0xff, 0xe6, 0x5b, 0xa2, 0xbe, 0xba, 0x94, 0x4c, 0x00, 0x00, 0x00, 0x00,
    0x00, 0x00, 0x00, 0x00, 0x00, 0x00, 0x00, 0x00, 0x00, 0x00, 0x00, 0x00, 0x00, 0x00, 0x00, 0x7c,
    0xff, 0xff, 0x51, 0x00, 0x00, 0x00, 0x00, 0x00, 0x00, 0x00, 0x00, 0x00, 0x00, 0x00, 0x00, 0x00,
    0x00, 0x00, 0x00, 0x00, 0x00, 0x00, 0x00, 0x00, 0x00, 0x00, 0x00, 0x31, 0xff, 0xe8, 0x4c, 0x00,
    0x00, 0x00, 0x00, 0x00, 0x00, 0x00, 0x00, 0x00, 0x00, 0x00, 0x00, 0x00, 0x00, 0x00, 0x00, 0x00,
    0x00, 0x00, 0x00, 0x00, 0x00, 0x00, 0x00, 0x00, 0x2d, 0x13, 0x00, 0x00, 0x00, 0x00, 0x00, 0x00,
    0x00, 0x00, 0x00, 0x00, 0x00, 0x00, 0x00, 0x00, 0x00, 0x00, 0x00, 0x00, 0x00, 0x00, 0x00, 0x00,
    0x00, 0x00, 0x00, 0x00, 0x00, 0x00, 0x00, 0x00, 0x00, 0x00, 0x00, 0x00, 0x00, 0x00, 0x00, 0x00,
    0x00, 0x00, 0x00, 0x00, 0x00, 0x00, 0x00, 0x00, 0x00, 0x00, 0x00, 0x00, 0x00, 0x00, 0x00, 0x00,
    0x00, 0x00, 0x00, 0x00, 0x00, 0x00, 0x00, 0x00, 0x00, 0x00, 0x00, 0x00, 0x00, 0x00, 0x00, 0x00,
};

static const LV_ATTRIBUTE_MEM_ALIGN uint8_t app_tama_souv_gem_map[] = {
    0x00, 0x00, 0x00, 0x00, 0x00, 0x00, 0x00, 0x00, 0x00, 0x00, 0x00, 0x00, 0x00, 0x00, 0x00, 0x00,
    0x00, 0x00, 0x00, 0x00, 0x00, 0x00, 0x00, 0x00, 0x00, 0x00, 0x00, 0x00, 0x00, 0x00, 0x00, 0x00,
    0x00, 0x00, 0x00, 0x00, 0x00, 0x00, 0x00, 0x00, 0x00, 0x00, 0x00, 0x00, 0x00, 0x00, 0x00, 0x00,
    0x00, 0x00, 0x00, 0x00, 0x00, 0x00, 0x00, 0x00, 0x00, 0x00, 0x00, 0x00, 0x00, 0x00, 0x00, 0x00,
    0x00, 0x00, 0x00, 0x00, 0x00, 0x00, 0x00, 0x00, 0x00, 0x00, 0x00, 0x00, 0x00, 0x00, 0x00, 0x00,
    0x00, 0x00, 0xff, 0xff, 0xff, 0xff, 0x00, 0x00, 0x00, 0x00, 0x00, 0x00, 0x00, 0x00, 0x00, 0x00,
    0x00, 0x00, 0x00, 0x00, 0x00, 0x00, 0x00, 0x00, 0x00, 0x00, 0x00, 0x00, 0x00, 0x00, 0x00, 0x00,
    0x00, 0x00, 0x00, 0x00, 0x00, 0x00, 0x00, 0x00, 0x00, 0x00, 0x00, 0x00, 0x00, 0x00, 0x00, 0x00,
    0x00, 0x00, 0x00, 0x00, 0x00, 0x00, 0x00, 0x00, 0xff, 0xff, 0xda, 0xe6, 0x3c, 0xef, 0xff, 0xff,
    0x00, 0x00, 0x00, 0x00, 0x00, 0x00, 0x00, 0x00, 0x00, 0x00, 0x00, 0x00, 0x00, 0x00, 0x00, 0x00,
    0x00, 0x00, 0x00, 0x00, 0x00, 0x00, 0x00, 0x00, 0x00, 0x00, 0x00, 0x00, 0x00, 0x00, 0x00, 0x00,
    0x00, 0x00, 0x00, 0x00, 0x00, 0x00, 0x00, 0x00, 0x00, 0x00, 0x00, 0x00, 0x00, 0x00, 0xff, 0xff,
    0xf6, 0xcd, 0x80, 0x30, 0xe1, 0x38, 0x3c, 0xef, 0xff, 0xff, 0x00, 0x00, 0x00, 0x00, 0x00, 0x00,
    0x00, 0x00, 0x00, 0x00, 0x00, 0x00, 0x00, 0x00, 0x00, 0x00, 0x00, 0x00, 0x00, 0x00, 0x00, 0x00,
    0x00, 0x00, 0x00, 0x00, 0x00, 0x00, 0x00, 0x00, 0x00, 0x00, 0x00, 0x00, 0x00, 0x00, 0x00, 0x00,
    0x00, 0x00, 0x00, 0x00, 0xff, 0xff, 0xb5, 0xc5, 0x05, 0x5a, 0x30, 0xa4, 0xe7, 0x71, 0x06, 0x5a,
    0x3c, 0xef, 0xff, 0xff, 0x00, 0x00, 0x00, 0x00, 0x00, 0x00, 0x00, 0x00, 0x00, 0x00, 0x00, 0x00,
    0x00, 0x00, 0x00, 0x00, 0x00, 0x00, 0x00, 0x00, 0x00, 0x00, 0x00, 0x00, 0x00, 0x00, 0x00, 0x00,
    0x00, 0x00, 0x00, 0x00, 0x00, 0x00, 0x00, 0x00, 0x00, 0x00, 0xff, 0xff, 0xd6, 0xc5, 0xa5, 0x51,
    0x5c, 0xef, 0x32, 0xc4, 0xd1, 0xc3, 0x8e, 0x9b, 0x75, 0xcd, 0xff, 0xff, 0x1c, 0xe7, 0x00, 0x00,
    0x00, 0x00, 0x00, 0x00, 0x00, 0x00, 0x00, 0x00, 0x00, 0x00, 0x00, 0x00, 0x00, 0x00, 0x00, 0x00,
    0x00, 0x00, 0x00, 0x00, 0x00, 0x00, 0x00, 0x00, 0x00, 0x00, 0x00, 0x00, 0x00, 0x00, 0x00, 0x00,
    0xff, 0xff, 0xb6, 0xc5, 0x84, 0x51, 0x5d, 0xef, 0x3c, 0xe7, 0x91, 0xcb, 0x92, 0xcb, 0x97, 0xdd,
    0x9b, 0xee, 0xb2, 0xac, 0xff, 0xff, 0x00, 0x00, 0x00, 0x00, 0x00, 0x00, 0x00, 0x00, 0x00, 0x00,
    0x00, 0x00, 0x00, 0x00, 0x00, 0x00, 0x00, 0x00, 0x00, 0x00, 0x00, 0x00, 0x00, 0x00, 0x00, 0x00,
    0x00, 0x00, 0x00, 0x00, 0x00, 0x00, 0xff, 0xff, 0x99, 0xde, 0xc5, 0x51, 0x5c, 0xef, 0xff, 0xff,
    0x95, 0xc5, 0xd3, 0xdb, 0x14, 0xec, 0x31, 0xbc, 0x7c, 0xfe, 0xc5, 0x61, 0x33, 0xb5, 0xff, 0xff,
    0x00, 0x00, 0x00, 0x00, 0x00, 0x00, 0x00, 0x00, 0x00, 0x00, 0x00, 0x00, 0x00, 0x00, 0x00, 0x00,
    0x00, 0x00, 0x00, 0x00, 0x00, 0x00, 0x00, 0x00, 0x00, 0x00, 0x00, 0x00, 0x00, 0x00, 0xff, 0xff,
    0xb1, 0xac, 0x27, 0x62, 0xdf, 0xff, 0xff, 0xff, 0x71, 0xb4, 0xf5, 0xeb, 0x97, 0xf4, 0xaf, 0xab,
    0x7b, 0xfe, 0xf9, 0xed, 0x02, 0x41, 0x1b, 0xe7, 0xff, 0xff, 0x00, 0x00, 0x00, 0x00, 0x00, 0x00,
    0x00, 0x00, 0x00, 0x00, 0x00, 0x00, 0x00, 0x00, 0x00, 0x00, 0x00, 0x00, 0x00, 0x00, 0x00, 0x00,
    0x00, 0x00, 0x00, 0x00, 0x00, 0x00, 0xff, 0xff, 0x74, 0xb5, 0xc7, 0x79, 0xb3, 0xbc, 0xdb, 0xe6,
    0xf2, 0xc3, 0x77, 0xfc, 0x39, 0xfd, 0x12, 0xc4, 0x77, 0xe5, 0xf4, 0xc4, 0xe6, 0x59, 0x58, 0xd6,
    0xff, 0xff, 0x00, 0x00, 0x00, 0x00, 0x00, 0x00, 0x00, 0x00, 0x00, 0x00, 0x00, 0x00, 0x00, 0x00,
    0x00, 0x00, 0x00, 0x00, 0x00, 0x00, 0x00, 0x00, 0x00, 0x00, 0x00, 0x00, 0x00, 0x00, 0xff, 0xff,
    0xd5, 0xbd, 0x4a, 0x8a, 0x58, 0xf5, 0xdb, 0xe6, 0xf9, 0xed, 0x14, 0xdc, 0xd3, 0xdb, 0x2f, 0xc3,
    0x0b, 0x83, 0xba, 0xde, 0x0a, 0x7b, 0xba, 0xde, 0xff, 0xff, 0xff, 0xff, 0xff, 0xff, 0xfe, 0xff,
    0x00, 0x00, 0x00, 0x00, 0x00, 0x00, 0x00, 0x00, 0x00, 0x00, 0x00, 0x00, 0x00, 0x00, 0x00, 0x00,
    0xff, 0xff, 0xff, 0xff, 0xff, 0xff, 0xff, 0xff, 0xf6, 0xc5, 0x08, 0x7a, 0xba, 0xfd, 0xfd, 0xfe,
    0x19, 0xe6, 0x73, 0xc4, 0xb3, 0xcc, 0x11, 0xb4, 0xf3, 0xb4, 0xff, 0xff, 0x68, 0x6a, 0xff, 0xff,
    0x3c, 0xe7, 0xb1, 0xa4, 0xd6, 0xc5, 0xff, 0xff, 0x00, 0x00, 0x00, 0x00, 0x00, 0x00, 0x00, 0x00,
    0x00, 0x00, 0x00, 0x00, 0x00, 0x00, 0xff, 0xff, 0x1c, 0xe7, 0xa9, 0x6a, 0x70, 0x9c, 0x3c, 0xef,
    0xda, 0xde, 0xe7, 0x71, 0x39, 0xfd, 0x95, 0xdc, 0x56, 0xdd, 0x5b, 0xfe, 0x7c, 0xfe, 0x39, 0xe6,
    0x53, 0xcc, 0xfb, 0xee, 0x06, 0x5a, 0xac, 0x83, 0xc6, 0x61, 0x45, 0x61, 0x22, 0x49, 0x7d, 0xf7,
    0x00, 0x00, 0x00, 0x00, 0x00, 0x00, 0x00, 0x00, 0x00, 0x00, 0x00, 0x00, 0x00, 0x00, 0xff, 0xff,
    0x14, 0xbd, 0xa5, 0x59, 0xea, 0x72, 0x27, 0x62, 0x47, 0x62, 0xc6, 0x69, 0x39, 0xfd, 0xf2, 0xcb,
    0xd4, 0xcc, 0x1a, 0xfe, 0x1a, 0xfe, 0x35, 0xd5, 0xf2, 0xd3, 0x36, 0xdd, 0x84, 0x51, 0xcc, 0x9a,
    0x96, 0xec, 0x73, 0xc4, 0x68, 0x6a, 0x37, 0xce, 0xff, 0xff, 0x00, 0x00, 0x00, 0x00, 0x00, 0x00,
    0x00, 0x00, 0x00, 0x00, 0x00, 0x00, 0xb7, 0xec, 0x1d, 0xf7, 0x36, 0xdd, 0x75, 0xc5, 0x9e, 0xf7,
    0xb1, 0xa4, 0x06, 0x62, 0xf8, 0xfc, 0x13, 0xd4, 0xb4, 0xcc, 0x3b, 0xfe, 0x3b, 0xfe, 0x14, 0xcd,
    0x34, 0xdc, 0x6f, 0xb3, 0x4e, 0xab, 0xbc, 0xfd, 0xf2, 0xcb, 0x76, 0xd5, 0x6d, 0x9b, 0x33, 0xb5,
    0xff, 0xff, 0x00, 0x00, 0x00, 0x00, 0x00, 0x00, 0x00, 0x00, 0x00, 0x00, 0x00, 0x00, 0xff, 0xff,
    0xae, 0x93, 0xd4, 0xd4, 0x52, 0xbc, 0x5c, 0xef, 0xff, 0xff, 0x8a, 0x8a, 0x54, 0xdc, 0x95, 0xdc,
    0x93, 0xcc, 0xfa, 0xfd, 0xfa, 0xfd, 0x15, 0xcd, 0xb1, 0xcb, 0xb3, 0xc4, 0x51, 0xb4, 0x75, 0xec,
    0xaf, 0xab, 0xdc, 0xfe, 0x92, 0xbc, 0xee, 0x93, 0xff, 0xff, 0x00, 0x00, 0x00, 0x00, 0x00, 0x00,
    0x00, 0x00, 0x00, 0x00, 0x00, 0x00, 0xff, 0xff, 0xa9, 0x72, 0x16, 0xdd, 0xd9, 0xf5, 0x95, 0xbd,
    0xd3, 0xb4, 0x31, 0xd3, 0x32, 0xbc, 0xb8, 0xe5, 0x94, 0xcc, 0xcf, 0xa3, 0x0c, 0x8b, 0x36, 0xd5,
    0x2e, 0xab, 0x18, 0xe6, 0x18, 0xe6, 0x0d, 0xa3, 0x15, 0xcd, 0xfd, 0xfe, 0x55, 0xd5, 0xa9, 0x72,
    0xff, 0xff, 0x00, 0x00, 0x00, 0x00, 0x00, 0x00, 0x00, 0x00, 0x00, 0x00, 0x00, 0x00, 0x9d, 0xf7,
    0x06, 0x62, 0x31, 0xbc, 0xb4, 0xcc, 0xca, 0x7a, 0x0e, 0xab, 0x57, 0xfc, 0x2f, 0xb3, 0x33, 0xd4,
    0x0c, 0x93, 0xd6, 0xc5, 0x6d, 0x93, 0xcb, 0x8a, 0x6e, 0xa3, 0xdc, 0xfe, 0x1d, 0xff, 0x89, 0x7a,
    0xb2, 0xbc, 0xf5, 0xcc, 0x4a, 0x8a, 0xa9, 0x6a, 0xff, 0xff, 0x00, 0x00, 0x00, 0x00, 0x00, 0x00,
    0x00, 0x00, 0x00, 0x00, 0x00, 0x00, 0xff, 0xff, 0x4b, 0x7b, 0x29, 0x82, 0xb6, 0xdc, 0xb0, 0xbb,
    0x0f, 0xb3, 0x56, 0xf4, 0xd3, 0xdb, 0x8b, 0x9a, 0x51, 0xac, 0x5d, 0xff, 0x52, 0xc4, 0x6a, 0x8a,
    0xd3, 0xbc, 0x7f, 0xff, 0x77, 0xdd, 0x0e, 0xb3, 0x1a, 0xf6, 0xb9, 0xf5, 0x24, 0x59, 0x1b, 0xe7,
    0xff, 0xff, 0x00, 0x00, 0x00, 0x00, 0x00, 0x00, 0x00, 0x00, 0x00, 0x00, 0x00, 0x00, 0xff, 0xff,
    0x7d, 0xef, 0x84, 0x59, 0xd6, 0xec, 0x79, 0xfd, 0x2e, 0xab, 0xd3, 0xdb, 0x15, 0xec, 0xec, 0x8a,
    0x1c, 0xf7, 0xdc, 0xfe, 0x11, 0xbc, 0x95, 0xdc, 0x92, 0xb4, 0x5c, 0xfe, 0x6f, 0xab, 0xf4, 0xe3,
    0x3a, 0xfd, 0xa7, 0x71, 0x33, 0xb5, 0xff, 0xff, 0x00, 0x00, 0x00, 0x00, 0x00, 0x00, 0x00, 0x00,
    0x00, 0x00, 0x00, 0x00, 0x00, 0x00, 0x00, 0x00, 0xff, 0xff, 0x33, 0xb5, 0xc6, 0x71, 0x9a, 0xfd,
    0xf2, 0xd3, 0x2f, 0xbb, 0x2f, 0xbb, 0x56, 0xcd, 0x3d, 0xff, 0x1a, 0xfe, 0xf0, 0xb3, 0x38, 0xfd,
    0xf1, 0xc3, 0x32, 0xc4, 0x4f, 0xbb, 0xf9, 0xfc, 0x8c, 0xa2, 0x2a, 0x73, 0xff, 0xff, 0x00, 0x00,
    0x00, 0x00, 0x00, 0x00, 0x00, 0x00, 0x00, 0x00, 0x00, 0x00, 0x00, 0x00, 0x00, 0x00, 0x00, 0x00,
    0x00, 0x00, 0xff, 0xff, 0x88, 0x6a, 0xb3, 0xbc, 0x9c, 0xfe, 0xcc, 0x9a, 0xaf, 0xab, 0x9c, 0xfe,
    0x5b, 0xfe, 0x9c, 0xfe, 0x72, 0xc4, 0xf7, 0xec, 0x74, 0xd4, 0xe7, 0x71, 0x76, 0xf4, 0xf3, 0xdb,
    0x84, 0x51, 0xbe, 0xf7, 0xff, 0xff, 0x00, 0x00, 0x00, 0x00, 0x00, 0x00, 0x00, 0x00, 0x00, 0x00,
    0x00, 0x00, 0x00, 0x00, 0x00, 0x00, 0x00, 0x00, 0x00, 0x00, 0xff, 0xff, 0xfb, 0xe6, 0x84, 0x51,
    0x5e, 0xf7, 0xf7, 0xd5, 0x2c, 0x8b, 0x31, 0xbc, 0xd0, 0xb3, 0x93, 0xc4, 0x18, 0xde, 0x15, 0xd5,
    0x8b, 0x9a, 0x0e, 0xb3, 0xd8, 0xfc, 0x44, 0x59, 0x58, 0xd6, 0xff, 0xff, 0x00, 0x00, 0x00, 0x00,
    0x00, 0x00, 0x00, 0x00, 0x00, 0x00, 0x00, 0x00, 0x00, 0x00, 0x00, 0x00, 0x00, 0x00, 0x00, 0x00,
    0x00, 0x00, 0x00, 0x00, 0xff, 0xff, 0x4f, 0x9c, 0x2c, 0x8b, 0xff, 0xff, 0x71, 0xac, 0x98, 0xed,
    0x55, 0xec, 0xf3, 0xdb, 0xfc, 0xf6, 0x9c, 0xf6, 0x2f, 0xb3, 0xf9, 0xfc, 0x09, 0x8a, 0x2f, 0x94,
    0xff, 0xff, 0x00, 0x00, 0x00, 0x00, 0x00, 0x00, 0x00, 0x00, 0x00, 0x00, 0x00, 0x00, 0x00, 0x00,
    0x00, 0x00, 0x00, 0x00, 0x00, 0x00, 0x00, 0x00, 0x00, 0x00, 0x00, 0x00, 0xff, 0xff, 0xff, 0xff,
    0xe6, 0x59, 0x35, 0xc5, 0x7a, 0xe6, 0x14, 0xcd, 0xbd, 0xfe, 0x39, 0xfd, 0xd6, 0xe4, 0xf2, 0xcb,
    0x8c, 0xa2, 0x0a, 0x92, 0x47, 0x62, 0xff, 0xff, 0xff, 0xff, 0x00, 0x00, 0x00, 0x00, 0x00, 0x00,
    0x00, 0x00, 0x00, 0x00, 0x00, 0x00, 0x00, 0x00, 0x00, 0x00, 0x00, 0x00, 0x00, 0x00, 0x00, 0x00,
    0x00, 0x00, 0x00, 0x00, 0x00, 0x00, 0xff, 0xff, 0x3b, 0xef, 0x27, 0x62, 0x68, 0x6a, 0xe6, 0x61,
    0xcf, 0xab, 0x8f, 0xab, 0x45, 0x69, 0x44, 0x59, 0x88, 0x6a, 0x91, 0x9c, 0xbe, 0xff, 0xff, 0xff,
    0x00, 0x00, 0x00, 0x00, 0x00, 0x00, 0x00, 0x00, 0x00, 0x00, 0x00, 0x00, 0x00, 0x00, 0x00, 0x00,
    0x00, 0x00, 0x00, 0x00, 0x00, 0x00, 0x00, 0x00, 0x00, 0x00, 0x00, 0x00, 0x00, 0x00, 0x00, 0x00,
    0xff, 0xff, 0xff, 0xff, 0x58, 0xd6, 0xd1, 0xac, 0x0e, 0x94, 0x0e, 0x94, 0xf2, 0xac, 0x99, 0xd6,
    0xff, 0xff, 0xff, 0xff, 0xff, 0xff, 0x00, 0x00, 0x00, 0x00, 0x00, 0x00, 0x00, 0x00, 0x00, 0x00,
    0x00, 0x00, 0x00, 0x00, 0x00, 0x00, 0x00, 0x00, 0x00, 0x00, 0x00, 0x00, 0x00, 0x00, 0x00, 0x00,
    0x00, 0x00, 0x00, 0x00, 0x00, 0x00, 0x00, 0x00, 0x00, 0x00, 0x00, 0x00, 0xff, 0xff, 0xff, 0xff,
    0xff, 0xff, 0xff, 0xff, 0xff, 0xff, 0xff, 0xff, 0x00, 0x00, 0x00, 0x00, 0x00, 0x00, 0x00, 0x00,
    0x00, 0x00, 0x00, 0x00, 0x00, 0x00, 0x00, 0x00, 0x00, 0x00, 0x00, 0x00, 0x00, 0x00, 0x00, 0x00,
    0x00, 0x00, 0x00, 0x00, 0x00, 0x00, 0x00, 0x00, 0x00, 0x00, 0x00, 0x00, 0x00, 0x00, 0x00, 0x00,
    0x00, 0x00, 0x00, 0x00, 0x00, 0x00, 0x00, 0x00, 0x00, 0x00, 0x00, 0x00, 0x00, 0x00, 0x00, 0x00,
    0x00, 0x00, 0x00, 0x00, 0x00, 0x00, 0x00, 0x00, 0x00, 0x45, 0x3f, 0x00, 0x00, 0x00, 0x00, 0x00,
    0x00, 0x00, 0x00, 0x00, 0x00, 0x00, 0x00, 0x00, 0x00, 0x00, 0x00, 0x00, 0x00, 0x00, 0x00, 0x00,
    0x00, 0x00, 0x00, 0x00, 0xa3, 0xff, 0xff, 0x7d, 0x00, 0x00, 0x00, 0x00, 0x00, 0x00, 0x00, 0x00,
    0x00, 0x00, 0x00, 0x00, 0x00, 0x00, 0x00, 0x00, 0x00, 0x00, 0x00, 0x00, 0x00, 0x00, 0x00, 0xa8,
    0xff, 0xfa, 0xfb, 0xff, 0x53, 0x00, 0x00, 0x00, 0x00, 0x00, 0x00, 0x00, 0x00, 0x00, 0x00, 0x00,
    0x00, 0x00, 0x00, 0x00, 0x00, 0x00, 0x00, 0x00, 0x00, 0x00, 0xa4, 0xff, 0xfa, 0xff, 0xfe, 0xfc,
    0xf4, 0x38, 0x00, 0x00, 0x00, 0x00, 0x00, 0x00, 0x00, 0x00, 0x00, 0x00, 0x00, 0x00, 0x00, 0x00,
    0x00, 0x00, 0x00, 0x00, 0x00, 0xa2, 0xff, 0xfa, 0xff, 0xff, 0xff, 0xfd, 0xff, 0xe7, 0x1b, 0x00,
    0x00, 0x00, 0x00, 0x00, 0x00, 0x00, 0x00, 0x00, 0x00, 0x00, 0x00, 0x00, 0x00, 0x00, 0x00, 0x00,
    0xa6, 0xff, 0xfa, 0xff, 0xff, 0xff, 0xff, 0xff, 0xfc, 0xff, 0xc7, 0x00, 0x00, 0x00, 0x00, 0x00,
    0x00, 0x00, 0x00, 0x00, 0x00, 0x00, 0x00, 0x00, 0x00, 0x00, 0x00, 0x58, 0xff, 0xfa, 0xff, 0xff,
    0xff, 0xff, 0xff, 0xff, 0xff, 0xfb, 0xff, 0xaa, 0x00, 0x00, 0x00, 0x00, 0x00, 0x00, 0x00, 0x00,
    0x00, 0x00, 0x00, 0x00, 0x00, 0x00, 0x00, 0x70, 0xfd, 0xfb, 0xff, 0xff, 0xff, 0xff, 0xff, 0xff,
    0xff, 0xfe, 0xfc, 0xff, 0x2d, 0x00, 0x00, 0x00, 0x00, 0x00, 0x00, 0x00, 0x00, 0x00, 0x00, 0x00,
    0x00, 0x00, 0x00, 0x56, 0xff, 0xfc, 0xff, 0xff, 0xff, 0xff, 0xff, 0xff, 0xff, 0xfe, 0xff, 0xf9,
    0x19, 0x00, 0x00, 0x00, 0x00, 0x00, 0x00, 0x00, 0x00, 0x00, 0x00, 0x00, 0x00, 0x00, 0x00, 0x41,
    0xff, 0xfc, 0xff, 0xff, 0xff, 0xff, 0xff, 0xff, 0xff, 0xfe, 0xff, 0xe4, 0x33, 0x87, 0x8a, 0x19,
    0x00, 0x00, 0x00, 0x00, 0x00, 0x00, 0x00, 0x00, 0x71, 0xc8, 0x8b, 0x62, 0xfe, 0xfe, 0xff, 0xff,
    0xff, 0xff, 0xff, 0xff, 0xff, 0xff, 0xff, 0xf9, 0xfd, 0xff, 0xff, 0xb1, 0x00, 0x00, 0x00, 0x00,
    0x00, 0x00, 0x00, 0x2d, 0xf3, 0xff, 0xff, 0xff, 0xfe, 0xff, 0xff, 0xff, 0xff, 0xff, 0xff, 0xff,
    0xff, 0xff, 0xff, 0xff, 0xff, 0xfa, 0xfb, 0xea, 0x00, 0x00, 0x00, 0x00, 0x00, 0x00, 0x00, 0x1e,
    0x9e, 0xfa, 0xf9, 0xfe, 0xff, 0xff, 0xff, 0xff, 0xff, 0xff, 0xff, 0xff, 0xff, 0xff, 0xff, 0xff,
    0xfe, 0xff, 0xfe, 0xfd, 0x2c, 0x00, 0x00, 0x00, 0x00, 0x00, 0x00, 0x1d, 0xcc, 0xfe, 0xfd, 0xff,
    0xff, 0xff, 0xff, 0xff, 0xff, 0xff, 0xff, 0xff, 0xff, 0xff, 0xff, 0xff, 0xff, 0xff, 0xfc, 0xff,
    0x5e, 0x00, 0x00, 0x00, 0x00, 0x00, 0x00, 0x66, 0xc9, 0xff, 0xfc, 0xff, 0xff, 0xff, 0xff, 0xff,
    0xff, 0xff, 0xff, 0xff, 0xff, 0xff, 0xff, 0xff, 0xff, 0xff, 0xfb, 0xff, 0x8f, 0x00, 0x00, 0x00,
    0x00, 0x00, 0x00, 0xbe, 0xff, 0xfe, 0xff, 0xff, 0xff, 0xff, 0xff, 0xff, 0xff, 0xff, 0xff, 0xff,
    0xff, 0xff, 0xff, 0xff, 0xff, 0xff, 0xfc, 0xff, 0xc5, 0x00, 0x00, 0x00, 0x00, 0x00, 0x00, 0xe0,
    0xfe, 0xfd, 0xff, 0xff, 0xff, 0xff, 0xff, 0xff, 0xff, 0xff, 0xff, 0xff, 0xff, 0xff, 0xff, 0xff,
    0xff, 0xff, 0xfc, 0xfe, 0xd3, 0x00, 0x00, 0x00, 0x00, 0x00, 0x00, 0xca, 0xff, 0xfc, 0xff, 0xff,
    0xff, 0xff, 0xff, 0xff, 0xff, 0xff, 0xff, 0xff, 0xff, 0xff, 0xff, 0xff, 0xff, 0xff, 0xfb, 0xff,
    0x5a, 0x00, 0x00, 0x00, 0x00, 0x00, 0x00, 0x40, 0xff, 0xfc, 0xff, 0xff, 0xff, 0xff, 0xff, 0xff,
    0xff, 0xff, 0xff, 0xff, 0xff, 0xff, 0xff, 0xff, 0xff, 0xfc, 0xff, 0xa0, 0x00, 0x00, 0x00, 0x00,
    0x00, 0x00, 0x00, 0x00, 0x91, 0xff, 0xfc, 0xff, 0xff, 0xff, 0xff, 0xff, 0xff, 0xff, 0xff, 0xff,
    0xff, 0xff, 0xff, 0xff, 0xfc, 0xff, 0xd3, 0x00, 0x00, 0x00, 0x00, 0x00, 0x00, 0x00, 0x00, 0x00,
    0x00, 0xe1, 0xfe, 0xfd, 0xff, 0xff, 0xff, 0xff, 0xff, 0xff, 0xff, 0xff, 0xff, 0xff, 0xff, 0xfe,
    0xfc, 0xfc, 0x30, 0x00, 0x00, 0x00, 0x00, 0x00, 0x00, 0x00, 0x00, 0x00, 0x00, 0x4f, 0xff, 0xfc,
    0xff, 0xff, 0xff, 0xff, 0xff, 0xff, 0xff, 0xff, 0xff, 0xff, 0xff, 0xfb, 0xff, 0x75, 0x00, 0x00,
    0x00, 0x00, 0x00, 0x00, 0x00, 0x00, 0x00, 0x00, 0x00, 0x00, 0xaf, 0xff, 0xfc, 0xff, 0xff, 0xff,
    0xff, 0xff, 0xff, 0xff, 0xff, 0xff, 0xfc, 0xff, 0xb6, 0x00, 0x00, 0x00, 0x00, 0x00, 0x00, 0x00,
    0x00, 0x00, 0x00, 0x00, 0x00, 0x00, 0x1d, 0xf2, 0xfb, 0xfc, 0xff, 0xff, 0xff, 0xff, 0xff, 0xff,
    0xfd, 0xfa, 0xfd, 0xef, 0x1c, 0x00, 0x00, 0x00, 0x00, 0x00, 0x00, 0x00, 0x00, 0x00, 0x00, 0x00,
    0x00, 0x00, 0x00, 0x6e, 0xff, 0xff, 0xff, 0xfc, 0xfc, 0xfc, 0xfc, 0xff, 0xff, 0xff, 0xff, 0x56,
    0x00, 0x00, 0x00, 0x00, 0x00, 0x00, 0x00, 0x00, 0x00, 0x00, 0x00, 0x00, 0x00, 0x00, 0x00, 0x00,
    0x84, 0xd7, 0xff, 0xff, 0xff, 0xff, 0xff, 0xff, 0xd4, 0x8d, 0x40, 0x00, 0x00, 0x00, 0x00, 0x00,
    0x00, 0x00, 0x00, 0x00, 0x00, 0x00, 0x00, 0x00, 0x00, 0x00, 0x00, 0x00, 0x00, 0x00, 0x44, 0x8d,
    0x99, 0x99, 0x8a, 0x3e, 0x00, 0x00, 0x00, 0x00, 0x00, 0x00, 0x00, 0x00, 0x00, 0x00, 0x00, 0x00,
};

static const LV_ATTRIBUTE_MEM_ALIGN uint8_t app_tama_souv_bell_map[] = {
    0x00, 0x00, 0x00, 0x00, 0x00, 0x00, 0x00, 0x00, 0x00, 0x00, 0x00, 0x00, 0x00, 0x00, 0x00, 0x00,
    0x00, 0x00, 0x00, 0x00, 0x00, 0x00, 0x00, 0x00, 0x00, 0x00, 0x00, 0x00, 0x00, 0x00, 0x00, 0x00,
    0x00, 0x00, 0x00, 0x00, 0x00, 0x00, 0x00, 0x00, 0x00, 0x00, 0x00, 0x00, 0x00, 0x00, 0x00, 0x00,
    0x00, 0x00, 0x00, 0x00, 0x00, 0x00, 0x00, 0x00, 0x00, 0x00, 0x00, 0x00, 0x00, 0x00, 0x00, 0x00,
    0x00, 0x00, 0x00, 0x00, 0x00, 0x00, 0x00, 0x00, 0x00, 0x00, 0x00, 0x00, 0x00, 0x00, 0x00, 0x00,
    0x00, 0x00, 0x00, 0x00, 0x00, 0x00, 0x00, 0x00, 0x00, 0x00, 0x00, 0x00, 0x00, 0x00, 0x00, 0x00,
    0x00, 0x00, 0x00, 0x00, 0x00, 0x00, 0x00, 0x00, 0x00, 0x00, 0x00, 0x00, 0x00, 0x00, 0x00, 0x00,
    0x00, 0x00, 0x00, 0x00, 0x00, 0x00, 0x00, 0x00, 0x00, 0x00, 0x00, 0x00, 0x00, 0x00, 0x00, 0x00,
    0x00, 0x00, 0x00, 0x00, 0x00, 0x00, 0x00, 0x00, 0x00, 0x00, 0x00, 0x00, 0x00, 0x00, 0x00, 0x00,
    0x00, 0x00, 0x00, 0x00, 0x00, 0x00, 0x00, 0x00, 0x00, 0x00, 0x00, 0x00, 0x00, 0x00, 0x00, 0x00,
    0x00, 0x00, 0x00, 0x00, 0x00, 0x00, 0x00, 0x00, 0x00, 0x00, 0x00, 0x00, 0x00, 0x00, 0x00, 0x00,
    0x00, 0x00, 0x00, 0x00, 0x00, 0x00, 0x00, 0x00, 0x85, 0x51, 0x85, 0x69, 0x24, 0x39, 0x00, 0x00,
    0x00, 0x00, 0x00, 0x00, 0x00, 0x00, 0x00, 0x00, 0x64, 0x41, 0x85, 0x71, 0x64, 0x61, 0xa5, 0x31,
    0x00, 0x00, 0x00, 0x00, 0x00, 0x00, 0x00, 0x00, 0x00, 0x00, 0x00, 0x00, 0x00, 0x00, 0x00, 0x00,
    0x00, 0x00, 0x00, 0x00, 0x00, 0x00, 0x00, 0x00, 0x00, 0x00, 0x00, 0x00, 0x00, 0x00, 0xe3, 0x18,
    0xea, 0xb2, 0x2a, 0xfb, 0x47, 0xca, 0xa5, 0x71, 0x85, 0x39, 0x44, 0x39, 0x65, 0x31, 0x85, 0x61,
    0x67, 0xca, 0xe9, 0xfa, 0x06, 0xd2, 0x24, 0x49, 0x00, 0x00, 0x00, 0x00, 0x00, 0x00, 0x00, 0x00,
    0x00, 0x00, 0x00, 0x00, 0x00, 0x00, 0x00, 0x00, 0x00, 0x00, 0x00, 0x00, 0x00, 0x00, 0x00, 0x00,
    0x00, 0x00, 0x00, 0x00, 0x00, 0x00, 0x64, 0x41, 0x88, 0xa2, 0x47, 0xc2, 0x88, 0xe2, 0x46, 0xd2,
    0xc5, 0x79, 0xe9, 0xe2, 0x64, 0x81, 0xe5, 0xa9, 0x87, 0xe2, 0x47, 0xba, 0xc5, 0xa1, 0x23, 0x51,
    0x00, 0x00, 0x00, 0x00, 0x00, 0x00, 0x00, 0x00, 0x00, 0x00, 0x00, 0x00, 0x00, 0x00, 0x00, 0x00,
    0x00, 0x00, 0x00, 0x00, 0x00, 0x00, 0x00, 0x00, 0x00, 0x00, 0x00, 0x00, 0x00, 0x00, 0x85, 0x41,
    0x23, 0x69, 0x44, 0x89, 0x03, 0x69, 0xc3, 0x58, 0x24, 0x61, 0x27, 0xba, 0x03, 0x79, 0xe3, 0x48,
    0x03, 0x61, 0x23, 0x79, 0x44, 0x79, 0x24, 0x41, 0x00, 0x00, 0x00, 0x00, 0x00, 0x00, 0x00, 0x00,
    0x00, 0x00, 0x00, 0x00, 0x00, 0x00, 0x00, 0x00, 0x00, 0x00, 0x00, 0x00, 0x00, 0x00, 0x00, 0x00,
    0x00, 0x00, 0x00, 0x00, 0x00, 0x00, 0x00, 0x00, 0x65, 0x49, 0x03, 0x51, 0xe4, 0x71, 0x87, 0x93,
    0x89, 0xb4, 0xca, 0xbc, 0x48, 0xb4, 0x45, 0x9b, 0x64, 0x7a, 0x64, 0x51, 0x45, 0x41, 0x00, 0x00,
    0x00, 0x00, 0x00, 0x00, 0x00, 0x00, 0x00, 0x00, 0x00, 0x00, 0x00, 0x00, 0x00, 0x00, 0x00, 0x00,
    0x00, 0x00, 0x00, 0x00, 0x00, 0x00, 0x00, 0x00, 0x00, 0x00, 0x00, 0x00, 0x00, 0x00, 0x03, 0x10,
    0xc4, 0x59, 0xca, 0xbc, 0x8f, 0xf6, 0x54, 0xff, 0xcf, 0xfe, 0x8d, 0xfe, 0x6d, 0xfe, 0xeb, 0xf5,
    0x07, 0xdd, 0x87, 0xcc, 0xc5, 0x82, 0xe4, 0x30, 0x00, 0x00, 0x00, 0x00, 0x00, 0x00, 0x00, 0x00,
    0x00, 0x00, 0x00, 0x00, 0x00, 0x00, 0x00, 0x00, 0x00, 0x00, 0x00, 0x00, 0x00, 0x00, 0x00, 0x00,
    0x00, 0x00, 0x00, 0x00, 0x46, 0x10, 0x05, 0x62, 0x0d, 0xee, 0xb9, 0xff, 0x16, 0xff, 0x2d, 0xf6,
    0x2d, 0xf6, 0x2d, 0xf6, 0x2d, 0xf6, 0x4d, 0xf6, 0xcb, 0xed, 0x87, 0xd4, 0x07, 0xe5, 0x26, 0x93,
    0x04, 0x31, 0x00, 0x00, 0x00, 0x00, 0x00, 0x00, 0x00, 0x00, 0x00, 0x00, 0x00, 0x00, 0x00, 0x00,
    0x00, 0x00, 0x00, 0x00, 0x00, 0x00, 0x00, 0x00, 0x00, 0x00, 0x00, 0x00, 0x84, 0x49, 0xab, 0xe5,
    0xb9, 0xff, 0x16, 0xf7, 0x2c, 0xf6, 0x2d, 0xf6, 0x4d, 0xf6, 0x2d, 0xf6, 0x2d, 0xf6, 0x2d, 0xf6,
    0x6d, 0xfe, 0x8a, 0xed, 0x46, 0xcc, 0x07, 0xed, 0xa5, 0x82, 0xa5, 0x20, 0x00, 0x00, 0x00, 0x00,
    0x00, 0x00, 0x00, 0x00, 0x00, 0x00, 0x00, 0x00, 0x00, 0x00, 0x00, 0x00, 0x00, 0x00, 0x00, 0x00,
    0x00, 0x00, 0x84, 0x20, 0xc7, 0xa3, 0x33, 0xff, 0x38, 0xf7, 0x2c, 0xf6, 0x2d, 0xf6, 0x2d, 0xf6,
    0x2d, 0xf6, 0x2d, 0xf6, 0x2d, 0xf6, 0x2d, 0xf6, 0x2d, 0xf6, 0x2d, 0xf6, 0xc7, 0xd4, 0x66, 0xd4,
    0xa7, 0xd4, 0xa5, 0x51, 0x00, 0x00, 0x00, 0x00, 0x00, 0x00, 0x00, 0x00, 0x00, 0x00, 0x00, 0x00,
    0x00, 0x00, 0x00, 0x00, 0x00, 0x00, 0x00, 0x00, 0x00, 0x00, 0xc5, 0x51, 0x0c, 0xee, 0x32, 0xff,
    0x8f, 0xfe, 0x6d, 0xfe, 0x6d, 0xfe, 0x6d, 0xfe, 0x6d, 0xfe, 0x6d, 0xfe, 0x6d, 0xfe, 0x6d, 0xfe,
    0x6d, 0xfe, 0x8d, 0xfe, 0x69, 0xed, 0x66, 0xd4, 0x07, 0xed, 0xe5, 0x8a, 0x45, 0x10, 0x00, 0x00,
    0x00, 0x00, 0x00, 0x00, 0x00, 0x00, 0x00, 0x00, 0x00, 0x00, 0x00, 0x00, 0x00, 0x00, 0x00, 0x00,
    0x05, 0x00, 0xe5, 0x59, 0x8c, 0xdd, 0xaf, 0xd5, 0x4b, 0xd5, 0x4b, 0xd5, 0x4b, 0xd5, 0x4b, 0xd5,
    0x4b, 0xd5, 0x4b, 0xd5, 0x4b, 0xd5, 0x4b, 0xd5, 0x4b, 0xd5, 0x6b, 0xdd, 0xc9, 0xcc, 0xa5, 0xb3,
    0x26, 0xc4, 0x25, 0x93, 0x64, 0x18, 0x00, 0x00, 0x00, 0x00, 0x00, 0x00, 0x00, 0x00, 0x00, 0x00,
    0x00, 0x00, 0x00, 0x00, 0x00, 0x00, 0x46, 0x39, 0x66, 0x6a, 0xc9, 0x9b, 0x68, 0x8b, 0x67, 0x93,
    0x68, 0x93, 0x67, 0x93, 0x68, 0x93, 0x68, 0x93, 0x68, 0x93, 0x68, 0x93, 0x67, 0x93, 0x67, 0x93,
    0x68, 0x93, 0x47, 0x93, 0x26, 0x8b, 0xe5, 0x8a, 0xe5, 0x8a, 0x05, 0x8b, 0xc5, 0x8a, 0x85, 0x51,
    0x00, 0x00, 0x00, 0x00, 0x00, 0x00, 0x00, 0x00, 0x00, 0x00, 0x00, 0x00, 0x00, 0x00, 0x86, 0x41,
    0x06, 0x5a, 0xc6, 0x7a, 0x26, 0x93, 0x06, 0x8b, 0x26, 0x8b, 0x26, 0x8b, 0x26, 0x8b, 0x26, 0x8b,
    0x06, 0x8b, 0x26, 0x93, 0x26, 0x93, 0x06, 0x8b, 0x06, 0x8b, 0x05, 0x8b, 0xe5, 0x8a, 0xc4, 0x8a,
    0xc4, 0x8a, 0xc5, 0x82, 0x04, 0x6a, 0xa5, 0x51, 0x00, 0x00, 0x00, 0x00, 0x00, 0x00, 0x00, 0x00,
    0x00, 0x00, 0x00, 0x00, 0x00, 0x00, 0x00, 0x00, 0x00, 0x00, 0x24, 0x6a, 0xca, 0xf5, 0xaa, 0xed,
    0x8a, 0xed, 0xaa, 0xed, 0x8a, 0xed, 0x8a, 0xed, 0xca, 0xf5, 0x29, 0xdd, 0x8a, 0xed, 0xaa, 0xed,
    0x8a, 0xed, 0xaa, 0xed, 0x08, 0xdd, 0x46, 0xcc, 0x86, 0xdc, 0xa6, 0xab, 0x44, 0x18, 0x00, 0x00,
    0x00, 0x00, 0x00, 0x00, 0x00, 0x00, 0x00, 0x00, 0x00, 0x00, 0x00, 0x00, 0x00, 0x00, 0x00, 0x00,
    0x00, 0x00, 0xa5, 0x51, 0x0d, 0xee, 0x98, 0xff, 0x6e, 0xf6, 0x4d, 0xf6, 0x4d, 0xf6, 0x6d, 0xfe,
    0xec, 0xed, 0x03, 0x31, 0xc8, 0x9b, 0xae, 0xfe, 0x4d, 0xf6, 0x6d, 0xfe, 0x08, 0xdd, 0x46, 0xcc,
    0xc6, 0xdc, 0xe5, 0x8a, 0xa5, 0x18, 0x00, 0x00, 0x00, 0x00, 0x00, 0x00, 0x00, 0x00, 0x00, 0x00,
    0x00, 0x00, 0x00, 0x00, 0x00, 0x00, 0x00, 0x00, 0x00, 0x00, 0xa4, 0x20, 0xe7, 0xab, 0x96, 0xff,
    0xf5, 0xf6, 0x0b, 0xf6, 0x4d, 0xf6, 0x2d, 0xf6, 0x84, 0x49, 0x21, 0x18, 0x21, 0x18, 0x69, 0xb4,
    0xae, 0xfe, 0xab, 0xed, 0x66, 0xd4, 0x66, 0xd4, 0x87, 0xd4, 0xa4, 0x51, 0x00, 0x00, 0x00, 0x00,
    0x00, 0x00, 0x00, 0x00, 0x00, 0x00, 0x00, 0x00, 0x00, 0x00, 0x00, 0x00, 0x00, 0x00, 0x00, 0x00,
    0x00, 0x00, 0x00, 0x00, 0xa4, 0x51, 0xcc, 0xe5, 0xda, 0xff, 0x91, 0xf6, 0x2c, 0xf6, 0x4d, 0xfe,
    0x0a, 0xcd, 0xc2, 0x30, 0xe6, 0x7a, 0x2d, 0xee, 0x2c, 0xf6, 0xa7, 0xd4, 0x46, 0xcc, 0xe6, 0xe4,
    0xc5, 0x82, 0x64, 0x18, 0x00, 0x00, 0x00, 0x00, 0x00, 0x00, 0x00, 0x00, 0x00, 0x00, 0x00, 0x00,
    0x00, 0x00, 0x00, 0x00, 0x00, 0x00, 0x00, 0x00, 0x00, 0x00, 0x00, 0x00, 0x45, 0x18, 0x25, 0x6a,
    0x4e, 0xf6, 0xf0, 0xfe, 0x2c, 0xf6, 0x4d, 0xf6, 0xad, 0xfe, 0x43, 0x39, 0x89, 0xb4, 0x6d, 0xfe,
    0xa7, 0xd4, 0x66, 0xd4, 0xe7, 0xe4, 0x66, 0xa3, 0x04, 0x39, 0x00, 0x00, 0x00, 0x00, 0x00, 0x00,
    0x00, 0x00, 0x00, 0x00, 0x00, 0x00, 0x00, 0x00, 0x00, 0x00, 0x00, 0x00, 0x00, 0x00, 0x00, 0x00,
    0x00, 0x00, 0x00, 0x00, 0x00, 0x00, 0xc6, 0x28, 0x05, 0x62, 0x2a, 0xd5, 0x6d, 0xfe, 0x6d, 0xfe,
    0x4c, 0xfe, 0x43, 0x41, 0xa6, 0xa3, 0x07, 0xe5, 0xa6, 0xdc, 0xa7, 0xdc, 0xe5, 0x8a, 0x04, 0x39,
    0x00, 0x00, 0x00, 0x00, 0x00, 0x00, 0x00, 0x00, 0x00, 0x00, 0x00, 0x00, 0x00, 0x00, 0x00, 0x00,
    0x00, 0x00, 0x00, 0x00, 0x00, 0x00, 0x00, 0x00, 0x00, 0x00, 0x00, 0x00, 0x00, 0x00, 0x00, 0x00,
    0x06, 0x08, 0x24, 0x41, 0xc6, 0x7a, 0x07, 0xb4, 0x47, 0xc4, 0x65, 0x9b, 0xc5, 0xb3, 0x06, 0xbc,
    0x25, 0x93, 0xe5, 0x59, 0xa5, 0x20, 0x00, 0x00, 0x00, 0x00, 0x00, 0x00, 0x00, 0x00, 0x00, 0x00,
    0x00, 0x00, 0x00, 0x00, 0x00, 0x00, 0x00, 0x00, 0x00, 0x00, 0x00, 0x00, 0x00, 0x00, 0x00, 0x00,
    0x00, 0x00, 0x00, 0x00, 0x00, 0x00, 0x00, 0x00, 0x00, 0x00, 0x00, 0x00, 0x04, 0x08, 0x24, 0x41,
    0x05, 0x93, 0x05, 0x93, 0x25, 0x9b, 0xc4, 0x59, 0x44, 0x18, 0x00, 0x00, 0x00, 0x00, 0x00, 0x00,
    0x00, 0x00, 0x00, 0x00, 0x00, 0x00, 0x00, 0x00, 0x00, 0x00, 0x00, 0x00, 0x00, 0x00, 0x00, 0x00,
    0x00, 0x00, 0x00, 0x00, 0x00, 0x00, 0x00, 0x00, 0x00, 0x00, 0x00, 0x00, 0x00, 0x00, 0x00, 0x00,
    0x00, 0x00, 0x00, 0x00, 0x00, 0x00, 0x65, 0x41, 0xaa, 0xc4, 0x6c, 0xfe, 0x08, 0xe5, 0x04, 0x62,
    0x00, 0x00, 0x00, 0x00, 0x00, 0x00, 0x00, 0x00, 0x00, 0x00, 0x00, 0x00, 0x00, 0x00, 0x00, 0x00,
    0x00, 0x00, 0x00, 0x00, 0x00, 0x00, 0x00, 0x00, 0x00, 0x00, 0x00, 0x00, 0x00, 0x00, 0x00, 0x00,
    0x00, 0x00, 0x00, 0x00, 0x00, 0x00, 0x00, 0x00, 0x00, 0x00, 0x00, 0x00, 0x00, 0x00, 0x00, 0x00,
    0x45, 0x41, 0x66, 0x6a, 0xa4, 0x51, 0xe6, 0x28, 0x00, 0x00, 0x00, 0x00, 0x00, 0x00, 0x00, 0x00,
    0x00, 0x00, 0x00, 0x00, 0x00, 0x00, 0x00, 0x00, 0x00, 0x00, 0x00, 0x00, 0x00, 0x00, 0x00, 0x00,
    0x00, 0x00, 0x00, 0x00, 0x00, 0x00, 0x00, 0x00, 0x00, 0x00, 0x00, 0x00, 0x00, 0x00, 0x00, 0x00,
    0x00, 0x00, 0x00, 0x00, 0x00, 0x00, 0x00, 0x00, 0x00, 0x00, 0x00, 0x00, 0x00, 0x00, 0x00, 0x00,
    0x00, 0x00, 0x00, 0x00, 0x00, 0x00, 0x00, 0x00, 0x00, 0x00, 0x00, 0x00, 0x00, 0x00, 0x00, 0x00,
    0x00, 0x00, 0x00, 0x00, 0x00, 0x00, 0x00, 0x00, 0x00, 0x00, 0x00, 0x00, 0x00, 0x00, 0x00, 0x00,
    0x00, 0x00, 0x00, 0x00, 0x00, 0x00, 0x00, 0x00, 0x00, 0x00, 0x00, 0x00, 0x00, 0x00, 0x00, 0x00,
    0x00, 0x00, 0x00, 0x00, 0x00, 0x00, 0x00, 0x00, 0x00, 0x00, 0x00, 0x00, 0x00, 0x00, 0x00, 0x00,
    0x00, 0x00, 0x00, 0x00, 0x00, 0x00, 0x00, 0x00, 0x00, 0x00, 0x00, 0x00, 0x00, 0x00, 0x00, 0x00,
    0x00, 0x00, 0x00, 0x00, 0x00, 0x00, 0x00, 0x00, 0x00, 0x00, 0x00, 0x00, 0x00, 0x00, 0x00, 0x00,
    0x00, 0x00, 0x00, 0x00, 0x00, 0x00, 0x00, 0x00, 0x00, 0x00, 0x00, 0x00, 0x00, 0x00, 0x00, 0x00,
    0x00, 0x00, 0x00, 0x00, 0x00, 0x00, 0x00, 0x00, 0x00, 0x00, 0x00, 0x00, 0x00, 0x00, 0x00, 0x00,
    0x00, 0x00, 0x00, 0x00, 0x00, 0x00, 0x00, 0x00, 0x00, 0x00, 0x00, 0x00, 0x00, 0x00, 0x00, 0x00,
    0x00, 0x00, 0x00, 0x00, 0x00, 0x00, 0x00, 0x00, 0x00, 0x00, 0x00, 0x00, 0x00, 0x00, 0x00, 0x00,
    0x00, 0x00, 0x00, 0x00, 0x00, 0x00, 0x00, 0x00, 0x00, 0x00, 0x00, 0x00, 0x9f, 0xc0, 0x6e, 0x00,
    0x00, 0x00, 0x00, 0x00, 0x7b, 0xd5, 0xd4, 0x26, 0x00, 0x00, 0x00, 0x00, 0x00, 0x00, 0x00, 0x00,
    0x00, 0x00, 0x00, 0x00, 0x00, 0x00, 0x00, 0x34, 0xff, 0xff, 0xff, 0xdb, 0x60, 0x71, 0x58, 0xc4,
    0xff, 0xff, 0xff, 0x8f, 0x00, 0x00, 0x00, 0x00, 0x00, 0x00, 0x00, 0x00, 0x00, 0x00, 0x00, 0x00,
    0x00, 0x00, 0x00, 0x6e, 0xfb, 0xf8, 0xfc, 0xff, 0xff, 0xff, 0xff, 0xff, 0xfc, 0xfa, 0xfb, 0xc9,
    0x00, 0x00, 0x00, 0x00, 0x00, 0x00, 0x00, 0x00, 0x00, 0x00, 0x00, 0x00, 0x00, 0x00, 0x00, 0x62,
    0xff, 0xfd, 0xff, 0xfd, 0xfc, 0xfb, 0xfc, 0xfd, 0xff, 0xfc, 0xff, 0xb4, 0x00, 0x00, 0x00, 0x00,
    0x00, 0x00, 0x00, 0x00, 0x00, 0x00, 0x00, 0x00, 0x00, 0x00, 0x00, 0x00, 0x64, 0xf2, 0xfd, 0xfe,
    0xff, 0xff, 0xff, 0xff, 0xfd, 0xfd, 0x90, 0x00, 0x00, 0x00, 0x00, 0x00, 0x00, 0x00, 0x00, 0x00,
    0x00, 0x00, 0x00, 0x00, 0x00, 0x00, 0x00, 0x21, 0xb9, 0xfb, 0xfe, 0xff, 0xff, 0xff, 0xff, 0xff,
    0xfe, 0xfd, 0xe3, 0x64, 0x00, 0x00, 0x00, 0x00, 0x00, 0x00, 0x00, 0x00, 0x00, 0x00, 0x00, 0x00,
    0x00, 0x00, 0x1a, 0xdf, 0xff, 0xfe, 0xff, 0xff, 0xff, 0xff, 0xff, 0xff, 0xff, 0xff, 0xff, 0xff,
    0x6a, 0x00, 0x00, 0x00, 0x00, 0x00, 0x00, 0x00, 0x00, 0x00, 0x00, 0x00, 0x00, 0x00, 0xb6, 0xff,
    0xfa, 0xff, 0xff, 0xff, 0xff, 0xff, 0xff, 0xff, 0xff, 0xff, 0xfd, 0xfc, 0xfc, 0x2f, 0x00, 0x00,
    0x00, 0x00, 0x00, 0x00, 0x00, 0x00, 0x00, 0x00, 0x00, 0x42, 0xff, 0xfb, 0xff, 0xff, 0xff, 0xff,
    0xff, 0xff, 0xff, 0xff, 0xff, 0xff, 0xff, 0xfb, 0xff, 0xb2, 0x00, 0x00, 0x00, 0x00, 0x00, 0x00,
    0x00, 0x00, 0x00, 0x00, 0x00, 0xa1, 0xfe, 0xfb, 0xff, 0xff, 0xff, 0xff, 0xff, 0xff, 0xff, 0xff,
    0xff, 0xff, 0xff, 0xfe, 0xfe, 0xf6, 0x16, 0x00, 0x00, 0x00, 0x00, 0x00, 0x00, 0x00, 0x00, 0x00,
    0x13, 0xdb, 0xfe, 0xfd, 0xff, 0xff, 0xff, 0xff, 0xff, 0xff, 0xff, 0xff, 0xff, 0xff, 0xff, 0xff,
    0xfc, 0xff, 0x63, 0x00, 0x00, 0x00, 0x00, 0x00, 0x00, 0x00, 0x00, 0x25, 0xf9, 0xff, 0xfe, 0xff,
    0xff, 0xff, 0xff, 0xff, 0xff, 0xff, 0xff, 0xff, 0xff, 0xff, 0xff, 0xff, 0xff, 0xfb, 0xff, 0x86,
    0x00, 0x00, 0x00, 0x00, 0x00, 0x00, 0x00, 0x19, 0xb9, 0xfb, 0xfe, 0xff, 0xff, 0xff, 0xff, 0xff,
    0xff, 0xff, 0xff, 0xff, 0xff, 0xff, 0xff, 0xff, 0xfe, 0xfc, 0xda, 0x5e, 0x00, 0x00, 0x00, 0x00,
    0x00, 0x00, 0x00, 0x00, 0x00, 0xdc, 0xff, 0xfd, 0xff, 0xff, 0xff, 0xff, 0xff, 0xff, 0xff, 0xff,
    0xff, 0xff, 0xff, 0xff, 0xfc, 0xff, 0x51, 0x00, 0x00, 0x00, 0x00, 0x00, 0x00, 0x00, 0x00, 0x00,
    0x00, 0xa9, 0xfe, 0xfb, 0xff, 0xff, 0xff, 0xff, 0xff, 0xff, 0xff, 0xff, 0xff, 0xff, 0xff, 0xff,
    0xfe, 0xfa, 0x21, 0x00, 0x00, 0x00, 0x00, 0x00, 0x00, 0x00, 0x00, 0x00, 0x00, 0x49, 0xff, 0xfb,
    0xff, 0xff, 0xff, 0xff, 0xff, 0xff, 0xff, 0xff, 0xff, 0xff, 0xff, 0xfb, 0xff, 0xb3, 0x00, 0x00,
    0x00, 0x00, 0x00, 0x00, 0x00, 0x00, 0x00, 0x00, 0x00, 0x00, 0xbf, 0xff, 0xfa, 0xff, 0xff, 0xff,
    0xff, 0xff, 0xff, 0xff, 0xff, 0xff, 0xfe, 0xfc, 0xfe, 0x30, 0x00, 0x00, 0x00, 0x00, 0x00, 0x00,
    0x00, 0x00, 0x00, 0x00, 0x00, 0x00, 0x1f, 0xe7, 0xff, 0xfa, 0xfe, 0xff, 0xff, 0xff, 0xff, 0xff,
    0xff, 0xfc, 0xfc, 0xff, 0x70, 0x00, 0x00, 0x00, 0x00, 0x00, 0x00, 0x00, 0x00, 0x00, 0x00, 0x00,
    0x00, 0x00, 0x00, 0x2f, 0xdb, 0xff, 0xff, 0xfe, 0xff, 0xff, 0xff, 0xff, 0xfe, 0xff, 0xff, 0x75,
    0x00, 0x00, 0x00, 0x00, 0x00, 0x00, 0x00, 0x00, 0x00, 0x00, 0x00, 0x00, 0x00, 0x00, 0x00, 0x00,
    0x13, 0x94, 0xf3, 0xff, 0xfe, 0xff, 0xff, 0xfe, 0xff, 0xc3, 0x40, 0x00, 0x00, 0x00, 0x00, 0x00,
    0x00, 0x00, 0x00, 0x00, 0x00, 0x00, 0x00, 0x00, 0x00, 0x00, 0x00, 0x00, 0x00, 0x00, 0x1f, 0xbb,
    0xfb, 0xf8, 0xfb, 0xf4, 0x42, 0x00, 0x00, 0x00, 0x00, 0x00, 0x00, 0x00, 0x00, 0x00, 0x00, 0x00,
    0x00, 0x00, 0x00, 0x00, 0x00, 0x00, 0x00, 0x00, 0x00, 0x00, 0x00, 0x67, 0xff, 0xff, 0xff, 0xc6,
    0x00, 0x00, 0x00, 0x00, 0x00, 0x00, 0x00, 0x00, 0x00, 0x00, 0x00, 0x00, 0x00, 0x00, 0x00, 0x00,
    0x00, 0x00, 0x00, 0x00, 0x00, 0x00, 0x00, 0x00, 0x7c, 0xc4, 0xa1, 0x20, 0x00, 0x00, 0x00, 0x00,
    0x00, 0x00, 0x00, 0x00, 0x00, 0x00, 0x00, 0x00, 0x00, 0x00, 0x00, 0x00, 0x00, 0x00, 0x00, 0x00,
    0x00, 0x00, 0x00, 0x00, 0x00, 0x00, 0x00, 0x00, 0x00, 0x00, 0x00, 0x00, 0x00, 0x00, 0x00, 0x00,
    0x00, 0x00, 0x00, 0x00, 0x00, 0x00, 0x00, 0x00, 0x00, 0x00, 0x00, 0x00, 0x00, 0x00, 0x00, 0x00,
    0x00, 0x00, 0x00, 0x00, 0x00, 0x00, 0x00, 0x00, 0x00, 0x00, 0x00, 0x00, 0x00, 0x00, 0x00, 0x00,
};

static const LV_ATTRIBUTE_MEM_ALIGN uint8_t app_tama_souv_feather_map[] = {
    0x00, 0x00, 0xba, 0xe6, 0x00, 0x00, 0x00, 0x00, 0x00, 0x00, 0x00, 0x00, 0xda, 0xee, 0xd9, 0xe6,
    0xd9, 0xe6, 0xd9, 0xee, 0xda, 0xee, 0xd9, 0xe6, 0xf9, 0xe6, 0xf6, 0xd5, 0x32, 0xbd, 0x00, 0x00,
    0x77, 0xde, 0x3b, 0xf7, 0xda, 0xe6, 0x19, 0xef, 0xf9, 0xe6, 0xda, 0xee, 0x00, 0x00, 0x00, 0x00,
    0xf9, 0xe6, 0xd9, 0xe6, 0x00, 0x00, 0x00, 0x00, 0xf9, 0xee, 0xd9, 0xe6, 0xda, 0xe6, 0xf9, 0xe6,
    0xd9, 0xe6, 0xd9, 0xee, 0xd9, 0xe6, 0xd9, 0xee, 0xf9, 0xee, 0xd9, 0xe6, 0xfa, 0xee, 0xd9, 0xe6,
    0x57, 0xde, 0xff, 0xff, 0xff, 0xff, 0xff, 0xff, 0xfe, 0xff, 0xd4, 0xcd, 0xd9, 0xe6, 0xfa, 0xe6,
    0xd9, 0xee, 0xd9, 0xe6, 0xda, 0xe6, 0xd9, 0xe6, 0xf9, 0xee, 0xf9, 0xe6, 0xb9, 0xee, 0x3a, 0xf7,
    0xf9, 0xee, 0xd9, 0xe6, 0xd9, 0xee, 0xf9, 0xee, 0xd9, 0xe6, 0xd9, 0xee, 0xd9, 0xe6, 0xf9, 0xe6,
    0xd9, 0xe6, 0xd9, 0xe6, 0xb9, 0xe6, 0xfa, 0xee, 0xff, 0xff, 0xd6, 0xcd, 0x70, 0x9c, 0x91, 0xa4,
    0x17, 0xd6, 0xff, 0xff, 0xb9, 0xe6, 0xfa, 0xee, 0xd9, 0xee, 0xf9, 0xe6, 0xd9, 0xee, 0xf9, 0xe6,
    0xda, 0xe6, 0xd9, 0xee, 0xd9, 0xe6, 0xd9, 0xe6, 0xd9, 0xe6, 0xf9, 0xee, 0xd9, 0xe6, 0xf9, 0xe6,
    0xd9, 0xe6, 0xfa, 0xe6, 0xd9, 0xee, 0xf9, 0xe6, 0xf9, 0xe6, 0xb9, 0xe6, 0x3b, 0xf7, 0x9d, 0xf7,
    0x74, 0xbd, 0xa9, 0x32, 0x8d, 0x2b, 0x8d, 0x2b, 0x0a, 0x43, 0xf2, 0xac, 0xff, 0xff, 0x77, 0xde,
    0xfa, 0xe6, 0xd9, 0xee, 0xd9, 0xe6, 0xd9, 0xe6, 0xf9, 0xe6, 0xd9, 0xe6, 0xd9, 0xe6, 0xf9, 0xee,
    0xd9, 0xe6, 0xd9, 0xee, 0xb9, 0xe6, 0xd9, 0xe6, 0xf9, 0xe6, 0xf9, 0xee, 0xd9, 0xe6, 0xd9, 0xe6,
    0xda, 0xe6, 0xb8, 0xe6, 0xdf, 0xff, 0x8c, 0x83, 0xe6, 0x51, 0x0f, 0x34, 0x91, 0x34, 0xb1, 0x3c,
    0x74, 0x45, 0x2b, 0x3b, 0xb6, 0xc5, 0xff, 0xff, 0x78, 0xde, 0xd9, 0xe6, 0xd9, 0xee, 0xd9, 0xe6,
    0xd9, 0xe6, 0xd9, 0xe6, 0xfa, 0xee, 0xd9, 0xe6, 0xd9, 0xe6, 0xd9, 0xe6, 0xf9, 0xee, 0xf9, 0xee,
    0xf9, 0xee, 0xf9, 0xee, 0xf9, 0xee, 0xfa, 0xee, 0x98, 0xe6, 0xff, 0xff, 0x74, 0xbd, 0xc9, 0x32,
    0xa5, 0x39, 0xee, 0x33, 0xad, 0x33, 0x6c, 0x3b, 0xd6, 0x4d, 0xee, 0x43, 0x91, 0xac, 0xbe, 0xf7,
    0xb8, 0xe6, 0xd9, 0xe6, 0xd9, 0xee, 0xd9, 0xe6, 0xd9, 0xe6, 0xd9, 0xe6, 0xd9, 0xe6, 0xd9, 0xe6,
    0xf9, 0xee, 0xd9, 0xe6, 0xd9, 0xe6, 0xd9, 0xe6, 0xd9, 0xe6, 0xd9, 0xe6, 0xd9, 0xee, 0xd9, 0xe6,
    0x97, 0xde, 0xff, 0xff, 0xee, 0x83, 0x0f, 0x24, 0xc9, 0x3a, 0xee, 0x33, 0xa9, 0x32, 0xad, 0x43,
    0x54, 0x45, 0xa5, 0x49, 0x47, 0x42, 0xb5, 0xc5, 0xfe, 0xff, 0xb8, 0xe6, 0xfa, 0xe6, 0xd9, 0xe6,
    0xd9, 0xee, 0xd9, 0xe6, 0xf9, 0xee, 0xf9, 0xe6, 0xd9, 0xe6, 0xd9, 0xee, 0xd9, 0xe6, 0xd9, 0xe6,
    0xd9, 0xe6, 0xf9, 0xee, 0xd9, 0xe6, 0xd9, 0xe6, 0xb9, 0xe6, 0xbe, 0xff, 0x6c, 0x63, 0x50, 0x2c,
    0x2f, 0x3c, 0x50, 0x34, 0xe6, 0x39, 0x50, 0x44, 0xad, 0x43, 0xce, 0x43, 0x2f, 0x3c, 0xd2, 0xac,
    0xff, 0xff, 0x98, 0xde, 0xd9, 0xe6, 0xf9, 0xe6, 0xd9, 0xe6, 0xd9, 0xee, 0xda, 0xe6, 0xfa, 0xee,
    0xd9, 0xe6, 0xd9, 0xe6, 0xd9, 0xee, 0xd9, 0xe6, 0xd9, 0xe6, 0xf9, 0xe6, 0xd9, 0xe6, 0x78, 0xde,
    0xff, 0xff, 0x33, 0xbd, 0x68, 0x3a, 0x70, 0x34, 0x50, 0x34, 0xee, 0x33, 0xe6, 0x49, 0x50, 0x44,
    0x54, 0x45, 0x74, 0x45, 0x6c, 0x3b, 0xf6, 0xcd, 0xdd, 0xff, 0xb9, 0xe6, 0xd9, 0xe6, 0xd9, 0xe6,
    0xd9, 0xe6, 0xd9, 0xee, 0xd9, 0xe6, 0xd9, 0xe6, 0xd9, 0xe6, 0xd9, 0xe6, 0xd9, 0xee, 0xf9, 0xe6,
    0xfa, 0xe6, 0xd9, 0xe6, 0xf9, 0xe6, 0x97, 0xe6, 0xff, 0xff, 0x27, 0x6a, 0xe6, 0x29, 0x91, 0x34,
    0x50, 0x34, 0xad, 0x3b, 0x88, 0x62, 0xf2, 0x44, 0xf2, 0x44, 0xf3, 0x44, 0x47, 0x4a, 0x95, 0xc5,
    0xff, 0xff, 0xb8, 0xe6, 0xfa, 0xe6, 0xd9, 0xee, 0xf9, 0xee, 0xf9, 0xe6, 0xf9, 0xee, 0xd9, 0xe6,
    0xf9, 0xe6, 0xd9, 0xe6, 0xd9, 0xe6, 0xf9, 0xe6, 0xd9, 0xe6, 0xd9, 0xe6, 0xd9, 0xe6, 0x5b, 0xf7,
    0x99, 0xde, 0xea, 0x52, 0x68, 0x32, 0x50, 0x34, 0x70, 0x34, 0x4c, 0x4b, 0x0a, 0x73, 0x91, 0x34,
    0x75, 0x45, 0x4b, 0x43, 0x02, 0x39, 0x91, 0x9c, 0xff, 0xff, 0x78, 0xde, 0xf9, 0xe6, 0xf9, 0xe6,
    0xd9, 0xe6, 0xd9, 0xee, 0xf9, 0xee, 0xf9, 0xe6, 0xd9, 0xe6, 0xf9, 0xe6, 0xd9, 0xee, 0xfa, 0xe6,
    0xd9, 0xe6, 0xd9, 0xe6, 0x98, 0xe6, 0xfe, 0xff, 0x95, 0xc5, 0x4f, 0x5c, 0x6c, 0x43, 0xce, 0x33,
    0x70, 0x2c, 0x4b, 0x5b, 0x6c, 0x6b, 0x33, 0x3d, 0x90, 0x44, 0x6c, 0x63, 0xd2, 0x74, 0x34, 0xb5,
    0xde, 0xff, 0xb8, 0xe6, 0xd9, 0xe6, 0xda, 0xee, 0xd9, 0xe6, 0xd9, 0xe6, 0xd9, 0xee, 0xd9, 0xee,
    0xd9, 0xe6, 0xd9, 0xe6, 0xf9, 0xee, 0xf9, 0xe6, 0xf9, 0xe6, 0xf9, 0xee, 0x98, 0xde, 0xff, 0xff,
    0x13, 0xb5, 0xb1, 0x64, 0x54, 0x55, 0xee, 0x33, 0xee, 0x2b, 0x4b, 0x73, 0xad, 0x63, 0x74, 0x45,
    0xd6, 0x7d, 0xfb, 0x96, 0x2f, 0x6c, 0xd6, 0xcd, 0xdd, 0xff, 0xd9, 0xe6, 0xf9, 0xe6, 0xf9, 0xe6,
    0xf9, 0xe6, 0xf9, 0xe6, 0xd9, 0xee, 0xf9, 0xee, 0xd9, 0xe6, 0xd9, 0xee, 0xd9, 0xe6, 0xfa, 0xe6,
    0xd9, 0xe6, 0xd9, 0xee, 0x98, 0xde, 0xff, 0xff, 0xb2, 0xa4, 0xb1, 0x5c, 0x38, 0x76, 0xb1, 0x3c,
    0x8d, 0x2b, 0x6b, 0x8b, 0x50, 0x6c, 0x99, 0x86, 0x99, 0x86, 0x95, 0x65, 0x50, 0x94, 0xff, 0xff,
    0x56, 0xd6, 0xfa, 0xee, 0xf9, 0xee, 0xf9, 0xe6, 0xd9, 0xee, 0xd9, 0xe6, 0xf9, 0xe6, 0xd9, 0xe6,
    0xd9, 0xe6, 0xd9, 0xe6, 0xd9, 0xe6, 0xd9, 0xee, 0xf9, 0xee, 0xd9, 0xe6, 0x78, 0xde, 0xff, 0xff,
    0x34, 0xb5, 0x2f, 0x4c, 0x58, 0x76, 0x74, 0x55, 0x6c, 0x33, 0xad, 0x93, 0x33, 0x7d, 0x58, 0x7e,
    0xba, 0x86, 0x8c, 0x63, 0xc9, 0x7a, 0x99, 0xd6, 0x5b, 0xf7, 0x98, 0xde, 0xf9, 0xee, 0xd9, 0xe6,
    0xf9, 0xee, 0xda, 0xe6, 0xda, 0xee, 0xfa, 0xee, 0xd9, 0xe6, 0xd9, 0xe6, 0xf9, 0xee, 0xf9, 0xee,
    0xd9, 0xe6, 0xd9, 0xe6, 0xd9, 0xee, 0x5c, 0xef, 0x34, 0xbd, 0x2f, 0x5c, 0xd6, 0x65, 0xf6, 0x65,
    0x8c, 0x4b, 0xcd, 0x9b, 0x13, 0x65, 0xfb, 0x96, 0x50, 0x74, 0xc5, 0x49, 0x68, 0x5a, 0xda, 0xe6,
    0x1a, 0xef, 0xb9, 0xe6, 0xd9, 0xe6, 0xd9, 0xe6, 0xf9, 0xe6, 0xd9, 0xe6, 0xd9, 0xe6, 0xd9, 0xe6,
    0xd9, 0xe6, 0xd9, 0xe6, 0xd9, 0xe6, 0xd9, 0xe6, 0xd9, 0xee, 0x98, 0xe6, 0xfe, 0xff, 0xf7, 0xc5,
    0x84, 0x51, 0x0b, 0x5b, 0x17, 0x66, 0xb6, 0x5d, 0xee, 0x73, 0xee, 0x93, 0x17, 0x86, 0x78, 0x8e,
    0xd2, 0x74, 0x34, 0x75, 0xd2, 0xa4, 0xbd, 0xff, 0x77, 0xde, 0xda, 0xe6, 0xf9, 0xe6, 0xf9, 0xe6,
    0xd9, 0xe6, 0xd9, 0xe6, 0xf9, 0xe6, 0xf9, 0xee, 0xf9, 0xe6, 0xf9, 0xee, 0xd9, 0xe6, 0xf9, 0xee,
    0xda, 0xee, 0xd9, 0xee, 0x1a, 0xef, 0xda, 0xe6, 0x0a, 0x5b, 0x06, 0x42, 0xf2, 0x64, 0x95, 0x55,
    0xee, 0x83, 0x2f, 0x8c, 0x17, 0x76, 0x99, 0x8e, 0xfb, 0x8e, 0x6c, 0x6b, 0xfb, 0xee, 0x1b, 0xef,
    0xd9, 0xe6, 0xd9, 0xe6, 0xfa, 0xe6, 0xd9, 0xe6, 0xd9, 0xe6, 0xd9, 0xee, 0xf9, 0xe6, 0xf9, 0xee,
    0xd9, 0xe6, 0xd9, 0xee, 0xd9, 0xee, 0xda, 0xee, 0xda, 0xe6, 0xda, 0xe6, 0x57, 0xde, 0xff, 0xff,
    0x34, 0xb5, 0x50, 0x54, 0x75, 0x6d, 0x13, 0x55, 0xcd, 0x93, 0x70, 0x84, 0xfb, 0x8e, 0x99, 0x8e,
    0xcd, 0x6b, 0xb6, 0xc5, 0xde, 0xff, 0x16, 0xd6, 0xda, 0xe6, 0xd9, 0xe6, 0xd9, 0xe6, 0xd9, 0xe6,
    0xf9, 0xe6, 0xd9, 0xee, 0xd9, 0xe6, 0xf8, 0xee, 0xf9, 0xe6, 0xd9, 0xe6, 0xf9, 0xee, 0xda, 0xe6,
    0xd9, 0xe6, 0xb8, 0xe6, 0xff, 0xff, 0x17, 0xce, 0xca, 0x72, 0x68, 0x4a, 0x38, 0x6e, 0x91, 0x64,
    0x0e, 0xa4, 0x13, 0x85, 0x95, 0x85, 0x06, 0x4a, 0xef, 0x93, 0x3c, 0xef, 0x1b, 0xef, 0xd9, 0xe6,
    0xf9, 0xe6, 0xf9, 0xee, 0xd9, 0xe6, 0xd9, 0xe6, 0xd9, 0xe6, 0xda, 0xe6, 0xfa, 0xee, 0xfa, 0xee,
    0xd9, 0xe6, 0xd9, 0xe6, 0xf9, 0xee, 0xd9, 0xe6, 0xf9, 0xee, 0xd9, 0xe6, 0x1a, 0xef, 0x1b, 0xef,
    0x4c, 0x7b, 0x4c, 0x53, 0xb6, 0x65, 0x4f, 0x6c, 0x2f, 0xa4, 0x95, 0x7d, 0x13, 0x7d, 0x0b, 0x63,
    0x68, 0x62, 0x99, 0xde, 0x9c, 0xf7, 0x99, 0xe6, 0xfa, 0xee, 0xd9, 0xe6, 0xd9, 0xee, 0xd9, 0xee,
    0xd9, 0xee, 0xd9, 0xe6, 0xd9, 0xe6, 0xfa, 0xee, 0xd9, 0xe6, 0xd9, 0xee, 0xd9, 0xe6, 0xfa, 0xe6,
    0xda, 0xee, 0xd9, 0xee, 0x98, 0xde, 0xfe, 0xff, 0x9e, 0xff, 0xe5, 0x59, 0xa9, 0x3a, 0xcd, 0x83,
    0x70, 0x9c, 0x34, 0x75, 0x47, 0x4a, 0x8d, 0x8b, 0xff, 0xff, 0x3b, 0xef, 0x98, 0xde, 0xfa, 0xee,
    0xd9, 0xe6, 0xd9, 0xe6, 0xf9, 0xe6, 0xd9, 0xee, 0xd9, 0xe6, 0xf9, 0xe6, 0xd9, 0xe6, 0xd9, 0xee,
    0xd9, 0xee, 0xd9, 0xe6, 0xd9, 0xe6, 0xd9, 0xe6, 0xd9, 0xe6, 0xda, 0xe6, 0xf9, 0xe6, 0x98, 0xe6,
    0x1b, 0xef, 0xb5, 0xbd, 0xce, 0x8b, 0x2f, 0xa4, 0xea, 0x6a, 0xa5, 0x41, 0xef, 0x8b, 0x17, 0xce,
    0x7c, 0xf7, 0x36, 0xde, 0xfa, 0xee, 0xd9, 0xe6, 0xd9, 0xee, 0xf9, 0xe6, 0xfa, 0xe6, 0xf9, 0xe6,
    0xd9, 0xe6, 0xd9, 0xe6, 0xf9, 0xee, 0xb9, 0xe6, 0xd9, 0xe6, 0xd9, 0xee, 0xd9, 0xe6, 0xd9, 0xe6,
    0xd9, 0xe6, 0xf9, 0xee, 0xf9, 0xe6, 0xd9, 0xe6, 0x97, 0xe6, 0xff, 0xff, 0x34, 0xb5, 0x4f, 0xa4,
    0x13, 0xb5, 0x95, 0xbd, 0x9d, 0xf7, 0x9d, 0xff, 0x78, 0xde, 0xfa, 0xee, 0xd9, 0xe6, 0xf9, 0xe6,
    0xd9, 0xe6, 0xf9, 0xee, 0xd9, 0xe6, 0xfa, 0xee, 0xd9, 0xe6, 0xf9, 0xee, 0xda, 0xee, 0x19, 0xef,
    0xd9, 0xee, 0xf9, 0xee, 0xd9, 0xe6, 0xda, 0xe6, 0xd9, 0xe6, 0xf9, 0xee, 0xf9, 0xee, 0xb9, 0xe6,
    0x5b, 0xf7, 0x58, 0xd6, 0x90, 0xac, 0x2f, 0x9c, 0xba, 0xde, 0xff, 0xff, 0x99, 0xde, 0x37, 0xde,
    0xfa, 0xee, 0xf9, 0xee, 0xd9, 0xe6, 0xd9, 0xe6, 0xd9, 0xee, 0xf9, 0xee, 0xd9, 0xee, 0xd9, 0xe6,
    0xf9, 0xee, 0xf9, 0xe6, 0xd9, 0xe6, 0xf9, 0xee, 0xd9, 0xe6, 0xd9, 0xe6, 0xd9, 0xe6, 0xf9, 0xe6,
    0xd9, 0xe6, 0xf9, 0xe6, 0xd9, 0xe6, 0xb9, 0xe6, 0xdd, 0xff, 0x38, 0xce, 0x0a, 0x7b, 0x54, 0xbd,
    0x9d, 0xf7, 0xb4, 0xcd, 0xd9, 0xee, 0xd9, 0xe6, 0xd9, 0xee, 0xd9, 0xee, 0xf9, 0xee, 0xd9, 0xe6,
    0xf9, 0xe6, 0xd9, 0xe6, 0xd9, 0xee, 0xfa, 0xe6, 0xd9, 0xe6, 0xd9, 0xe6, 0xd9, 0xe6, 0xb9, 0xe6,
    0xf9, 0xe6, 0xf9, 0xee, 0xd9, 0xe6, 0xf9, 0xe6, 0xd9, 0xe6, 0xf9, 0xe6, 0xd9, 0xe6, 0xda, 0xee,
    0xb9, 0xe6, 0x7c, 0xf7, 0x79, 0xd6, 0x5c, 0xf7, 0xd9, 0xe6, 0xfa, 0xee, 0xf9, 0xe6, 0xd9, 0xe6,
    0xd9, 0xe6, 0xd9, 0xee, 0xd9, 0xe6, 0xd9, 0xe6, 0xf9, 0xee, 0xb9, 0xe6, 0xd9, 0xe6, 0xf9, 0xe6,
    0xf9, 0xe6, 0xd9, 0xe6, 0xfa, 0xee, 0xb9, 0xee, 0xf9, 0xee, 0xda, 0xee, 0xda, 0xee, 0xfa, 0xee,
    0x1a, 0xe7, 0xfa, 0xee, 0xd9, 0xe6, 0xda, 0xee, 0xd9, 0xe6, 0xb8, 0xe6, 0xff, 0xff, 0x78, 0xde,
    0xf8, 0xee, 0xf9, 0xe6, 0xd9, 0xe6, 0xfa, 0xee, 0x00, 0x00, 0xf9, 0xee, 0xd9, 0xe6, 0xd9, 0xee,
    0xda, 0xe6, 0xb9, 0xe6, 0x00, 0x00, 0xf9, 0xe6, 0xf9, 0xee, 0xf9, 0xee, 0xf9, 0xee, 0xfa, 0xe6,
    0x00, 0x13, 0x00, 0x00, 0x00, 0x00, 0x1c, 0x28, 0x15, 0x24, 0x1c, 0x15, 0x20, 0x18, 0x1a, 0x00,
    0x1b, 0x16, 0x1d, 0x19, 0x20, 0x1c, 0x00, 0x00, 0x1e, 0x15, 0x00, 0x00, 0x59, 0x4d, 0x4c, 0x4b,
    0x31, 0x4e, 0x4e, 0x55, 0x53, 0x57, 0x53, 0x52, 0x30, 0x3b, 0x36, 0x2d, 0x3c, 0x1d, 0x3e, 0x29,
    0x44, 0x46, 0x31, 0x1c, 0x3b, 0x34, 0x19, 0x13, 0x5b, 0x4d, 0x4e, 0x4a, 0x4b, 0x4f, 0x56, 0x58,
    0x5c, 0x56, 0x59, 0x5a, 0x87, 0xda, 0xf3, 0xf8, 0xce, 0x79, 0x54, 0x52, 0x48, 0x49, 0x4f, 0x34,
    0x4c, 0x4f, 0x2a, 0x1d, 0x57, 0x59, 0x52, 0x4b, 0x1d, 0x4c, 0x53, 0x58, 0x53, 0x52, 0x48, 0xc8,
    0xff, 0xff, 0xff, 0xff, 0xff, 0xff, 0x8e, 0x42, 0x52, 0x4e, 0x29, 0x40, 0x4b, 0x41, 0x41, 0x2e,
    0x5e, 0x5d, 0x62, 0x3a, 0x34, 0x5b, 0x58, 0x58, 0x57, 0x49, 0x9e, 0xff, 0xfc, 0xfd, 0xfe, 0xfe,
    0xfb, 0xfd, 0xe7, 0x5b, 0x51, 0x54, 0x48, 0x4b, 0x56, 0x4e, 0x3f, 0x3a, 0x5c, 0x5e, 0x3b, 0x3b,
    0x53, 0x4a, 0x5a, 0x54, 0x53, 0x54, 0xe6, 0xfd, 0xfd, 0xff, 0xff, 0xff, 0xff, 0xfc, 0xff, 0xac,
    0x3f, 0x50, 0x5a, 0x45, 0x4b, 0x4b, 0x47, 0x36, 0x52, 0x53, 0x41, 0x56, 0x4b, 0x50, 0x50, 0x4d,
    0x48, 0x78, 0xff, 0xfd, 0xff, 0xff, 0xff, 0xff, 0xff, 0xfe, 0xfe, 0xe5, 0x5b, 0x4d, 0x4c, 0x52,
    0x50, 0x4c, 0x34, 0x20, 0x62, 0x5e, 0x62, 0x52, 0x57, 0x59, 0x55, 0x56, 0x4d, 0xb2, 0xff, 0xfd,
    0xff, 0xff, 0xff, 0xff, 0xff, 0xfe, 0xff, 0xee, 0x67, 0x53, 0x54, 0x33, 0x44, 0x39, 0x31, 0x29,
    0x5d, 0x5b, 0x5c, 0x56, 0x53, 0x49, 0x5e, 0x46, 0x68, 0xfc, 0xfe, 0xff, 0xff, 0xff, 0xff, 0xff,
    0xff, 0xfe, 0xff, 0xed, 0x60, 0x55, 0x36, 0x3c, 0x5a, 0x50, 0x55, 0x4d, 0x50, 0x4d, 0x46, 0x49,
    0x2c, 0x41, 0x5f, 0x3c, 0x8b, 0xff, 0xfc, 0xff, 0xff, 0xff, 0xff, 0xff, 0xff, 0xfe, 0xff, 0xf4,
    0x5e, 0x48, 0x37, 0x4f, 0x5b, 0x4a, 0x45, 0x42, 0x58, 0x63, 0x58, 0x4b, 0x29, 0x54, 0x55, 0x51,
    0xc3, 0xff, 0xfd, 0xff, 0xff, 0xff, 0xff, 0xff, 0xff, 0xff, 0xfe, 0xfc, 0x81, 0x53, 0x55, 0x4d,
    0x55, 0x50, 0x51, 0x49, 0x5e, 0x60, 0x3a, 0x26, 0x48, 0x57, 0x57, 0x50, 0xda, 0xff, 0xfd, 0xff,
    0xff, 0xff, 0xff, 0xff, 0xff, 0xfe, 0xfe, 0xf5, 0x7b, 0x50, 0x54, 0x4e, 0x57, 0x55, 0x4e, 0x4f,
    0x54, 0x57, 0x44, 0x49, 0x4b, 0x46, 0x48, 0x51, 0xea, 0xff, 0xfe, 0xff, 0xff, 0xff, 0xff, 0xff,
    0xff, 0xfd, 0xff, 0xc4, 0x38, 0x54, 0x4a, 0x4a, 0x49, 0x49, 0x50, 0x38, 0x5b, 0x59, 0x4f, 0x58,
    0x5e, 0x5b, 0x4d, 0x4f, 0xf0, 0xff, 0xfe, 0xff, 0xff, 0xff, 0xff, 0xff, 0xff, 0xfc, 0xff, 0x9a,
    0x30, 0x3e, 0x49, 0x49, 0x55, 0x54, 0x49, 0x32, 0x68, 0x5b, 0x56, 0x50, 0x54, 0x57, 0x5b, 0x56,
    0xee, 0xff, 0xfe, 0xff, 0xff, 0xff, 0xff, 0xff, 0xff, 0xfd, 0xff, 0xdd, 0x5c, 0x31, 0x49, 0x56,
    0x59, 0x57, 0x47, 0x43, 0x5e, 0x61, 0x46, 0x3b, 0x4d, 0x58, 0x4f, 0xb6, 0xfb, 0xfd, 0xff, 0xff,
    0xff, 0xff, 0xff, 0xff, 0xff, 0xfe, 0xfd, 0xf5, 0x6c, 0x34, 0x3e, 0x4f, 0x4a, 0x4d, 0x46, 0x3d,
    0x5b, 0x5e, 0x3f, 0x37, 0x4f, 0x58, 0x4a, 0xe4, 0xff, 0xfd, 0xff, 0xff, 0xff, 0xff, 0xff, 0xff,
    0xff, 0xfc, 0xff, 0xc6, 0x51, 0x5d, 0x33, 0x3f, 0x5d, 0x55, 0x54, 0x49, 0x60, 0x5f, 0x67, 0x5a,
    0x29, 0x59, 0x52, 0xb2, 0xff, 0xfd, 0xff, 0xff, 0xff, 0xff, 0xff, 0xff, 0xff, 0xff, 0xf1, 0x95,
    0x49, 0x57, 0x3c, 0x2a, 0x3f, 0x5c, 0x4a, 0x3e, 0x41, 0x5e, 0x3a, 0x22, 0x4c, 0x5e, 0x48, 0x94,
    0xff, 0xfc, 0xff, 0xff, 0xff, 0xff, 0xff, 0xfe, 0xfe, 0xe5, 0x6f, 0x2a, 0x4d, 0x53, 0x41, 0x29,
    0x42, 0x4e, 0x42, 0x17, 0x49, 0x56, 0x49, 0x4c, 0x5c, 0x54, 0x55, 0xef, 0xff, 0xfe, 0xff, 0xff,
    0xff, 0xff, 0xff, 0xfd, 0xff, 0xdb, 0x42, 0x39, 0x51, 0x49, 0x31, 0x3e, 0x51, 0x4c, 0x29, 0x17,
    0x5d, 0x58, 0x51, 0x45, 0x4b, 0x5c, 0x4e, 0xaf, 0xff, 0xfc, 0xff, 0xff, 0xff, 0xff, 0xff, 0xff,
    0xfc, 0xff, 0x6c, 0x47, 0x52, 0x52, 0x4f, 0x44, 0x48, 0x50, 0x30, 0x44, 0x56, 0x52, 0x46, 0x42,
    0x47, 0x4f, 0x52, 0x3c, 0xdb, 0xff, 0xfe, 0xff, 0xff, 0xff, 0xfe, 0xfb, 0xff, 0xad, 0x4a, 0x46,
    0x49, 0x4c, 0x4b, 0x4e, 0x4b, 0x4b, 0x50, 0x3a, 0x4e, 0x56, 0x48, 0x40, 0x4f, 0x57, 0x49, 0x3e,
    0xa8, 0xee, 0xfa, 0xff, 0xfe, 0xfc, 0xff, 0xff, 0xb7, 0x43, 0x47, 0x41, 0x4f, 0x49, 0x42, 0x49,
    0x50, 0x50, 0x38, 0x2c, 0x5f, 0x50, 0x55, 0x53, 0x58, 0x59, 0x49, 0x4d, 0x4c, 0x89, 0xf9, 0xfd,
    0xff, 0xff, 0xee, 0x97, 0x2a, 0x43, 0x50, 0x4b, 0x46, 0x45, 0x30, 0x3c, 0x45, 0x46, 0x32, 0x19,
    0x4e, 0x5a, 0x54, 0x57, 0x57, 0x51, 0x51, 0x53, 0x4e, 0xbf, 0xfe, 0xfd, 0xde, 0xa6, 0x74, 0x36,
    0x38, 0x52, 0x4d, 0x59, 0x46, 0x51, 0x3a, 0x47, 0x53, 0x4a, 0x57, 0x2f, 0x4a, 0x56, 0x4b, 0x49,
    0x4b, 0x4b, 0x51, 0x50, 0x4a, 0xdb, 0xff, 0xff, 0xb2, 0x3a, 0x43, 0x44, 0x4f, 0x50, 0x44, 0x40,
    0x51, 0x47, 0x38, 0x3d, 0x56, 0x54, 0x3e, 0x2d, 0x58, 0x59, 0x56, 0x58, 0x58, 0x58, 0x5a, 0x5e,
    0x50, 0x8e, 0xe1, 0xee, 0x75, 0x52, 0x60, 0x4a, 0x41, 0x4f, 0x5c, 0x4d, 0x59, 0x34, 0x40, 0x58,
    0x5f, 0x54, 0x49, 0x2d, 0x18, 0x22, 0x22, 0x31, 0x21, 0x2d, 0x24, 0x23, 0x47, 0x1e, 0x23, 0x3b,
    0x17, 0x1f, 0x28, 0x1e, 0x00, 0x25, 0x3f, 0x24, 0x21, 0x25, 0x00, 0x36, 0x25, 0x4a, 0x2f, 0x16,
};

static const LV_ATTRIBUTE_MEM_ALIGN uint8_t app_tama_souv_bottle_map[] = {
    0x00, 0x00, 0x00, 0x00, 0x00, 0x00, 0x00, 0x00, 0x00, 0x00, 0x00, 0x00, 0x00, 0x00, 0x00, 0x00,
    0x00, 0x00, 0x00, 0x00, 0x00, 0x00, 0x00, 0x00, 0x00, 0x00, 0x00, 0x00, 0x00, 0x00, 0x00, 0x00,
    0x00, 0x00, 0x00, 0x00, 0x00, 0x00, 0x00, 0x00, 0x00, 0x00, 0x00, 0x00, 0x00, 0x00, 0x00, 0x00,
    0x00, 0x00, 0x00, 0x00, 0x00, 0x00, 0x00, 0x00, 0x00, 0x00, 0x00, 0x00, 0x00, 0x00, 0x00, 0x00,
    0x00, 0x00, 0x00, 0x00, 0x00, 0x00, 0x00, 0x00, 0x00, 0x00, 0x00, 0x00, 0x00, 0x00, 0x00, 0x00,
    0x00, 0x00, 0x00, 0x00, 0x00, 0x00, 0x00, 0x00, 0x00, 0x00, 0x00, 0x00, 0x00, 0x00, 0x00, 0x00,
    0x00, 0x00, 0x00, 0x00, 0x00, 0x00, 0x00, 0x00, 0x00, 0x00, 0x00, 0x00, 0x00, 0x00, 0x00, 0x00,
    0x00, 0x00, 0x00, 0x00, 0x00, 0x00, 0x00, 0x00, 0x00, 0x00, 0x00, 0x00, 0x00, 0x00, 0x00, 0x00,
    0x00, 0x00, 0x00, 0x00, 0x00, 0x00, 0x45, 0x39, 0x64, 0x49, 0x84, 0x51, 0x84, 0x51, 0x44, 0x41,
    0x45, 0x39, 0x00, 0x00, 0x00, 0x00, 0x00, 0x00, 0x00, 0x00, 0x00, 0x00, 0x00, 0x00, 0x00, 0x00,
    0x00, 0x00, 0x00, 0x00, 0x00, 0x00, 0x00, 0x00, 0x00, 0x00, 0x00, 0x00, 0x00, 0x00, 0x00, 0x00,
    0x00, 0x00, 0x00, 0x00, 0x00, 0x00, 0x00, 0x00, 0x00, 0x00, 0x00, 0x00, 0x85, 0x49, 0x49, 0x9b,
    0xad, 0xcc, 0x0e, 0xd5, 0xed, 0xd4, 0x6c, 0xbc, 0x87, 0x7a, 0x45, 0x41, 0x00, 0x00, 0x00, 0x00,
    0x00, 0x00, 0x00, 0x00, 0x00, 0x00, 0x00, 0x00, 0x00, 0x00, 0x00, 0x00, 0x00, 0x00, 0x00, 0x00,
    0x00, 0x00, 0x00, 0x00, 0x00, 0x00, 0x00, 0x00, 0x00, 0x00, 0x00, 0x00, 0x00, 0x00, 0x00, 0x00,
    0x00, 0x00, 0x00, 0x00, 0x40, 0x28, 0x2b, 0xbc, 0xec, 0xd4, 0xac, 0xcc, 0xed, 0xd4, 0x4a, 0xc4,
    0x45, 0x72, 0x00, 0x00, 0x00, 0x00, 0x00, 0x00, 0x00, 0x00, 0x00, 0x00, 0x00, 0x00, 0x00, 0x00,
    0x00, 0x00, 0x00, 0x00, 0x00, 0x00, 0x00, 0x00, 0x00, 0x00, 0x00, 0x00, 0x00, 0x00, 0x00, 0x00,
    0x00, 0x00, 0x00, 0x00, 0x00, 0x00, 0x00, 0x00, 0x00, 0x00, 0x84, 0x51, 0x69, 0x62, 0xe7, 0x82,
    0x4a, 0xc4, 0x8b, 0xcc, 0x2a, 0xc4, 0xc5, 0x92, 0x46, 0x6a, 0x69, 0x62, 0xc3, 0x40, 0x00, 0x00,
    0x00, 0x00, 0x00, 0x00, 0x00, 0x00, 0x00, 0x00, 0x00, 0x00, 0x00, 0x00, 0x00, 0x00, 0x00, 0x00,
    0x00, 0x00, 0x00, 0x00, 0x00, 0x00, 0x00, 0x00, 0x00, 0x00, 0x00, 0x00, 0x00, 0x00, 0x00, 0x00,
    0x00, 0x00, 0x22, 0x41, 0x9a, 0xce, 0xf3, 0xa4, 0xcd, 0x8b, 0xed, 0x93, 0xcd, 0x8b, 0x6c, 0x7b,
    0xb7, 0xad, 0xf3, 0x9c, 0x20, 0x28, 0x00, 0x00, 0x00, 0x00, 0x00, 0x00, 0x00, 0x00, 0x00, 0x00,
    0x00, 0x00, 0x00, 0x00, 0x00, 0x00, 0x00, 0x00, 0x00, 0x00, 0x00, 0x00, 0x00, 0x00, 0x00, 0x00,
    0x00, 0x00, 0x00, 0x00, 0x00, 0x00, 0x00, 0x00, 0x00, 0x00, 0xa1, 0x38, 0x96, 0xad, 0x39, 0xb6,
    0x15, 0xd6, 0x77, 0xde, 0x56, 0xd6, 0x12, 0xad, 0xd9, 0x95, 0xae, 0x6b, 0x40, 0x28, 0x00, 0x00,
    0x00, 0x00, 0x00, 0x00, 0x00, 0x00, 0x00, 0x00, 0x00, 0x00, 0x00, 0x00, 0x00, 0x00, 0x00, 0x00,
    0x00, 0x00, 0x00, 0x00, 0x00, 0x00, 0x00, 0x00, 0x00, 0x00, 0x00, 0x00, 0x00, 0x00, 0x00, 0x00,
    0x00, 0x00, 0x86, 0x49, 0xe6, 0x59, 0x0b, 0x73, 0xac, 0x8b, 0x4f, 0x9c, 0xed, 0x93, 0x0b, 0x73,
    0xaa, 0x62, 0x84, 0x51, 0x00, 0x00, 0x00, 0x00, 0x00, 0x00, 0x00, 0x00, 0x00, 0x00, 0x00, 0x00,
    0x00, 0x00, 0x00, 0x00, 0x00, 0x00, 0x00, 0x00, 0x00, 0x00, 0x00, 0x00, 0x00, 0x00, 0x00, 0x00,
    0x00, 0x00, 0x00, 0x00, 0x00, 0x00, 0x00, 0x00, 0x00, 0x00, 0x00, 0x00, 0xa1, 0x38, 0x50, 0x94,
    0x67, 0x6a, 0xa6, 0x82, 0x04, 0x72, 0xca, 0x62, 0x4d, 0x6b, 0x00, 0x10, 0x00, 0x00, 0x00, 0x00,
    0x00, 0x00, 0x00, 0x00, 0x00, 0x00, 0x00, 0x00, 0x00, 0x00, 0x00, 0x00, 0x00, 0x00, 0x00, 0x00,
    0x00, 0x00, 0x00, 0x00, 0x00, 0x00, 0x00, 0x00, 0x00, 0x00, 0x00, 0x00, 0x00, 0x00, 0x00, 0x00,
    0x00, 0x00, 0x00, 0x28, 0x48, 0x62, 0x7e, 0xdf, 0xfc, 0xc6, 0xd8, 0x9d, 0xf9, 0xa5, 0x5b, 0x96,
    0x97, 0x95, 0x43, 0x49, 0x20, 0x30, 0x00, 0x00, 0x00, 0x00, 0x00, 0x00, 0x00, 0x00, 0x00, 0x00,
    0x00, 0x00, 0x00, 0x00, 0x00, 0x00, 0x00, 0x00, 0x00, 0x00, 0x00, 0x00, 0x00, 0x00, 0x00, 0x00,
    0x00, 0x00, 0x00, 0x00, 0x00, 0x00, 0xa5, 0x49, 0xa5, 0x51, 0xb2, 0x9c, 0x5d, 0xd7, 0x7e, 0xd7,
    0x5e, 0xcf, 0x3e, 0xbf, 0x5e, 0xc7, 0x5b, 0x9e, 0x3a, 0x8e, 0xd8, 0x9d, 0x2c, 0x73, 0x02, 0x41,
    0x00, 0x00, 0x00, 0x00, 0x00, 0x00, 0x00, 0x00, 0x00, 0x00, 0x00, 0x00, 0x00, 0x00, 0x00, 0x00,
    0x00, 0x00, 0x00, 0x00, 0x00, 0x00, 0x00, 0x00, 0x00, 0x00, 0x00, 0x00, 0x00, 0x00, 0x43, 0x49,
    0x18, 0xc6, 0xff, 0xef, 0xdf, 0xef, 0x1d, 0xc7, 0x1d, 0xbf, 0x5f, 0xc7, 0x5e, 0xc7, 0x7f, 0xc7,
    0xbc, 0xae, 0x1a, 0x8e, 0xfd, 0xa6, 0x50, 0x84, 0xc1, 0x38, 0x00, 0x00, 0x00, 0x00, 0x00, 0x00,
    0x00, 0x00, 0x00, 0x00, 0x00, 0x00, 0x00, 0x00, 0x00, 0x00, 0x00, 0x00, 0x00, 0x00, 0x00, 0x00,
    0x00, 0x00, 0x00, 0x00, 0x00, 0x10, 0x2c, 0x7b, 0xff, 0xe7, 0x9e, 0xef, 0x1d, 0xcf, 0x1d, 0xbf,
    0x9b, 0xb6, 0xb2, 0x94, 0xd2, 0x94, 0x35, 0x95, 0x7b, 0xae, 0xfd, 0xb6, 0xd9, 0x85, 0x9c, 0xa6,
    0x07, 0x5a, 0x00, 0x00, 0x00, 0x00, 0x00, 0x00, 0x00, 0x00, 0x00, 0x00, 0x00, 0x00, 0x00, 0x00,
    0x00, 0x00, 0x00, 0x00, 0x00, 0x00, 0x00, 0x00, 0x00, 0x00, 0x00, 0x00, 0x40, 0x20, 0x50, 0x94,
    0xff, 0xef, 0x7e, 0xe7, 0x3e, 0xbf, 0xbf, 0xcf, 0xae, 0x7b, 0xe6, 0x92, 0x45, 0x72, 0x48, 0x93,
    0xca, 0x9b, 0x55, 0x9d, 0x7b, 0x9e, 0x7b, 0x9e, 0xea, 0x6a, 0x00, 0x00, 0x00, 0x00, 0x00, 0x00,
    0x00, 0x00, 0x00, 0x00, 0x00, 0x00, 0x00, 0x00, 0x00, 0x00, 0x00, 0x00, 0x00, 0x00, 0x00, 0x00,
    0x00, 0x00, 0x00, 0x00, 0x80, 0x28, 0x50, 0x94, 0xff, 0xef, 0x7e, 0xdf, 0x51, 0x84, 0x97, 0x9d,
    0x6d, 0x73, 0xab, 0x93, 0x29, 0x83, 0xa7, 0x7a, 0xe9, 0xab, 0x2c, 0x73, 0xbc, 0xa6, 0x5b, 0x96,
    0xeb, 0x6a, 0x00, 0x00, 0x00, 0x00, 0x00, 0x00, 0x00, 0x00, 0x00, 0x00, 0x00, 0x00, 0x00, 0x00,
    0x00, 0x00, 0x00, 0x00, 0x00, 0x00, 0x00, 0x00, 0x00, 0x00, 0x00, 0x00, 0x00, 0x10, 0x30, 0x8c,
    0xff, 0xef, 0x1c, 0xd7, 0xac, 0x83, 0x11, 0xb5, 0xcc, 0x8b, 0x8f, 0xac, 0x6e, 0xa4, 0xec, 0x93,
    0x8d, 0xb4, 0x70, 0x94, 0x9c, 0x9e, 0x5b, 0x96, 0xca, 0x6a, 0x00, 0x38, 0x00, 0x00, 0x00, 0x00,
    0x00, 0x00, 0x00, 0x00, 0x00, 0x00, 0x00, 0x00, 0x00, 0x00, 0x00, 0x00, 0x00, 0x00, 0x00, 0x00,
    0x00, 0x00, 0x00, 0x00, 0x20, 0x18, 0xce, 0x8b, 0xff, 0xdf, 0x5a, 0xae, 0x90, 0xa4, 0xfc, 0xff,
    0xba, 0xff, 0x38, 0xf7, 0x59, 0xf7, 0xfb, 0xff, 0x73, 0xee, 0x71, 0x8c, 0xbc, 0xa6, 0x5b, 0x96,
    0xa9, 0x62, 0x00, 0x00, 0x00, 0x00, 0x00, 0x00, 0x00, 0x00, 0x00, 0x00, 0x00, 0x00, 0x00, 0x00,
    0x00, 0x00, 0x00, 0x00, 0x00, 0x00, 0x00, 0x00, 0x00, 0x00, 0x00, 0x00, 0x00, 0x00, 0x8d, 0x7b,
    0xff, 0xef, 0x59, 0xbe, 0xb0, 0xa4, 0x99, 0xff, 0x17, 0xf7, 0x38, 0xff, 0x38, 0xf7, 0xf6, 0xf6,
    0xf1, 0xe5, 0x71, 0x8c, 0x9c, 0x9e, 0x5a, 0x9e, 0x89, 0x62, 0x00, 0x00, 0x00, 0x00, 0x00, 0x00,
    0x00, 0x00, 0x00, 0x00, 0x00, 0x00, 0x00, 0x00, 0x00, 0x00, 0x00, 0x00, 0x00, 0x00, 0x00, 0x00,
    0x00, 0x00, 0x00, 0x00, 0x00, 0x08, 0x6c, 0x7b, 0xff, 0xdf, 0x77, 0x9d, 0x11, 0xb5, 0x79, 0xff,
    0xd6, 0xee, 0xd6, 0xf6, 0xf6, 0xf6, 0xb5, 0xf6, 0x93, 0xf6, 0x0e, 0x8c, 0x7b, 0x96, 0x3a, 0x9e,
    0x48, 0x5a, 0x00, 0x00, 0x00, 0x00, 0x00, 0x00, 0x00, 0x00, 0x00, 0x00, 0x00, 0x00, 0x00, 0x00,
    0x00, 0x00, 0x00, 0x00, 0x00, 0x00, 0x00, 0x00, 0x00, 0x00, 0x00, 0x00, 0x00, 0x00, 0x2b, 0x73,
    0xff, 0xdf, 0xf4, 0x8c, 0xd3, 0xcd, 0xba, 0xff, 0xd6, 0xee, 0xf7, 0xf6, 0xf7, 0xf6, 0x74, 0xee,
    0x15, 0xff, 0x2d, 0x9c, 0x57, 0x7d, 0x7b, 0xa6, 0x07, 0x5a, 0x00, 0x00, 0x00, 0x00, 0x00, 0x00,
    0x00, 0x00, 0x00, 0x00, 0x00, 0x00, 0x00, 0x00, 0x00, 0x00, 0x00, 0x00, 0x00, 0x00, 0x00, 0x00,
    0x00, 0x00, 0x00, 0x00, 0x00, 0x00, 0xc9, 0x6a, 0xff, 0xdf, 0xd3, 0x8c, 0x51, 0xbd, 0x96, 0xe6,
    0x17, 0xf7, 0xd6, 0xee, 0xf7, 0xf6, 0xf6, 0xf6, 0x78, 0xff, 0xb6, 0xee, 0xae, 0x6b, 0x3a, 0x9e,
    0xc5, 0x51, 0x00, 0x00, 0x00, 0x00, 0x00, 0x00, 0x00, 0x00, 0x00, 0x00, 0x00, 0x00, 0x00, 0x00,
    0x00, 0x00, 0x00, 0x00, 0x00, 0x00, 0x00, 0x00, 0x00, 0x00, 0x00, 0x00, 0x00, 0x00, 0x68, 0x6a,
    0xbf, 0xd7, 0xb2, 0x94, 0x0c, 0xa4, 0x6a, 0x8b, 0x38, 0xf7, 0x17, 0xff, 0x96, 0xee, 0x14, 0xd6,
    0x72, 0xc5, 0x52, 0xb5, 0x0a, 0x6b, 0xf4, 0x8c, 0xc5, 0x51, 0x00, 0x00, 0x00, 0x00, 0x00, 0x00,
    0x00, 0x00, 0x00, 0x00, 0x00, 0x00, 0x00, 0x00, 0x00, 0x00, 0x00, 0x00, 0x00, 0x00, 0x00, 0x00,
    0x00, 0x00, 0x00, 0x00, 0x00, 0x00, 0x27, 0x62, 0x7e, 0xd7, 0x72, 0x84, 0x4c, 0xac, 0x89, 0x9b,
    0x8c, 0x8b, 0x0e, 0x94, 0x2b, 0x7b, 0x6d, 0x7b, 0x10, 0x84, 0xb3, 0x8c, 0x98, 0x85, 0x97, 0x95,
    0x64, 0x49, 0x00, 0x00, 0x00, 0x00, 0x00, 0x00, 0x00, 0x00, 0x00, 0x00, 0x00, 0x00, 0x00, 0x00,
    0x00, 0x00, 0x00, 0x00, 0x00, 0x00, 0x00, 0x00, 0x00, 0x00, 0x00, 0x00, 0x00, 0x00, 0xc6, 0x51,
    0x18, 0xc6, 0x76, 0xa5, 0x15, 0x85, 0xf5, 0x7c, 0xb8, 0x8d, 0xf9, 0x8d, 0x5b, 0x9e, 0x5b, 0x9e,
    0x7b, 0xa6, 0xf8, 0xa5, 0xb4, 0x84, 0xf4, 0x94, 0x02, 0x41, 0x00, 0x00, 0x00, 0x00, 0x00, 0x00,
    0x00, 0x00, 0x00, 0x00, 0x00, 0x00, 0x00, 0x00, 0x00, 0x00, 0x00, 0x00, 0x00, 0x00, 0x00, 0x00,
    0x00, 0x00, 0x00, 0x00, 0x00, 0x00, 0x02, 0x41, 0x8d, 0x83, 0x9a, 0xce, 0xdc, 0xbe, 0x19, 0xa6,
    0x3a, 0xa6, 0x3a, 0xa6, 0x19, 0x9e, 0xf8, 0x9d, 0xb7, 0x9d, 0x3a, 0xa6, 0x35, 0x95, 0x68, 0x5a,
    0xe2, 0x40, 0x00, 0x00, 0x00, 0x00, 0x00, 0x00, 0x00, 0x00, 0x00, 0x00, 0x00, 0x00, 0x00, 0x00,
    0x00, 0x00, 0x00, 0x00, 0x00, 0x00, 0x00, 0x00, 0x00, 0x00, 0x00, 0x00, 0x00, 0x00, 0x00, 0x00,
    0xc1, 0x38, 0x27, 0x62, 0x0b, 0x7b, 0x6c, 0x83, 0xce, 0x8b, 0x2f, 0x94, 0x0f, 0x94, 0xae, 0x8b,
    0x0b, 0x6b, 0x89, 0x62, 0xa5, 0x51, 0xc1, 0x40, 0x00, 0x00, 0x00, 0x00, 0x00, 0x00, 0x00, 0x00,
    0x00, 0x00, 0x00, 0x00, 0x00, 0x00, 0x00, 0x00, 0x00, 0x00, 0x00, 0x00, 0x00, 0x00, 0x00, 0x00,
    0x00, 0x00, 0x00, 0x00, 0x00, 0x00, 0x00, 0x00, 0x00, 0x00, 0x00, 0x00, 0x00, 0x20, 0x20, 0x28,
    0x80, 0x30, 0x43, 0x49, 0x02, 0x41, 0x20, 0x28, 0x00, 0x30, 0x00, 0x30, 0x00, 0x00, 0x00, 0x00,
    0x00, 0x00, 0x00, 0x00, 0x00, 0x00, 0x00, 0x00, 0x00, 0x00, 0x00, 0x00, 0x00, 0x00, 0x00, 0x00,
    0x00, 0x00, 0x00, 0x00, 0x00, 0x00, 0x00, 0x00, 0x00, 0x00, 0x00, 0x00, 0x00, 0x00, 0x00, 0x00,
    0x00, 0x00, 0x00, 0x00, 0x00, 0x00, 0x00, 0x00, 0x00, 0x00, 0x00, 0x00, 0x00, 0x00, 0x00, 0x00,
    0x00, 0x00, 0x00, 0x00, 0x00, 0x00, 0x00, 0x00, 0x00, 0x00, 0x00, 0x00, 0x00, 0x00, 0x00, 0x00,
    0x00, 0x00, 0x00, 0x00, 0x00, 0x00, 0x00, 0x00, 0x00, 0x00, 0x00, 0x00, 0x00, 0x00, 0x00, 0x00,
    0x00, 0x00, 0x00, 0x39, 0x66, 0x76, 0x72, 0x58, 0x26, 0x00, 0x00, 0x00, 0x00, 0x00, 0x00, 0x00,
    0x00, 0x00, 0x00, 0x00, 0x00, 0x00, 0x00, 0x00, 0x00, 0x00, 0x00, 0x00, 0x00, 0x00, 0x65, 0xff,
    0xff, 0xff, 0xff, 0xff, 0xfa, 0x2f, 0x00, 0x00, 0x00, 0x00, 0x00, 0x00, 0x00, 0x00, 0x00, 0x00,
    0x00, 0x00, 0x00, 0x00, 0x00, 0x00, 0x00, 0x00, 0x00, 0x00, 0x57, 0xfe, 0xf8, 0xfb, 0xfa, 0xfb,
    0xf9, 0x1a, 0x00, 0x00, 0x00, 0x00, 0x00, 0x00, 0x00, 0x00, 0x00, 0x00, 0x00, 0x00, 0x00, 0x00,
    0x00, 0x00, 0x00, 0x00, 0x00, 0x34, 0xd9, 0xfd, 0xfe, 0xff, 0xff, 0xfd, 0xfb, 0xbb, 0x13, 0x00,
    0x00, 0x00, 0x00, 0x00, 0x00, 0x00, 0x00, 0x00, 0x00, 0x00, 0x00, 0x00, 0x00, 0x00, 0x00, 0x00,
    0x00, 0x76, 0xff, 0xfb, 0xff, 0xff, 0xff, 0xff, 0xff, 0xff, 0x37, 0x00, 0x00, 0x00, 0x00, 0x00,
    0x00, 0x00, 0x00, 0x00, 0x00, 0x00, 0x00, 0x00, 0x00, 0x00, 0x00, 0x00, 0x00, 0x5a, 0xff, 0xfb,
    0xff, 0xff, 0xff, 0xfe, 0xff, 0xff, 0x1e, 0x00, 0x00, 0x00, 0x00, 0x00, 0x00, 0x00, 0x00, 0x00,
    0x00, 0x00, 0x00, 0x00, 0x00, 0x00, 0x00, 0x00, 0x00, 0x14, 0xb7, 0xff, 0xfd, 0xff, 0xff, 0xfd,
    0xff, 0x86, 0x00, 0x00, 0x00, 0x00, 0x00, 0x00, 0x00, 0x00, 0x00, 0x00, 0x00, 0x00, 0x00, 0x00,
    0x00, 0x00, 0x00, 0x00, 0x00, 0x00, 0x68, 0xff, 0xfb, 0xff, 0xff, 0xfe, 0xff, 0x21, 0x00, 0x00,
    0x00, 0x00, 0x00, 0x00, 0x00, 0x00, 0x00, 0x00, 0x00, 0x00, 0x00, 0x00, 0x00, 0x00, 0x00, 0x00,
    0x00, 0x62, 0xe4, 0xfe, 0xfe, 0xff, 0xff, 0xfd, 0xfe, 0xc4, 0x3d, 0x00, 0x00, 0x00, 0x00, 0x00,
    0x00, 0x00, 0x00, 0x00, 0x00, 0x00, 0x00, 0x00, 0x00, 0x00, 0x00, 0x18, 0xc6, 0xff, 0xff, 0xff,
    0xff, 0xff, 0xff, 0xff, 0xff, 0xff, 0xff, 0x98, 0x00, 0x00, 0x00, 0x00, 0x00, 0x00, 0x00, 0x00,
    0x00, 0x00, 0x00, 0x00, 0x00, 0x00, 0x00, 0xad, 0xff, 0xf9, 0xfe, 0xff, 0xff, 0xff, 0xff, 0xff,
    0xff, 0xfc, 0xfb, 0xff, 0x74, 0x00, 0x00, 0x00, 0x00, 0x00, 0x00, 0x00, 0x00, 0x00, 0x00, 0x00,
    0x00, 0x00, 0x1a, 0xf9, 0xfd, 0xfe, 0xff, 0xff, 0xff, 0xff, 0xff, 0xff, 0xff, 0xff, 0xfc, 0xfc,
    0xd8, 0x00, 0x00, 0x00, 0x00, 0x00, 0x00, 0x00, 0x00, 0x00, 0x00, 0x00, 0x00, 0x00, 0x3a, 0xff,
    0xfe, 0xff, 0xff, 0xff, 0xff, 0xff, 0xff, 0xff, 0xff, 0xff, 0xfe, 0xff, 0xef, 0x00, 0x00, 0x00,
    0x00, 0x00, 0x00, 0x00, 0x00, 0x00, 0x00, 0x00, 0x00, 0x00, 0x3f, 0xff, 0xfd, 0xff, 0xff, 0xff,
    0xff, 0xff, 0xff, 0xff, 0xff, 0xff, 0xfe, 0xff, 0xed, 0x00, 0x00, 0x00, 0x00, 0x00, 0x00, 0x00,
    0x00, 0x00, 0x00, 0x00, 0x00, 0x00, 0x31, 0xff, 0xfe, 0xff, 0xff, 0xff, 0xff, 0xff, 0xff, 0xff,
    0xff, 0xff, 0xfe, 0xff, 0xef, 0x12, 0x00, 0x00, 0x00, 0x00, 0x00, 0x00, 0x00, 0x00, 0x00, 0x00,
    0x00, 0x00, 0x26, 0xfc, 0xff, 0xfe, 0xff, 0xff, 0xff, 0xff, 0xff, 0xff, 0xff, 0xff, 0xfd, 0xff,
    0xe6, 0x00, 0x00, 0x00, 0x00, 0x00, 0x00, 0x00, 0x00, 0x00, 0x00, 0x00, 0x00, 0x00, 0x20, 0xfa,
    0xff, 0xfe, 0xff, 0xff, 0xff, 0xff, 0xff, 0xff, 0xff, 0xff, 0xfd, 0xff, 0xd7, 0x00, 0x00, 0x00,
    0x00, 0x00, 0x00, 0x00, 0x00, 0x00, 0x00, 0x00, 0x00, 0x00, 0x15, 0xf1, 0xff, 0xfe, 0xff, 0xff,
    0xff, 0xff, 0xff, 0xff, 0xff, 0xff, 0xfd, 0xff, 0xce, 0x00, 0x00, 0x00, 0x00, 0x00, 0x00, 0x00,
    0x00, 0x00, 0x00, 0x00, 0x00, 0x00, 0x00, 0xed, 0xff, 0xfe, 0xff, 0xff, 0xff, 0xff, 0xff, 0xff,
    0xff, 0xff, 0xfd, 0xff, 0xc5, 0x00, 0x00, 0x00, 0x00, 0x00, 0x00, 0x00, 0x00, 0x00, 0x00, 0x00,
    0x00, 0x00, 0x00, 0xdf, 0xff, 0xfd, 0xff, 0xff, 0xff, 0xff, 0xff, 0xff, 0xff, 0xff, 0xfb, 0xff,
    0xaf, 0x00, 0x00, 0x00, 0x00, 0x00, 0x00, 0x00, 0x00, 0x00, 0x00, 0x00, 0x00, 0x00, 0x00, 0xd0,
    0xff, 0xfd, 0xff, 0xff, 0xff, 0xff, 0xff, 0xff, 0xff, 0xff, 0xfb, 0xff, 0xa2, 0x00, 0x00, 0x00,
    0x00, 0x00, 0x00, 0x00, 0x00, 0x00, 0x00, 0x00, 0x00, 0x00, 0x00, 0xc5, 0xff, 0xfd, 0xff, 0xff,
    0xff, 0xff, 0xff, 0xff, 0xff, 0xff, 0xfb, 0xfe, 0x92, 0x00, 0x00, 0x00, 0x00, 0x00, 0x00, 0x00,
    0x00, 0x00, 0x00, 0x00, 0x00, 0x00, 0x00, 0xaf, 0xfd, 0xf9, 0xfe, 0xff, 0xff, 0xff, 0xff, 0xff,
    0xff, 0xfe, 0xf8, 0xff, 0x7b, 0x00, 0x00, 0x00, 0x00, 0x00, 0x00, 0x00, 0x00, 0x00, 0x00, 0x00,
    0x00, 0x00, 0x00, 0x5d, 0xff, 0xff, 0xff, 0xff, 0xfd, 0xfc, 0xfd, 0xfe, 0xff, 0xff, 0xff, 0xf8,
    0x2b, 0x00, 0x00, 0x00, 0x00, 0x00, 0x00, 0x00, 0x00, 0x00, 0x00, 0x00, 0x00, 0x00, 0x00, 0x00,
    0x61, 0xcb, 0xf4, 0xff, 0xff, 0xff, 0xff, 0xff, 0xfe, 0xe7, 0xb0, 0x37, 0x00, 0x00, 0x00, 0x00,
    0x00, 0x00, 0x00, 0x00, 0x00, 0x00, 0x00, 0x00, 0x00, 0x00, 0x00, 0x00, 0x00, 0x00, 0x24, 0x41,
    0x5a, 0x6a, 0x64, 0x4c, 0x35, 0x14, 0x00, 0x00, 0x00, 0x00, 0x00, 0x00, 0x00, 0x00, 0x00, 0x00,
};

const lv_image_dsc_t app_tama_souv_img[8] = {
    {
        .header = {
            .magic = LV_IMAGE_HEADER_MAGIC,
            .cf = LV_COLOR_FORMAT_RGB565A8,
            .w = 28,
            .h = 28,
            .stride = 56,
        },
        .data_size = sizeof(app_tama_souv_shell_map),
        .data = app_tama_souv_shell_map,
    },
    {
        .header = {
            .magic = LV_IMAGE_HEADER_MAGIC,
            .cf = LV_COLOR_FORMAT_RGB565A8,
            .w = 28,
            .h = 28,
            .stride = 56,
        },
        .data_size = sizeof(app_tama_souv_ticket_map),
        .data = app_tama_souv_ticket_map,
    },
    {
        .header = {
            .magic = LV_IMAGE_HEADER_MAGIC,
            .cf = LV_COLOR_FORMAT_RGB565A8,
            .w = 28,
            .h = 28,
            .stride = 56,
        },
        .data_size = sizeof(app_tama_souv_card_map),
        .data = app_tama_souv_card_map,
    },
    {
        .header = {
            .magic = LV_IMAGE_HEADER_MAGIC,
            .cf = LV_COLOR_FORMAT_RGB565A8,
            .w = 28,
            .h = 28,
            .stride = 56,
        },
        .data_size = sizeof(app_tama_souv_leaf_map),
        .data = app_tama_souv_leaf_map,
    },
    {
        .header = {
            .magic = LV_IMAGE_HEADER_MAGIC,
            .cf = LV_COLOR_FORMAT_RGB565A8,
            .w = 28,
            .h = 28,
            .stride = 56,
        },
        .data_size = sizeof(app_tama_souv_gem_map),
        .data = app_tama_souv_gem_map,
    },
    {
        .header = {
            .magic = LV_IMAGE_HEADER_MAGIC,
            .cf = LV_COLOR_FORMAT_RGB565A8,
            .w = 28,
            .h = 28,
            .stride = 56,
        },
        .data_size = sizeof(app_tama_souv_bell_map),
        .data = app_tama_souv_bell_map,
    },
    {
        .header = {
            .magic = LV_IMAGE_HEADER_MAGIC,
            .cf = LV_COLOR_FORMAT_RGB565A8,
            .w = 28,
            .h = 28,
            .stride = 56,
        },
        .data_size = sizeof(app_tama_souv_feather_map),
        .data = app_tama_souv_feather_map,
    },
    {
        .header = {
            .magic = LV_IMAGE_HEADER_MAGIC,
            .cf = LV_COLOR_FORMAT_RGB565A8,
            .w = 28,
            .h = 28,
            .stride = 56,
        },
        .data_size = sizeof(app_tama_souv_bottle_map),
        .data = app_tama_souv_bottle_map,
    },
};

_Static_assert(sizeof(app_tama_souv_img) / sizeof(app_tama_souv_img[0]) == APP_TAMA_SOUV_N,
               "souv imgs");
