#include "lvgl.h"

#ifndef LV_ATTRIBUTE_MEM_ALIGN
#define LV_ATTRIBUTE_MEM_ALIGN
#endif

/* Ardot 宠物养成 file 718233732936873 固件图标 8:29-8:43 + 14:37 灯，透明 PNG */

static const LV_ATTRIBUTE_MEM_ALIGN uint8_t app_tama_ico_0_home_map[] = {
    0x00, 0x00, 0x00, 0x00, 0x00, 0x00, 0x00, 0x00, 0x00, 0x00, 0x00, 0x00, 0x00, 0x00, 0x00, 0x00,
    0x00, 0x00, 0x00, 0x00, 0x00, 0x00, 0x00, 0x00, 0x00, 0x00, 0x00, 0x00, 0x00, 0x00, 0x00, 0x00,
    0x00, 0x00, 0x00, 0x00, 0x00, 0x00, 0x00, 0x00, 0x00, 0x00, 0x00, 0x00, 0x00, 0x00, 0x00, 0x00,
    0x00, 0x00, 0x00, 0x00, 0x00, 0x00, 0x00, 0x00, 0x00, 0x00, 0x00, 0x00, 0x00, 0x00, 0x00, 0x00,
    0x00, 0x00, 0x00, 0x00, 0xc1, 0x28, 0xc4, 0x81, 0xc4, 0x81, 0xc1, 0x28, 0x00, 0x00, 0x00, 0x00,
    0x00, 0x00, 0x00, 0x00, 0x00, 0x00, 0x00, 0x00, 0x00, 0x00, 0x00, 0x00, 0x00, 0x00, 0x00, 0x00,
    0x00, 0x00, 0x00, 0x00, 0x00, 0x00, 0x00, 0x00, 0x00, 0x00, 0x00, 0x00, 0x00, 0x00, 0x00, 0x00,
    0x00, 0x00, 0xa0, 0x28, 0x87, 0xc2, 0x4b, 0xfb, 0x4b, 0xfb, 0xa8, 0xca, 0xe2, 0x38, 0x00, 0x00,
    0x60, 0x18, 0x22, 0x51, 0x22, 0x51, 0x22, 0x49, 0x40, 0x10, 0x00, 0x00, 0x00, 0x00, 0x00, 0x00,
    0x00, 0x00, 0x00, 0x00, 0x00, 0x00, 0x00, 0x00, 0x00, 0x00, 0x00, 0x00, 0x00, 0x00, 0x00, 0x00,
    0x02, 0x39, 0xa8, 0xd2, 0x4b, 0xfb, 0x2a, 0xfb, 0x2a, 0xfb, 0x4b, 0xfb, 0xc8, 0xda, 0xe2, 0x38,
    0x02, 0x41, 0xc8, 0xe2, 0x88, 0xe2, 0x87, 0xd2, 0xc1, 0x30, 0x00, 0x00, 0x00, 0x00, 0x00, 0x00,
    0x00, 0x00, 0x00, 0x00, 0x00, 0x00, 0x00, 0x00, 0x00, 0x00, 0x00, 0x00, 0x00, 0x00, 0xc1, 0x38,
    0xc8, 0xda, 0x4b, 0xfb, 0x4a, 0xfb, 0x2a, 0xfb, 0x2a, 0xfb, 0x4a, 0xfb, 0x4a, 0xfb, 0x09, 0xe3,
    0x01, 0x51, 0x87, 0x72, 0xcc, 0x93, 0x25, 0x6a, 0x40, 0x10, 0x00, 0x00, 0x00, 0x00, 0x00, 0x00,
    0x00, 0x00, 0x00, 0x00, 0x00, 0x00, 0x00, 0x00, 0x00, 0x00, 0x00, 0x00, 0x22, 0x49, 0xc8, 0xda,
    0x2a, 0xfb, 0x6b, 0xfb, 0xa8, 0xe2, 0x26, 0x8a, 0x26, 0x8a, 0xa8, 0xda, 0x4b, 0xfb, 0x2a, 0xfb,
    0xc9, 0xe2, 0x67, 0x7a, 0x7a, 0xef, 0xf0, 0xb4, 0x00, 0x00, 0x00, 0x00, 0x00, 0x00, 0x00, 0x00,
    0x00, 0x00, 0x00, 0x00, 0x00, 0x00, 0x00, 0x00, 0x00, 0x00, 0x01, 0x41, 0xe9, 0xe2, 0x2a, 0xfb,
    0x6b, 0xfb, 0xa8, 0xda, 0x25, 0x72, 0xf8, 0xe6, 0x18, 0xe7, 0x66, 0x7a, 0x88, 0xda, 0x6b, 0xfb,
    0x4b, 0xfb, 0x88, 0xe2, 0x66, 0x8a, 0x29, 0x7b, 0x00, 0x00, 0x00, 0x00, 0x00, 0x00, 0x00, 0x00,
    0x00, 0x00, 0x00, 0x00, 0x00, 0x00, 0x00, 0x00, 0x22, 0x51, 0x09, 0xeb, 0x2a, 0xfb, 0x6b, 0xfb,
    0xa8, 0xe2, 0x05, 0x72, 0x18, 0xef, 0x17, 0xf7, 0xf7, 0xf6, 0x59, 0xef, 0x67, 0x7a, 0xa8, 0xda,
    0x6b, 0xfb, 0x4b, 0xfb, 0xe9, 0xea, 0x63, 0x71, 0x20, 0x00, 0x00, 0x00, 0x00, 0x00, 0x00, 0x00,
    0x00, 0x00, 0x00, 0x00, 0x00, 0x00, 0x43, 0x59, 0x09, 0xeb, 0x2a, 0xfb, 0x6b, 0xfb, 0xa8, 0xe2,
    0x05, 0x72, 0x18, 0xe7, 0xb3, 0xc5, 0x2b, 0x6b, 0x2b, 0x6b, 0x93, 0xc5, 0x59, 0xef, 0x66, 0x7a,
    0x88, 0xda, 0x6b, 0xfb, 0x4a, 0xfb, 0x2a, 0xfb, 0xc4, 0x79, 0x40, 0x08, 0x00, 0x00, 0x00, 0x00,
    0x00, 0x00, 0x40, 0x08, 0x83, 0x69, 0x2a, 0xf3, 0x4a, 0xfb, 0x6b, 0xfb, 0xa8, 0xe2, 0x26, 0x7a,
    0xf8, 0xe6, 0x59, 0xff, 0x8c, 0x7b, 0xd3, 0x8c, 0xd3, 0x8c, 0x8d, 0x7b, 0x38, 0xff, 0x39, 0xef,
    0x46, 0x7a, 0x88, 0xda, 0x6b, 0xfb, 0x2a, 0xfb, 0x4b, 0xfb, 0xc4, 0x81, 0x20, 0x08, 0x00, 0x00,
    0x00, 0x00, 0x43, 0x51, 0x09, 0xf3, 0x2a, 0xfb, 0x6b, 0xfb, 0x88, 0xda, 0x46, 0x7a, 0xf8, 0xe6,
    0xfb, 0xff, 0xb6, 0xee, 0xad, 0x7b, 0x10, 0x7c, 0x0f, 0x7c, 0xce, 0x7b, 0xb6, 0xee, 0xdb, 0xff,
    0x18, 0xe7, 0x46, 0x72, 0x88, 0xda, 0x6b, 0xfb, 0x2a, 0xfb, 0x2a, 0xfb, 0x63, 0x69, 0x00, 0x00,
    0x00, 0x00, 0xc4, 0x81, 0x4b, 0xfb, 0x6b, 0xfb, 0x67, 0xca, 0x67, 0x7a, 0x18, 0xe7, 0xba, 0xff,
    0x7a, 0xff, 0xf7, 0xee, 0xee, 0x83, 0x30, 0x7c, 0x30, 0x7c, 0xee, 0x83, 0xf7, 0xee, 0x7a, 0xff,
    0xba, 0xff, 0x38, 0xef, 0xa7, 0x7a, 0x47, 0xca, 0x6b, 0xfb, 0x6b, 0xfb, 0xe5, 0x89, 0x00, 0x00,
    0x00, 0x00, 0xc1, 0x28, 0x26, 0xa2, 0x26, 0xa2, 0x09, 0x83, 0x38, 0xef, 0x9a, 0xff, 0x59, 0xf7,
    0x79, 0xff, 0x9a, 0xff, 0x35, 0xde, 0xf3, 0xd5, 0xf3, 0xd5, 0x34, 0xde, 0x9a, 0xff, 0x79, 0xff,
    0x59, 0xf7, 0x9a, 0xff, 0x59, 0xef, 0x29, 0x83, 0x06, 0xa2, 0x26, 0xaa, 0xc1, 0x30, 0x00, 0x00,
    0x00, 0x00, 0x00, 0x00, 0x00, 0x00, 0x26, 0x5a, 0xfb, 0xff, 0xfb, 0xff, 0xdb, 0xff, 0xfb, 0xff,
    0x9a, 0xff, 0x9a, 0xff, 0xfb, 0xff, 0x96, 0xde, 0x96, 0xde, 0xfb, 0xff, 0x9a, 0xff, 0x9a, 0xff,
    0xfb, 0xff, 0xdb, 0xff, 0xfb, 0xff, 0xfb, 0xff, 0x46, 0x62, 0x00, 0x00, 0x00, 0x00, 0x00, 0x00,
    0x00, 0x00, 0x00, 0x00, 0x00, 0x00, 0xa8, 0x72, 0x9a, 0xff, 0x10, 0xb5, 0xd0, 0xb4, 0xf0, 0xb4,
    0x18, 0xf7, 0x79, 0xf7, 0x09, 0x83, 0xe3, 0x71, 0xe2, 0x71, 0x08, 0x83, 0x59, 0xf7, 0x18, 0xf7,
    0xf0, 0xb4, 0xd0, 0xac, 0xf0, 0xb4, 0x9a, 0xff, 0xc8, 0x72, 0x00, 0x00, 0x00, 0x00, 0x00, 0x00,
    0x00, 0x00, 0x00, 0x00, 0x00, 0x00, 0xe8, 0x72, 0x14, 0xde, 0x31, 0x7c, 0xf0, 0x7b, 0x31, 0x74,
    0x72, 0xbd, 0xcf, 0xb4, 0xe2, 0x81, 0x67, 0xbb, 0x67, 0xbb, 0xe2, 0x81, 0xaf, 0xac, 0x51, 0xc5,
    0x31, 0x74, 0x31, 0x7c, 0x10, 0x74, 0xf3, 0xd5, 0x09, 0x7b, 0x00, 0x00, 0x00, 0x00, 0x00, 0x00,
    0x00, 0x00, 0x00, 0x00, 0x00, 0x00, 0xe8, 0x72, 0x34, 0xde, 0x2c, 0x6b, 0x2b, 0x73, 0x2c, 0x6b,
    0x31, 0xbd, 0xcb, 0x9b, 0xa4, 0xa2, 0x26, 0xab, 0x26, 0xab, 0xc4, 0xaa, 0xab, 0x93, 0x11, 0xb5,
    0x2c, 0x6b, 0x6c, 0x73, 0x0b, 0x63, 0xf3, 0xd5, 0x09, 0x7b, 0x00, 0x00, 0x00, 0x00, 0x00, 0x00,
    0x00, 0x00, 0x00, 0x00, 0x00, 0x00, 0xc8, 0x72, 0x14, 0xde, 0x10, 0x74, 0xef, 0x73, 0x31, 0x74,
    0x31, 0xbd, 0xeb, 0x9b, 0x84, 0x9a, 0x26, 0xb3, 0xe5, 0xa2, 0x43, 0x82, 0xab, 0x93, 0x31, 0xbd,
    0x31, 0x74, 0x30, 0x7c, 0xf0, 0x73, 0xf3, 0xd5, 0x09, 0x7b, 0x00, 0x00, 0x00, 0x00, 0x00, 0x00,
    0x00, 0x00, 0x00, 0x00, 0x00, 0x00, 0xa8, 0x6a, 0x79, 0xff, 0xd0, 0xb4, 0xaf, 0xac, 0xaf, 0xac,
    0x38, 0xf7, 0x8a, 0x93, 0xa4, 0xa2, 0x26, 0xb3, 0xe5, 0x9a, 0x22, 0x72, 0x29, 0x8b, 0x39, 0xf7,
    0xaf, 0xac, 0xaf, 0xac, 0xd0, 0xb4, 0x9a, 0xff, 0xc8, 0x72, 0x00, 0x00, 0x00, 0x00, 0x00, 0x00,
    0x00, 0x00, 0x00, 0x00, 0x00, 0x00, 0xc5, 0x51, 0xba, 0xff, 0xdb, 0xff, 0xdb, 0xff, 0xba, 0xff,
    0xdb, 0xff, 0x49, 0x8b, 0xa4, 0xa2, 0x26, 0xab, 0x06, 0xab, 0xa4, 0xa2, 0x29, 0x8b, 0xbb, 0xff,
    0xdb, 0xff, 0xdb, 0xff, 0xdb, 0xff, 0xba, 0xff, 0xc5, 0x51, 0x00, 0x00, 0x00, 0x00, 0x00, 0x00,
    0x00, 0x00, 0x00, 0x00, 0x00, 0x00, 0x20, 0x10, 0x2d, 0xa4, 0x9a, 0xff, 0xba, 0xff, 0x9a, 0xff,
    0xfc, 0xff, 0x8a, 0x93, 0xc4, 0xa2, 0x46, 0xb3, 0x46, 0xb3, 0xe5, 0xaa, 0x49, 0x8b, 0xfc, 0xff,
    0xba, 0xff, 0xba, 0xff, 0x9a, 0xff, 0x2d, 0xa4, 0x20, 0x10, 0x00, 0x00, 0x00, 0x00, 0x00, 0x00,
    0x00, 0x00, 0x00, 0x00, 0x00, 0x00, 0x00, 0x00, 0x40, 0x18, 0x46, 0x62, 0xab, 0x8b, 0xab, 0x93,
    0xcc, 0x93, 0x05, 0x62, 0xa2, 0x69, 0xe3, 0x71, 0xe3, 0x71, 0xc2, 0x69, 0xe4, 0x61, 0xcc, 0x93,
    0xab, 0x93, 0xab, 0x8b, 0x46, 0x62, 0x20, 0x10, 0x00, 0x00, 0x00, 0x00, 0x00, 0x00, 0x00, 0x00,
    0x00, 0x00, 0x00, 0x00, 0x00, 0x00, 0x00, 0x00, 0x00, 0x00, 0x00, 0x00, 0x00, 0x00, 0x00, 0x00,
    0x00, 0x00, 0x00, 0x00, 0x00, 0x00, 0x00, 0x00, 0x00, 0x00, 0x00, 0x00, 0x00, 0x00, 0x00, 0x00,
    0x00, 0x00, 0x00, 0x00, 0x00, 0x00, 0x00, 0x00, 0x00, 0x00, 0x00, 0x00, 0x00, 0x00, 0x00, 0x00,
    0x00, 0x00, 0x00, 0x00, 0x00, 0x00, 0x00, 0x00, 0x00, 0x00, 0x00, 0x00, 0x00, 0x00, 0x00, 0x00,
    0x00, 0x00, 0x00, 0x00, 0x00, 0x00, 0x00, 0x00, 0x00, 0x00, 0x00, 0x00, 0x00, 0x00, 0x00, 0x00,
    0x00, 0x00, 0x00, 0x00, 0x00, 0x00, 0x00, 0x00, 0x00, 0x00, 0x00, 0x00, 0x00, 0x00, 0x00, 0x00,
    0x00, 0x00, 0x00, 0x00, 0x00, 0x00, 0x00, 0x00, 0x00, 0x00, 0x00, 0x00, 0x00, 0x00, 0x00, 0x00,
    0x00, 0x00, 0x00, 0x00, 0x00, 0x00, 0x00, 0x00, 0x00, 0x00, 0x00, 0x00, 0x00, 0x00, 0x00, 0x00,
    0x00, 0x00, 0x59, 0xf1, 0xf1, 0x62, 0x00, 0x00, 0x00, 0x00, 0x00, 0x00, 0x00, 0x00, 0x00, 0x00,
    0x00, 0x00, 0x00, 0x00, 0x00, 0x00, 0x00, 0x00, 0x00, 0x6b, 0xff, 0xfd, 0xfd, 0xff, 0x85, 0x00,
    0x1a, 0x78, 0x73, 0x78, 0x10, 0x00, 0x00, 0x00, 0x00, 0x00, 0x00, 0x00, 0x00, 0x00, 0x00, 0x00,
    0x82, 0xff, 0xf7, 0xff, 0xff, 0xf7, 0xff, 0x86, 0xa8, 0xff, 0xff, 0xff, 0x5c, 0x00, 0x00, 0x00,
    0x00, 0x00, 0x00, 0x00, 0x00, 0x00, 0x00, 0x83, 0xff, 0xf5, 0xff, 0xff, 0xff, 0xff, 0xfb, 0xff,
    0xff, 0xf7, 0xf5, 0xf5, 0x10, 0x00, 0x00, 0x00, 0x00, 0x00, 0x00, 0x00, 0x00, 0x00, 0x95, 0xff,
    0xf7, 0xff, 0xff, 0xff, 0xff, 0xff, 0xff, 0xfb, 0xfd, 0xfd, 0xff, 0xf9, 0x00, 0x00, 0x00, 0x00,
    0x00, 0x00, 0x00, 0x00, 0x00, 0x9a, 0xff, 0xf7, 0xff, 0xff, 0xff, 0xff, 0xff, 0xff, 0xff, 0xff,
    0xff, 0xfd, 0xff, 0xf9, 0x00, 0x00, 0x00, 0x00, 0x00, 0x00, 0x00, 0x00, 0xb2, 0xff, 0xf7, 0xff,
    0xff, 0xff, 0xff, 0xff, 0xff, 0xff, 0xff, 0xff, 0xff, 0xff, 0xfb, 0xfd, 0x15, 0x00, 0x00, 0x00,
    0x00, 0x00, 0x00, 0xc0, 0xff, 0xf7, 0xff, 0xff, 0xff, 0xff, 0xff, 0xff, 0xff, 0xff, 0xff, 0xff,
    0xff, 0xff, 0xfd, 0xfb, 0xe6, 0x17, 0x00, 0x00, 0x00, 0x09, 0xce, 0xff, 0xf9, 0xff, 0xff, 0xff,
    0xff, 0xff, 0xff, 0xff, 0xff, 0xff, 0xff, 0xff, 0xff, 0xff, 0xff, 0xfd, 0xff, 0xf3, 0x16, 0x00,
    0x00, 0xab, 0xff, 0xf7, 0xff, 0xff, 0xff, 0xff, 0xff, 0xff, 0xff, 0xff, 0xff, 0xff, 0xff, 0xff,
    0xff, 0xff, 0xff, 0xff, 0xfb, 0xff, 0xd7, 0x00, 0x00, 0xfb, 0xfb, 0xfd, 0xff, 0xff, 0xff, 0xff,
    0xff, 0xff, 0xff, 0xff, 0xff, 0xff, 0xff, 0xff, 0xff, 0xff, 0xff, 0xff, 0xff, 0xfb, 0xff, 0x00,
    0x00, 0x55, 0xff, 0xfd, 0xff, 0xff, 0xff, 0xff, 0xff, 0xff, 0xff, 0xff, 0xff, 0xff, 0xff, 0xff,
    0xff, 0xff, 0xff, 0xff, 0xfd, 0xff, 0x5f, 0x00, 0x00, 0x00, 0x0e, 0xd5, 0xfd, 0xfd, 0xff, 0xff,
    0xff, 0xff, 0xff, 0xff, 0xff, 0xff, 0xff, 0xff, 0xff, 0xff, 0xfd, 0xff, 0xd5, 0x0f, 0x00, 0x00,
    0x00, 0x00, 0x00, 0xc3, 0xff, 0xfb, 0xff, 0xff, 0xff, 0xff, 0xff, 0xff, 0xff, 0xff, 0xff, 0xff,
    0xff, 0xff, 0xfb, 0xff, 0xc3, 0x00, 0x00, 0x00, 0x00, 0x00, 0x00, 0xc7, 0xff, 0xfb, 0xff, 0xff,
    0xff, 0xff, 0xff, 0xff, 0xff, 0xff, 0xff, 0xff, 0xff, 0xff, 0xfb, 0xff, 0xc7, 0x00, 0x00, 0x00,
    0x00, 0x00, 0x00, 0xc7, 0xff, 0xfb, 0xff, 0xff, 0xff, 0xff, 0xff, 0xff, 0xff, 0xff, 0xff, 0xff,
    0xff, 0xff, 0xfb, 0xff, 0xc7, 0x00, 0x00, 0x00, 0x00, 0x00, 0x00, 0xc5, 0xff, 0xfb, 0xff, 0xff,
    0xff, 0xff, 0xff, 0xff, 0xff, 0xff, 0xff, 0xff, 0xff, 0xff, 0xfb, 0xff, 0xc5, 0x00, 0x00, 0x00,
    0x00, 0x00, 0x00, 0xca, 0xff, 0xfb, 0xff, 0xff, 0xff, 0xff, 0xff, 0xff, 0xff, 0xff, 0xff, 0xff,
    0xff, 0xff, 0xfb, 0xff, 0xca, 0x00, 0x00, 0x00, 0x00, 0x00, 0x00, 0xa8, 0xfd, 0xf7, 0xff, 0xff,
    0xff, 0xff, 0xff, 0xff, 0xff, 0xff, 0xff, 0xff, 0xff, 0xff, 0xf7, 0xfd, 0xa8, 0x00, 0x00, 0x00,
    0x00, 0x00, 0x00, 0x1e, 0xff, 0xff, 0xff, 0xff, 0xff, 0xff, 0xff, 0xff, 0xff, 0xff, 0xff, 0xff,
    0xff, 0xff, 0xff, 0xff, 0x1e, 0x00, 0x00, 0x00, 0x00, 0x00, 0x00, 0x00, 0x2c, 0xcc, 0xfb, 0xfd,
    0xff, 0xff, 0xff, 0xff, 0xff, 0xff, 0xff, 0xff, 0xfd, 0xfb, 0xcc, 0x2c, 0x00, 0x00, 0x00, 0x00,
    0x00, 0x00, 0x00, 0x00, 0x00, 0x00, 0x00, 0x00, 0x00, 0x00, 0x00, 0x00, 0x00, 0x00, 0x00, 0x00,
    0x00, 0x00, 0x00, 0x00, 0x00, 0x00, 0x00, 0x00, 0x00, 0x00, 0x00, 0x00, 0x00, 0x00, 0x00, 0x00,
    0x00, 0x00, 0x00, 0x00, 0x00, 0x00, 0x00, 0x00, 0x00, 0x00, 0x00, 0x00, 0x00, 0x00, 0x00, 0x00,
};

static const LV_ATTRIBUTE_MEM_ALIGN uint8_t app_tama_ico_1_bag_map[] = {
    0x00, 0x00, 0x00, 0x00, 0x00, 0x00, 0x00, 0x00, 0x00, 0x00, 0x00, 0x00, 0x00, 0x00, 0x00, 0x00,
    0x00, 0x00, 0x00, 0x00, 0x00, 0x00, 0x00, 0x00, 0x00, 0x00, 0x00, 0x00, 0x00, 0x00, 0x00, 0x00,
    0x00, 0x00, 0x00, 0x00, 0x00, 0x00, 0x00, 0x00, 0x00, 0x00, 0x00, 0x00, 0x00, 0x00, 0x00, 0x00,
    0x00, 0x00, 0x00, 0x00, 0x00, 0x00, 0x00, 0x00, 0x20, 0x08, 0x40, 0x10, 0x20, 0x08, 0x00, 0x00,
    0x00, 0x00, 0x40, 0x08, 0xa1, 0x28, 0x63, 0x41, 0xa1, 0x28, 0x00, 0x00, 0x00, 0x00, 0x00, 0x00,
    0x20, 0x08, 0x40, 0x10, 0x40, 0x08, 0x00, 0x00, 0x00, 0x00, 0x00, 0x00, 0x00, 0x00, 0x00, 0x00,
    0x00, 0x00, 0x00, 0x00, 0x00, 0x00, 0xe2, 0x30, 0x24, 0x82, 0x84, 0x9a, 0x24, 0x82, 0xc1, 0x28,
    0x00, 0x00, 0x61, 0x20, 0x12, 0xb5, 0xbe, 0xf7, 0xf2, 0xb4, 0x61, 0x18, 0x00, 0x00, 0xc1, 0x28,
    0x24, 0x82, 0x84, 0x92, 0x24, 0x82, 0xc1, 0x30, 0x00, 0x00, 0x00, 0x00, 0x00, 0x00, 0x00, 0x00,
    0x00, 0x00, 0x00, 0x00, 0xe1, 0x30, 0xc3, 0x71, 0x42, 0x59, 0x05, 0xb3, 0xc5, 0xa2, 0x62, 0x51,
    0xe1, 0x30, 0x01, 0x41, 0x09, 0x7b, 0x6b, 0x83, 0x09, 0x7b, 0x02, 0x41, 0xe1, 0x30, 0x62, 0x59,
    0xc5, 0xa2, 0xe5, 0xb2, 0x41, 0x59, 0xc3, 0x71, 0xe2, 0x30, 0x00, 0x00, 0x00, 0x00, 0x00, 0x00,
    0x00, 0x00, 0x00, 0x00, 0x83, 0x61, 0x23, 0x8a, 0x26, 0x5a, 0xc4, 0x61, 0x82, 0x61, 0x64, 0x92,
    0xe5, 0xaa, 0xe5, 0xaa, 0x63, 0x9a, 0x63, 0x9a, 0x83, 0x9a, 0xe5, 0xaa, 0xe5, 0xaa, 0x64, 0x92,
    0x82, 0x61, 0xc4, 0x61, 0x06, 0x5a, 0x23, 0x8a, 0xa3, 0x61, 0x00, 0x00, 0x00, 0x00, 0x00, 0x00,
    0x00, 0x00, 0x41, 0x08, 0x03, 0x7a, 0xa2, 0x71, 0x13, 0xad, 0x67, 0x6a, 0xc4, 0xaa, 0x06, 0xb3,
    0xe5, 0xaa, 0xe5, 0xaa, 0x05, 0xb3, 0x06, 0xb3, 0x05, 0xb3, 0xe5, 0xaa, 0xe5, 0xaa, 0x05, 0xb3,
    0xa4, 0xa2, 0x67, 0x6a, 0x12, 0xad, 0xa1, 0x71, 0xe3, 0x71, 0x20, 0x08, 0x00, 0x00, 0x00, 0x00,
    0x00, 0x00, 0x61, 0x10, 0xe3, 0x79, 0x03, 0x7a, 0x47, 0x52, 0x04, 0x7a, 0x05, 0xb3, 0xe5, 0xaa,
    0xe5, 0xaa, 0xe5, 0xaa, 0xe5, 0xaa, 0xe5, 0xaa, 0xe5, 0xaa, 0xe5, 0xaa, 0xe5, 0xaa, 0xc5, 0xaa,
    0x05, 0xb3, 0x04, 0x7a, 0x27, 0x52, 0x03, 0x82, 0xe3, 0x71, 0x20, 0x08, 0x00, 0x00, 0x00, 0x00,
    0x00, 0x00, 0x00, 0x00, 0xc3, 0x71, 0x44, 0x8a, 0xa0, 0x30, 0x03, 0x7a, 0x05, 0xb3, 0xe5, 0xaa,
    0xe5, 0xaa, 0xe5, 0xaa, 0x05, 0xb3, 0x05, 0xb3, 0x05, 0xb3, 0xe5, 0xaa, 0xe5, 0xaa, 0xe5, 0xaa,
    0x05, 0xb3, 0x03, 0x7a, 0xa0, 0x30, 0x44, 0x8a, 0xc3, 0x69, 0x20, 0x08, 0x00, 0x00, 0x00, 0x00,
    0x00, 0x00, 0x00, 0x00, 0xa3, 0x61, 0xe3, 0x71, 0x45, 0x7a, 0xe3, 0x69, 0x05, 0xb3, 0xe5, 0xaa,
    0xe5, 0xaa, 0xe5, 0xb2, 0x64, 0x92, 0xa3, 0x69, 0x84, 0x92, 0x05, 0xb3, 0xe5, 0xaa, 0xe5, 0xaa,
    0xe5, 0xb2, 0xc3, 0x69, 0x45, 0x7a, 0xe3, 0x71, 0x82, 0x59, 0x00, 0x00, 0x00, 0x00, 0x00, 0x00,
    0x00, 0x00, 0x00, 0x00, 0x02, 0x39, 0x82, 0x59, 0x47, 0xb3, 0x44, 0x82, 0xc3, 0x69, 0x05, 0xb3,
    0x05, 0xb3, 0xe5, 0xaa, 0xa3, 0x61, 0x84, 0x92, 0xa3, 0x61, 0x05, 0xb3, 0x05, 0xb3, 0xe5, 0xaa,
    0xc3, 0x69, 0x65, 0x82, 0x46, 0xab, 0x82, 0x59, 0x02, 0x39, 0x00, 0x00, 0x00, 0x00, 0x00, 0x00,
    0x00, 0x00, 0x00, 0x00, 0x40, 0x10, 0x62, 0x51, 0x67, 0xbb, 0x87, 0xbb, 0x65, 0x82, 0xa3, 0x61,
    0xe3, 0x71, 0xc3, 0x69, 0x42, 0x51, 0x84, 0x92, 0x62, 0x51, 0xe3, 0x71, 0xe3, 0x71, 0xa3, 0x61,
    0x65, 0x82, 0x87, 0xbb, 0x67, 0xb3, 0x42, 0x51, 0x40, 0x10, 0x00, 0x00, 0x00, 0x00, 0x00, 0x00,
    0x00, 0x00, 0x00, 0x00, 0x00, 0x00, 0x62, 0x51, 0xa7, 0xc3, 0x67, 0xb3, 0xa7, 0xc3, 0x47, 0xb3,
    0x26, 0xab, 0x04, 0x72, 0x05, 0x83, 0xe5, 0x7a, 0xe5, 0x82, 0x24, 0x72, 0x26, 0xab, 0x47, 0xb3,
    0xa7, 0xc3, 0x47, 0xb3, 0x87, 0xbb, 0x62, 0x51, 0x00, 0x00, 0x00, 0x00, 0x00, 0x00, 0x00, 0x00,
    0x00, 0x00, 0x61, 0x10, 0x01, 0x41, 0xa3, 0x61, 0x87, 0xbb, 0x67, 0xb3, 0x67, 0xb3, 0x67, 0xbb,
    0xa7, 0xc3, 0x65, 0x82, 0x86, 0x9b, 0x44, 0x6a, 0x86, 0x9b, 0xa5, 0x8a, 0xa8, 0xc3, 0x67, 0xbb,
    0x67, 0xb3, 0x67, 0xb3, 0x87, 0xbb, 0x83, 0x59, 0x02, 0x41, 0x81, 0x18, 0x00, 0x00, 0x00, 0x00,
    0x00, 0x00, 0x42, 0x49, 0xa4, 0xa2, 0x04, 0x72, 0x87, 0xbb, 0x67, 0xbb, 0x87, 0xbb, 0x67, 0xbb,
    0x87, 0xbb, 0x06, 0xa3, 0xc3, 0x61, 0xe5, 0x8a, 0xc3, 0x61, 0x06, 0xa3, 0x87, 0xbb, 0x67, 0xbb,
    0x87, 0xbb, 0x67, 0xbb, 0x87, 0xbb, 0xe3, 0x71, 0xc5, 0xa2, 0x42, 0x49, 0x00, 0x00, 0x00, 0x00,
    0x00, 0x00, 0xc3, 0x69, 0xc5, 0xaa, 0xe3, 0x71, 0x87, 0xc3, 0x67, 0xbb, 0x44, 0x7a, 0xc3, 0x69,
    0xc3, 0x69, 0xc3, 0x61, 0x42, 0x51, 0x44, 0x92, 0x42, 0x51, 0xc3, 0x69, 0xc3, 0x69, 0xc3, 0x61,
    0x44, 0x82, 0x67, 0xbb, 0x87, 0xbb, 0xe3, 0x69, 0xe5, 0xaa, 0xa3, 0x61, 0x00, 0x00, 0x00, 0x00,
    0x00, 0x00, 0xa3, 0x61, 0x03, 0x7a, 0xc3, 0x61, 0xc8, 0xcb, 0xa5, 0x92, 0xa3, 0x69, 0xe5, 0xaa,
    0xc5, 0xa2, 0xc5, 0xa2, 0x44, 0x8a, 0xa3, 0x61, 0x64, 0x8a, 0xc5, 0xa2, 0xc5, 0xa2, 0xe5, 0xaa,
    0xa2, 0x69, 0xa5, 0x92, 0xa8, 0xc3, 0xa3, 0x59, 0x03, 0x7a, 0xa3, 0x61, 0x00, 0x00, 0x00, 0x00,
    0x00, 0x00, 0xc1, 0x28, 0xc3, 0x69, 0xe4, 0x71, 0xc8, 0xcb, 0x65, 0x82, 0x23, 0x82, 0xc5, 0xa2,
    0x84, 0x92, 0xe5, 0xb2, 0x05, 0xb3, 0x05, 0xb3, 0xe5, 0xb2, 0xe5, 0xaa, 0x84, 0x92, 0xc5, 0xa2,
    0x23, 0x82, 0x65, 0x82, 0xa8, 0xc3, 0xe4, 0x69, 0xc3, 0x69, 0xa1, 0x28, 0x00, 0x00, 0x00, 0x00,
    0x00, 0x00, 0x80, 0x20, 0xc5, 0x9a, 0x04, 0x72, 0xc8, 0xcb, 0x85, 0x8a, 0x03, 0x7a, 0xc5, 0x8a,
    0xc5, 0x82, 0xa5, 0xa2, 0x05, 0xb3, 0xe5, 0xaa, 0x05, 0xb3, 0xa5, 0xa2, 0xc5, 0x82, 0xe5, 0x92,
    0xe3, 0x79, 0x85, 0x8a, 0xa8, 0xc3, 0x04, 0x72, 0xe6, 0xa2, 0x60, 0x18, 0x00, 0x00, 0x00, 0x00,
    0x00, 0x00, 0xa1, 0x20, 0xa5, 0x9a, 0x04, 0x72, 0xa8, 0xc3, 0xc5, 0x92, 0x42, 0x51, 0x23, 0x7a,
    0x03, 0x7a, 0x84, 0x92, 0x84, 0x92, 0x64, 0x92, 0x64, 0x92, 0x84, 0x92, 0x03, 0x7a, 0x03, 0x7a,
    0x42, 0x51, 0xc6, 0x9a, 0x87, 0xc3, 0x03, 0x72, 0xa5, 0x9a, 0x81, 0x20, 0x00, 0x00, 0x00, 0x00,
    0x00, 0x00, 0x20, 0x08, 0x63, 0x51, 0xc3, 0x61, 0xa7, 0xc3, 0xc5, 0x92, 0x82, 0x61, 0x03, 0x7a,
    0xe3, 0x71, 0xc3, 0x69, 0xc3, 0x69, 0xc3, 0x69, 0xc3, 0x69, 0xc3, 0x69, 0xe3, 0x71, 0x03, 0x7a,
    0x82, 0x61, 0xc5, 0x92, 0x87, 0xbb, 0xc3, 0x61, 0x62, 0x51, 0x40, 0x08, 0x00, 0x00, 0x00, 0x00,
    0x00, 0x00, 0x00, 0x00, 0x00, 0x00, 0xa1, 0x20, 0x26, 0xab, 0x27, 0xab, 0x82, 0x61, 0xe5, 0xaa,
    0xe5, 0xaa, 0xe5, 0xaa, 0xe5, 0xaa, 0xc5, 0xaa, 0xe5, 0xaa, 0xe5, 0xaa, 0xc5, 0xaa, 0xc5, 0xa2,
    0x82, 0x61, 0x47, 0xab, 0x06, 0xa3, 0xa1, 0x20, 0x00, 0x00, 0x00, 0x00, 0x00, 0x00, 0x00, 0x00,
    0x00, 0x00, 0x00, 0x00, 0x00, 0x00, 0x00, 0x00, 0x43, 0x41, 0x26, 0xab, 0x85, 0x8a, 0xc3, 0x69,
    0x03, 0x72, 0x03, 0x72, 0x03, 0x72, 0x03, 0x72, 0x03, 0x72, 0x03, 0x72, 0x03, 0x72, 0xc3, 0x69,
    0x85, 0x8a, 0x06, 0xa3, 0x22, 0x41, 0x00, 0x00, 0x00, 0x00, 0x00, 0x00, 0x00, 0x00, 0x00, 0x00,
    0x00, 0x00, 0x00, 0x00, 0x00, 0x00, 0x00, 0x00, 0x00, 0x00, 0xc1, 0x28, 0xc3, 0x61, 0xe4, 0x69,
    0xc3, 0x61, 0xc3, 0x61, 0xc3, 0x61, 0xc3, 0x61, 0xc3, 0x61, 0xc3, 0x61, 0xc3, 0x61, 0xe4, 0x69,
    0xc3, 0x61, 0xc2, 0x28, 0x00, 0x00, 0x00, 0x00, 0x00, 0x00, 0x00, 0x00, 0x00, 0x00, 0x00, 0x00,
    0x00, 0x00, 0x00, 0x00, 0x00, 0x00, 0x00, 0x00, 0x00, 0x00, 0x00, 0x00, 0x00, 0x00, 0x00, 0x00,
    0x00, 0x00, 0x00, 0x00, 0x00, 0x00, 0x00, 0x00, 0x00, 0x00, 0x00, 0x00, 0x00, 0x00, 0x00, 0x00,
    0x00, 0x00, 0x00, 0x00, 0x00, 0x00, 0x00, 0x00, 0x00, 0x00, 0x00, 0x00, 0x00, 0x00, 0x00, 0x00,
    0x00, 0x00, 0x00, 0x00, 0x00, 0x00, 0x00, 0x00, 0x00, 0x00, 0x00, 0x00, 0x00, 0x00, 0x00, 0x00,
    0x00, 0x00, 0x00, 0x00, 0x00, 0x00, 0x00, 0x00, 0x00, 0x00, 0x00, 0x00, 0x18, 0x2e, 0x15, 0x00,
    0x00, 0x08, 0xa5, 0xf3, 0x9e, 0x00, 0x00, 0x00, 0x15, 0x2d, 0x18, 0x00, 0x00, 0x00, 0x00, 0x00,
    0x00, 0x00, 0x00, 0xb2, 0xff, 0xff, 0xff, 0x5d, 0x00, 0x7c, 0xff, 0xf3, 0xff, 0x77, 0x00, 0x5f,
    0xff, 0xff, 0xff, 0xad, 0x00, 0x00, 0x00, 0x00, 0x00, 0x00, 0x97, 0xff, 0xf7, 0xf9, 0xfd, 0xff,
    0x8e, 0xe8, 0xfb, 0xfd, 0xfb, 0xe6, 0x8e, 0xff, 0xfd, 0xf9, 0xf7, 0xff, 0x94, 0x00, 0x00, 0x00,
    0x00, 0x00, 0xf7, 0xfb, 0xff, 0xff, 0xff, 0xfb, 0xff, 0xff, 0xff, 0xff, 0xff, 0xff, 0xff, 0xfb,
    0xff, 0xff, 0xff, 0xfb, 0xf7, 0x00, 0x00, 0x00, 0x00, 0x1c, 0xff, 0xfb, 0xff, 0xff, 0xff, 0xff,
    0xf9, 0xfd, 0xff, 0xff, 0xff, 0xfd, 0xf9, 0xff, 0xff, 0xff, 0xff, 0xfd, 0xff, 0x15, 0x00, 0x00,
    0x00, 0x1e, 0xff, 0xfb, 0xff, 0xff, 0xff, 0xff, 0xff, 0xff, 0xff, 0xff, 0xff, 0xff, 0xff, 0xff,
    0xff, 0xff, 0xff, 0xfd, 0xff, 0x15, 0x00, 0x00, 0x00, 0x11, 0xff, 0xfd, 0xff, 0xff, 0xff, 0xff,
    0xff, 0xff, 0xff, 0xff, 0xff, 0xff, 0xff, 0xff, 0xff, 0xff, 0xff, 0xfd, 0xfd, 0x11, 0x00, 0x00,
    0x00, 0x00, 0xe9, 0xff, 0xff, 0xff, 0xff, 0xff, 0xff, 0xff, 0xff, 0xff, 0xff, 0xff, 0xff, 0xff,
    0xff, 0xff, 0xfd, 0xff, 0xe4, 0x00, 0x00, 0x00, 0x00, 0x00, 0x94, 0xff, 0xf9, 0xff, 0xff, 0xff,
    0xff, 0xff, 0xff, 0xff, 0xff, 0xff, 0xff, 0xff, 0xff, 0xff, 0xf9, 0xff, 0x8f, 0x00, 0x00, 0x00,
    0x00, 0x00, 0x1f, 0xff, 0xf9, 0xff, 0xff, 0xff, 0xff, 0xff, 0xff, 0xff, 0xff, 0xff, 0xff, 0xff,
    0xff, 0xff, 0xf9, 0xff, 0x1e, 0x00, 0x00, 0x00, 0x00, 0x00, 0x00, 0xce, 0xff, 0xfb, 0xff, 0xff,
    0xff, 0xff, 0xff, 0xff, 0xff, 0xff, 0xff, 0xff, 0xff, 0xfb, 0xff, 0xce, 0x00, 0x00, 0x00, 0x00,
    0x00, 0x1a, 0xaa, 0xef, 0xff, 0xff, 0xff, 0xff, 0xff, 0xff, 0xff, 0xff, 0xff, 0xff, 0xff, 0xff,
    0xff, 0xff, 0xff, 0xef, 0xaa, 0x1b, 0x00, 0x00, 0x00, 0xca, 0xff, 0xff, 0xff, 0xff, 0xff, 0xff,
    0xff, 0xff, 0xff, 0xff, 0xff, 0xff, 0xff, 0xff, 0xff, 0xff, 0xff, 0xff, 0xff, 0xc5, 0x00, 0x00,
    0x00, 0xfd, 0xfb, 0xff, 0xff, 0xff, 0xff, 0xff, 0xff, 0xff, 0xff, 0xff, 0xff, 0xff, 0xff, 0xff,
    0xff, 0xff, 0xff, 0xff, 0xfb, 0xf7, 0x00, 0x00, 0x00, 0xff, 0xff, 0xff, 0xff, 0xff, 0xff, 0xff,
    0xff, 0xff, 0xff, 0xff, 0xff, 0xff, 0xff, 0xff, 0xff, 0xff, 0xff, 0xff, 0xff, 0xff, 0x00, 0x00,
    0x00, 0x75, 0xff, 0xfb, 0xff, 0xff, 0xff, 0xff, 0xff, 0xff, 0xff, 0xff, 0xff, 0xff, 0xff, 0xff,
    0xff, 0xff, 0xff, 0xfb, 0xff, 0x70, 0x00, 0x00, 0x00, 0x43, 0xfd, 0xf9, 0xff, 0xff, 0xff, 0xff,
    0xff, 0xff, 0xff, 0xff, 0xff, 0xff, 0xff, 0xff, 0xff, 0xff, 0xff, 0xf9, 0xfd, 0x44, 0x00, 0x00,
    0x00, 0x4e, 0xff, 0xf5, 0xff, 0xff, 0xff, 0xff, 0xff, 0xff, 0xff, 0xff, 0xff, 0xff, 0xff, 0xff,
    0xff, 0xff, 0xff, 0xf5, 0xff, 0x4b, 0x00, 0x00, 0x00, 0x0b, 0xda, 0xff, 0xf9, 0xff, 0xff, 0xff,
    0xff, 0xff, 0xff, 0xff, 0xff, 0xff, 0xff, 0xff, 0xff, 0xff, 0xf9, 0xff, 0xd7, 0x0a, 0x00, 0x00,
    0x00, 0x00, 0x00, 0x67, 0xff, 0xf3, 0xff, 0xff, 0xff, 0xff, 0xff, 0xff, 0xff, 0xff, 0xff, 0xff,
    0xff, 0xf3, 0xff, 0x67, 0x00, 0x00, 0x00, 0x00, 0x00, 0x00, 0x00, 0x00, 0xb9, 0xff, 0xff, 0xff,
    0xff, 0xff, 0xff, 0xff, 0xff, 0xff, 0xff, 0xff, 0xff, 0xff, 0xb2, 0x00, 0x00, 0x00, 0x00, 0x00,
    0x00, 0x00, 0x00, 0x00, 0x00, 0x67, 0xd9, 0xfd, 0xff, 0xff, 0xff, 0xff, 0xff, 0xff, 0xff, 0xfd,
    0xda, 0x67, 0x00, 0x00, 0x00, 0x00, 0x00, 0x00, 0x00, 0x00, 0x00, 0x00, 0x00, 0x00, 0x00, 0x00,
    0x00, 0x00, 0x00, 0x00, 0x00, 0x00, 0x00, 0x00, 0x00, 0x00, 0x00, 0x00, 0x00, 0x00, 0x00, 0x00,
};

static const LV_ATTRIBUTE_MEM_ALIGN uint8_t app_tama_ico_2_game_map[] = {
    0x00, 0x00, 0x00, 0x00, 0x00, 0x00, 0x00, 0x00, 0x00, 0x00, 0x00, 0x00, 0x00, 0x00, 0x00, 0x00,
    0x00, 0x00, 0x00, 0x00, 0x00, 0x00, 0x00, 0x00, 0x00, 0x00, 0x00, 0x00, 0x00, 0x00, 0x00, 0x00,
    0x00, 0x00, 0x00, 0x00, 0x00, 0x00, 0x00, 0x00, 0x00, 0x00, 0x00, 0x00, 0x00, 0x00, 0x00, 0x00,
    0x00, 0x00, 0x00, 0x00, 0x00, 0x00, 0x00, 0x00, 0x00, 0x00, 0x00, 0x00, 0x00, 0x00, 0x00, 0x00,
    0x00, 0x00, 0x00, 0x00, 0x00, 0x00, 0x00, 0x00, 0x00, 0x00, 0x00, 0x00, 0x00, 0x00, 0x00, 0x00,
    0x00, 0x00, 0x00, 0x00, 0x00, 0x00, 0x00, 0x00, 0x00, 0x00, 0x00, 0x00, 0x00, 0x00, 0x00, 0x00,
    0x00, 0x00, 0x00, 0x00, 0x00, 0x00, 0x00, 0x00, 0x00, 0x00, 0x00, 0x00, 0x00, 0x00, 0x00, 0x00,
    0x00, 0x00, 0x00, 0x00, 0x00, 0x00, 0x00, 0x00, 0x00, 0x00, 0x00, 0x00, 0x00, 0x00, 0x00, 0x00,
    0x00, 0x00, 0x00, 0x00, 0x00, 0x00, 0x00, 0x00, 0x00, 0x00, 0x00, 0x00, 0x00, 0x00, 0x00, 0x00,
    0x00, 0x00, 0x00, 0x00, 0x00, 0x00, 0x00, 0x00, 0x00, 0x00, 0x00, 0x00, 0x00, 0x00, 0x00, 0x00,
    0x00, 0x00, 0x00, 0x00, 0x00, 0x00, 0x00, 0x00, 0x00, 0x00, 0x00, 0x00, 0x00, 0x00, 0x00, 0x00,
    0x00, 0x00, 0x00, 0x00, 0x00, 0x00, 0x00, 0x00, 0x00, 0x00, 0x00, 0x00, 0x00, 0x00, 0x00, 0x00,
    0x00, 0x00, 0x00, 0x00, 0x00, 0x00, 0x00, 0x00, 0x00, 0x00, 0x00, 0x00, 0x00, 0x00, 0x00, 0x00,
    0x00, 0x00, 0xe2, 0x28, 0xcc, 0x8b, 0x0e, 0x94, 0x0e, 0x94, 0xac, 0x8b, 0xa1, 0x20, 0x00, 0x00,
    0x00, 0x00, 0x00, 0x00, 0x00, 0x00, 0x00, 0x00, 0x00, 0x00, 0x00, 0x00, 0x00, 0x00, 0x00, 0x00,
    0x00, 0x00, 0x00, 0x00, 0x00, 0x00, 0x00, 0x00, 0x00, 0x00, 0x00, 0x00, 0x40, 0x08, 0x40, 0x18,
    0x40, 0x10, 0xc4, 0x51, 0xd0, 0xa4, 0xb0, 0xa4, 0xb0, 0xa4, 0xb0, 0xa4, 0x84, 0x49, 0x40, 0x10,
    0x60, 0x18, 0x40, 0x08, 0x00, 0x00, 0x00, 0x00, 0x00, 0x00, 0x00, 0x00, 0x00, 0x00, 0x00, 0x00,
    0x00, 0x00, 0x00, 0x00, 0x00, 0x00, 0x00, 0x00, 0x60, 0x18, 0xa4, 0x79, 0xa8, 0xd2, 0xe9, 0xe2,
    0xc9, 0xda, 0x88, 0xd2, 0x06, 0xca, 0x06, 0xca, 0x06, 0xca, 0x06, 0xca, 0x88, 0xda, 0xc9, 0xda,
    0xc9, 0xda, 0x88, 0xca, 0xa4, 0x79, 0x60, 0x18, 0x00, 0x00, 0x00, 0x00, 0x00, 0x00, 0x00, 0x00,
    0x00, 0x00, 0x00, 0x00, 0x00, 0x00, 0x81, 0x20, 0x67, 0xc2, 0x6b, 0xfb, 0x88, 0xe2, 0xa9, 0xea,
    0x4b, 0xfb, 0x2b, 0xfb, 0x4b, 0xfb, 0x4b, 0xfb, 0x4b, 0xfb, 0x4b, 0xfb, 0x2b, 0xfb, 0x2b, 0xfb,
    0x4b, 0xfb, 0x2b, 0xfb, 0x4b, 0xfb, 0x88, 0xc2, 0x60, 0x20, 0x00, 0x00, 0x00, 0x00, 0x00, 0x00,
    0x00, 0x00, 0x00, 0x00, 0x20, 0x00, 0x26, 0xaa, 0x8c, 0xfb, 0x26, 0xba, 0x2a, 0x7b, 0xa8, 0x7a,
    0x88, 0xe2, 0x4b, 0xfb, 0x0a, 0xfb, 0x0a, 0xfb, 0x0a, 0xfb, 0x0a, 0xfb, 0x4b, 0xfb, 0x2b, 0xfb,
    0xc9, 0xe2, 0xe5, 0x79, 0xc5, 0x79, 0x0a, 0xfb, 0x26, 0xaa, 0x20, 0x00, 0x00, 0x00, 0x00, 0x00,
    0x00, 0x00, 0x00, 0x00, 0xa1, 0x30, 0x0a, 0xf3, 0x88, 0xba, 0x23, 0x59, 0xb7, 0xe6, 0x72, 0xbd,
    0x23, 0x61, 0xa9, 0xd2, 0x2b, 0xfb, 0x0a, 0xfb, 0x2a, 0xfb, 0x2b, 0xfb, 0x28, 0xc2, 0xea, 0xf2,
    0xc5, 0x91, 0xfa, 0x85, 0xd9, 0x7d, 0xc5, 0x91, 0x2a, 0xfb, 0xa1, 0x28, 0x00, 0x00, 0x00, 0x00,
    0x00, 0x00, 0x00, 0x00, 0x43, 0x61, 0x0a, 0xfb, 0x26, 0x72, 0x5a, 0xe7, 0x7a, 0xff, 0xbb, 0xff,
    0x97, 0xce, 0xc5, 0x81, 0x2b, 0xfb, 0x2a, 0xfb, 0x2b, 0xfb, 0x06, 0x9a, 0x86, 0x83, 0x86, 0x92,
    0xa5, 0x99, 0x51, 0x6c, 0x10, 0x64, 0x06, 0xaa, 0x6b, 0xfb, 0x23, 0x59, 0x00, 0x00, 0x00, 0x00,
    0x00, 0x00, 0x00, 0x00, 0xc5, 0x89, 0x4b, 0xfb, 0x26, 0x92, 0xc9, 0x7a, 0x19, 0xf7, 0x35, 0xd6,
    0x88, 0x72, 0x47, 0xb2, 0x2b, 0xfb, 0x2a, 0xfb, 0xea, 0xf2, 0x24, 0x72, 0xcf, 0xff, 0x27, 0x9c,
    0x07, 0xba, 0x46, 0xc2, 0x06, 0xba, 0x2a, 0xfb, 0x4b, 0xfb, 0xa5, 0x81, 0x00, 0x00, 0x00, 0x00,
    0x00, 0x00, 0x20, 0x08, 0x47, 0xba, 0x2b, 0xfb, 0x4b, 0xfb, 0x64, 0x99, 0x6f, 0x94, 0x6b, 0x7b,
    0xc5, 0xb9, 0x4b, 0xfb, 0x0a, 0xf3, 0x0a, 0xf3, 0x2b, 0xfb, 0x47, 0xb2, 0x85, 0x72, 0x25, 0x8a,
    0xea, 0xea, 0x4b, 0xfb, 0x4b, 0xfb, 0x0a, 0xfb, 0x2b, 0xfb, 0x47, 0xb2, 0x20, 0x00, 0x00, 0x00,
    0x00, 0x00, 0x80, 0x20, 0xc9, 0xda, 0x2b, 0xfb, 0x2a, 0xfb, 0x2a, 0xf3, 0x06, 0xaa, 0x68, 0xca,
    0x2b, 0xfb, 0x2b, 0xfb, 0x2b, 0xfb, 0x2b, 0xfb, 0x2b, 0xfb, 0x4b, 0xfb, 0xa9, 0xf2, 0xea, 0xfa,
    0x6b, 0xfb, 0x0a, 0xfb, 0x0a, 0xfb, 0x0a, 0xfb, 0x2b, 0xfb, 0xa8, 0xda, 0x80, 0x18, 0x00, 0x00,
    0x00, 0x00, 0x02, 0x41, 0x0a, 0xf3, 0x2a, 0xfb, 0x2a, 0xfb, 0x2b, 0xfb, 0x4b, 0xfb, 0x06, 0xaa,
    0x26, 0x82, 0xa5, 0x79, 0xa5, 0x71, 0xa5, 0x79, 0xc5, 0x71, 0xa5, 0x71, 0xe5, 0x81, 0x26, 0x82,
    0xe6, 0xa1, 0x2a, 0xfb, 0x2a, 0xfb, 0x0a, 0xfb, 0x0a, 0xfb, 0xea, 0xf2, 0xc1, 0x38, 0x00, 0x00,
    0x00, 0x00, 0x84, 0x71, 0x2b, 0xfb, 0x2a, 0xfb, 0x2a, 0xfb, 0x4b, 0xfb, 0xc5, 0x91, 0x11, 0xa5,
    0xf8, 0xe6, 0xe2, 0x20, 0x00, 0x00, 0x00, 0x00, 0x00, 0x00, 0x00, 0x00, 0x43, 0x31, 0x39, 0xe7,
    0x8f, 0x9c, 0xe5, 0xa1, 0x4b, 0xfb, 0x0a, 0xfb, 0x2a, 0xfb, 0x2b, 0xfb, 0x63, 0x61, 0x00, 0x00,
    0x00, 0x00, 0xc5, 0x89, 0x4b, 0xfb, 0x2a, 0xfb, 0x4b, 0xfb, 0x88, 0xe2, 0x09, 0x7b, 0xff, 0xff,
    0xaf, 0xac, 0x00, 0x00, 0x00, 0x00, 0x00, 0x00, 0x00, 0x00, 0x00, 0x00, 0x00, 0x08, 0x52, 0xbd,
    0xfe, 0xff, 0x88, 0x7a, 0xa9, 0xea, 0x4b, 0xfb, 0x2a, 0xfb, 0x2b, 0xfb, 0xc5, 0x81, 0x00, 0x00,
    0x00, 0x00, 0x43, 0x61, 0x4b, 0xfb, 0x2b, 0xfb, 0x6b, 0xfb, 0xa5, 0x99, 0xf4, 0xc5, 0xfd, 0xff,
    0x84, 0x41, 0x00, 0x00, 0x00, 0x00, 0x00, 0x00, 0x00, 0x00, 0x00, 0x00, 0x00, 0x00, 0xe5, 0x51,
    0xfe, 0xff, 0x52, 0xb5, 0xc5, 0xa1, 0x6c, 0xfb, 0x2b, 0xfb, 0x2b, 0xfb, 0x02, 0x51, 0x00, 0x00,
    0x00, 0x00, 0x60, 0x10, 0x06, 0x9a, 0x4b, 0xfb, 0xa9, 0xf2, 0xc9, 0x82, 0xbc, 0xff, 0xcc, 0x93,
    0x00, 0x08, 0x00, 0x00, 0x00, 0x00, 0x00, 0x00, 0x00, 0x00, 0x00, 0x00, 0x00, 0x00, 0x00, 0x08,
    0x6e, 0xa4, 0xbb, 0xff, 0x87, 0x82, 0xc9, 0xfa, 0x4b, 0xfb, 0xe5, 0x91, 0x20, 0x08, 0x00, 0x00,
    0x00, 0x00, 0x00, 0x00, 0x40, 0x10, 0x43, 0x59, 0x63, 0x69, 0x26, 0x5a, 0x06, 0x5a, 0x00, 0x08,
    0x00, 0x00, 0x00, 0x00, 0x00, 0x00, 0x00, 0x00, 0x00, 0x00, 0x00, 0x00, 0x00, 0x00, 0x00, 0x00,
    0x20, 0x10, 0x26, 0x5a, 0x06, 0x5a, 0x63, 0x71, 0x23, 0x51, 0x40, 0x08, 0x00, 0x00, 0x00, 0x00,
    0x00, 0x00, 0x00, 0x00, 0x00, 0x00, 0x00, 0x00, 0x00, 0x00, 0x00, 0x00, 0x00, 0x00, 0x00, 0x00,
    0x00, 0x00, 0x00, 0x00, 0x00, 0x00, 0x00, 0x00, 0x00, 0x00, 0x00, 0x00, 0x00, 0x00, 0x00, 0x00,
    0x00, 0x00, 0x00, 0x00, 0x00, 0x00, 0x00, 0x00, 0x00, 0x00, 0x00, 0x00, 0x00, 0x00, 0x00, 0x00,
    0x00, 0x00, 0x00, 0x00, 0x00, 0x00, 0x00, 0x00, 0x00, 0x00, 0x00, 0x00, 0x00, 0x00, 0x00, 0x00,
    0x00, 0x00, 0x00, 0x00, 0x00, 0x00, 0x00, 0x00, 0x00, 0x00, 0x00, 0x00, 0x00, 0x00, 0x00, 0x00,
    0x00, 0x00, 0x00, 0x00, 0x00, 0x00, 0x00, 0x00, 0x00, 0x00, 0x00, 0x00, 0x00, 0x00, 0x00, 0x00,
    0x00, 0x00, 0x00, 0x00, 0x00, 0x00, 0x00, 0x00, 0x00, 0x00, 0x00, 0x00, 0x00, 0x00, 0x00, 0x00,
    0x00, 0x00, 0x00, 0x00, 0x00, 0x00, 0x00, 0x00, 0x00, 0x00, 0x00, 0x00, 0x00, 0x00, 0x00, 0x00,
    0x00, 0x00, 0x00, 0x00, 0x00, 0x00, 0x00, 0x00, 0x00, 0x00, 0x00, 0x00, 0x00, 0x00, 0x00, 0x00,
    0x00, 0x00, 0x00, 0x00, 0x00, 0x00, 0x00, 0x00, 0x00, 0x00, 0x00, 0x00, 0x00, 0x00, 0x00, 0x00,
    0x00, 0x00, 0x00, 0x00, 0x00, 0x00, 0x00, 0x00, 0x00, 0x00, 0x00, 0x00, 0x00, 0x00, 0x00, 0x00,
    0x00, 0x00, 0x00, 0x00, 0x00, 0x00, 0x00, 0x00, 0x00, 0x00, 0x00, 0x00, 0x00, 0x00, 0x00, 0x00,
    0x00, 0x00, 0x00, 0x00, 0x00, 0x00, 0x00, 0x00, 0x00, 0x00, 0x00, 0x00, 0x00, 0x00, 0x00, 0x00,
    0x00, 0x00, 0x00, 0x00, 0x00, 0x00, 0x00, 0x00, 0x00, 0x00, 0x00, 0x00, 0x00, 0x00, 0x00, 0x00,
    0x00, 0x00, 0x00, 0x00, 0x00, 0x00, 0x00, 0x00, 0x00, 0x00, 0x00, 0x00, 0x00, 0x00, 0x00, 0x00,
    0x00, 0x00, 0x00, 0x00, 0x00, 0x00, 0x00, 0x00, 0x00, 0x00, 0x00, 0x00, 0x00, 0x00, 0x00, 0x00,
    0x00, 0x00, 0x00, 0x00, 0x00, 0x00, 0x00, 0x00, 0x00, 0x00, 0x00, 0x00, 0x00, 0x00, 0x00, 0x00,
    0x00, 0x00, 0x00, 0x00, 0x00, 0x00, 0x00, 0x00, 0x00, 0x00, 0x00, 0x00, 0x00, 0x00, 0x00, 0x00,
    0x00, 0x00, 0x00, 0x00, 0x00, 0x00, 0x00, 0x00, 0x00, 0x45, 0xf1, 0xf9, 0xf9, 0xf1, 0x36, 0x00,
    0x00, 0x00, 0x00, 0x00, 0x00, 0x00, 0x00, 0x00, 0x00, 0x00, 0x00, 0x00, 0x00, 0x00, 0x24, 0x37,
    0x3d, 0xf7, 0xff, 0xfd, 0xfd, 0xff, 0xe9, 0x39, 0x37, 0x24, 0x00, 0x00, 0x00, 0x00, 0x00, 0x00,
    0x00, 0x00, 0x00, 0x00, 0x4c, 0xed, 0xff, 0xff, 0xff, 0xff, 0xff, 0xff, 0xff, 0xff, 0xff, 0xff,
    0xff, 0xff, 0xed, 0x46, 0x00, 0x00, 0x00, 0x00, 0x00, 0x00, 0x00, 0x63, 0xff, 0xff, 0xf7, 0xf7,
    0xf7, 0xff, 0xff, 0xff, 0xff, 0xff, 0xfd, 0xf7, 0xf7, 0xf7, 0xff, 0xff, 0x61, 0x00, 0x00, 0x00,
    0x00, 0x00, 0x15, 0xff, 0xf3, 0xfd, 0xff, 0xff, 0xff, 0xff, 0xff, 0xff, 0xff, 0xff, 0xff, 0xff,
    0xff, 0xff, 0xfd, 0xf3, 0xff, 0x13, 0x00, 0x00, 0x00, 0x00, 0x73, 0xfb, 0xf7, 0xff, 0xff, 0xff,
    0xff, 0xff, 0xff, 0xff, 0xff, 0xff, 0xff, 0xff, 0xff, 0xff, 0xff, 0xf7, 0xfd, 0x69, 0x00, 0x00,
    0x00, 0x00, 0xb9, 0xff, 0xfb, 0xff, 0xff, 0xff, 0xff, 0xff, 0xff, 0xff, 0xff, 0xff, 0xff, 0xff,
    0xff, 0xff, 0xff, 0xfb, 0xff, 0xaf, 0x00, 0x00, 0x00, 0x00, 0xf1, 0xff, 0xfd, 0xff, 0xff, 0xff,
    0xff, 0xff, 0xff, 0xff, 0xff, 0xff, 0xff, 0xff, 0xff, 0xff, 0xff, 0xfd, 0xff, 0xe9, 0x00, 0x00,
    0x00, 0x20, 0xff, 0xfb, 0xff, 0xff, 0xff, 0xff, 0xff, 0xff, 0xfd, 0xfd, 0xfd, 0xfd, 0xff, 0xff,
    0xff, 0xff, 0xff, 0xff, 0xfb, 0xff, 0x18, 0x00, 0x00, 0x52, 0xff, 0xf9, 0xff, 0xff, 0xff, 0xff,
    0xff, 0xff, 0xff, 0xff, 0xff, 0xff, 0xfd, 0xff, 0xff, 0xff, 0xff, 0xff, 0xf9, 0xff, 0x46, 0x00,
    0x00, 0x9e, 0xff, 0xfb, 0xff, 0xff, 0xff, 0xff, 0xff, 0xff, 0xe0, 0xe0, 0xde, 0xe2, 0xff, 0xff,
    0xff, 0xff, 0xff, 0xff, 0xfb, 0xff, 0x89, 0x00, 0x00, 0xeb, 0xff, 0xfd, 0xff, 0xff, 0xff, 0xf7,
    0xff, 0x79, 0x00, 0x00, 0x00, 0x00, 0x95, 0xfd, 0xf9, 0xff, 0xff, 0xff, 0xfd, 0xff, 0xd5, 0x00,
    0x00, 0xff, 0xff, 0xff, 0xff, 0xff, 0xff, 0xf9, 0xff, 0x0f, 0x00, 0x00, 0x00, 0x00, 0x1a, 0xff,
    0xf9, 0xff, 0xff, 0xff, 0xff, 0xff, 0xff, 0x00, 0x00, 0xe6, 0xfd, 0xf9, 0xff, 0xff, 0xf7, 0xff,
    0xab, 0x00, 0x00, 0x00, 0x00, 0x00, 0x00, 0xc3, 0xfd, 0xf7, 0xff, 0xff, 0xf9, 0xff, 0xc7, 0x00,
    0x00, 0x2e, 0xff, 0xff, 0xff, 0xff, 0xff, 0xff, 0x17, 0x00, 0x00, 0x00, 0x00, 0x00, 0x00, 0x20,
    0xff, 0xff, 0xff, 0xff, 0xff, 0xff, 0x1f, 0x00, 0x00, 0x00, 0x2a, 0xbc, 0xf7, 0xf3, 0xb5, 0x20,
    0x00, 0x00, 0x00, 0x00, 0x00, 0x00, 0x00, 0x00, 0x2c, 0xb9, 0xf7, 0xf7, 0xb5, 0x21, 0x00, 0x00,
    0x00, 0x00, 0x00, 0x00, 0x00, 0x00, 0x00, 0x00, 0x00, 0x00, 0x00, 0x00, 0x00, 0x00, 0x00, 0x00,
    0x00, 0x00, 0x00, 0x00, 0x00, 0x00, 0x00, 0x00, 0x00, 0x00, 0x00, 0x00, 0x00, 0x00, 0x00, 0x00,
    0x00, 0x00, 0x00, 0x00, 0x00, 0x00, 0x00, 0x00, 0x00, 0x00, 0x00, 0x00, 0x00, 0x00, 0x00, 0x00,
    0x00, 0x00, 0x00, 0x00, 0x00, 0x00, 0x00, 0x00, 0x00, 0x00, 0x00, 0x00, 0x00, 0x00, 0x00, 0x00,
    0x00, 0x00, 0x00, 0x00, 0x00, 0x00, 0x00, 0x00, 0x00, 0x00, 0x00, 0x00, 0x00, 0x00, 0x00, 0x00,
    0x00, 0x00, 0x00, 0x00, 0x00, 0x00, 0x00, 0x00, 0x00, 0x00, 0x00, 0x00, 0x00, 0x00, 0x00, 0x00,
};

static const LV_ATTRIBUTE_MEM_ALIGN uint8_t app_tama_ico_3_dex_map[] = {
    0x00, 0x00, 0x00, 0x00, 0x00, 0x00, 0x00, 0x00, 0x00, 0x00, 0x00, 0x00, 0x00, 0x00, 0x00, 0x00,
    0x00, 0x00, 0x00, 0x00, 0x00, 0x00, 0x00, 0x00, 0x00, 0x00, 0x00, 0x00, 0x00, 0x00, 0x00, 0x00,
    0x00, 0x00, 0x00, 0x00, 0x00, 0x00, 0x00, 0x00, 0x00, 0x00, 0x00, 0x00, 0x00, 0x00, 0x00, 0x00,
    0x00, 0x00, 0x00, 0x00, 0x00, 0x00, 0x00, 0x00, 0x00, 0x00, 0x00, 0x00, 0x00, 0x00, 0x80, 0x20,
    0xc4, 0x49, 0x83, 0x41, 0x60, 0x18, 0x00, 0x00, 0x00, 0x00, 0x20, 0x10, 0x63, 0x41, 0x05, 0x52,
    0xa1, 0x28, 0x00, 0x00, 0x00, 0x00, 0x00, 0x00, 0x00, 0x00, 0x00, 0x00, 0x00, 0x00, 0x00, 0x00,
    0x00, 0x00, 0x00, 0x00, 0x00, 0x00, 0x00, 0x00, 0x00, 0x00, 0x00, 0x00, 0x02, 0x31, 0x52, 0xbd,
    0xfc, 0xff, 0xbb, 0xff, 0x2d, 0x9c, 0x60, 0x18, 0x40, 0x18, 0xec, 0x93, 0x9a, 0xff, 0xfc, 0xff,
    0xb3, 0xc5, 0x22, 0x39, 0x00, 0x00, 0x00, 0x00, 0x00, 0x00, 0x00, 0x00, 0x00, 0x00, 0x00, 0x00,
    0x00, 0x00, 0x00, 0x00, 0x00, 0x00, 0x00, 0x00, 0x00, 0x00, 0x40, 0x10, 0x11, 0xb5, 0xbc, 0xff,
    0xed, 0x8b, 0x8f, 0xa4, 0xfd, 0xff, 0xcc, 0x8b, 0x8b, 0x83, 0xfd, 0xff, 0xb0, 0xa4, 0xcc, 0x8b,
    0xbb, 0xff, 0x52, 0xbd, 0x40, 0x10, 0x00, 0x00, 0x00, 0x00, 0x00, 0x00, 0x00, 0x00, 0x00, 0x00,
    0x00, 0x00, 0x00, 0x00, 0x00, 0x00, 0x00, 0x00, 0x00, 0x00, 0x84, 0x41, 0x7a, 0xff, 0xc8, 0x6a,
    0xe2, 0x79, 0xc2, 0x69, 0x4a, 0x7b, 0xdc, 0xff, 0xfc, 0xff, 0x8b, 0x83, 0xa1, 0x69, 0x02, 0x7a,
    0x87, 0x6a, 0x7a, 0xff, 0xc4, 0x49, 0x00, 0x00, 0x00, 0x00, 0x00, 0x00, 0x00, 0x00, 0x00, 0x00,
    0x00, 0x00, 0x00, 0x00, 0x00, 0x00, 0x00, 0x00, 0x00, 0x00, 0xa8, 0x6a, 0x76, 0xde, 0xa2, 0x61,
    0xc7, 0xc3, 0xa7, 0xc3, 0x82, 0x59, 0x76, 0xde, 0x97, 0xde, 0x82, 0x59, 0xa7, 0xbb, 0xc7, 0xc3,
    0xa2, 0x61, 0x76, 0xd6, 0xe9, 0x72, 0x00, 0x00, 0x00, 0x00, 0x00, 0x00, 0x00, 0x00, 0x00, 0x00,
    0x00, 0x00, 0x00, 0x00, 0x60, 0x18, 0x05, 0x5a, 0x09, 0x7b, 0x31, 0xb5, 0xf4, 0xcd, 0xe3, 0x71,
    0x87, 0xbb, 0x87, 0xbb, 0x03, 0x7a, 0x93, 0xbd, 0x93, 0xbd, 0x03, 0x72, 0x87, 0xbb, 0x87, 0xb3,
    0xe3, 0x71, 0xf4, 0xcd, 0x31, 0xb5, 0x4a, 0x7b, 0x67, 0x62, 0x40, 0x18, 0x00, 0x00, 0x00, 0x00,
    0x00, 0x00, 0x20, 0x08, 0x2a, 0x7b, 0xfc, 0xff, 0x7a, 0xf7, 0xfc, 0xff, 0xf8, 0xee, 0xa3, 0x59,
    0x87, 0xbb, 0xe8, 0xc3, 0xa2, 0x61, 0xd4, 0xcd, 0xf5, 0xcd, 0xa2, 0x61, 0xe8, 0xc3, 0x87, 0xbb,
    0xa3, 0x59, 0xf8, 0xe6, 0xfc, 0xff, 0x7a, 0xf7, 0xfd, 0xff, 0xab, 0x8b, 0x40, 0x10, 0x00, 0x00,
    0x00, 0x00, 0x02, 0x31, 0x18, 0xef, 0x11, 0xad, 0xa3, 0x59, 0x66, 0x6a, 0xf8, 0xe6, 0x4e, 0x9c,
    0x81, 0x61, 0xe2, 0x71, 0x67, 0x62, 0x9a, 0xff, 0xbb, 0xff, 0x87, 0x6a, 0xe2, 0x71, 0x81, 0x61,
    0x4e, 0x9c, 0xf8, 0xe6, 0x66, 0x6a, 0xa3, 0x59, 0xaf, 0xa4, 0x59, 0xf7, 0x42, 0x39, 0x00, 0x00,
    0x00, 0x00, 0x67, 0x62, 0xd8, 0xe6, 0xa3, 0x59, 0x46, 0xb3, 0x83, 0x92, 0x66, 0x6a, 0xbb, 0xff,
    0x52, 0xbd, 0xd0, 0xa4, 0x7a, 0xff, 0x39, 0xef, 0x39, 0xef, 0x9a, 0xff, 0xd0, 0xac, 0x52, 0xb5,
    0xdb, 0xff, 0x67, 0x6a, 0x83, 0x92, 0x66, 0xb3, 0x82, 0x59, 0xd8, 0xe6, 0xa8, 0x6a, 0x00, 0x00,
    0x00, 0x00, 0xa8, 0x6a, 0x35, 0xd6, 0xe3, 0x69, 0x87, 0xbb, 0x87, 0xbb, 0xc3, 0x61, 0xf5, 0xcd,
    0xfe, 0xff, 0x19, 0xef, 0x09, 0x7b, 0x25, 0x6a, 0x25, 0x6a, 0x09, 0x73, 0x18, 0xef, 0xfe, 0xff,
    0x15, 0xce, 0xc3, 0x61, 0x87, 0xbb, 0x87, 0xbb, 0xe3, 0x69, 0x15, 0xce, 0xe8, 0x72, 0x00, 0x00,
    0x00, 0x00, 0x84, 0x49, 0xd8, 0xe6, 0x05, 0x62, 0x26, 0xab, 0xe8, 0xcb, 0xa2, 0x61, 0x35, 0xd6,
    0x39, 0xef, 0xc4, 0x51, 0xc4, 0x9a, 0xa7, 0xc3, 0xc7, 0xc3, 0xc4, 0x9a, 0xa3, 0x51, 0x19, 0xef,
    0x36, 0xd6, 0x82, 0x59, 0xe8, 0xc3, 0x26, 0xab, 0xe4, 0x59, 0xd8, 0xe6, 0xa4, 0x49, 0x00, 0x00,
    0x00, 0x00, 0x00, 0x10, 0x52, 0xbd, 0x93, 0xbd, 0x61, 0x51, 0xc2, 0x69, 0xc8, 0x72, 0xfc, 0xff,
    0xc8, 0x72, 0xa4, 0x92, 0x09, 0xcc, 0xa7, 0xbb, 0xa7, 0xbb, 0x29, 0xcc, 0xa4, 0x92, 0xc8, 0x6a,
    0xfc, 0xff, 0xe8, 0x72, 0xa2, 0x69, 0x61, 0x51, 0x93, 0xbd, 0x72, 0xbd, 0x40, 0x18, 0x00, 0x00,
    0x00, 0x00, 0x00, 0x00, 0x22, 0x39, 0xb7, 0xe6, 0x36, 0xd6, 0xd0, 0xa4, 0x19, 0xef, 0x2a, 0x73,
    0x43, 0x7a, 0xe8, 0xcb, 0xa7, 0xbb, 0xa7, 0xbb, 0xa7, 0xbb, 0xa7, 0xbb, 0xe8, 0xcb, 0x43, 0x7a,
    0x09, 0x73, 0x19, 0xef, 0x11, 0xad, 0x56, 0xd6, 0xb7, 0xe6, 0x22, 0x39, 0x00, 0x00, 0x00, 0x00,
    0x00, 0x00, 0x00, 0x00, 0x00, 0x00, 0xc1, 0x30, 0x15, 0xd6, 0xfe, 0xff, 0xc8, 0x6a, 0x43, 0x82,
    0x08, 0xcc, 0xa7, 0xbb, 0xa8, 0xbb, 0xa8, 0xbb, 0xa8, 0xbb, 0xa8, 0xbb, 0xa7, 0xbb, 0x08, 0xcc,
    0x43, 0x82, 0xa7, 0x6a, 0xfd, 0xff, 0x35, 0xd6, 0xc1, 0x30, 0x00, 0x00, 0x00, 0x00, 0x00, 0x00,
    0x00, 0x00, 0x00, 0x00, 0x00, 0x00, 0x20, 0x10, 0xd3, 0xcd, 0x52, 0xbd, 0xc2, 0x69, 0x29, 0xd4,
    0xa7, 0xbb, 0xa8, 0xbb, 0xa7, 0xbb, 0xa8, 0xbb, 0xa7, 0xbb, 0xa7, 0xbb, 0xa7, 0xbb, 0xa7, 0xbb,
    0x29, 0xd4, 0xc2, 0x69, 0x32, 0xb5, 0xf4, 0xcd, 0x20, 0x10, 0x00, 0x00, 0x00, 0x00, 0x00, 0x00,
    0x00, 0x00, 0x00, 0x00, 0x00, 0x00, 0x40, 0x18, 0xb7, 0xe6, 0xec, 0x93, 0xa4, 0x9a, 0xe8, 0xc3,
    0xa7, 0xbb, 0xc8, 0xbb, 0xa8, 0xbb, 0xa7, 0xbb, 0xa7, 0xbb, 0xa7, 0xbb, 0xa8, 0xbb, 0xa7, 0xbb,
    0xc8, 0xc3, 0xa4, 0x92, 0xcc, 0x8b, 0xd7, 0xe6, 0x60, 0x18, 0x00, 0x00, 0x00, 0x00, 0x00, 0x00,
    0x00, 0x00, 0x00, 0x00, 0x00, 0x00, 0x20, 0x10, 0x35, 0xde, 0x2d, 0x94, 0x84, 0x92, 0x09, 0xcc,
    0xa7, 0xbb, 0xa8, 0xbb, 0xc8, 0xc3, 0xe8, 0xc3, 0xe8, 0xc3, 0xc8, 0xc3, 0xa8, 0xbb, 0xa7, 0xbb,
    0x08, 0xcc, 0x84, 0x92, 0x0d, 0x94, 0x55, 0xde, 0x40, 0x18, 0x00, 0x00, 0x00, 0x00, 0x00, 0x00,
    0x00, 0x00, 0x00, 0x00, 0x00, 0x00, 0x00, 0x00, 0x2d, 0x9c, 0x97, 0xde, 0x41, 0x51, 0x87, 0xbb,
    0xe8, 0xc3, 0xc8, 0xc3, 0x66, 0xb3, 0xc4, 0x9a, 0xc4, 0x9a, 0x46, 0xb3, 0xc8, 0xc3, 0xe8, 0xc3,
    0x87, 0xbb, 0x41, 0x51, 0x97, 0xde, 0x4e, 0x9c, 0x20, 0x08, 0x00, 0x00, 0x00, 0x00, 0x00, 0x00,
    0x00, 0x00, 0x00, 0x00, 0x00, 0x00, 0x00, 0x00, 0xc1, 0x28, 0x96, 0xe6, 0xb4, 0xc5, 0x25, 0x62,
    0x04, 0x6a, 0x04, 0x6a, 0xa7, 0x72, 0xec, 0x8b, 0xcc, 0x8b, 0xa7, 0x72, 0x04, 0x6a, 0x04, 0x6a,
    0x05, 0x62, 0xb4, 0xbd, 0xb7, 0xe6, 0xe1, 0x30, 0x00, 0x00, 0x00, 0x00, 0x00, 0x00, 0x00, 0x00,
    0x00, 0x00, 0x00, 0x00, 0x00, 0x00, 0x00, 0x00, 0x00, 0x00, 0x22, 0x39, 0x93, 0xc5, 0x18, 0xef,
    0x56, 0xd6, 0x76, 0xde, 0xb7, 0xe6, 0x76, 0xde, 0x76, 0xde, 0xb7, 0xe6, 0x76, 0xde, 0x56, 0xd6,
    0x18, 0xe7, 0x93, 0xc5, 0x23, 0x39, 0x00, 0x00, 0x00, 0x00, 0x00, 0x00, 0x00, 0x00, 0x00, 0x00,
    0x00, 0x00, 0x00, 0x00, 0x00, 0x00, 0x00, 0x00, 0x00, 0x00, 0x00, 0x00, 0x40, 0x18, 0xe5, 0x51,
    0xa8, 0x6a, 0x67, 0x62, 0x23, 0x39, 0x80, 0x20, 0x80, 0x20, 0x22, 0x39, 0x67, 0x62, 0xa8, 0x6a,
    0xe5, 0x51, 0x40, 0x18, 0x00, 0x00, 0x00, 0x00, 0x00, 0x00, 0x00, 0x00, 0x00, 0x00, 0x00, 0x00,
    0x00, 0x00, 0x00, 0x00, 0x00, 0x00, 0x00, 0x00, 0x00, 0x00, 0x00, 0x00, 0x00, 0x00, 0x00, 0x00,
    0x00, 0x00, 0x00, 0x00, 0x00, 0x00, 0x00, 0x00, 0x00, 0x00, 0x00, 0x00, 0x00, 0x00, 0x00, 0x00,
    0x00, 0x00, 0x00, 0x00, 0x00, 0x00, 0x00, 0x00, 0x00, 0x00, 0x00, 0x00, 0x00, 0x00, 0x00, 0x00,
    0x00, 0x00, 0x00, 0x00, 0x00, 0x00, 0x00, 0x00, 0x00, 0x00, 0x00, 0x00, 0x00, 0x00, 0x00, 0x00,
    0x00, 0x00, 0x00, 0x00, 0x00, 0x00, 0x00, 0x00, 0x00, 0x00, 0x00, 0x00, 0x00, 0x00, 0x00, 0x00,
    0x00, 0x00, 0x00, 0x00, 0x00, 0x00, 0x00, 0x00, 0x00, 0x00, 0x00, 0x00, 0x00, 0x00, 0x00, 0x00,
    0x00, 0x00, 0x00, 0x00, 0x00, 0x00, 0x00, 0x00, 0x00, 0x00, 0x00, 0x00, 0x00, 0x00, 0x00, 0x00,
    0x00, 0x00, 0x00, 0x00, 0x00, 0x00, 0x00, 0x00, 0x00, 0x00, 0x00, 0x00, 0x00, 0x00, 0x00, 0x70,
    0xd1, 0xc7, 0x47, 0x00, 0x00, 0x39, 0xc3, 0xde, 0x7f, 0x00, 0x00, 0x00, 0x00, 0x00, 0x00, 0x00,
    0x00, 0x00, 0x00, 0x00, 0x00, 0x00, 0xaa, 0xff, 0xff, 0xff, 0xff, 0x5c, 0x4c, 0xff, 0xff, 0xff,
    0xff, 0xb4, 0x00, 0x00, 0x00, 0x00, 0x00, 0x00, 0x00, 0x00, 0x00, 0x00, 0x00, 0x47, 0xff, 0xf3,
    0xfd, 0xfd, 0xfb, 0xff, 0xff, 0xfb, 0xfd, 0xff, 0xf3, 0xff, 0x4f, 0x00, 0x00, 0x00, 0x00, 0x00,
    0x00, 0x00, 0x00, 0x00, 0x00, 0xbc, 0xfb, 0xfb, 0xff, 0xff, 0xff, 0xfb, 0xfb, 0xff, 0xff, 0xff,
    0xfb, 0xfb, 0xc7, 0x00, 0x00, 0x00, 0x00, 0x00, 0x00, 0x00, 0x00, 0x00, 0x13, 0xef, 0xff, 0xfd,
    0xff, 0xff, 0xff, 0xff, 0xff, 0xff, 0xff, 0xff, 0xff, 0xff, 0xf7, 0x18, 0x00, 0x00, 0x00, 0x00,
    0x00, 0x00, 0x36, 0xd9, 0xff, 0xff, 0xff, 0xff, 0xff, 0xff, 0xff, 0xff, 0xff, 0xff, 0xff, 0xff,
    0xff, 0xff, 0xff, 0xff, 0xeb, 0x43, 0x00, 0x00, 0x00, 0x22, 0xff, 0xff, 0xfd, 0xff, 0xff, 0xff,
    0xff, 0xff, 0xff, 0xff, 0xff, 0xff, 0xff, 0xff, 0xff, 0xff, 0xff, 0xfd, 0xff, 0xff, 0x30, 0x00,
    0x00, 0xb5, 0xfb, 0xf9, 0xff, 0xff, 0xff, 0xff, 0xff, 0xff, 0xff, 0xff, 0xff, 0xff, 0xff, 0xff,
    0xff, 0xff, 0xff, 0xff, 0xf9, 0xfb, 0xc5, 0x00, 0x00, 0xf9, 0xff, 0xff, 0xff, 0xff, 0xff, 0xff,
    0xff, 0xff, 0xff, 0xff, 0xff, 0xff, 0xff, 0xff, 0xff, 0xff, 0xff, 0xff, 0xff, 0xff, 0xff, 0x00,
    0x00, 0xff, 0xff, 0xff, 0xff, 0xff, 0xff, 0xff, 0xff, 0xff, 0xff, 0xff, 0xff, 0xff, 0xff, 0xff,
    0xff, 0xff, 0xff, 0xff, 0xff, 0xff, 0xff, 0x00, 0x00, 0xc8, 0xfd, 0xfd, 0xff, 0xff, 0xff, 0xff,
    0xff, 0xff, 0xff, 0xff, 0xff, 0xff, 0xff, 0xff, 0xff, 0xff, 0xff, 0xff, 0xfd, 0xfd, 0xd5, 0x00,
    0x00, 0x49, 0xff, 0xf7, 0xff, 0xff, 0xff, 0xff, 0xff, 0xff, 0xff, 0xff, 0xff, 0xff, 0xff, 0xff,
    0xff, 0xff, 0xff, 0xff, 0xf7, 0xff, 0x57, 0x00, 0x00, 0x00, 0xbc, 0xff, 0xfb, 0xff, 0xff, 0xff,
    0xff, 0xff, 0xff, 0xff, 0xff, 0xff, 0xff, 0xff, 0xff, 0xff, 0xff, 0xfb, 0xff, 0xbc, 0x00, 0x00,
    0x00, 0x00, 0x00, 0xaf, 0xfd, 0xfb, 0xff, 0xff, 0xff, 0xff, 0xff, 0xff, 0xff, 0xff, 0xff, 0xff,
    0xff, 0xff, 0xfb, 0xfd, 0xaf, 0x00, 0x00, 0x00, 0x00, 0x00, 0x00, 0x43, 0xff, 0xf7, 0xff, 0xff,
    0xff, 0xff, 0xff, 0xff, 0xff, 0xff, 0xff, 0xff, 0xff, 0xff, 0xf7, 0xff, 0x47, 0x00, 0x00, 0x00,
    0x00, 0x00, 0x00, 0x62, 0xff, 0xf7, 0xff, 0xff, 0xff, 0xff, 0xff, 0xff, 0xff, 0xff, 0xff, 0xff,
    0xff, 0xff, 0xf7, 0xff, 0x61, 0x00, 0x00, 0x00, 0x00, 0x00, 0x00, 0x4e, 0xfd, 0xf7, 0xff, 0xff,
    0xff, 0xff, 0xff, 0xff, 0xff, 0xff, 0xff, 0xff, 0xff, 0xff, 0xf7, 0xfd, 0x57, 0x00, 0x00, 0x00,
    0x00, 0x00, 0x00, 0x17, 0xff, 0xf7, 0xff, 0xff, 0xff, 0xff, 0xff, 0xff, 0xff, 0xff, 0xff, 0xff,
    0xff, 0xff, 0xf5, 0xff, 0x1c, 0x00, 0x00, 0x00, 0x00, 0x00, 0x00, 0x00, 0xa2, 0xff, 0xf5, 0xfd,
    0xff, 0xff, 0xfb, 0xf9, 0xf9, 0xfb, 0xff, 0xff, 0xfd, 0xf5, 0xff, 0xaa, 0x00, 0x00, 0x00, 0x00,
    0x00, 0x00, 0x00, 0x00, 0x00, 0xba, 0xff, 0xff, 0xff, 0xff, 0xff, 0xff, 0xff, 0xff, 0xff, 0xff,
    0xff, 0xff, 0xba, 0x00, 0x00, 0x00, 0x00, 0x00, 0x00, 0x00, 0x00, 0x00, 0x00, 0x00, 0x5b, 0xcf,
    0xfb, 0xe9, 0xa3, 0x63, 0x63, 0xa3, 0xe9, 0xfb, 0xcf, 0x5b, 0x00, 0x00, 0x00, 0x00, 0x00, 0x00,
    0x00, 0x00, 0x00, 0x00, 0x00, 0x00, 0x00, 0x00, 0x00, 0x00, 0x00, 0x00, 0x00, 0x00, 0x00, 0x00,
    0x00, 0x00, 0x00, 0x00, 0x00, 0x00, 0x00, 0x00, 0x00, 0x00, 0x00, 0x00, 0x00, 0x00, 0x00, 0x00,
    0x00, 0x00, 0x00, 0x00, 0x00, 0x00, 0x00, 0x00, 0x00, 0x00, 0x00, 0x00, 0x00, 0x00, 0x00, 0x00,
};

static const LV_ATTRIBUTE_MEM_ALIGN uint8_t app_tama_ico_4_set_map[] = {
    0x00, 0x00, 0x00, 0x00, 0x00, 0x00, 0x00, 0x00, 0x00, 0x00, 0x00, 0x00, 0x00, 0x00, 0x00, 0x00,
    0x00, 0x00, 0x00, 0x00, 0x00, 0x00, 0x00, 0x00, 0x00, 0x00, 0x00, 0x00, 0x00, 0x00, 0x00, 0x00,
    0x00, 0x00, 0x00, 0x00, 0x00, 0x00, 0x00, 0x00, 0x00, 0x00, 0x00, 0x00, 0x00, 0x00, 0x00, 0x00,
    0x00, 0x00, 0x00, 0x00, 0x00, 0x00, 0x00, 0x00, 0x00, 0x00, 0x00, 0x00, 0x00, 0x00, 0x00, 0x00,
    0x00, 0x00, 0x40, 0x08, 0x82, 0x49, 0x43, 0x6a, 0x43, 0x6a, 0xc2, 0x59, 0x61, 0x10, 0x00, 0x00,
    0x00, 0x00, 0x00, 0x00, 0x00, 0x00, 0x00, 0x00, 0x00, 0x00, 0x00, 0x00, 0x00, 0x00, 0x00, 0x00,
    0x00, 0x00, 0x00, 0x00, 0x00, 0x00, 0x00, 0x00, 0x00, 0x00, 0x00, 0x00, 0x00, 0x00, 0x00, 0x00,
    0x00, 0x00, 0x40, 0x10, 0x67, 0xbc, 0x8b, 0xfe, 0x6b, 0xfe, 0x89, 0xe5, 0xe1, 0x30, 0x00, 0x00,
    0x00, 0x00, 0x00, 0x00, 0x00, 0x00, 0x00, 0x00, 0x00, 0x00, 0x00, 0x00, 0x00, 0x00, 0x00, 0x00,
    0x00, 0x00, 0x00, 0x00, 0x00, 0x00, 0x00, 0x00, 0x00, 0x00, 0xa1, 0x20, 0xe2, 0x30, 0x00, 0x00,
    0x00, 0x00, 0x00, 0x08, 0x88, 0xc4, 0x8b, 0xfe, 0x4b, 0xfe, 0xaa, 0xed, 0xa1, 0x28, 0x00, 0x00,
    0x00, 0x00, 0xa1, 0x20, 0xe2, 0x30, 0x00, 0x00, 0x00, 0x00, 0x00, 0x00, 0x00, 0x00, 0x00, 0x00,
    0x00, 0x00, 0x00, 0x00, 0x00, 0x00, 0x00, 0x00, 0x80, 0x20, 0x67, 0xbc, 0x09, 0xd5, 0x42, 0x41,
    0xe1, 0x30, 0xe5, 0x7a, 0xaa, 0xed, 0x4b, 0xfe, 0x2b, 0xfe, 0x2b, 0xf6, 0x86, 0x9b, 0x22, 0x39,
    0x80, 0x20, 0x27, 0xb4, 0x49, 0xdd, 0x62, 0x49, 0x41, 0x08, 0x00, 0x00, 0x00, 0x00, 0x00, 0x00,
    0x00, 0x00, 0x00, 0x00, 0x00, 0x00, 0x81, 0x20, 0x47, 0xbc, 0x8b, 0xfe, 0x8b, 0xfe, 0x69, 0xe5,
    0x69, 0xdd, 0x8c, 0xfe, 0x6b, 0xfe, 0x6b, 0xfe, 0x8c, 0xfe, 0x4b, 0xfe, 0x8b, 0xfe, 0xaa, 0xed,
    0x29, 0xd5, 0x6b, 0xfe, 0x8c, 0xfe, 0x49, 0xdd, 0x42, 0x41, 0x00, 0x00, 0x00, 0x00, 0x00, 0x00,
    0x00, 0x00, 0x00, 0x00, 0x00, 0x00, 0xe1, 0x38, 0xca, 0xed, 0x6b, 0xfe, 0x0a, 0xfe, 0x4b, 0xfe,
    0x6b, 0xfe, 0x8c, 0xfe, 0x2b, 0xfe, 0x49, 0xdd, 0x49, 0xd5, 0x0b, 0xf6, 0x8c, 0xfe, 0x6b, 0xfe,
    0x6b, 0xfe, 0x2b, 0xfe, 0x4b, 0xfe, 0x2b, 0xfe, 0xc3, 0x51, 0x00, 0x00, 0x00, 0x00, 0x00, 0x00,
    0x00, 0x00, 0x00, 0x00, 0x00, 0x00, 0x20, 0x08, 0xc2, 0x59, 0xea, 0xf5, 0x2b, 0xfe, 0x2b, 0xfe,
    0x4b, 0xfe, 0xa6, 0x9b, 0x03, 0x62, 0x24, 0x72, 0x24, 0x72, 0xe3, 0x61, 0x45, 0x8b, 0x2b, 0xf6,
    0x4b, 0xfe, 0x2b, 0xfe, 0x4b, 0xfe, 0x64, 0x72, 0x20, 0x08, 0x00, 0x00, 0x00, 0x00, 0x00, 0x00,
    0x00, 0x00, 0x00, 0x00, 0x00, 0x00, 0x00, 0x00, 0x21, 0x41, 0xca, 0xf5, 0x4b, 0xfe, 0x6b, 0xfe,
    0xa4, 0x7a, 0x24, 0x72, 0xe8, 0xc3, 0x87, 0xb3, 0x87, 0xb3, 0xe8, 0xcb, 0x65, 0x82, 0x03, 0x62,
    0x0b, 0xf6, 0x4b, 0xfe, 0x2b, 0xfe, 0xa2, 0x51, 0x00, 0x00, 0x00, 0x00, 0x00, 0x00, 0x00, 0x00,
    0x00, 0x00, 0x00, 0x00, 0xa2, 0x20, 0x82, 0x18, 0x45, 0x93, 0x8b, 0xfe, 0x8b, 0xfe, 0xa6, 0x9b,
    0x24, 0x72, 0x49, 0xd4, 0xe3, 0x61, 0xa2, 0x61, 0xa2, 0x61, 0xa2, 0x61, 0x08, 0xcc, 0x85, 0x8a,
    0xe5, 0x82, 0x8b, 0xfe, 0x8b, 0xfe, 0xc6, 0xa3, 0x81, 0x18, 0xc2, 0x20, 0x00, 0x00, 0x00, 0x00,
    0x00, 0x00, 0x62, 0x41, 0x27, 0xb4, 0x67, 0xbc, 0xca, 0xed, 0x6b, 0xfe, 0x0a, 0xf6, 0xe3, 0x61,
    0xe8, 0xc3, 0xc3, 0x61, 0x23, 0x82, 0x25, 0xb3, 0x25, 0xb3, 0x63, 0x8a, 0x82, 0x59, 0x29, 0xcc,
    0xe3, 0x61, 0x89, 0xe5, 0x6b, 0xfe, 0xea, 0xf5, 0x87, 0xbc, 0x47, 0xb4, 0x62, 0x49, 0x00, 0x00,
    0x00, 0x00, 0x64, 0x6a, 0x6b, 0xfe, 0x8c, 0xfe, 0x4b, 0xfe, 0x6b, 0xfe, 0x29, 0xd5, 0x24, 0x72,
    0x87, 0xb3, 0xa2, 0x61, 0x25, 0xbb, 0xe4, 0xaa, 0xe4, 0xaa, 0x25, 0xbb, 0xa2, 0x69, 0x47, 0xa3,
    0x65, 0x82, 0x67, 0xbc, 0x8c, 0xfe, 0x2b, 0xfe, 0x6b, 0xfe, 0x8b, 0xfe, 0x43, 0x6a, 0x00, 0x00,
    0x00, 0x00, 0x64, 0x72, 0x6b, 0xfe, 0x6b, 0xfe, 0x2b, 0xfe, 0x8b, 0xfe, 0x08, 0xcd, 0x44, 0x7a,
    0x67, 0xab, 0xa2, 0x69, 0x25, 0xb3, 0xe4, 0xaa, 0xe4, 0xaa, 0x25, 0xb3, 0xc2, 0x71, 0x26, 0x9b,
    0x85, 0x8a, 0x47, 0xb4, 0x8c, 0xfe, 0x2b, 0xfe, 0x6b, 0xfe, 0x6b, 0xfe, 0x43, 0x6a, 0x00, 0x00,
    0x00, 0x00, 0xa3, 0x51, 0xa8, 0xcc, 0x08, 0xd5, 0x0b, 0xf6, 0x6b, 0xfe, 0xca, 0xed, 0x03, 0x6a,
    0xe8, 0xc3, 0x82, 0x51, 0xa4, 0xa2, 0x25, 0xbb, 0x25, 0xbb, 0xe4, 0xaa, 0x61, 0x51, 0xe8, 0xc3,
    0x03, 0x6a, 0x29, 0xd5, 0x6b, 0xfe, 0x0b, 0xfe, 0x29, 0xd5, 0xc8, 0xcc, 0xa2, 0x51, 0x00, 0x00,
    0x00, 0x00, 0x61, 0x10, 0xe2, 0x28, 0xc2, 0x28, 0xa6, 0x9b, 0x8b, 0xfe, 0x8b, 0xfe, 0xe4, 0x82,
    0xc6, 0x92, 0x87, 0xb3, 0x41, 0x51, 0xe2, 0x79, 0x02, 0x7a, 0x41, 0x51, 0x26, 0xa3, 0x47, 0xab,
    0x43, 0x6a, 0x4b, 0xfe, 0x8b, 0xfe, 0x27, 0xb4, 0xc2, 0x28, 0xe2, 0x28, 0x20, 0x08, 0x00, 0x00,
    0x00, 0x00, 0x00, 0x00, 0x00, 0x00, 0x00, 0x00, 0x62, 0x49, 0xea, 0xf5, 0x6b, 0xfe, 0xea, 0xed,
    0xc2, 0x59, 0x06, 0xa3, 0xe8, 0xc3, 0xe6, 0x92, 0xc5, 0x92, 0xc8, 0xbb, 0x67, 0xb3, 0x62, 0x51,
    0x49, 0xdd, 0x6b, 0xfe, 0x2b, 0xfe, 0xe3, 0x59, 0x00, 0x00, 0x00, 0x00, 0x00, 0x00, 0x00, 0x00,
    0x00, 0x00, 0x00, 0x00, 0x00, 0x00, 0x41, 0x08, 0x62, 0x49, 0xca, 0xed, 0x4b, 0xfe, 0x6b, 0xfe,
    0xaa, 0xe5, 0x63, 0x6a, 0x03, 0x6a, 0xa5, 0x92, 0xc5, 0x92, 0x04, 0x72, 0x03, 0x62, 0x29, 0xd5,
    0x6b, 0xfe, 0x2b, 0xfe, 0x0a, 0xf6, 0x03, 0x62, 0x41, 0x10, 0x00, 0x00, 0x00, 0x00, 0x00, 0x00,
    0x00, 0x00, 0x00, 0x00, 0x00, 0x00, 0xe1, 0x30, 0x69, 0xe5, 0x6b, 0xfe, 0x2b, 0xfe, 0x2b, 0xfe,
    0x6b, 0xfe, 0x4b, 0xfe, 0x08, 0xcd, 0xe6, 0xa3, 0xc6, 0xa3, 0xa8, 0xc4, 0x2b, 0xfe, 0x8c, 0xfe,
    0x2b, 0xfe, 0x2b, 0xfe, 0x4b, 0xfe, 0xca, 0xf5, 0x62, 0x41, 0x00, 0x00, 0x00, 0x00, 0x00, 0x00,
    0x00, 0x00, 0x00, 0x00, 0x00, 0x00, 0xa1, 0x28, 0xe8, 0xcc, 0x8c, 0xfe, 0x6b, 0xfe, 0xea, 0xf5,
    0xea, 0xf5, 0x8c, 0xfe, 0x8b, 0xfe, 0xac, 0xfe, 0xac, 0xfe, 0x8c, 0xfe, 0xac, 0xfe, 0x0b, 0xfe,
    0xca, 0xed, 0x6b, 0xfe, 0x8b, 0xfe, 0x69, 0xe5, 0x01, 0x39, 0x00, 0x00, 0x00, 0x00, 0x00, 0x00,
    0x00, 0x00, 0x00, 0x00, 0x00, 0x00, 0x00, 0x00, 0xc1, 0x30, 0xe8, 0xcc, 0xaa, 0xe5, 0xa3, 0x51,
    0x82, 0x49, 0xc6, 0xa3, 0xeb, 0xf5, 0x2b, 0xfe, 0x2b, 0xfe, 0x0b, 0xf6, 0x27, 0xac, 0xa2, 0x51,
    0x42, 0x41, 0x29, 0xdd, 0x69, 0xdd, 0x21, 0x41, 0x00, 0x00, 0x00, 0x00, 0x00, 0x00, 0x00, 0x00,
    0x00, 0x00, 0x00, 0x00, 0x00, 0x00, 0x00, 0x00, 0x00, 0x00, 0xe1, 0x30, 0x22, 0x41, 0x40, 0x08,
    0x00, 0x00, 0x20, 0x10, 0xa8, 0xc4, 0x8c, 0xfe, 0x6b, 0xfe, 0x49, 0xdd, 0x40, 0x18, 0x00, 0x00,
    0x00, 0x00, 0x02, 0x31, 0x02, 0x39, 0x00, 0x00, 0x00, 0x00, 0x00, 0x00, 0x00, 0x00, 0x00, 0x00,
    0x00, 0x00, 0x00, 0x00, 0x00, 0x00, 0x00, 0x00, 0x00, 0x00, 0x00, 0x00, 0x00, 0x00, 0x00, 0x00,
    0x00, 0x00, 0x20, 0x10, 0x68, 0xbc, 0x8c, 0xfe, 0x8c, 0xfe, 0x08, 0xd5, 0x80, 0x20, 0x00, 0x00,
    0x00, 0x00, 0x00, 0x00, 0x00, 0x00, 0x00, 0x00, 0x00, 0x00, 0x00, 0x00, 0x00, 0x00, 0x00, 0x00,
    0x00, 0x00, 0x00, 0x00, 0x00, 0x00, 0x00, 0x00, 0x00, 0x00, 0x00, 0x00, 0x00, 0x00, 0x00, 0x00,
    0x00, 0x00, 0x20, 0x08, 0x82, 0x51, 0x43, 0x6a, 0x43, 0x6a, 0xa3, 0x51, 0x41, 0x10, 0x00, 0x00,
    0x00, 0x00, 0x00, 0x00, 0x00, 0x00, 0x00, 0x00, 0x00, 0x00, 0x00, 0x00, 0x00, 0x00, 0x00, 0x00,
    0x00, 0x00, 0x00, 0x00, 0x00, 0x00, 0x00, 0x00, 0x00, 0x00, 0x00, 0x00, 0x00, 0x00, 0x00, 0x00,
    0x00, 0x00, 0x00, 0x00, 0x00, 0x00, 0x00, 0x00, 0x00, 0x00, 0x00, 0x00, 0x00, 0x00, 0x00, 0x00,
    0x00, 0x00, 0x00, 0x00, 0x00, 0x00, 0x00, 0x00, 0x00, 0x00, 0x00, 0x00, 0x00, 0x00, 0x00, 0x00,
    0x00, 0x00, 0x00, 0x00, 0x00, 0x00, 0x00, 0x00, 0x00, 0x00, 0x00, 0x00, 0x00, 0x00, 0x00, 0x00,
    0x00, 0x00, 0x00, 0x00, 0x00, 0x00, 0x00, 0x00, 0x00, 0x00, 0x00, 0x00, 0x00, 0x00, 0x00, 0x00,
    0x00, 0x0a, 0xcf, 0xfd, 0xf9, 0xe9, 0x23, 0x00, 0x00, 0x00, 0x00, 0x00, 0x00, 0x00, 0x00, 0x00,
    0x00, 0x00, 0x00, 0x00, 0x00, 0x00, 0x00, 0x00, 0x00, 0x34, 0xff, 0xf7, 0xf9, 0xff, 0x83, 0x00,
    0x00, 0x00, 0x00, 0x00, 0x00, 0x00, 0x00, 0x00, 0x00, 0x00, 0x00, 0x00, 0x00, 0x61, 0x79, 0x00,
    0x00, 0x4d, 0xfd, 0xf7, 0xfb, 0xfd, 0x98, 0x00, 0x00, 0x5b, 0x7f, 0x00, 0x00, 0x00, 0x00, 0x00,
    0x00, 0x00, 0x00, 0x00, 0x8f, 0xff, 0xff, 0xc7, 0x98, 0xfd, 0xfd, 0xff, 0xff, 0xfd, 0xff, 0xaa,
    0x9d, 0xff, 0xff, 0xd3, 0x08, 0x00, 0x00, 0x00, 0x00, 0x00, 0x00, 0x64, 0xff, 0xf1, 0xf9, 0xff,
    0xff, 0xff, 0xff, 0xff, 0xff, 0xff, 0xff, 0xff, 0xff, 0xf9, 0xf3, 0xff, 0xb0, 0x00, 0x00, 0x00,
    0x00, 0x00, 0x00, 0xa5, 0xff, 0xf7, 0xff, 0xfb, 0xf9, 0xff, 0xff, 0xff, 0xff, 0xff, 0xff, 0xfb,
    0xf9, 0xff, 0xfb, 0xff, 0xeb, 0x00, 0x00, 0x00, 0x00, 0x00, 0x00, 0x12, 0xde, 0xfb, 0xfd, 0xff,
    0xff, 0xff, 0xff, 0xff, 0xff, 0xff, 0xff, 0xff, 0xff, 0xfd, 0xfb, 0xed, 0x23, 0x00, 0x00, 0x00,
    0x00, 0x00, 0x00, 0x00, 0xbc, 0xff, 0xfb, 0xff, 0xff, 0xff, 0xff, 0xff, 0xff, 0xff, 0xff, 0xff,
    0xff, 0xfd, 0xff, 0xda, 0x00, 0x00, 0x00, 0x00, 0x00, 0x00, 0x3a, 0x68, 0xff, 0xff, 0xff, 0xff,
    0xff, 0xff, 0xff, 0xff, 0xff, 0xff, 0xff, 0xff, 0xff, 0xff, 0xfd, 0xff, 0x74, 0x3e, 0x00, 0x00,
    0x00, 0xc5, 0xff, 0xff, 0xff, 0xff, 0xff, 0xff, 0xff, 0xff, 0xff, 0xff, 0xff, 0xff, 0xff, 0xff,
    0xff, 0xff, 0xff, 0xff, 0xff, 0xff, 0xd7, 0x00, 0x00, 0xff, 0xf7, 0xf9, 0xff, 0xff, 0xff, 0xff,
    0xff, 0xff, 0xff, 0xff, 0xff, 0xff, 0xff, 0xff, 0xff, 0xff, 0xff, 0xff, 0xf9, 0xf7, 0xff, 0x00,
    0x00, 0xff, 0xf7, 0xf9, 0xff, 0xff, 0xff, 0xff, 0xff, 0xff, 0xff, 0xff, 0xff, 0xff, 0xff, 0xff,
    0xff, 0xff, 0xff, 0xff, 0xf9, 0xf7, 0xff, 0x00, 0x00, 0xe0, 0xff, 0xff, 0xfd, 0xff, 0xff, 0xff,
    0xff, 0xff, 0xff, 0xff, 0xff, 0xff, 0xff, 0xff, 0xff, 0xff, 0xff, 0xff, 0xff, 0xff, 0xf1, 0x00,
    0x00, 0x0f, 0x5e, 0x8f, 0xff, 0xff, 0xff, 0xff, 0xff, 0xff, 0xff, 0xff, 0xff, 0xff, 0xff, 0xff,
    0xff, 0xff, 0xfd, 0xff, 0x98, 0x5e, 0x10, 0x00, 0x00, 0x00, 0x00, 0x00, 0xc5, 0xff, 0xfb, 0xff,
    0xff, 0xff, 0xff, 0xff, 0xff, 0xff, 0xff, 0xff, 0xff, 0xfd, 0xff, 0xe0, 0x00, 0x00, 0x00, 0x00,
    0x00, 0x00, 0x00, 0x09, 0xd1, 0xfd, 0xfd, 0xff, 0xff, 0xff, 0xff, 0xff, 0xff, 0xff, 0xff, 0xff,
    0xff, 0xfd, 0xfb, 0xe6, 0x11, 0x00, 0x00, 0x00, 0x00, 0x00, 0x00, 0x94, 0xff, 0xf7, 0xff, 0xfd,
    0xfb, 0xff, 0xff, 0xff, 0xff, 0xff, 0xff, 0xfd, 0xfd, 0xff, 0xf9, 0xff, 0xc0, 0x00, 0x00, 0x00,
    0x00, 0x00, 0x00, 0x7b, 0xff, 0xf3, 0xfb, 0xff, 0xff, 0xfd, 0xff, 0xff, 0xff, 0xff, 0xfd, 0xff,
    0xff, 0xf9, 0xf3, 0xff, 0xaa, 0x00, 0x00, 0x00, 0x00, 0x00, 0x00, 0x00, 0xb2, 0xff, 0xff, 0xe8,
    0xc7, 0xff, 0xfd, 0xff, 0xff, 0xfd, 0xff, 0xd1, 0xd7, 0xff, 0xff, 0xd3, 0x08, 0x00, 0x00, 0x00,
    0x00, 0x00, 0x00, 0x00, 0x00, 0x8b, 0xa5, 0x0d, 0x00, 0x67, 0xfd, 0xf9, 0xf9, 0xfd, 0x82, 0x00,
    0x00, 0x8f, 0x9e, 0x08, 0x00, 0x00, 0x00, 0x00, 0x00, 0x00, 0x00, 0x00, 0x00, 0x00, 0x00, 0x00,
    0x00, 0x31, 0xff, 0xf7, 0xf7, 0xff, 0x56, 0x00, 0x00, 0x00, 0x00, 0x00, 0x00, 0x00, 0x00, 0x00,
    0x00, 0x00, 0x00, 0x00, 0x00, 0x00, 0x00, 0x00, 0x00, 0x0a, 0xd5, 0xfd, 0xfb, 0xe8, 0x15, 0x00,
    0x00, 0x00, 0x00, 0x00, 0x00, 0x00, 0x00, 0x00, 0x00, 0x00, 0x00, 0x00, 0x00, 0x00, 0x00, 0x00,
    0x00, 0x00, 0x00, 0x00, 0x00, 0x00, 0x00, 0x00, 0x00, 0x00, 0x00, 0x00, 0x00, 0x00, 0x00, 0x00,
};

static const LV_ATTRIBUTE_MEM_ALIGN uint8_t app_tama_ico_5_feed_map[] = {
    0x00, 0x00, 0x00, 0x00, 0x00, 0x00, 0x00, 0x00, 0x00, 0x00, 0x00, 0x00, 0x00, 0x00, 0x00, 0x00,
    0x00, 0x00, 0x00, 0x00, 0x00, 0x00, 0x00, 0x00, 0x00, 0x00, 0x00, 0x00, 0x00, 0x00, 0x00, 0x00,
    0x00, 0x00, 0x00, 0x00, 0x00, 0x00, 0x00, 0x00, 0x00, 0x00, 0x00, 0x00, 0x00, 0x00, 0x00, 0x00,
    0x00, 0x00, 0x00, 0x00, 0x00, 0x00, 0x00, 0x00, 0x00, 0x00, 0x00, 0x00, 0x00, 0x00, 0x00, 0x00,
    0x00, 0x00, 0x00, 0x00, 0x00, 0x00, 0x00, 0x00, 0x00, 0x00, 0x00, 0x00, 0x00, 0x00, 0x00, 0x00,
    0x00, 0x00, 0x00, 0x00, 0x00, 0x00, 0x00, 0x00, 0x00, 0x00, 0x00, 0x00, 0x00, 0x00, 0x00, 0x00,
    0x00, 0x00, 0x00, 0x00, 0x00, 0x00, 0x00, 0x00, 0x00, 0x00, 0x00, 0x00, 0x00, 0x00, 0x00, 0x00,
    0x00, 0x00, 0x00, 0x00, 0x00, 0x00, 0x00, 0x00, 0x00, 0x00, 0x00, 0x00, 0x00, 0x00, 0x00, 0x00,
    0x00, 0x00, 0x00, 0x00, 0x00, 0x00, 0x00, 0x00, 0x00, 0x00, 0x00, 0x00, 0x00, 0x00, 0x00, 0x00,
    0x00, 0x00, 0x00, 0x00, 0x00, 0x00, 0x00, 0x00, 0x00, 0x00, 0x00, 0x00, 0x00, 0x00, 0x00, 0x00,
    0x00, 0x00, 0x00, 0x00, 0x00, 0x00, 0x00, 0x00, 0x00, 0x00, 0x00, 0x00, 0x00, 0x00, 0x00, 0x00,
    0x00, 0x00, 0x00, 0x00, 0x00, 0x00, 0x00, 0x00, 0x00, 0x00, 0x00, 0x00, 0x00, 0x00, 0x00, 0x00,
    0x00, 0x00, 0x00, 0x00, 0x00, 0x00, 0x00, 0x00, 0x00, 0x00, 0x00, 0x00, 0x00, 0x00, 0x00, 0x00,
    0x00, 0x00, 0x00, 0x00, 0x81, 0x18, 0x62, 0x49, 0x82, 0x51, 0xc1, 0x20, 0x00, 0x00, 0x00, 0x00,
    0x00, 0x00, 0x00, 0x00, 0x00, 0x00, 0x00, 0x00, 0x00, 0x00, 0x00, 0x00, 0x00, 0x00, 0x00, 0x00,
    0x00, 0x00, 0x00, 0x00, 0x00, 0x00, 0x00, 0x00, 0x00, 0x00, 0x00, 0x00, 0x00, 0x00, 0xc1, 0x28,
    0x22, 0x39, 0xe2, 0x28, 0xc3, 0x59, 0xc5, 0x9a, 0xe5, 0xa2, 0xa3, 0x59, 0x22, 0x39, 0xa3, 0x51,
    0xc1, 0x28, 0x00, 0x00, 0x00, 0x00, 0x00, 0x00, 0x00, 0x00, 0x00, 0x00, 0x00, 0x00, 0x00, 0x00,
    0x00, 0x00, 0x00, 0x00, 0x00, 0x00, 0x00, 0x00, 0x00, 0x08, 0xc1, 0x20, 0x42, 0x41, 0x84, 0x8a,
    0xe5, 0xa2, 0x03, 0x6a, 0xc3, 0x61, 0xc4, 0x92, 0xe3, 0x69, 0x62, 0x49, 0xc4, 0x92, 0xe5, 0xa2,
    0x23, 0x72, 0x22, 0x39, 0xe2, 0x28, 0x20, 0x08, 0x00, 0x00, 0x00, 0x00, 0x00, 0x00, 0x00, 0x00,
    0x00, 0x00, 0x00, 0x00, 0x00, 0x00, 0xe2, 0x28, 0x25, 0x8b, 0x65, 0x93, 0x22, 0x41, 0x23, 0x72,
    0xc5, 0x9a, 0x05, 0xa3, 0x62, 0x49, 0x82, 0x51, 0xe3, 0x69, 0xa3, 0x59, 0x24, 0x72, 0x25, 0xab,
    0x64, 0x82, 0x82, 0x49, 0x85, 0x9b, 0x04, 0x8b, 0x02, 0x31, 0x00, 0x00, 0x00, 0x00, 0x00, 0x00,
    0x00, 0x00, 0x00, 0x00, 0x41, 0x10, 0xc4, 0x82, 0x27, 0xdd, 0xa3, 0x59, 0x44, 0x7a, 0xe3, 0x61,
    0xa2, 0x59, 0x03, 0x6a, 0x22, 0x39, 0xc3, 0x61, 0x25, 0xab, 0x84, 0x8a, 0x22, 0x41, 0x44, 0x7a,
    0x82, 0x51, 0x03, 0x72, 0xa3, 0x59, 0x26, 0xb4, 0xc4, 0x82, 0x41, 0x10, 0x00, 0x00, 0x00, 0x00,
    0x00, 0x00, 0x00, 0x00, 0x02, 0x31, 0x64, 0x6a, 0x22, 0x41, 0x23, 0x7a, 0x45, 0xb3, 0x46, 0xb3,
    0xa3, 0x59, 0xe3, 0x61, 0xe5, 0x9a, 0xe3, 0x61, 0xc3, 0x59, 0xa3, 0x59, 0x24, 0x7a, 0x82, 0x51,
    0x03, 0x6a, 0x46, 0xb3, 0x64, 0x8a, 0xe1, 0x38, 0x43, 0x6a, 0xe2, 0x30, 0x00, 0x00, 0x00, 0x00,
    0x00, 0x00, 0x00, 0x00, 0xa3, 0x51, 0xea, 0xed, 0xa6, 0x9b, 0x03, 0x62, 0xa2, 0x59, 0xa3, 0x61,
    0x22, 0x41, 0x44, 0x82, 0xa4, 0x92, 0x64, 0x82, 0xc1, 0x30, 0x03, 0x72, 0xa4, 0x92, 0xe3, 0x69,
    0x01, 0x41, 0xa3, 0x59, 0xe3, 0x59, 0xc6, 0x9b, 0xea, 0xed, 0xa3, 0x49, 0x00, 0x00, 0x00, 0x00,
    0x00, 0x00, 0x00, 0x00, 0xa4, 0x7a, 0xce, 0xfe, 0xce, 0xfe, 0x0a, 0xf6, 0x09, 0xcd, 0x07, 0xa4,
    0x46, 0x8b, 0xa4, 0x7a, 0x64, 0x72, 0x23, 0x62, 0x03, 0x62, 0x84, 0x72, 0xa4, 0x72, 0x25, 0x8b,
    0x07, 0xac, 0x08, 0xcd, 0x2a, 0xf6, 0x8b, 0xfe, 0x8b, 0xfe, 0xa5, 0x7a, 0x20, 0x00, 0x00, 0x00,
    0x00, 0x00, 0x41, 0x10, 0xe5, 0xab, 0x97, 0xff, 0xb2, 0xf6, 0x29, 0xfe, 0x8b, 0xfe, 0xab, 0xfe,
    0xab, 0xfe, 0x8b, 0xfe, 0x4b, 0xfe, 0x4b, 0xfe, 0x4b, 0xfe, 0x4b, 0xfe, 0x8b, 0xfe, 0xab, 0xfe,
    0xab, 0xfe, 0x8b, 0xfe, 0x4b, 0xfe, 0x0a, 0xf6, 0x8b, 0xfe, 0x07, 0xac, 0x20, 0x10, 0x00, 0x00,
    0x00, 0x00, 0xc1, 0x28, 0x28, 0xd5, 0x99, 0xff, 0x6d, 0xfe, 0x2a, 0xfe, 0x2b, 0xfe, 0x2b, 0xfe,
    0x2a, 0xfe, 0xec, 0xfe, 0x66, 0x93, 0xa4, 0x7a, 0xc5, 0x7a, 0x66, 0x93, 0xec, 0xfe, 0x2a, 0xfe,
    0x2b, 0xfe, 0x2b, 0xfe, 0x4b, 0xfe, 0x2b, 0xfe, 0x8b, 0xfe, 0x29, 0xd5, 0xc1, 0x28, 0x00, 0x00,
    0x00, 0x00, 0xa2, 0x51, 0x2d, 0xf6, 0x99, 0xff, 0x2a, 0xfe, 0x4b, 0xfe, 0x4b, 0xfe, 0x4b, 0xfe,
    0x4b, 0xfe, 0xa4, 0x72, 0x86, 0x93, 0x27, 0xac, 0x27, 0xac, 0x86, 0x9b, 0xa4, 0x72, 0x4b, 0xfe,
    0x4b, 0xfe, 0x4b, 0xfe, 0x4b, 0xfe, 0x4b, 0xfe, 0x4b, 0xfe, 0xea, 0xf5, 0xc3, 0x51, 0x00, 0x00,
    0x00, 0x00, 0x63, 0x6a, 0x8d, 0xfe, 0xb1, 0xfe, 0x2a, 0xfe, 0x4b, 0xfe, 0x4b, 0xfe, 0x4b, 0xfe,
    0x4b, 0xfe, 0x66, 0x93, 0xe7, 0xa3, 0xe3, 0x59, 0xe3, 0x59, 0xc6, 0xa3, 0x66, 0x93, 0x4b, 0xfe,
    0x4b, 0xfe, 0x4b, 0xfe, 0x4b, 0xfe, 0x4b, 0xfe, 0x2b, 0xfe, 0x6b, 0xfe, 0x64, 0x6a, 0x00, 0x00,
    0x00, 0x00, 0x42, 0x39, 0x08, 0xd5, 0xab, 0xfe, 0x4b, 0xfe, 0x2b, 0xfe, 0x2b, 0xfe, 0x2b, 0xfe,
    0x2b, 0xfe, 0xcc, 0xfe, 0x03, 0x5a, 0x81, 0x28, 0x81, 0x28, 0xe3, 0x59, 0xab, 0xfe, 0x2b, 0xfe,
    0x2b, 0xfe, 0x2b, 0xfe, 0x2b, 0xfe, 0x4b, 0xfe, 0xcc, 0xfe, 0x29, 0xd5, 0x42, 0x39, 0x00, 0x00,
    0x00, 0x00, 0x41, 0x08, 0x42, 0x41, 0x47, 0xb4, 0x2a, 0xf6, 0x8b, 0xfe, 0x8b, 0xfe, 0x6b, 0xfe,
    0x4b, 0xfe, 0x6b, 0xfe, 0x86, 0x93, 0x03, 0x62, 0x03, 0x62, 0x66, 0x93, 0x6b, 0xfe, 0x4b, 0xfe,
    0x6b, 0xfe, 0x8b, 0xfe, 0xab, 0xfe, 0x2b, 0xfe, 0x67, 0xb4, 0x83, 0x41, 0x41, 0x08, 0x00, 0x00,
    0x00, 0x00, 0x00, 0x00, 0x00, 0x00, 0x81, 0x18, 0xa3, 0x49, 0x25, 0x83, 0x67, 0xb4, 0x49, 0xd5,
    0xca, 0xed, 0x0a, 0xf6, 0x6b, 0xfe, 0x6b, 0xfe, 0x6b, 0xfe, 0x8b, 0xfe, 0x2a, 0xf6, 0xea, 0xed,
    0x69, 0xdd, 0xa8, 0xbc, 0x46, 0x8b, 0xc3, 0x51, 0x60, 0x18, 0x00, 0x00, 0x00, 0x00, 0x00, 0x00,
    0x00, 0x00, 0x00, 0x00, 0x00, 0x00, 0x00, 0x00, 0x00, 0x00, 0x00, 0x08, 0x61, 0x18, 0xe1, 0x28,
    0x62, 0x41, 0xe3, 0x59, 0x44, 0x62, 0x64, 0x6a, 0x64, 0x6a, 0x44, 0x6a, 0x04, 0x62, 0x83, 0x49,
    0x02, 0x31, 0x81, 0x18, 0x20, 0x08, 0x00, 0x00, 0x00, 0x00, 0x00, 0x00, 0x00, 0x00, 0x00, 0x00,
    0x00, 0x00, 0x00, 0x00, 0x00, 0x00, 0x00, 0x00, 0x00, 0x00, 0x00, 0x00, 0x00, 0x00, 0x00, 0x00,
    0x00, 0x00, 0x00, 0x00, 0x00, 0x00, 0x00, 0x00, 0x00, 0x00, 0x00, 0x00, 0x00, 0x00, 0x00, 0x00,
    0x00, 0x00, 0x00, 0x00, 0x00, 0x00, 0x00, 0x00, 0x00, 0x00, 0x00, 0x00, 0x00, 0x00, 0x00, 0x00,
    0x00, 0x00, 0x00, 0x00, 0x00, 0x00, 0x00, 0x00, 0x00, 0x00, 0x00, 0x00, 0x00, 0x00, 0x00, 0x00,
    0x00, 0x00, 0x00, 0x00, 0x00, 0x00, 0x00, 0x00, 0x00, 0x00, 0x00, 0x00, 0x00, 0x00, 0x00, 0x00,
    0x00, 0x00, 0x00, 0x00, 0x00, 0x00, 0x00, 0x00, 0x00, 0x00, 0x00, 0x00, 0x00, 0x00, 0x00, 0x00,
    0x00, 0x00, 0x00, 0x00, 0x00, 0x00, 0x00, 0x00, 0x00, 0x00, 0x00, 0x00, 0x00, 0x00, 0x00, 0x00,
    0x00, 0x00, 0x00, 0x00, 0x00, 0x00, 0x00, 0x00, 0x00, 0x00, 0x00, 0x00, 0x00, 0x00, 0x00, 0x00,
    0x00, 0x00, 0x00, 0x00, 0x00, 0x00, 0x00, 0x00, 0x00, 0x00, 0x00, 0x00, 0x00, 0x00, 0x00, 0x00,
    0x00, 0x00, 0x00, 0x00, 0x00, 0x00, 0x00, 0x00, 0x00, 0x00, 0x00, 0x00, 0x00, 0x00, 0x00, 0x00,
    0x00, 0x00, 0x00, 0x00, 0x00, 0x00, 0x00, 0x00, 0x00, 0x00, 0x00, 0x00, 0x00, 0x00, 0x00, 0x00,
    0x00, 0x00, 0x00, 0x00, 0x00, 0x00, 0x00, 0x00, 0x00, 0x00, 0x00, 0x00, 0x00, 0x00, 0x00, 0x00,
    0x00, 0x00, 0x00, 0x00, 0x00, 0x00, 0x00, 0x00, 0x00, 0x00, 0x00, 0x00, 0x00, 0x00, 0x00, 0x00,
    0x00, 0x00, 0x00, 0x00, 0x00, 0x00, 0x00, 0x00, 0x00, 0x00, 0x00, 0x00, 0x00, 0x00, 0x00, 0x00,
    0x00, 0x00, 0x00, 0x00, 0x00, 0x00, 0x00, 0x00, 0x00, 0x00, 0x00, 0x00, 0x00, 0x00, 0x00, 0x00,
    0x00, 0x00, 0x00, 0x00, 0x00, 0x00, 0x00, 0x00, 0x00, 0x00, 0x00, 0x00, 0x00, 0x00, 0x00, 0x00,
    0x00, 0x00, 0x00, 0x00, 0x00, 0x00, 0x00, 0x00, 0x00, 0x00, 0x00, 0x00, 0x00, 0x00, 0x00, 0x00,
    0x00, 0x00, 0x00, 0x00, 0x00, 0x00, 0x00, 0x00, 0x00, 0x00, 0x00, 0x00, 0x00, 0x00, 0x00, 0x00,
    0x00, 0x00, 0x00, 0x00, 0x00, 0x00, 0x00, 0x00, 0x00, 0x00, 0x3c, 0xe6, 0xf1, 0x49, 0x00, 0x00,
    0x00, 0x00, 0x00, 0x00, 0x00, 0x00, 0x00, 0x00, 0x00, 0x00, 0x00, 0x00, 0x00, 0x00, 0x00, 0x67,
    0x9b, 0x7e, 0xff, 0xff, 0xff, 0xff, 0xc3, 0xda, 0x66, 0x00, 0x00, 0x00, 0x00, 0x00, 0x00, 0x00,
    0x00, 0x00, 0x00, 0x00, 0x14, 0x5f, 0xd9, 0xff, 0xff, 0xff, 0xfd, 0xff, 0xff, 0xfd, 0xff, 0xff,
    0xff, 0xbe, 0x5f, 0x14, 0x00, 0x00, 0x00, 0x00, 0x00, 0x00, 0x00, 0x73, 0xff, 0xff, 0xff, 0xf9,
    0xfb, 0xf9, 0xff, 0xff, 0xff, 0xff, 0xfb, 0xfd, 0xf9, 0xff, 0xff, 0xff, 0x73, 0x00, 0x00, 0x00,
    0x00, 0x00, 0x2d, 0xff, 0xf5, 0xf7, 0xfd, 0xff, 0xff, 0xff, 0xff, 0xff, 0xff, 0xff, 0xff, 0xff,
    0xff, 0xfb, 0xf7, 0xf5, 0xff, 0x29, 0x00, 0x00, 0x00, 0x00, 0x7b, 0xf9, 0xf7, 0xff, 0xff, 0xff,
    0xff, 0xff, 0xff, 0xff, 0xff, 0xff, 0xff, 0xff, 0xff, 0xff, 0xff, 0xf7, 0xf9, 0x71, 0x00, 0x00,
    0x00, 0x00, 0xc0, 0xff, 0xfb, 0xff, 0xff, 0xff, 0xff, 0xff, 0xff, 0xff, 0xff, 0xff, 0xff, 0xff,
    0xff, 0xff, 0xff, 0xfb, 0xff, 0xc0, 0x00, 0x00, 0x00, 0x0b, 0xf9, 0xff, 0xff, 0xff, 0xff, 0xff,
    0xff, 0xff, 0xff, 0xff, 0xff, 0xff, 0xff, 0xff, 0xff, 0xff, 0xff, 0xff, 0xff, 0xfb, 0x0b, 0x00,
    0x00, 0x34, 0xff, 0xf9, 0xff, 0xff, 0xff, 0xff, 0xff, 0xff, 0xff, 0xff, 0xff, 0xff, 0xff, 0xff,
    0xff, 0xff, 0xff, 0xff, 0xf9, 0xff, 0x30, 0x00, 0x00, 0x7b, 0xff, 0xf9, 0xff, 0xff, 0xff, 0xff,
    0xff, 0xff, 0xff, 0xff, 0xff, 0xff, 0xff, 0xff, 0xff, 0xff, 0xff, 0xff, 0xf9, 0xff, 0x7b, 0x00,
    0x00, 0xdc, 0xff, 0xfd, 0xff, 0xff, 0xff, 0xff, 0xff, 0xff, 0xff, 0xff, 0xff, 0xff, 0xff, 0xff,
    0xff, 0xff, 0xff, 0xff, 0xfd, 0xff, 0xdc, 0x00, 0x00, 0xff, 0xfb, 0xff, 0xff, 0xff, 0xff, 0xff,
    0xff, 0xff, 0xff, 0xff, 0xff, 0xff, 0xff, 0xff, 0xff, 0xff, 0xff, 0xff, 0xff, 0xfb, 0xff, 0x00,
    0x00, 0xbe, 0xff, 0xf5, 0xfd, 0xff, 0xff, 0xff, 0xff, 0xff, 0xff, 0xff, 0xff, 0xff, 0xff, 0xff,
    0xff, 0xff, 0xff, 0xfd, 0xf5, 0xff, 0xbc, 0x00, 0x00, 0x09, 0xbc, 0xff, 0xff, 0xfd, 0xf9, 0xfb,
    0xfd, 0xff, 0xff, 0xff, 0xff, 0xff, 0xff, 0xfd, 0xfb, 0xf9, 0xfb, 0xff, 0xff, 0xca, 0x0b, 0x00,
    0x00, 0x00, 0x00, 0x46, 0xbe, 0xff, 0xff, 0xff, 0xff, 0xff, 0xff, 0xff, 0xff, 0xff, 0xff, 0xff,
    0xff, 0xff, 0xff, 0xce, 0x4b, 0x00, 0x00, 0x00, 0x00, 0x00, 0x00, 0x00, 0x00, 0x13, 0x46, 0x83,
    0xbe, 0xe6, 0xff, 0xff, 0xff, 0xff, 0xf9, 0xca, 0x92, 0x57, 0x1d, 0x00, 0x00, 0x00, 0x00, 0x00,
    0x00, 0x00, 0x00, 0x00, 0x00, 0x00, 0x00, 0x00, 0x00, 0x00, 0x00, 0x00, 0x00, 0x00, 0x00, 0x00,
    0x00, 0x00, 0x00, 0x00, 0x00, 0x00, 0x00, 0x00, 0x00, 0x00, 0x00, 0x00, 0x00, 0x00, 0x00, 0x00,
    0x00, 0x00, 0x00, 0x00, 0x00, 0x00, 0x00, 0x00, 0x00, 0x00, 0x00, 0x00, 0x00, 0x00, 0x00, 0x00,
    0x00, 0x00, 0x00, 0x00, 0x00, 0x00, 0x00, 0x00, 0x00, 0x00, 0x00, 0x00, 0x00, 0x00, 0x00, 0x00,
    0x00, 0x00, 0x00, 0x00, 0x00, 0x00, 0x00, 0x00, 0x00, 0x00, 0x00, 0x00, 0x00, 0x00, 0x00, 0x00,
    0x00, 0x00, 0x00, 0x00, 0x00, 0x00, 0x00, 0x00, 0x00, 0x00, 0x00, 0x00, 0x00, 0x00, 0x00, 0x00,
};

static const LV_ATTRIBUTE_MEM_ALIGN uint8_t app_tama_ico_6_bath_map[] = {
    0x00, 0x00, 0x00, 0x00, 0x00, 0x00, 0x00, 0x00, 0x00, 0x00, 0x00, 0x00, 0x00, 0x00, 0x00, 0x00,
    0x00, 0x00, 0x00, 0x00, 0x00, 0x00, 0x00, 0x00, 0x00, 0x00, 0x00, 0x00, 0x00, 0x00, 0x00, 0x00,
    0x00, 0x00, 0x00, 0x00, 0x00, 0x00, 0x00, 0x00, 0x00, 0x00, 0x00, 0x00, 0x00, 0x00, 0x00, 0x00,
    0x00, 0x00, 0x00, 0x00, 0x00, 0x00, 0x00, 0x00, 0xc2, 0x20, 0xa5, 0x49, 0xa9, 0x6a, 0xca, 0x72,
    0x27, 0x5a, 0x64, 0x41, 0x81, 0x20, 0x00, 0x00, 0x00, 0x00, 0x00, 0x00, 0x00, 0x00, 0x00, 0x00,
    0x00, 0x00, 0x00, 0x00, 0x00, 0x00, 0x00, 0x00, 0x00, 0x00, 0x00, 0x00, 0x00, 0x00, 0x00, 0x00,
    0x00, 0x00, 0x00, 0x00, 0x00, 0x00, 0x81, 0x28, 0xe6, 0x59, 0xb1, 0xa4, 0x9a, 0xde, 0xbf, 0xf7,
    0x9e, 0xef, 0x59, 0xce, 0x13, 0xad, 0xca, 0x6a, 0x81, 0x28, 0x00, 0x00, 0x00, 0x00, 0x00, 0x00,
    0x00, 0x00, 0x00, 0x00, 0x00, 0x00, 0x00, 0x00, 0x00, 0x00, 0x00, 0x00, 0x00, 0x00, 0x00, 0x00,
    0x00, 0x00, 0x00, 0x00, 0x81, 0x20, 0x47, 0x62, 0x91, 0x9c, 0x10, 0x8c, 0xcb, 0x6a, 0xaa, 0x62,
    0x31, 0x84, 0xbc, 0xc6, 0x1e, 0xd7, 0x1d, 0xd7, 0x76, 0xb5, 0x85, 0x49, 0x20, 0x08, 0x00, 0x00,
    0x00, 0x00, 0x00, 0x00, 0x00, 0x00, 0x00, 0x00, 0x00, 0x00, 0x00, 0x00, 0x00, 0x00, 0x00, 0x00,
    0x00, 0x00, 0x00, 0x00, 0xc5, 0x51, 0xfc, 0xd6, 0x19, 0xbe, 0x10, 0x84, 0x7b, 0xc6, 0x72, 0x94,
    0x4d, 0x73, 0x68, 0x5a, 0x97, 0xad, 0x1d, 0xd7, 0xfd, 0xce, 0x9b, 0xce, 0xe6, 0x51, 0x20, 0x08,
    0x00, 0x00, 0x00, 0x00, 0x00, 0x00, 0x00, 0x00, 0x00, 0x00, 0x00, 0x00, 0x00, 0x00, 0x00, 0x00,
    0x00, 0x00, 0x00, 0x00, 0xea, 0x6a, 0x10, 0x8c, 0xcf, 0x83, 0xf4, 0x9c, 0x76, 0xad, 0x8d, 0x7b,
    0x9b, 0xc6, 0x71, 0x94, 0xe6, 0x51, 0xf4, 0x9c, 0x1d, 0xd7, 0xbf, 0xef, 0x5a, 0xc6, 0xe3, 0x30,
    0x00, 0x00, 0x00, 0x00, 0x00, 0x00, 0x00, 0x00, 0x00, 0x00, 0x00, 0x00, 0x00, 0x00, 0x00, 0x00,
    0x00, 0x00, 0x00, 0x00, 0x64, 0x41, 0xd3, 0x9c, 0xf4, 0x9c, 0x8e, 0x7b, 0x92, 0x94, 0x31, 0x8c,
    0x55, 0xa5, 0x8e, 0x7b, 0xbc, 0xce, 0xe6, 0x51, 0x96, 0xb5, 0xff, 0xf7, 0x7f, 0xdf, 0xcf, 0x7b,
    0x60, 0x18, 0x00, 0x00, 0x00, 0x00, 0x00, 0x00, 0x00, 0x00, 0x00, 0x00, 0x00, 0x00, 0x00, 0x00,
    0x00, 0x00, 0x00, 0x00, 0x60, 0x18, 0xeb, 0x6a, 0x8e, 0x7b, 0x55, 0xa5, 0xcf, 0x83, 0x97, 0xad,
    0x8e, 0x7b, 0xb7, 0xad, 0x10, 0x8c, 0xb3, 0x94, 0x48, 0x5a, 0x3c, 0xe7, 0x9b, 0xbe, 0x98, 0x95,
    0xa6, 0x49, 0x00, 0x00, 0x00, 0x00, 0x00, 0x00, 0x00, 0x00, 0x00, 0x00, 0x00, 0x00, 0x00, 0x00,
    0x00, 0x00, 0x00, 0x00, 0x00, 0x00, 0x03, 0x29, 0xf4, 0x9c, 0x4d, 0x73, 0xef, 0x83, 0x76, 0xad,
    0xef, 0x83, 0x35, 0xa5, 0x72, 0x94, 0x3a, 0xbe, 0x10, 0x8c, 0x4d, 0x6b, 0x7c, 0xb6, 0x5b, 0xae,
    0x10, 0x7c, 0x81, 0x20, 0x00, 0x00, 0x00, 0x00, 0x00, 0x00, 0x00, 0x00, 0x00, 0x00, 0x00, 0x00,
    0x00, 0x00, 0x00, 0x00, 0x00, 0x00, 0x00, 0x00, 0xe3, 0x30, 0x89, 0x6a, 0xb7, 0xb5, 0xaa, 0x62,
    0x97, 0xad, 0x6d, 0x7b, 0xb8, 0xb5, 0x4d, 0x7b, 0xb3, 0x94, 0xcb, 0x62, 0xfb, 0xde, 0x7d, 0xef,
    0xb9, 0x9d, 0xc6, 0x49, 0x00, 0x00, 0x00, 0x00, 0x00, 0x00, 0x00, 0x00, 0x00, 0x00, 0x00, 0x00,
    0x00, 0x00, 0x00, 0x00, 0x00, 0x00, 0x00, 0x00, 0x00, 0x00, 0x23, 0x39, 0x84, 0x49, 0x14, 0xa5,
    0x30, 0x8c, 0x76, 0xad, 0xef, 0x83, 0x76, 0xad, 0x56, 0xa5, 0x06, 0x5a, 0xae, 0x7b, 0x7e, 0xef,
    0x5e, 0xdf, 0xaf, 0x73, 0x60, 0x18, 0x00, 0x00, 0x00, 0x00, 0x00, 0x00, 0x00, 0x00, 0x00, 0x00,
    0x00, 0x00, 0x00, 0x00, 0x00, 0x00, 0x00, 0x00, 0x00, 0x00, 0x00, 0x00, 0x61, 0x18, 0xcb, 0x62,
    0xcb, 0x6a, 0x51, 0x8c, 0x8e, 0x7b, 0x15, 0x9d, 0x69, 0x62, 0x48, 0x52, 0x73, 0x74, 0x56, 0x95,
    0xdf, 0xf7, 0xf9, 0xad, 0x85, 0x41, 0x00, 0x00, 0x00, 0x00, 0x00, 0x00, 0x00, 0x00, 0x00, 0x00,
    0x00, 0x00, 0x00, 0x00, 0x00, 0x00, 0x00, 0x00, 0xe5, 0x08, 0xf8, 0x34, 0x00, 0x00, 0x00, 0x00,
    0x81, 0x18, 0x81, 0x20, 0x03, 0x31, 0xa1, 0x28, 0xa1, 0x30, 0xd3, 0x9c, 0x9c, 0xc6, 0xf5, 0x8c,
    0xd8, 0xad, 0x9f, 0xe7, 0x6e, 0x73, 0x61, 0x18, 0x00, 0x00, 0x00, 0x00, 0x00, 0x00, 0x00, 0x00,
    0x00, 0x00, 0x00, 0x00, 0x00, 0x00, 0x00, 0x00, 0x13, 0x4c, 0xdf, 0xc7, 0x2f, 0x23, 0x00, 0x00,
    0x00, 0x00, 0x00, 0x00, 0x00, 0x00, 0x00, 0x00, 0x00, 0x00, 0x80, 0x28, 0xeb, 0x62, 0xdc, 0xce,
    0x36, 0x95, 0xdc, 0xd6, 0x19, 0xb6, 0x23, 0x39, 0x00, 0x00, 0x00, 0x00, 0x00, 0x00, 0x00, 0x00,
    0x00, 0x00, 0x00, 0x00, 0x00, 0x00, 0x00, 0x00, 0x95, 0x54, 0xff, 0xb7, 0xd2, 0x33, 0x00, 0x00,
    0x00, 0x00, 0xf9, 0x3c, 0xc8, 0x11, 0x00, 0x00, 0x00, 0x00, 0x00, 0x00, 0x60, 0x20, 0x6e, 0x6b,
    0xdc, 0xce, 0x77, 0x9d, 0x7f, 0xdf, 0x0c, 0x6b, 0x20, 0x10, 0x00, 0x00, 0x00, 0x00, 0x00, 0x00,
    0x00, 0x00, 0x00, 0x00, 0x00, 0x00, 0x00, 0x00, 0x00, 0x00, 0x4c, 0x1a, 0x00, 0x00, 0x00, 0x00,
    0x8c, 0x22, 0xdf, 0xc7, 0xb6, 0x4c, 0x00, 0x00, 0x00, 0x00, 0x00, 0x00, 0xc2, 0x28, 0xa1, 0x20,
    0x76, 0xa5, 0xd9, 0xad, 0xdc, 0xce, 0x97, 0xad, 0xa1, 0x28, 0x00, 0x00, 0x00, 0x00, 0x00, 0x00,
    0x00, 0x00, 0x00, 0x00, 0x00, 0x00, 0x00, 0x00, 0x00, 0x00, 0x00, 0x00, 0x00, 0x00, 0x00, 0x00,
    0x2f, 0x2b, 0xbf, 0xaf, 0x18, 0x55, 0x00, 0x00, 0x00, 0x00, 0x00, 0x00, 0x00, 0x00, 0xa1, 0x28,
    0x8a, 0x52, 0x9c, 0xc6, 0xd8, 0xad, 0x5e, 0xdf, 0xaa, 0x5a, 0x00, 0x00, 0x00, 0x00, 0x00, 0x00,
    0x00, 0x00, 0x00, 0x00, 0x00, 0x00, 0x00, 0x00, 0x00, 0x00, 0x00, 0x00, 0x00, 0x00, 0x00, 0x00,
    0x00, 0x00, 0xea, 0x11, 0x00, 0x00, 0x00, 0x00, 0x00, 0x00, 0x00, 0x00, 0x00, 0x00, 0xa2, 0x28,
    0x03, 0x29, 0xf9, 0xb5, 0xb8, 0xa5, 0x5e, 0xdf, 0x93, 0x8c, 0xa2, 0x18, 0x00, 0x00, 0x00, 0x00,
    0x00, 0x00, 0x00, 0x00, 0x00, 0x00, 0x00, 0x00, 0x00, 0x00, 0x00, 0x00, 0x00, 0x00, 0x00, 0x00,
    0x00, 0x00, 0x00, 0x00, 0x00, 0x00, 0x00, 0x00, 0x00, 0x00, 0x00, 0x00, 0x00, 0x00, 0x81, 0x18,
    0x81, 0x20, 0x31, 0x7c, 0x1a, 0xb6, 0xbb, 0xce, 0x7b, 0xbe, 0x24, 0x31, 0x00, 0x00, 0x00, 0x00,
    0x00, 0x00, 0x00, 0x00, 0x00, 0x00, 0x00, 0x00, 0x00, 0x00, 0x00, 0x00, 0x00, 0x00, 0x00, 0x00,
    0x00, 0x00, 0x00, 0x00, 0x00, 0x00, 0x00, 0x00, 0x00, 0x00, 0x00, 0x00, 0x00, 0x00, 0x00, 0x00,
    0x81, 0x20, 0x49, 0x4a, 0xfd, 0xce, 0x3a, 0xb6, 0x96, 0xb5, 0x03, 0x31, 0x00, 0x00, 0x00, 0x00,
    0x00, 0x00, 0x00, 0x00, 0x00, 0x00, 0x00, 0x00, 0x00, 0x00, 0x00, 0x00, 0x00, 0x00, 0x00, 0x00,
    0x00, 0x00, 0x00, 0x00, 0x00, 0x00, 0x00, 0x00, 0x00, 0x00, 0x00, 0x00, 0x00, 0x00, 0x00, 0x00,
    0xa1, 0x28, 0x64, 0x41, 0x8e, 0x7b, 0x89, 0x5a, 0x89, 0x62, 0x03, 0x31, 0x00, 0x00, 0x00, 0x00,
    0x00, 0x00, 0x00, 0x00, 0x00, 0x00, 0x00, 0x00, 0x00, 0x00, 0x00, 0x00, 0x00, 0x00, 0x00, 0x00,
    0x00, 0x00, 0x00, 0x00, 0x00, 0x00, 0x00, 0x00, 0x00, 0x00, 0x00, 0x00, 0x00, 0x00, 0x00, 0x00,
    0x00, 0x00, 0xc1, 0x30, 0xce, 0x8b, 0x15, 0x9d, 0x51, 0x8c, 0x43, 0x41, 0x00, 0x00, 0x00, 0x00,
    0x00, 0x00, 0x00, 0x00, 0x00, 0x00, 0x00, 0x00, 0x00, 0x00, 0x00, 0x00, 0x00, 0x00, 0x00, 0x00,
    0x00, 0x00, 0x00, 0x00, 0x00, 0x00, 0x00, 0x00, 0x00, 0x00, 0x00, 0x00, 0x00, 0x00, 0x00, 0x00,
    0x00, 0x00, 0x81, 0x18, 0x68, 0x62, 0xe6, 0x49, 0x81, 0x28, 0x00, 0x00, 0x00, 0x00, 0x00, 0x00,
    0x00, 0x00, 0x00, 0x00, 0x00, 0x00, 0x00, 0x00, 0x00, 0x00, 0x00, 0x00, 0x00, 0x00, 0x00, 0x00,
    0x00, 0x00, 0x00, 0x00, 0x00, 0x00, 0x00, 0x00, 0x00, 0x00, 0x00, 0x00, 0x00, 0x00, 0x00, 0x00,
    0x00, 0x00, 0x00, 0x00, 0x00, 0x00, 0x00, 0x00, 0x00, 0x00, 0x00, 0x00, 0x00, 0x00, 0x00, 0x00,
    0x00, 0x00, 0x00, 0x00, 0x00, 0x00, 0x00, 0x00, 0x00, 0x00, 0x00, 0x00, 0x00, 0x00, 0x00, 0x00,
    0x00, 0x00, 0x00, 0x00, 0x00, 0x00, 0x00, 0x00, 0x00, 0x00, 0x00, 0x00, 0x2c, 0x9b, 0xe8, 0xfd,
    0xe0, 0xa0, 0x4b, 0x08, 0x00, 0x00, 0x00, 0x00, 0x00, 0x00, 0x00, 0x00, 0x00, 0x00, 0x00, 0x00,
    0x00, 0x00, 0x00, 0x80, 0xff, 0xff, 0xff, 0xff, 0xff, 0xff, 0xff, 0xeb, 0x64, 0x00, 0x00, 0x00,
    0x00, 0x00, 0x00, 0x00, 0x00, 0x00, 0x00, 0x00, 0x00, 0x00, 0x50, 0xff, 0xf7, 0xfb, 0xff, 0xff,
    0xfd, 0xfb, 0xf9, 0xff, 0xff, 0xdc, 0x11, 0x00, 0x00, 0x00, 0x00, 0x00, 0x00, 0x00, 0x00, 0x00,
    0x00, 0x00, 0xe4, 0xfb, 0xfd, 0xff, 0xff, 0xff, 0xff, 0xff, 0xff, 0xff, 0xf7, 0xff, 0xef, 0x0c,
    0x00, 0x00, 0x00, 0x00, 0x00, 0x00, 0x00, 0x00, 0x00, 0x00, 0xfd, 0xfd, 0xff, 0xff, 0xff, 0xff,
    0xff, 0xff, 0xff, 0xff, 0xff, 0xf7, 0xff, 0xb9, 0x00, 0x00, 0x00, 0x00, 0x00, 0x00, 0x00, 0x00,
    0x00, 0x00, 0xaf, 0xff, 0xfb, 0xff, 0xff, 0xff, 0xff, 0xff, 0xff, 0xff, 0xff, 0xff, 0xf5, 0xff,
    0x3e, 0x00, 0x00, 0x00, 0x00, 0x00, 0x00, 0x00, 0x00, 0x00, 0x20, 0xf7, 0xfd, 0xff, 0xff, 0xff,
    0xff, 0xff, 0xff, 0xff, 0xff, 0xff, 0xfd, 0xfb, 0xe0, 0x00, 0x00, 0x00, 0x00, 0x00, 0x00, 0x00,
    0x00, 0x00, 0x00, 0x38, 0xf9, 0xf3, 0xff, 0xff, 0xff, 0xff, 0xff, 0xff, 0xff, 0xff, 0xff, 0xf7,
    0xff, 0x46, 0x00, 0x00, 0x00, 0x00, 0x00, 0x00, 0x00, 0x00, 0x00, 0x00, 0x6f, 0xff, 0xf3, 0xfb,
    0xff, 0xff, 0xff, 0xff, 0xff, 0xff, 0xff, 0xfd, 0xfd, 0xe2, 0x00, 0x00, 0x00, 0x00, 0x00, 0x00,
    0x00, 0x00, 0x00, 0x00, 0x00, 0x6d, 0xff, 0xff, 0xfd, 0xf7, 0xf7, 0xf7, 0xfb, 0xff, 0xfd, 0xff,
    0xf7, 0xff, 0x3b, 0x00, 0x00, 0x00, 0x00, 0x00, 0x00, 0x00, 0x00, 0x00, 0x00, 0x00, 0x14, 0x8e,
    0xff, 0xff, 0xff, 0xff, 0xff, 0xff, 0xff, 0xfd, 0xfd, 0xfd, 0xd5, 0x00, 0x00, 0x00, 0x00, 0x00,
    0x00, 0x00, 0x00, 0x00, 0x0a, 0xc8, 0x00, 0x00, 0x14, 0x49, 0x69, 0x63, 0xc7, 0xf9, 0xed, 0xff,
    0xfd, 0xf9, 0xff, 0x31, 0x00, 0x00, 0x00, 0x00, 0x00, 0x00, 0x00, 0x00, 0x7b, 0xff, 0x59, 0x00,
    0x00, 0x00, 0x00, 0x00, 0x00, 0x97, 0x69, 0xe0, 0xfb, 0xf9, 0xff, 0xbe, 0x00, 0x00, 0x00, 0x00,
    0x00, 0x00, 0x00, 0x00, 0x9a, 0xff, 0x78, 0x00, 0x00, 0xd3, 0x1e, 0x00, 0x00, 0x00, 0x92, 0x47,
    0xff, 0xf9, 0xf9, 0xff, 0x17, 0x00, 0x00, 0x00, 0x00, 0x00, 0x00, 0x00, 0x00, 0x2c, 0x00, 0x00,
    0x3a, 0xff, 0xa3, 0x00, 0x00, 0x00, 0x46, 0x4d, 0x85, 0xff, 0xf3, 0xfd, 0x7e, 0x00, 0x00, 0x00,
    0x00, 0x00, 0x00, 0x00, 0x00, 0x00, 0x00, 0x00, 0x51, 0xff, 0xc0, 0x00, 0x00, 0x00, 0x00, 0x89,
    0x2d, 0xff, 0xf7, 0xff, 0xbe, 0x00, 0x00, 0x00, 0x00, 0x00, 0x00, 0x00, 0x00, 0x00, 0x00, 0x00,
    0x00, 0x21, 0x00, 0x00, 0x00, 0x00, 0x00, 0x50, 0x3f, 0xb4, 0xff, 0xf9, 0xf5, 0x1a, 0x00, 0x00,
    0x00, 0x00, 0x00, 0x00, 0x00, 0x00, 0x00, 0x00, 0x00, 0x00, 0x00, 0x00, 0x00, 0x00, 0x00, 0x12,
    0x4d, 0x4e, 0xff, 0xf3, 0xfd, 0xa2, 0x00, 0x00, 0x00, 0x00, 0x00, 0x00, 0x00, 0x00, 0x00, 0x00,
    0x00, 0x00, 0x00, 0x00, 0x00, 0x00, 0x00, 0x00, 0x31, 0x1f, 0xf9, 0xf9, 0xff, 0xc8, 0x00, 0x00,
    0x00, 0x00, 0x00, 0x00, 0x00, 0x00, 0x00, 0x00, 0x00, 0x00, 0x00, 0x00, 0x00, 0x00, 0x00, 0x00,
    0x54, 0x89, 0xe6, 0xfd, 0xf9, 0x97, 0x00, 0x00, 0x00, 0x00, 0x00, 0x00, 0x00, 0x00, 0x00, 0x00,
    0x00, 0x00, 0x00, 0x00, 0x00, 0x00, 0x00, 0x00, 0x00, 0x94, 0xff, 0xff, 0xff, 0xbc, 0x00, 0x00,
    0x00, 0x00, 0x00, 0x00, 0x00, 0x00, 0x00, 0x00, 0x00, 0x00, 0x00, 0x00, 0x00, 0x00, 0x00, 0x00,
    0x00, 0x12, 0xeb, 0xc7, 0x5d, 0x00, 0x00, 0x00, 0x00, 0x00, 0x00, 0x00, 0x00, 0x00, 0x00, 0x00,
    0x00, 0x00, 0x00, 0x00, 0x00, 0x00, 0x00, 0x00, 0x00, 0x00, 0x00, 0x00, 0x00, 0x00, 0x00, 0x00,
};

static const LV_ATTRIBUTE_MEM_ALIGN uint8_t app_tama_ico_7_play_map[] = {
    0x00, 0x00, 0x00, 0x00, 0x00, 0x00, 0x00, 0x00, 0x00, 0x00, 0x00, 0x00, 0x00, 0x00, 0x00, 0x00,
    0x00, 0x00, 0x00, 0x00, 0x00, 0x00, 0x00, 0x00, 0x00, 0x00, 0x00, 0x00, 0x00, 0x00, 0x00, 0x00,
    0x00, 0x00, 0x00, 0x00, 0x00, 0x00, 0x00, 0x00, 0x00, 0x00, 0x00, 0x00, 0x00, 0x00, 0x00, 0x00,
    0x00, 0x00, 0x00, 0x00, 0x00, 0x00, 0x00, 0x00, 0x00, 0x00, 0x00, 0x00, 0x00, 0x00, 0x00, 0x00,
    0x00, 0x00, 0x00, 0x00, 0x61, 0x18, 0x03, 0x62, 0xe2, 0x61, 0x60, 0x18, 0x00, 0x00, 0x00, 0x00,
    0x00, 0x00, 0x00, 0x00, 0x00, 0x00, 0x00, 0x00, 0x00, 0x00, 0x00, 0x00, 0x00, 0x00, 0x00, 0x00,
    0x00, 0x00, 0x00, 0x00, 0x00, 0x00, 0x00, 0x00, 0x00, 0x00, 0x00, 0x00, 0x00, 0x00, 0x00, 0x00,
    0x00, 0x00, 0x20, 0x08, 0x23, 0x6a, 0x2a, 0xf6, 0x2b, 0xf6, 0x23, 0x6a, 0x00, 0x08, 0x00, 0x00,
    0x00, 0x00, 0x00, 0x00, 0x00, 0x00, 0x00, 0x00, 0x00, 0x00, 0x00, 0x00, 0x00, 0x00, 0x00, 0x00,
    0x00, 0x00, 0x00, 0x00, 0x00, 0x00, 0x00, 0x00, 0x00, 0x00, 0x00, 0x00, 0x00, 0x00, 0x00, 0x00,
    0x00, 0x00, 0xc1, 0x30, 0x69, 0xdd, 0xac, 0xfe, 0xac, 0xfe, 0x29, 0xdd, 0xc1, 0x30, 0x00, 0x00,
    0x00, 0x00, 0x00, 0x00, 0x00, 0x00, 0x00, 0x00, 0x00, 0x00, 0x00, 0x00, 0x00, 0x00, 0x00, 0x00,
    0x00, 0x00, 0x00, 0x00, 0x00, 0x00, 0x00, 0x00, 0x00, 0x00, 0x00, 0x00, 0x00, 0x00, 0x00, 0x00,
    0x20, 0x08, 0xc4, 0x82, 0x8b, 0xfe, 0x4b, 0xfe, 0x4b, 0xfe, 0x8b, 0xfe, 0xa4, 0x7a, 0x00, 0x00,
    0x00, 0x00, 0x00, 0x00, 0x00, 0x00, 0x00, 0x00, 0x00, 0x00, 0x00, 0x00, 0x00, 0x00, 0x00, 0x00,
    0x00, 0x00, 0x00, 0x00, 0x00, 0x00, 0x00, 0x00, 0x00, 0x00, 0x00, 0x00, 0x00, 0x00, 0x00, 0x00,
    0xe1, 0x30, 0x49, 0xdd, 0x8b, 0xfe, 0x4b, 0xfe, 0x4b, 0xfe, 0x8c, 0xfe, 0x29, 0xd5, 0xa0, 0x28,
    0x00, 0x00, 0x00, 0x00, 0x00, 0x00, 0x00, 0x00, 0x00, 0x00, 0x00, 0x00, 0x00, 0x00, 0x00, 0x00,
    0x00, 0x00, 0x00, 0x00, 0x00, 0x00, 0x00, 0x00, 0x00, 0x00, 0x00, 0x00, 0x00, 0x00, 0x00, 0x00,
    0xa4, 0x7a, 0xab, 0xfe, 0x4b, 0xfe, 0x6b, 0xfe, 0x6b, 0xfe, 0x4b, 0xfe, 0x8b, 0xfe, 0x84, 0x72,
    0x00, 0x08, 0x00, 0x08, 0x00, 0x00, 0x00, 0x00, 0x00, 0x00, 0x00, 0x00, 0x00, 0x00, 0x00, 0x00,
    0x00, 0x00, 0x00, 0x00, 0x60, 0x18, 0xe1, 0x30, 0x82, 0x49, 0x43, 0x6a, 0x04, 0x83, 0x85, 0x9b,
    0xa9, 0xe5, 0x8b, 0xfe, 0x4b, 0xfe, 0x6b, 0xfe, 0x6b, 0xfe, 0x4b, 0xfe, 0x8b, 0xfe, 0xaa, 0xe5,
    0x65, 0x9b, 0x04, 0x83, 0x43, 0x6a, 0xa2, 0x51, 0xe1, 0x30, 0x40, 0x10, 0x00, 0x00, 0x00, 0x00,
    0x00, 0x00, 0xc1, 0x30, 0xa6, 0xa3, 0xca, 0xe5, 0x2a, 0xf6, 0x8b, 0xfe, 0xab, 0xfe, 0xac, 0xfe,
    0x6b, 0xfe, 0x4b, 0xfe, 0x6b, 0xfe, 0x6b, 0xfe, 0x6b, 0xfe, 0x6b, 0xfe, 0x4b, 0xfe, 0x6b, 0xfe,
    0xac, 0xfe, 0xab, 0xfe, 0x8b, 0xfe, 0x2a, 0xf6, 0xca, 0xe5, 0xa6, 0xa3, 0xe1, 0x30, 0x00, 0x00,
    0x00, 0x00, 0x03, 0x6a, 0x8b, 0xfe, 0x8c, 0xfe, 0x6b, 0xfe, 0x4b, 0xfe, 0x4b, 0xfe, 0x4b, 0xfe,
    0x6b, 0xfe, 0x6b, 0xfe, 0x6b, 0xfe, 0x6b, 0xfe, 0x6b, 0xfe, 0x6b, 0xfe, 0x6b, 0xfe, 0x6b, 0xfe,
    0x4b, 0xfe, 0x4b, 0xfe, 0x4b, 0xfe, 0x6b, 0xfe, 0x8c, 0xfe, 0x8b, 0xfe, 0x03, 0x62, 0x00, 0x00,
    0x00, 0x00, 0x21, 0x41, 0x49, 0xdd, 0xac, 0xfe, 0x4b, 0xfe, 0x6b, 0xfe, 0x4b, 0xfe, 0x8b, 0xfe,
    0x0a, 0xf6, 0x6b, 0xfe, 0x6b, 0xfe, 0x4b, 0xfe, 0x4b, 0xfe, 0x6b, 0xfe, 0x4b, 0xfe, 0x0a, 0xf6,
    0x8b, 0xfe, 0x4b, 0xfe, 0x6b, 0xfe, 0x4b, 0xfe, 0xac, 0xfe, 0x29, 0xd5, 0x01, 0x39, 0x00, 0x00,
    0x00, 0x00, 0x20, 0x08, 0x82, 0x51, 0xca, 0xe5, 0xac, 0xfe, 0x4b, 0xfe, 0x8c, 0xfe, 0x69, 0xdd,
    0x4e, 0x9c, 0x08, 0xa4, 0xab, 0xfe, 0x6b, 0xfe, 0x6b, 0xfe, 0x8b, 0xfe, 0xab, 0xbc, 0xec, 0x93,
    0x48, 0xd5, 0x8c, 0xfe, 0x2b, 0xfe, 0xab, 0xfe, 0xaa, 0xe5, 0x82, 0x51, 0x20, 0x08, 0x00, 0x00,
    0x00, 0x00, 0x00, 0x00, 0x00, 0x08, 0x81, 0x51, 0xaa, 0xe5, 0x8c, 0xfe, 0xab, 0xfe, 0x28, 0xd5,
    0xa4, 0x49, 0x25, 0x8b, 0xca, 0xed, 0xea, 0xed, 0xca, 0xed, 0xc9, 0xed, 0x46, 0x8b, 0x84, 0x49,
    0x28, 0xcd, 0x8b, 0xfe, 0x8c, 0xfe, 0xa9, 0xe5, 0x81, 0x51, 0x00, 0x08, 0x00, 0x00, 0x00, 0x00,
    0x00, 0x00, 0x00, 0x00, 0x00, 0x00, 0x00, 0x08, 0x82, 0x51, 0x89, 0xdd, 0x6b, 0xfe, 0x8d, 0xfc,
    0x6a, 0xdb, 0x4b, 0xfe, 0x69, 0xdd, 0xe4, 0x82, 0xe4, 0x82, 0x89, 0xdd, 0x2a, 0xf6, 0x6a, 0xdb,
    0xad, 0xfc, 0x6b, 0xfe, 0x89, 0xdd, 0x82, 0x51, 0x20, 0x08, 0x00, 0x00, 0x00, 0x00, 0x00, 0x00,
    0x00, 0x00, 0x00, 0x00, 0x00, 0x00, 0x00, 0x00, 0x20, 0x08, 0x63, 0x72, 0x8b, 0xfe, 0xec, 0xfc,
    0x4d, 0xfd, 0x6b, 0xfe, 0x8b, 0xfe, 0x2b, 0xf6, 0x2b, 0xf6, 0x8b, 0xfe, 0x6b, 0xfe, 0x2d, 0xfd,
    0xec, 0xfc, 0x8b, 0xfe, 0x63, 0x72, 0x41, 0x08, 0x00, 0x00, 0x00, 0x00, 0x00, 0x00, 0x00, 0x00,
    0x00, 0x00, 0x00, 0x00, 0x00, 0x00, 0x00, 0x00, 0x00, 0x00, 0x25, 0x8b, 0xab, 0xfe, 0x6b, 0xfe,
    0x6b, 0xfe, 0x6b, 0xfe, 0x4b, 0xfe, 0x6b, 0xfe, 0x6b, 0xfe, 0x4b, 0xfe, 0x4b, 0xfe, 0x6b, 0xfe,
    0x6b, 0xfe, 0xab, 0xfe, 0x05, 0x8b, 0x00, 0x00, 0x00, 0x00, 0x00, 0x00, 0x00, 0x00, 0x00, 0x00,
    0x00, 0x00, 0x00, 0x00, 0x00, 0x00, 0x00, 0x00, 0x20, 0x10, 0x27, 0xb4, 0xac, 0xfe, 0x4b, 0xfe,
    0x4b, 0xfe, 0x6b, 0xfe, 0x6b, 0xfe, 0x4b, 0xfe, 0x4b, 0xfe, 0x6b, 0xfe, 0x6b, 0xfe, 0x4b, 0xfe,
    0x4b, 0xfe, 0xcc, 0xfe, 0x06, 0xac, 0x20, 0x10, 0x00, 0x00, 0x00, 0x00, 0x00, 0x00, 0x00, 0x00,
    0x00, 0x00, 0x00, 0x00, 0x00, 0x00, 0x00, 0x00, 0x60, 0x20, 0x08, 0xcd, 0xac, 0xfe, 0x4b, 0xfe,
    0x6b, 0xfe, 0x4b, 0xfe, 0x4b, 0xfe, 0x8c, 0xfe, 0x8c, 0xfe, 0x4b, 0xfe, 0x4b, 0xfe, 0x6b, 0xfe,
    0x4b, 0xfe, 0xab, 0xfe, 0xe8, 0xcc, 0x80, 0x20, 0x00, 0x00, 0x00, 0x00, 0x00, 0x00, 0x00, 0x00,
    0x00, 0x00, 0x00, 0x00, 0x00, 0x00, 0x00, 0x00, 0xe1, 0x38, 0xaa, 0xe5, 0x8c, 0xfe, 0x4b, 0xfe,
    0x4b, 0xfe, 0x8b, 0xfe, 0xac, 0xfe, 0x49, 0xdd, 0x69, 0xdd, 0xac, 0xfe, 0x8b, 0xfe, 0x4b, 0xfe,
    0x4b, 0xfe, 0x8b, 0xfe, 0x89, 0xe5, 0xe1, 0x30, 0x00, 0x00, 0x00, 0x00, 0x00, 0x00, 0x00, 0x00,
    0x00, 0x00, 0x00, 0x00, 0x00, 0x00, 0x00, 0x00, 0x41, 0x41, 0x2b, 0xf6, 0x6b, 0xfe, 0x8c, 0xfe,
    0xcc, 0xfe, 0xa9, 0xe5, 0x05, 0x8b, 0xa0, 0x28, 0xc0, 0x30, 0x25, 0x8b, 0xaa, 0xe5, 0xcc, 0xfe,
    0x8b, 0xfe, 0x6b, 0xfe, 0x0a, 0xf6, 0x21, 0x39, 0x00, 0x00, 0x00, 0x00, 0x00, 0x00, 0x00, 0x00,
    0x00, 0x00, 0x00, 0x00, 0x00, 0x00, 0x00, 0x00, 0xa0, 0x28, 0xe8, 0xcc, 0xac, 0xfe, 0x89, 0xdd,
    0x45, 0x93, 0x01, 0x39, 0x00, 0x08, 0x00, 0x00, 0x00, 0x00, 0x00, 0x08, 0x01, 0x39, 0x45, 0x93,
    0x89, 0xe5, 0xab, 0xfe, 0xe8, 0xcc, 0xc1, 0x28, 0x00, 0x00, 0x00, 0x00, 0x00, 0x00, 0x00, 0x00,
    0x00, 0x00, 0x00, 0x00, 0x00, 0x00, 0x00, 0x00, 0x40, 0x08, 0x62, 0x49, 0x43, 0x6a, 0x21, 0x41,
    0x20, 0x08, 0x00, 0x00, 0x00, 0x00, 0x00, 0x00, 0x00, 0x00, 0x00, 0x00, 0x00, 0x00, 0x00, 0x08,
    0x21, 0x41, 0x43, 0x6a, 0x41, 0x41, 0x40, 0x08, 0x00, 0x00, 0x00, 0x00, 0x00, 0x00, 0x00, 0x00,
    0x00, 0x00, 0x00, 0x00, 0x00, 0x00, 0x00, 0x00, 0x00, 0x00, 0x00, 0x00, 0x00, 0x00, 0x00, 0x00,
    0x00, 0x00, 0x00, 0x00, 0x00, 0x00, 0x00, 0x00, 0x00, 0x00, 0x00, 0x00, 0x00, 0x00, 0x00, 0x00,
    0x00, 0x00, 0x00, 0x00, 0x00, 0x00, 0x00, 0x00, 0x00, 0x00, 0x00, 0x00, 0x00, 0x00, 0x00, 0x00,
    0x00, 0x00, 0x00, 0x00, 0x00, 0x00, 0x00, 0x00, 0x00, 0x00, 0x00, 0x00, 0x00, 0x00, 0x00, 0x00,
    0x00, 0x00, 0x00, 0x00, 0x00, 0x00, 0x00, 0x00, 0x00, 0x00, 0x00, 0x00, 0x00, 0x00, 0x00, 0x00,
    0x00, 0x00, 0x00, 0x00, 0x00, 0x00, 0x00, 0x00, 0x00, 0x00, 0x00, 0x00, 0x00, 0x00, 0x00, 0x00,
    0x00, 0x00, 0x00, 0x00, 0x00, 0x00, 0x00, 0x00, 0x00, 0x00, 0x00, 0x00, 0x00, 0x00, 0x00, 0x00,
    0x00, 0x00, 0x00, 0x00, 0x00, 0x00, 0x00, 0x00, 0x00, 0x00, 0x00, 0x00, 0x00, 0x00, 0x00, 0x00,
    0x00, 0x00, 0x34, 0xf3, 0xed, 0x31, 0x00, 0x00, 0x00, 0x00, 0x00, 0x00, 0x00, 0x00, 0x00, 0x00,
    0x00, 0x00, 0x00, 0x00, 0x00, 0x00, 0x00, 0x00, 0x00, 0x0b, 0xfb, 0xfd, 0xff, 0xfb, 0x09, 0x00,
    0x00, 0x00, 0x00, 0x00, 0x00, 0x00, 0x00, 0x00, 0x00, 0x00, 0x00, 0x00, 0x00, 0x00, 0x00, 0x00,
    0x00, 0x91, 0xff, 0xf9, 0xf9, 0xff, 0x8c, 0x00, 0x00, 0x00, 0x00, 0x00, 0x00, 0x00, 0x00, 0x00,
    0x00, 0x00, 0x00, 0x00, 0x00, 0x00, 0x00, 0x00, 0x11, 0xff, 0xf9, 0xff, 0xff, 0xfb, 0xfd, 0x0b,
    0x00, 0x00, 0x00, 0x00, 0x00, 0x00, 0x00, 0x00, 0x00, 0x00, 0x00, 0x00, 0x00, 0x00, 0x00, 0x00,
    0x91, 0xff, 0xf9, 0xff, 0xff, 0xf9, 0xff, 0x7e, 0x00, 0x00, 0x00, 0x00, 0x00, 0x00, 0x00, 0x00,
    0x00, 0x00, 0x00, 0x00, 0x00, 0x00, 0x0a, 0x27, 0xfd, 0xfd, 0xff, 0xff, 0xff, 0xff, 0xfd, 0xfd,
    0x26, 0x0a, 0x00, 0x00, 0x00, 0x00, 0x00, 0x00, 0x00, 0x00, 0x34, 0x80, 0xbe, 0xeb, 0xff, 0xff,
    0xff, 0xff, 0xff, 0xff, 0xff, 0xff, 0xff, 0xff, 0xff, 0xff, 0xeb, 0xbe, 0x7f, 0x2e, 0x00, 0x00,
    0x00, 0x79, 0xff, 0xff, 0xff, 0xff, 0xfd, 0xf9, 0xff, 0xff, 0xff, 0xff, 0xff, 0xff, 0xff, 0xff,
    0xf9, 0xfd, 0xff, 0xff, 0xff, 0xff, 0x79, 0x00, 0x00, 0xff, 0xf7, 0xf9, 0xfb, 0xfd, 0xff, 0xff,
    0xff, 0xff, 0xff, 0xff, 0xff, 0xff, 0xff, 0xff, 0xff, 0xff, 0xfd, 0xfb, 0xf9, 0xf7, 0xff, 0x00,
    0x00, 0xba, 0xff, 0xf9, 0xff, 0xff, 0xff, 0xff, 0xff, 0xff, 0xff, 0xff, 0xff, 0xff, 0xff, 0xff,
    0xff, 0xff, 0xff, 0xff, 0xf9, 0xff, 0xb2, 0x00, 0x00, 0x0c, 0xe8, 0xff, 0xfb, 0xff, 0xff, 0xff,
    0xff, 0xff, 0xff, 0xff, 0xff, 0xff, 0xff, 0xff, 0xff, 0xff, 0xff, 0xfb, 0xff, 0xe8, 0x0b, 0x00,
    0x00, 0x00, 0x10, 0xe9, 0xff, 0xfd, 0xff, 0xff, 0xff, 0xff, 0xff, 0xff, 0xff, 0xff, 0xff, 0xff,
    0xff, 0xff, 0xfd, 0xff, 0xe9, 0x10, 0x00, 0x00, 0x00, 0x00, 0x00, 0x0f, 0xe2, 0xfd, 0xfd, 0xff,
    0xff, 0xff, 0xff, 0xff, 0xff, 0xff, 0xff, 0xff, 0xff, 0xfd, 0xfd, 0xe4, 0x0f, 0x00, 0x00, 0x00,
    0x00, 0x00, 0x00, 0x00, 0x14, 0xfb, 0xfb, 0xff, 0xff, 0xff, 0xff, 0xff, 0xff, 0xff, 0xff, 0xff,
    0xff, 0xfb, 0xf9, 0x13, 0x00, 0x00, 0x00, 0x00, 0x00, 0x00, 0x00, 0x00, 0x0b, 0xfd, 0xfb, 0xff,
    0xff, 0xff, 0xff, 0xff, 0xff, 0xff, 0xff, 0xff, 0xff, 0xfb, 0xfd, 0x0a, 0x00, 0x00, 0x00, 0x00,
    0x00, 0x00, 0x00, 0x00, 0x2e, 0xff, 0xf7, 0xff, 0xff, 0xff, 0xff, 0xff, 0xff, 0xff, 0xff, 0xff,
    0xff, 0xf7, 0xff, 0x2b, 0x00, 0x00, 0x00, 0x00, 0x00, 0x00, 0x00, 0x00, 0x57, 0xff, 0xf7, 0xff,
    0xff, 0xff, 0xff, 0xf9, 0xf9, 0xff, 0xff, 0xff, 0xff, 0xf7, 0xff, 0x57, 0x00, 0x00, 0x00, 0x00,
    0x00, 0x00, 0x00, 0x00, 0x8c, 0xff, 0xf9, 0xff, 0xff, 0xfb, 0xfb, 0xff, 0xff, 0xfb, 0xfb, 0xff,
    0xff, 0xf9, 0xff, 0x86, 0x00, 0x00, 0x00, 0x00, 0x00, 0x00, 0x00, 0x00, 0xa0, 0xfd, 0xf9, 0xfd,
    0xfb, 0xff, 0xff, 0x85, 0x89, 0xff, 0xff, 0xfb, 0xfd, 0xf9, 0xfd, 0xa0, 0x00, 0x00, 0x00, 0x00,
    0x00, 0x00, 0x00, 0x00, 0x78, 0xff, 0xf7, 0xff, 0xff, 0x9e, 0x18, 0x00, 0x00, 0x19, 0xa3, 0xff,
    0xff, 0xf7, 0xff, 0x77, 0x00, 0x00, 0x00, 0x00, 0x00, 0x00, 0x00, 0x00, 0x0a, 0xc0, 0xf9, 0xb0,
    0x26, 0x00, 0x00, 0x00, 0x00, 0x00, 0x00, 0x26, 0xb4, 0xf9, 0xb9, 0x08, 0x00, 0x00, 0x00, 0x00,
    0x00, 0x00, 0x00, 0x00, 0x00, 0x00, 0x00, 0x00, 0x00, 0x00, 0x00, 0x00, 0x00, 0x00, 0x00, 0x00,
    0x00, 0x00, 0x00, 0x00, 0x00, 0x00, 0x00, 0x00, 0x00, 0x00, 0x00, 0x00, 0x00, 0x00, 0x00, 0x00,
    0x00, 0x00, 0x00, 0x00, 0x00, 0x00, 0x00, 0x00, 0x00, 0x00, 0x00, 0x00, 0x00, 0x00, 0x00, 0x00,
};

static const LV_ATTRIBUTE_MEM_ALIGN uint8_t app_tama_ico_8_heal_map[] = {
    0x00, 0x00, 0x00, 0x00, 0x00, 0x00, 0x00, 0x00, 0x00, 0x00, 0x00, 0x00, 0x00, 0x00, 0x00, 0x00,
    0x00, 0x00, 0x00, 0x00, 0x00, 0x00, 0x00, 0x00, 0x00, 0x00, 0x00, 0x00, 0x00, 0x00, 0x00, 0x00,
    0x00, 0x00, 0x00, 0x00, 0x00, 0x00, 0x00, 0x00, 0x00, 0x00, 0x00, 0x00, 0x00, 0x00, 0x00, 0x00,
    0x00, 0x00, 0x00, 0x00, 0x00, 0x00, 0x00, 0x00, 0x00, 0x00, 0x00, 0x00, 0x00, 0x00, 0x00, 0x00,
    0x61, 0x10, 0xe1, 0x38, 0x42, 0x49, 0x42, 0x49, 0x42, 0x49, 0x42, 0x49, 0xe1, 0x40, 0x61, 0x10,
    0x00, 0x00, 0x00, 0x00, 0x00, 0x00, 0x00, 0x00, 0x00, 0x00, 0x00, 0x00, 0x00, 0x00, 0x00, 0x00,
    0x00, 0x00, 0x00, 0x00, 0x00, 0x00, 0x00, 0x00, 0x00, 0x00, 0x00, 0x00, 0x00, 0x00, 0x00, 0x00,
    0x01, 0x39, 0xa8, 0x73, 0x8e, 0x95, 0x6d, 0x8d, 0x6d, 0x8d, 0x8e, 0x8d, 0xc8, 0x73, 0xe1, 0x38,
    0x00, 0x00, 0x00, 0x00, 0x00, 0x00, 0x00, 0x00, 0x00, 0x00, 0x00, 0x00, 0x00, 0x00, 0x00, 0x00,
    0x00, 0x00, 0x00, 0x00, 0x00, 0x00, 0x00, 0x00, 0x00, 0x00, 0x00, 0x00, 0x00, 0x00, 0x00, 0x00,
    0x62, 0x49, 0xae, 0x95, 0x2f, 0x9e, 0x0f, 0x96, 0x0f, 0x9e, 0x2f, 0x9e, 0xae, 0x95, 0x82, 0x49,
    0x00, 0x00, 0x00, 0x00, 0x00, 0x00, 0x00, 0x00, 0x00, 0x00, 0x00, 0x00, 0x00, 0x00, 0x00, 0x00,
    0x00, 0x00, 0x00, 0x00, 0x00, 0x00, 0x00, 0x00, 0x00, 0x00, 0x00, 0x00, 0x00, 0x00, 0x00, 0x00,
    0x62, 0x49, 0x8e, 0x95, 0xef, 0x95, 0xcf, 0x95, 0xef, 0x95, 0xef, 0x95, 0x6d, 0x8d, 0x82, 0x49,
    0x00, 0x00, 0x00, 0x00, 0x00, 0x00, 0x00, 0x00, 0x00, 0x00, 0x00, 0x00, 0x00, 0x00, 0x00, 0x00,
    0x00, 0x00, 0x00, 0x00, 0x00, 0x00, 0x00, 0x00, 0x00, 0x00, 0x00, 0x00, 0x00, 0x00, 0x00, 0x00,
    0x62, 0x49, 0x8e, 0x95, 0xef, 0x95, 0xef, 0x95, 0xef, 0x95, 0xef, 0x95, 0x6d, 0x8d, 0x62, 0x49,
    0x00, 0x00, 0x00, 0x00, 0x00, 0x00, 0x00, 0x00, 0x00, 0x00, 0x00, 0x00, 0x00, 0x00, 0x00, 0x00,
    0x00, 0x00, 0x00, 0x00, 0x00, 0x00, 0x00, 0x00, 0x00, 0x00, 0x00, 0x00, 0x00, 0x00, 0x00, 0x00,
    0x82, 0x49, 0x8e, 0x95, 0xef, 0x95, 0xef, 0x95, 0xef, 0x95, 0xef, 0x95, 0x6d, 0x8d, 0x83, 0x49,
    0x00, 0x00, 0x00, 0x00, 0x00, 0x00, 0x00, 0x00, 0x00, 0x00, 0x00, 0x00, 0x00, 0x00, 0x00, 0x00,
    0x00, 0x00, 0x00, 0x00, 0x00, 0x00, 0x00, 0x00, 0x00, 0x00, 0x00, 0x08, 0x00, 0x00, 0x20, 0x10,
    0x42, 0x49, 0x8e, 0x95, 0xef, 0x95, 0xef, 0x95, 0xcf, 0x95, 0xef, 0x95, 0x6d, 0x8d, 0x42, 0x49,
    0x40, 0x10, 0x00, 0x00, 0x00, 0x08, 0x00, 0x00, 0x00, 0x00, 0x00, 0x00, 0x00, 0x00, 0x00, 0x00,
    0x00, 0x00, 0x60, 0x18, 0x01, 0x41, 0xc3, 0x51, 0xa3, 0x51, 0xa3, 0x51, 0xc3, 0x51, 0xa3, 0x49,
    0x04, 0x52, 0xae, 0x95, 0xef, 0x95, 0xef, 0x95, 0xcf, 0x95, 0xef, 0x95, 0xae, 0x95, 0x04, 0x52,
    0xa3, 0x49, 0xc3, 0x51, 0xc3, 0x51, 0xa3, 0x51, 0xc3, 0x51, 0x01, 0x41, 0x60, 0x18, 0x00, 0x00,
    0x00, 0x00, 0x01, 0x41, 0x2a, 0x7c, 0xef, 0x95, 0xce, 0x95, 0xce, 0x95, 0xcf, 0x95, 0xcf, 0x95,
    0xcf, 0x95, 0xef, 0x95, 0xef, 0x95, 0xef, 0x95, 0xef, 0x95, 0xef, 0x95, 0xef, 0x95, 0xef, 0x95,
    0xce, 0x95, 0xcf, 0x95, 0xce, 0x95, 0xce, 0x95, 0xef, 0x95, 0x2a, 0x7c, 0x01, 0x41, 0x00, 0x00,
    0x00, 0x00, 0x42, 0x49, 0x8e, 0x95, 0x0f, 0x9e, 0xef, 0x95, 0xef, 0x95, 0xef, 0x95, 0xef, 0x95,
    0xef, 0x95, 0xef, 0x95, 0xef, 0x95, 0xef, 0x95, 0xef, 0x95, 0xef, 0x95, 0xef, 0x95, 0xef, 0x95,
    0xef, 0x95, 0xef, 0x95, 0xef, 0x95, 0xef, 0x95, 0x0f, 0x9e, 0x8e, 0x8d, 0x42, 0x49, 0x00, 0x00,
    0x00, 0x00, 0x42, 0x49, 0x4d, 0x8d, 0x0f, 0x9e, 0xef, 0x95, 0xef, 0x95, 0xef, 0x95, 0xef, 0x95,
    0xef, 0x95, 0xef, 0x95, 0xef, 0x95, 0xef, 0x95, 0xef, 0x95, 0xef, 0x95, 0xef, 0x95, 0xef, 0x95,
    0xef, 0x95, 0xef, 0x95, 0xef, 0x95, 0xcf, 0x95, 0x0f, 0x96, 0x4d, 0x8d, 0x41, 0x49, 0x00, 0x00,
    0x00, 0x00, 0x42, 0x49, 0x4d, 0x8d, 0x0f, 0x9e, 0xcf, 0x95, 0xef, 0x95, 0xef, 0x95, 0xef, 0x95,
    0xef, 0x95, 0xef, 0x95, 0xef, 0x95, 0xef, 0x95, 0xef, 0x95, 0xef, 0x95, 0xef, 0x95, 0xef, 0x95,
    0xef, 0x95, 0xef, 0x95, 0xef, 0x95, 0xcf, 0x95, 0x0f, 0x9e, 0x4d, 0x8d, 0x41, 0x49, 0x00, 0x00,
    0x00, 0x00, 0x42, 0x49, 0x8e, 0x95, 0x30, 0x9e, 0xef, 0x9d, 0x0f, 0x9e, 0x0f, 0x9e, 0x0f, 0x9e,
    0xef, 0x95, 0xef, 0x95, 0xef, 0x95, 0xef, 0x95, 0xef, 0x95, 0xef, 0x95, 0xef, 0x95, 0xef, 0x95,
    0x0f, 0x9e, 0x0f, 0x9e, 0x0f, 0x9e, 0xef, 0x95, 0x30, 0x9e, 0x8e, 0x8d, 0x42, 0x49, 0x00, 0x00,
    0x00, 0x00, 0x01, 0x41, 0x0a, 0x7c, 0xae, 0x95, 0x6d, 0x8d, 0x6e, 0x8d, 0x6d, 0x8d, 0x6d, 0x8d,
    0xae, 0x95, 0xef, 0x95, 0xef, 0x95, 0xef, 0x95, 0xef, 0x95, 0xef, 0x95, 0xef, 0x95, 0xae, 0x95,
    0x6d, 0x8d, 0x6d, 0x8d, 0x8e, 0x8d, 0x6d, 0x8d, 0xae, 0x95, 0x09, 0x7c, 0x01, 0x41, 0x00, 0x00,
    0x00, 0x00, 0x81, 0x18, 0x01, 0x41, 0xa3, 0x51, 0xa3, 0x51, 0xa3, 0x51, 0xa3, 0x51, 0x83, 0x49,
    0xc3, 0x51, 0xae, 0x95, 0xef, 0x95, 0xef, 0x95, 0xef, 0x95, 0xef, 0x95, 0x8e, 0x95, 0xc3, 0x51,
    0x83, 0x51, 0xa3, 0x51, 0xa3, 0x51, 0xa3, 0x51, 0xa3, 0x51, 0x01, 0x39, 0x81, 0x18, 0x00, 0x00,
    0x00, 0x00, 0x00, 0x00, 0x00, 0x00, 0x00, 0x00, 0x00, 0x00, 0x61, 0x10, 0x00, 0x00, 0x82, 0x18,
    0x62, 0x49, 0x8e, 0x95, 0xef, 0x95, 0xef, 0x95, 0xef, 0x95, 0xef, 0x95, 0x6d, 0x8d, 0x62, 0x49,
    0xa2, 0x18, 0x00, 0x00, 0x61, 0x10, 0x00, 0x00, 0x00, 0x00, 0x00, 0x00, 0x00, 0x00, 0x00, 0x00,
    0x00, 0x00, 0x00, 0x00, 0x00, 0x00, 0x00, 0x00, 0x00, 0x00, 0x00, 0x00, 0x00, 0x00, 0x00, 0x00,
    0x62, 0x49, 0x8e, 0x95, 0xef, 0x95, 0xef, 0x95, 0xef, 0x95, 0xef, 0x95, 0x6d, 0x8d, 0x83, 0x49,
    0x00, 0x00, 0x00, 0x00, 0x00, 0x00, 0x00, 0x00, 0x00, 0x00, 0x00, 0x00, 0x00, 0x00, 0x00, 0x00,
    0x00, 0x00, 0x00, 0x00, 0x00, 0x00, 0x00, 0x00, 0x00, 0x00, 0x00, 0x00, 0x00, 0x00, 0x00, 0x00,
    0x62, 0x49, 0x8e, 0x95, 0xef, 0x95, 0xef, 0x95, 0xef, 0x95, 0xef, 0x95, 0x6e, 0x8d, 0x62, 0x49,
    0x00, 0x00, 0x00, 0x00, 0x00, 0x00, 0x00, 0x00, 0x00, 0x00, 0x00, 0x00, 0x00, 0x00, 0x00, 0x00,
    0x00, 0x00, 0x00, 0x00, 0x00, 0x00, 0x00, 0x00, 0x00, 0x00, 0x00, 0x00, 0x00, 0x00, 0x00, 0x00,
    0x62, 0x49, 0x8e, 0x95, 0xef, 0x95, 0xcf, 0x95, 0xcf, 0x95, 0xef, 0x9d, 0x6d, 0x8d, 0x62, 0x49,
    0x00, 0x00, 0x00, 0x00, 0x00, 0x00, 0x00, 0x00, 0x00, 0x00, 0x00, 0x00, 0x00, 0x00, 0x00, 0x00,
    0x00, 0x00, 0x00, 0x00, 0x00, 0x00, 0x00, 0x00, 0x00, 0x00, 0x00, 0x00, 0x00, 0x00, 0x00, 0x00,
    0x82, 0x49, 0xae, 0x95, 0x30, 0x9e, 0x0f, 0x9e, 0x0f, 0x9e, 0x30, 0x9e, 0x8e, 0x95, 0x62, 0x49,
    0x00, 0x00, 0x00, 0x00, 0x00, 0x00, 0x00, 0x00, 0x00, 0x00, 0x00, 0x00, 0x00, 0x00, 0x00, 0x00,
    0x00, 0x00, 0x00, 0x00, 0x00, 0x00, 0x00, 0x00, 0x00, 0x00, 0x00, 0x00, 0x00, 0x00, 0x00, 0x00,
    0x01, 0x39, 0xc9, 0x73, 0x8e, 0x95, 0x6d, 0x8d, 0x6d, 0x8d, 0x8e, 0x95, 0xc8, 0x73, 0xe1, 0x38,
    0x00, 0x00, 0x00, 0x00, 0x00, 0x00, 0x00, 0x00, 0x00, 0x00, 0x00, 0x00, 0x00, 0x00, 0x00, 0x00,
    0x00, 0x00, 0x00, 0x00, 0x00, 0x00, 0x00, 0x00, 0x00, 0x00, 0x00, 0x00, 0x00, 0x00, 0x00, 0x00,
    0x61, 0x10, 0xe1, 0x38, 0x42, 0x49, 0x42, 0x49, 0x42, 0x49, 0x42, 0x49, 0xe1, 0x38, 0x61, 0x10,
    0x00, 0x00, 0x00, 0x00, 0x00, 0x00, 0x00, 0x00, 0x00, 0x00, 0x00, 0x00, 0x00, 0x00, 0x00, 0x00,
    0x00, 0x00, 0x00, 0x00, 0x00, 0x00, 0x00, 0x00, 0x00, 0x00, 0x00, 0x00, 0x00, 0x00, 0x00, 0x00,
    0x00, 0x00, 0x00, 0x00, 0x00, 0x00, 0x00, 0x00, 0x00, 0x00, 0x00, 0x00, 0x00, 0x00, 0x00, 0x00,
    0x00, 0x00, 0x00, 0x00, 0x00, 0x00, 0x00, 0x00, 0x00, 0x00, 0x00, 0x00, 0x00, 0x00, 0x00, 0x00,
    0x00, 0x00, 0x00, 0x00, 0x00, 0x00, 0x00, 0x00, 0x00, 0x00, 0x00, 0x00, 0x00, 0x00, 0x00, 0x00,
    0x00, 0x00, 0x00, 0x00, 0x00, 0x00, 0x00, 0x00, 0x00, 0x00, 0x00, 0x00, 0x00, 0x00, 0x00, 0x00,
    0x0e, 0xba, 0xfb, 0xfd, 0xfd, 0xfb, 0xba, 0x0e, 0x00, 0x00, 0x00, 0x00, 0x00, 0x00, 0x00, 0x00,
    0x00, 0x00, 0x00, 0x00, 0x00, 0x00, 0x00, 0x00, 0xb2, 0xff, 0xf9, 0xff, 0xff, 0xf9, 0xff, 0xad,
    0x00, 0x00, 0x00, 0x00, 0x00, 0x00, 0x00, 0x00, 0x00, 0x00, 0x00, 0x00, 0x00, 0x00, 0x00, 0x00,
    0xf1, 0xfd, 0xfd, 0xff, 0xff, 0xfd, 0xfd, 0xf1, 0x00, 0x00, 0x00, 0x00, 0x00, 0x00, 0x00, 0x00,
    0x00, 0x00, 0x00, 0x00, 0x00, 0x00, 0x00, 0x00, 0xeb, 0xff, 0xfd, 0xff, 0xff, 0xfd, 0xff, 0xeb,
    0x00, 0x00, 0x00, 0x00, 0x00, 0x00, 0x00, 0x00, 0x00, 0x00, 0x00, 0x00, 0x00, 0x00, 0x00, 0x00,
    0xed, 0xff, 0xfd, 0xff, 0xff, 0xfd, 0xff, 0xed, 0x00, 0x00, 0x00, 0x00, 0x00, 0x00, 0x00, 0x00,
    0x00, 0x00, 0x00, 0x00, 0x00, 0x00, 0x00, 0x00, 0xed, 0xff, 0xfd, 0xff, 0xff, 0xfd, 0xff, 0xed,
    0x00, 0x00, 0x00, 0x00, 0x00, 0x00, 0x00, 0x00, 0x00, 0x00, 0x00, 0x00, 0x00, 0x08, 0x00, 0x11,
    0xef, 0xff, 0xfd, 0xff, 0xff, 0xfd, 0xff, 0xef, 0x11, 0x00, 0x08, 0x00, 0x00, 0x00, 0x00, 0x00,
    0x00, 0x19, 0xc8, 0xff, 0xff, 0xff, 0xff, 0xff, 0xff, 0xff, 0xff, 0xff, 0xff, 0xff, 0xff, 0xff,
    0xff, 0xff, 0xff, 0xff, 0xff, 0xc8, 0x19, 0x00, 0x00, 0xe8, 0xff, 0xfd, 0xff, 0xff, 0xff, 0xff,
    0xff, 0xff, 0xff, 0xff, 0xff, 0xff, 0xff, 0xff, 0xff, 0xff, 0xff, 0xff, 0xfd, 0xff, 0xe8, 0x00,
    0x00, 0xff, 0xfb, 0xff, 0xff, 0xff, 0xff, 0xff, 0xff, 0xff, 0xff, 0xff, 0xff, 0xff, 0xff, 0xff,
    0xff, 0xff, 0xff, 0xff, 0xff, 0xfb, 0xff, 0x00, 0x00, 0xfd, 0xff, 0xff, 0xff, 0xff, 0xff, 0xff,
    0xff, 0xff, 0xff, 0xff, 0xff, 0xff, 0xff, 0xff, 0xff, 0xff, 0xff, 0xff, 0xff, 0xff, 0xfd, 0x00,
    0x00, 0xfd, 0xff, 0xff, 0xff, 0xff, 0xff, 0xff, 0xff, 0xff, 0xff, 0xff, 0xff, 0xff, 0xff, 0xff,
    0xff, 0xff, 0xff, 0xff, 0xff, 0xff, 0xfd, 0x00, 0x00, 0xff, 0xfb, 0xff, 0xff, 0xff, 0xff, 0xff,
    0xff, 0xff, 0xff, 0xff, 0xff, 0xff, 0xff, 0xff, 0xff, 0xff, 0xff, 0xff, 0xff, 0xfb, 0xff, 0x00,
    0x00, 0xe2, 0xff, 0xfd, 0xff, 0xff, 0xff, 0xff, 0xff, 0xff, 0xff, 0xff, 0xff, 0xff, 0xff, 0xff,
    0xff, 0xff, 0xff, 0xff, 0xfd, 0xff, 0xe2, 0x00, 0x00, 0x17, 0xba, 0xfb, 0xff, 0xff, 0xff, 0xff,
    0xff, 0xff, 0xff, 0xff, 0xff, 0xff, 0xff, 0xff, 0xff, 0xff, 0xff, 0xff, 0xfb, 0xba, 0x17, 0x00,
    0x00, 0x00, 0x00, 0x00, 0x00, 0x08, 0x00, 0x11, 0xef, 0xff, 0xfd, 0xff, 0xff, 0xfd, 0xff, 0xef,
    0x11, 0x00, 0x08, 0x00, 0x00, 0x00, 0x00, 0x00, 0x00, 0x00, 0x00, 0x00, 0x00, 0x00, 0x00, 0x00,
    0xed, 0xff, 0xfd, 0xff, 0xff, 0xfd, 0xff, 0xed, 0x00, 0x00, 0x00, 0x00, 0x00, 0x00, 0x00, 0x00,
    0x00, 0x00, 0x00, 0x00, 0x00, 0x00, 0x00, 0x00, 0xed, 0xff, 0xfd, 0xff, 0xff, 0xfd, 0xff, 0xed,
    0x00, 0x00, 0x00, 0x00, 0x00, 0x00, 0x00, 0x00, 0x00, 0x00, 0x00, 0x00, 0x00, 0x00, 0x00, 0x00,
    0xeb, 0xff, 0xfd, 0xff, 0xff, 0xfd, 0xff, 0xeb, 0x00, 0x00, 0x00, 0x00, 0x00, 0x00, 0x00, 0x00,
    0x00, 0x00, 0x00, 0x00, 0x00, 0x00, 0x00, 0x00, 0xf1, 0xfd, 0xfd, 0xff, 0xff, 0xfd, 0xfd, 0xf1,
    0x00, 0x00, 0x00, 0x00, 0x00, 0x00, 0x00, 0x00, 0x00, 0x00, 0x00, 0x00, 0x00, 0x00, 0x00, 0x00,
    0xb2, 0xff, 0xf9, 0xff, 0xff, 0xf9, 0xff, 0xb2, 0x00, 0x00, 0x00, 0x00, 0x00, 0x00, 0x00, 0x00,
    0x00, 0x00, 0x00, 0x00, 0x00, 0x00, 0x00, 0x00, 0x0e, 0xba, 0xfb, 0xfd, 0xfd, 0xfb, 0xba, 0x0e,
    0x00, 0x00, 0x00, 0x00, 0x00, 0x00, 0x00, 0x00, 0x00, 0x00, 0x00, 0x00, 0x00, 0x00, 0x00, 0x00,
    0x00, 0x00, 0x00, 0x00, 0x00, 0x00, 0x00, 0x00, 0x00, 0x00, 0x00, 0x00, 0x00, 0x00, 0x00, 0x00,
};

static const LV_ATTRIBUTE_MEM_ALIGN uint8_t app_tama_ico_9_wifi_map[] = {
    0x00, 0x00, 0x00, 0x00, 0x00, 0x00, 0x00, 0x00, 0x00, 0x00, 0x00, 0x00, 0x00, 0x00, 0x00, 0x00,
    0x00, 0x00, 0x00, 0x00, 0x00, 0x00, 0x00, 0x00, 0x00, 0x00, 0x00, 0x00, 0x00, 0x00, 0x00, 0x00,
    0x00, 0x00, 0x00, 0x00, 0x00, 0x00, 0x00, 0x00, 0x00, 0x00, 0x00, 0x00, 0x00, 0x00, 0x00, 0x00,
    0x00, 0x00, 0x00, 0x00, 0x00, 0x00, 0x00, 0x00, 0x00, 0x00, 0x00, 0x00, 0x00, 0x00, 0x00, 0x00,
    0x00, 0x00, 0x00, 0x00, 0x00, 0x00, 0x00, 0x00, 0x00, 0x00, 0x00, 0x00, 0x00, 0x00, 0x00, 0x00,
    0x00, 0x00, 0x00, 0x00, 0x00, 0x00, 0x00, 0x00, 0x00, 0x00, 0x00, 0x00, 0x00, 0x00, 0x00, 0x00,
    0x00, 0x00, 0x00, 0x00, 0x00, 0x00, 0x00, 0x00, 0x00, 0x00, 0x00, 0x00, 0x00, 0x00, 0x00, 0x00,
    0x00, 0x00, 0x00, 0x00, 0x00, 0x00, 0x00, 0x00, 0x00, 0x00, 0x00, 0x00, 0x00, 0x00, 0x00, 0x00,
    0x00, 0x00, 0x00, 0x00, 0x00, 0x00, 0x00, 0x00, 0x00, 0x00, 0x00, 0x00, 0x00, 0x00, 0x00, 0x00,
    0x00, 0x00, 0x00, 0x00, 0x00, 0x00, 0x00, 0x00, 0x00, 0x00, 0x00, 0x00, 0x00, 0x00, 0x20, 0x08,
    0x60, 0x18, 0xc1, 0x28, 0x01, 0x39, 0x63, 0x51, 0x62, 0x51, 0x01, 0x41, 0xc1, 0x30, 0x80, 0x18,
    0x40, 0x08, 0x00, 0x00, 0x00, 0x00, 0x00, 0x00, 0x00, 0x00, 0x00, 0x00, 0x00, 0x00, 0x00, 0x00,
    0x00, 0x00, 0x00, 0x00, 0x00, 0x00, 0x00, 0x00, 0x00, 0x00, 0x40, 0x10, 0xc1, 0x28, 0x82, 0x51,
    0x44, 0x7a, 0xc5, 0x92, 0x06, 0xa3, 0x26, 0xa3, 0x26, 0xa3, 0x06, 0xa3, 0xc5, 0x92, 0x64, 0x82,
    0xa2, 0x59, 0xc1, 0x30, 0x60, 0x10, 0x00, 0x00, 0x00, 0x00, 0x00, 0x00, 0x00, 0x00, 0x00, 0x00,
    0x00, 0x00, 0x00, 0x00, 0x00, 0x00, 0x00, 0x00, 0x80, 0x20, 0xa3, 0x61, 0xc5, 0x92, 0x67, 0xab,
    0x87, 0xb3, 0x87, 0xb3, 0x87, 0xb3, 0x67, 0xb3, 0x87, 0xb3, 0x87, 0xb3, 0x87, 0xb3, 0x67, 0xb3,
    0x67, 0xb3, 0xe6, 0x9a, 0xc3, 0x61, 0xc1, 0x28, 0x00, 0x00, 0x00, 0x00, 0x00, 0x00, 0x00, 0x00,
    0x00, 0x00, 0x00, 0x00, 0x00, 0x00, 0xe1, 0x38, 0x64, 0x82, 0x67, 0xab, 0x67, 0xb3, 0x67, 0xb3,
    0x26, 0xa3, 0xa5, 0x92, 0x44, 0x7a, 0x04, 0x72, 0x04, 0x72, 0x44, 0x7a, 0xa5, 0x92, 0x26, 0xa3,
    0x67, 0xb3, 0x67, 0xb3, 0x67, 0xab, 0x64, 0x82, 0xe1, 0x38, 0x41, 0x08, 0x00, 0x00, 0x00, 0x00,
    0x00, 0x00, 0x00, 0x00, 0xe1, 0x38, 0xc5, 0x92, 0x67, 0xb3, 0x67, 0xb3, 0x26, 0xa3, 0x24, 0x72,
    0x22, 0x49, 0xa1, 0x28, 0x40, 0x10, 0x40, 0x08, 0x40, 0x08, 0x60, 0x18, 0xa1, 0x20, 0x22, 0x41,
    0x04, 0x72, 0x26, 0xa3, 0x67, 0xb3, 0x67, 0xb3, 0xc5, 0x92, 0x42, 0x41, 0x40, 0x08, 0x00, 0x00,
    0x00, 0x00, 0xe1, 0x38, 0xc5, 0x92, 0x67, 0xb3, 0x67, 0xab, 0x85, 0x8a, 0x22, 0x41, 0x61, 0x18,
    0x00, 0x00, 0x00, 0x00, 0x00, 0x00, 0x00, 0x00, 0x00, 0x00, 0x00, 0x00, 0x00, 0x00, 0x00, 0x00,
    0x40, 0x10, 0x21, 0x41, 0x85, 0x8a, 0x67, 0xab, 0x67, 0xb3, 0xa5, 0x92, 0xe1, 0x30, 0x00, 0x00,
    0x00, 0x00, 0x62, 0x51, 0x26, 0xab, 0x87, 0xb3, 0x24, 0x7a, 0xa0, 0x28, 0x00, 0x00, 0x00, 0x00,
    0x60, 0x10, 0xc1, 0x30, 0x62, 0x51, 0xc3, 0x61, 0xc3, 0x61, 0x62, 0x51, 0x01, 0x39, 0x60, 0x18,
    0x00, 0x00, 0x00, 0x00, 0xa1, 0x28, 0x44, 0x7a, 0x87, 0xb3, 0x26, 0xab, 0x62, 0x49, 0x00, 0x00,
    0x00, 0x00, 0x80, 0x20, 0xc3, 0x69, 0xe3, 0x69, 0x80, 0x20, 0x00, 0x00, 0x40, 0x08, 0x01, 0x39,
    0x24, 0x72, 0xe6, 0x9a, 0x46, 0xab, 0x47, 0xab, 0x47, 0xab, 0x47, 0xab, 0xe6, 0x9a, 0x24, 0x72,
    0x01, 0x39, 0x20, 0x08, 0x00, 0x00, 0xa1, 0x28, 0xe3, 0x69, 0xc3, 0x61, 0x80, 0x20, 0x00, 0x00,
    0x00, 0x00, 0x00, 0x00, 0x40, 0x08, 0x40, 0x10, 0x00, 0x00, 0x20, 0x08, 0x42, 0x49, 0xe5, 0x9a,
    0x67, 0xb3, 0x87, 0xb3, 0x67, 0xb3, 0x47, 0xab, 0x47, 0xab, 0x67, 0xb3, 0x87, 0xb3, 0x67, 0xb3,
    0xe5, 0x9a, 0x42, 0x49, 0x20, 0x08, 0x00, 0x00, 0x40, 0x10, 0x40, 0x08, 0x00, 0x00, 0x00, 0x00,
    0x00, 0x00, 0x00, 0x00, 0x00, 0x00, 0x00, 0x00, 0x00, 0x00, 0x22, 0x49, 0x06, 0xa3, 0x67, 0xb3,
    0x47, 0xab, 0xa5, 0x8a, 0xc3, 0x61, 0x62, 0x51, 0x62, 0x51, 0xc3, 0x61, 0xa5, 0x8a, 0x47, 0xab,
    0x67, 0xb3, 0x06, 0xa3, 0x21, 0x41, 0x00, 0x00, 0x00, 0x00, 0x00, 0x00, 0x00, 0x00, 0x00, 0x00,
    0x00, 0x00, 0x00, 0x00, 0x00, 0x00, 0x00, 0x00, 0x20, 0x08, 0x04, 0x72, 0xa7, 0xbb, 0x46, 0xab,
    0xc3, 0x61, 0xa1, 0x28, 0x40, 0x08, 0x00, 0x00, 0x00, 0x00, 0x20, 0x08, 0xa1, 0x28, 0xe3, 0x69,
    0x46, 0xab, 0xa8, 0xbb, 0x03, 0x72, 0x20, 0x08, 0x00, 0x00, 0x00, 0x00, 0x00, 0x00, 0x00, 0x00,
    0x00, 0x00, 0x00, 0x00, 0x00, 0x00, 0x00, 0x00, 0x00, 0x00, 0x22, 0x41, 0x84, 0x8a, 0xa3, 0x61,
    0x81, 0x18, 0x00, 0x00, 0x00, 0x00, 0x20, 0x08, 0x40, 0x08, 0x00, 0x00, 0x00, 0x00, 0x60, 0x18,
    0xc3, 0x61, 0x64, 0x82, 0x22, 0x41, 0x00, 0x00, 0x00, 0x00, 0x00, 0x00, 0x00, 0x00, 0x00, 0x00,
    0x00, 0x00, 0x00, 0x00, 0x00, 0x00, 0x00, 0x00, 0x00, 0x00, 0x00, 0x00, 0x81, 0x18, 0x60, 0x10,
    0x00, 0x00, 0x41, 0x10, 0x22, 0x41, 0x03, 0x72, 0x04, 0x72, 0x21, 0x41, 0x41, 0x10, 0x00, 0x00,
    0x61, 0x10, 0x81, 0x18, 0x00, 0x00, 0x00, 0x00, 0x00, 0x00, 0x00, 0x00, 0x00, 0x00, 0x00, 0x00,
    0x00, 0x00, 0x00, 0x00, 0x00, 0x00, 0x00, 0x00, 0x00, 0x00, 0x00, 0x00, 0x00, 0x00, 0x00, 0x00,
    0x00, 0x00, 0x01, 0x39, 0xc5, 0x92, 0x67, 0xb3, 0x67, 0xb3, 0xc5, 0x92, 0x01, 0x39, 0x00, 0x00,
    0x00, 0x00, 0x00, 0x00, 0x00, 0x00, 0x00, 0x00, 0x00, 0x00, 0x00, 0x00, 0x00, 0x00, 0x00, 0x00,
    0x00, 0x00, 0x00, 0x00, 0x00, 0x00, 0x00, 0x00, 0x00, 0x00, 0x00, 0x00, 0x00, 0x00, 0x00, 0x00,
    0x00, 0x00, 0xa3, 0x59, 0x67, 0xb3, 0x26, 0xa3, 0x46, 0xab, 0x67, 0xb3, 0x82, 0x59, 0x00, 0x00,
    0x00, 0x00, 0x00, 0x00, 0x00, 0x00, 0x00, 0x00, 0x00, 0x00, 0x00, 0x00, 0x00, 0x00, 0x00, 0x00,
    0x00, 0x00, 0x00, 0x00, 0x00, 0x00, 0x00, 0x00, 0x00, 0x00, 0x00, 0x00, 0x00, 0x00, 0x00, 0x00,
    0x00, 0x00, 0x82, 0x51, 0x67, 0xb3, 0x47, 0xab, 0x47, 0xab, 0x67, 0xb3, 0x62, 0x51, 0x00, 0x00,
    0x00, 0x00, 0x00, 0x00, 0x00, 0x00, 0x00, 0x00, 0x00, 0x00, 0x00, 0x00, 0x00, 0x00, 0x00, 0x00,
    0x00, 0x00, 0x00, 0x00, 0x00, 0x00, 0x00, 0x00, 0x00, 0x00, 0x00, 0x00, 0x00, 0x00, 0x00, 0x00,
    0x00, 0x00, 0xa1, 0x28, 0x44, 0x7a, 0x47, 0xab, 0x47, 0xab, 0x24, 0x7a, 0x81, 0x20, 0x00, 0x00,
    0x00, 0x00, 0x00, 0x00, 0x00, 0x00, 0x00, 0x00, 0x00, 0x00, 0x00, 0x00, 0x00, 0x00, 0x00, 0x00,
    0x00, 0x00, 0x00, 0x00, 0x00, 0x00, 0x00, 0x00, 0x00, 0x00, 0x00, 0x00, 0x00, 0x00, 0x00, 0x00,
    0x00, 0x00, 0x00, 0x00, 0xa1, 0x28, 0x62, 0x51, 0x42, 0x51, 0xa1, 0x28, 0x00, 0x00, 0x00, 0x00,
    0x00, 0x00, 0x00, 0x00, 0x00, 0x00, 0x00, 0x00, 0x00, 0x00, 0x00, 0x00, 0x00, 0x00, 0x00, 0x00,
    0x00, 0x00, 0x00, 0x00, 0x00, 0x00, 0x00, 0x00, 0x00, 0x00, 0x00, 0x00, 0x00, 0x00, 0x00, 0x00,
    0x00, 0x00, 0x00, 0x00, 0x00, 0x00, 0x00, 0x00, 0x00, 0x00, 0x00, 0x00, 0x00, 0x00, 0x00, 0x00,
    0x00, 0x00, 0x00, 0x00, 0x00, 0x00, 0x00, 0x00, 0x00, 0x00, 0x00, 0x00, 0x00, 0x00, 0x00, 0x00,
    0x00, 0x00, 0x00, 0x00, 0x00, 0x00, 0x00, 0x00, 0x00, 0x00, 0x00, 0x00, 0x00, 0x00, 0x00, 0x00,
    0x00, 0x00, 0x00, 0x00, 0x00, 0x00, 0x00, 0x00, 0x00, 0x00, 0x00, 0x00, 0x00, 0x00, 0x00, 0x00,
    0x00, 0x00, 0x00, 0x00, 0x00, 0x00, 0x00, 0x00, 0x00, 0x00, 0x00, 0x00, 0x00, 0x00, 0x00, 0x00,
    0x00, 0x00, 0x00, 0x00, 0x00, 0x00, 0x00, 0x00, 0x00, 0x00, 0x00, 0x00, 0x00, 0x00, 0x00, 0x00,
    0x00, 0x00, 0x00, 0x00, 0x00, 0x00, 0x00, 0x00, 0x00, 0x00, 0x00, 0x00, 0x00, 0x00, 0x00, 0x00,
    0x00, 0x00, 0x00, 0x00, 0x00, 0x00, 0x00, 0x00, 0x00, 0x00, 0x00, 0x00, 0x00, 0x00, 0x00, 0x00,
    0x00, 0x00, 0x00, 0x00, 0x00, 0x00, 0x00, 0x00, 0x00, 0x00, 0x00, 0x00, 0x00, 0x00, 0x00, 0x00,
    0x00, 0x00, 0x00, 0x00, 0x00, 0x00, 0x00, 0x00, 0x00, 0x00, 0x00, 0x00, 0x00, 0x00, 0x00, 0x00,
    0x00, 0x00, 0x00, 0x00, 0x00, 0x00, 0x00, 0x00, 0x00, 0x00, 0x00, 0x00, 0x00, 0x00, 0x00, 0x00,
    0x00, 0x00, 0x00, 0x00, 0x00, 0x00, 0x00, 0x00, 0x00, 0x00, 0x00, 0x00, 0x00, 0x00, 0x00, 0x00,
    0x00, 0x00, 0x00, 0x00, 0x00, 0x00, 0x00, 0x00, 0x00, 0x00, 0x00, 0x00, 0x00, 0x00, 0x00, 0x0b,
    0x45, 0x91, 0xcc, 0xf7, 0xf7, 0xcf, 0x98, 0x4f, 0x11, 0x00, 0x00, 0x00, 0x00, 0x00, 0x00, 0x00,
    0x00, 0x00, 0x00, 0x00, 0x00, 0x17, 0x8b, 0xf5, 0xff, 0xff, 0xff, 0xff, 0xff, 0xff, 0xff, 0xff,
    0xff, 0x9b, 0x1e, 0x00, 0x00, 0x00, 0x00, 0x00, 0x00, 0x00, 0x00, 0x00, 0x6d, 0xff, 0xff, 0xff,
    0xf7, 0xf3, 0xf5, 0xf7, 0xf7, 0xf5, 0xf3, 0xf7, 0xff, 0xff, 0xff, 0x83, 0x00, 0x00, 0x00, 0x00,
    0x00, 0x00, 0x00, 0xbe, 0xff, 0xf9, 0xf7, 0xf7, 0xff, 0xff, 0xff, 0xff, 0xff, 0xff, 0xff, 0xff,
    0xf9, 0xf7, 0xf7, 0xff, 0xc8, 0x0b, 0x00, 0x00, 0x00, 0x00, 0xc8, 0xff, 0xf7, 0xf9, 0xff, 0xff,
    0xde, 0x74, 0x2f, 0x19, 0x18, 0x2e, 0x6b, 0xd9, 0xff, 0xff, 0xfb, 0xf7, 0xff, 0xe2, 0x0b, 0x00,
    0x00, 0xb5, 0xff, 0xf9, 0xf9, 0xff, 0xde, 0x35, 0x00, 0x00, 0x00, 0x00, 0x00, 0x00, 0x00, 0x00,
    0x2a, 0xd7, 0xff, 0xf9, 0xf9, 0xff, 0xb5, 0x00, 0x00, 0xff, 0xf7, 0xf5, 0xff, 0x8f, 0x00, 0x00,
    0x2b, 0x9d, 0xef, 0xff, 0xff, 0xf1, 0xaa, 0x31, 0x00, 0x00, 0x91, 0xff, 0xf5, 0xf7, 0xff, 0x00,
    0x00, 0x56, 0xff, 0xff, 0x6d, 0x00, 0x0c, 0xba, 0xff, 0xff, 0xff, 0xfb, 0xfb, 0xff, 0xff, 0xff,
    0xc7, 0x0e, 0x00, 0x78, 0xff, 0xff, 0x56, 0x00, 0x00, 0x00, 0x17, 0x1b, 0x00, 0x13, 0xf5, 0xff,
    0xf5, 0xf5, 0xf9, 0xff, 0xff, 0xf9, 0xf5, 0xf5, 0xff, 0xf7, 0x13, 0x00, 0x1b, 0x17, 0x00, 0x00,
    0x00, 0x00, 0x00, 0x00, 0x00, 0xe8, 0xff, 0xf7, 0xfb, 0xff, 0xff, 0xef, 0xeb, 0xff, 0xff, 0xfb,
    0xf9, 0xff, 0xe6, 0x00, 0x00, 0x00, 0x00, 0x00, 0x00, 0x00, 0x00, 0x00, 0x1a, 0xff, 0xef, 0xf9,
    0xff, 0x80, 0x13, 0x00, 0x00, 0x11, 0x7f, 0xff, 0xf9, 0xef, 0xff, 0x1a, 0x00, 0x00, 0x00, 0x00,
    0x00, 0x00, 0x00, 0x00, 0x00, 0xda, 0xff, 0xff, 0x41, 0x00, 0x00, 0x18, 0x18, 0x00, 0x00, 0x41,
    0xff, 0xff, 0xd9, 0x00, 0x00, 0x00, 0x00, 0x00, 0x00, 0x00, 0x00, 0x00, 0x00, 0x00, 0x3f, 0x1b,
    0x00, 0x0e, 0xd1, 0xff, 0xff, 0xcc, 0x0d, 0x00, 0x1d, 0x3f, 0x00, 0x00, 0x00, 0x00, 0x00, 0x00,
    0x00, 0x00, 0x00, 0x00, 0x00, 0x00, 0x00, 0x00, 0x00, 0xb7, 0xff, 0xf3, 0xf3, 0xff, 0xb4, 0x00,
    0x00, 0x00, 0x00, 0x00, 0x00, 0x00, 0x00, 0x00, 0x00, 0x00, 0x00, 0x00, 0x00, 0x00, 0x00, 0x00,
    0x00, 0xff, 0xfb, 0xfd, 0xfd, 0xfb, 0xff, 0x00, 0x00, 0x00, 0x00, 0x00, 0x00, 0x00, 0x00, 0x00,
    0x00, 0x00, 0x00, 0x00, 0x00, 0x00, 0x00, 0x00, 0x00, 0xff, 0xfb, 0xfd, 0xfd, 0xfb, 0xfd, 0x00,
    0x00, 0x00, 0x00, 0x00, 0x00, 0x00, 0x00, 0x00, 0x00, 0x00, 0x00, 0x00, 0x00, 0x00, 0x00, 0x00,
    0x00, 0x70, 0xff, 0xfb, 0xfb, 0xff, 0x6b, 0x00, 0x00, 0x00, 0x00, 0x00, 0x00, 0x00, 0x00, 0x00,
    0x00, 0x00, 0x00, 0x00, 0x00, 0x00, 0x00, 0x00, 0x00, 0x00, 0x74, 0xf7, 0xf7, 0x74, 0x00, 0x00,
    0x00, 0x00, 0x00, 0x00, 0x00, 0x00, 0x00, 0x00, 0x00, 0x00, 0x00, 0x00, 0x00, 0x00, 0x00, 0x00,
    0x00, 0x00, 0x00, 0x00, 0x00, 0x00, 0x00, 0x00, 0x00, 0x00, 0x00, 0x00, 0x00, 0x00, 0x00, 0x00,
    0x00, 0x00, 0x00, 0x00, 0x00, 0x00, 0x00, 0x00, 0x00, 0x00, 0x00, 0x00, 0x00, 0x00, 0x00, 0x00,
    0x00, 0x00, 0x00, 0x00, 0x00, 0x00, 0x00, 0x00, 0x00, 0x00, 0x00, 0x00, 0x00, 0x00, 0x00, 0x00,
    0x00, 0x00, 0x00, 0x00, 0x00, 0x00, 0x00, 0x00, 0x00, 0x00, 0x00, 0x00, 0x00, 0x00, 0x00, 0x00,
};

static const LV_ATTRIBUTE_MEM_ALIGN uint8_t app_tama_ico_10_bt_map[] = {
    0x00, 0x00, 0x00, 0x00, 0x00, 0x00, 0x00, 0x00, 0x00, 0x00, 0x00, 0x00, 0x00, 0x00, 0x00, 0x00,
    0x00, 0x00, 0x00, 0x00, 0x00, 0x00, 0x00, 0x00, 0x00, 0x00, 0x00, 0x00, 0x00, 0x00, 0x00, 0x00,
    0x00, 0x00, 0x00, 0x00, 0x00, 0x00, 0x00, 0x00, 0x00, 0x00, 0x00, 0x00, 0x00, 0x00, 0x00, 0x00,
    0x00, 0x00, 0x00, 0x00, 0x00, 0x00, 0x00, 0x00, 0x00, 0x00, 0x00, 0x00, 0x00, 0x00, 0x00, 0x00,
    0x00, 0x00, 0x00, 0x00, 0xa3, 0x59, 0xc3, 0x61, 0x40, 0x08, 0x00, 0x00, 0x00, 0x00, 0x00, 0x00,
    0x00, 0x00, 0x00, 0x00, 0x00, 0x00, 0x00, 0x00, 0x00, 0x00, 0x00, 0x00, 0x00, 0x00, 0x00, 0x00,
    0x00, 0x00, 0x00, 0x00, 0x00, 0x00, 0x00, 0x00, 0x00, 0x00, 0x00, 0x00, 0x00, 0x00, 0x00, 0x00,
    0x00, 0x00, 0x81, 0x10, 0xc6, 0x8a, 0xa8, 0xb3, 0xe3, 0x61, 0x40, 0x10, 0x00, 0x00, 0x00, 0x00,
    0x00, 0x00, 0x00, 0x00, 0x00, 0x00, 0x00, 0x00, 0x00, 0x00, 0x00, 0x00, 0x00, 0x00, 0x00, 0x00,
    0x00, 0x00, 0x00, 0x00, 0x00, 0x00, 0x00, 0x00, 0x00, 0x00, 0x00, 0x00, 0x00, 0x00, 0x00, 0x00,
    0x00, 0x00, 0x81, 0x18, 0xc6, 0x8a, 0xc8, 0xbb, 0xa8, 0xb3, 0x24, 0x72, 0x60, 0x10, 0x00, 0x00,
    0x00, 0x00, 0x00, 0x00, 0x00, 0x00, 0x00, 0x00, 0x00, 0x00, 0x00, 0x00, 0x00, 0x00, 0x00, 0x00,
    0x00, 0x00, 0x00, 0x00, 0x00, 0x00, 0x00, 0x00, 0x00, 0x00, 0x00, 0x00, 0x00, 0x00, 0x00, 0x00,
    0x00, 0x00, 0x81, 0x18, 0xc6, 0x92, 0x67, 0xab, 0x27, 0xa3, 0xc8, 0xbb, 0x44, 0x7a, 0x60, 0x18,
    0x00, 0x00, 0x00, 0x00, 0x00, 0x00, 0x00, 0x00, 0x00, 0x00, 0x00, 0x00, 0x00, 0x00, 0x00, 0x00,
    0x00, 0x00, 0x00, 0x00, 0x00, 0x00, 0x00, 0x00, 0x00, 0x00, 0x00, 0x00, 0x00, 0x00, 0x00, 0x00,
    0x00, 0x00, 0x81, 0x18, 0xc6, 0x92, 0x47, 0xab, 0x82, 0x51, 0xc5, 0x92, 0xc8, 0xbb, 0x64, 0x82,
    0x80, 0x18, 0x00, 0x00, 0x00, 0x00, 0x00, 0x00, 0x00, 0x00, 0x00, 0x00, 0x00, 0x00, 0x00, 0x00,
    0x00, 0x00, 0x00, 0x00, 0x00, 0x00, 0x00, 0x00, 0x00, 0x00, 0x00, 0x00, 0x00, 0x00, 0x81, 0x18,
    0x00, 0x00, 0x81, 0x10, 0xe6, 0x92, 0x05, 0x9b, 0xed, 0x93, 0xcc, 0x8b, 0x84, 0x8a, 0xc8, 0xbb,
    0x85, 0x82, 0xa1, 0x20, 0x00, 0x00, 0x00, 0x00, 0x00, 0x00, 0x00, 0x00, 0x00, 0x00, 0x00, 0x00,
    0x00, 0x00, 0x00, 0x00, 0x00, 0x00, 0x00, 0x00, 0x00, 0x00, 0x00, 0x00, 0xa3, 0x51, 0xe6, 0x9a,
    0x01, 0x39, 0xa2, 0x18, 0xe6, 0x92, 0xe5, 0x9a, 0x4e, 0xa4, 0xff, 0xff, 0x46, 0x62, 0xc5, 0x92,
    0xc8, 0xbb, 0x04, 0x6a, 0x00, 0x00, 0x00, 0x00, 0x00, 0x00, 0x00, 0x00, 0x00, 0x00, 0x00, 0x00,
    0x00, 0x00, 0x00, 0x00, 0x00, 0x00, 0x00, 0x00, 0x00, 0x00, 0x00, 0x00, 0xc3, 0x59, 0xa8, 0xb3,
    0x47, 0xa3, 0x62, 0x49, 0xa5, 0x82, 0xe5, 0xa2, 0x2e, 0x9c, 0xb0, 0xa4, 0x44, 0x7a, 0xa8, 0xb3,
    0xe6, 0x92, 0x01, 0x31, 0x00, 0x00, 0x00, 0x00, 0x00, 0x00, 0x00, 0x00, 0x00, 0x00, 0x00, 0x00,
    0x00, 0x00, 0x00, 0x00, 0x00, 0x00, 0x00, 0x00, 0x00, 0x00, 0x00, 0x00, 0x20, 0x08, 0xc3, 0x61,
    0xa8, 0xbb, 0x06, 0x9b, 0xe6, 0x92, 0x47, 0xab, 0xa3, 0x51, 0x64, 0x82, 0xc8, 0xbb, 0xc5, 0x92,
    0xc1, 0x28, 0x00, 0x00, 0x00, 0x00, 0x00, 0x00, 0x00, 0x00, 0x00, 0x00, 0x00, 0x00, 0x00, 0x00,
    0x00, 0x00, 0x00, 0x00, 0x00, 0x00, 0x00, 0x00, 0x00, 0x00, 0x00, 0x00, 0x00, 0x00, 0x40, 0x08,
    0xc3, 0x59, 0xa8, 0xb3, 0xa8, 0xb3, 0x47, 0xa3, 0xc5, 0x92, 0xc8, 0xbb, 0x85, 0x8a, 0xa1, 0x20,
    0x00, 0x00, 0x00, 0x00, 0x00, 0x00, 0x00, 0x00, 0x00, 0x00, 0x00, 0x00, 0x00, 0x00, 0x00, 0x00,
    0x00, 0x00, 0x00, 0x00, 0x00, 0x00, 0x00, 0x00, 0x00, 0x00, 0x00, 0x00, 0x00, 0x00, 0x00, 0x00,
    0x00, 0x00, 0x82, 0x51, 0x67, 0xab, 0x87, 0xb3, 0xa8, 0xb3, 0x44, 0x7a, 0x60, 0x18, 0x00, 0x00,
    0x00, 0x00, 0x00, 0x00, 0x00, 0x00, 0x00, 0x00, 0x00, 0x00, 0x00, 0x00, 0x00, 0x00, 0x00, 0x00,
    0x00, 0x00, 0x00, 0x00, 0x00, 0x00, 0x00, 0x00, 0x00, 0x00, 0x00, 0x00, 0x00, 0x00, 0x00, 0x00,
    0x40, 0x08, 0xa3, 0x59, 0x67, 0xab, 0x88, 0xb3, 0xa8, 0xb3, 0x65, 0x82, 0xa1, 0x20, 0x00, 0x00,
    0x00, 0x00, 0x00, 0x00, 0x00, 0x00, 0x00, 0x00, 0x00, 0x00, 0x00, 0x00, 0x00, 0x00, 0x00, 0x00,
    0x00, 0x00, 0x00, 0x00, 0x00, 0x00, 0x00, 0x00, 0x00, 0x00, 0x00, 0x00, 0x00, 0x00, 0x40, 0x10,
    0x03, 0x6a, 0xa8, 0xbb, 0xa8, 0xb3, 0x47, 0xa3, 0xa5, 0x8a, 0xe8, 0xbb, 0xc5, 0x92, 0xe1, 0x30,
    0x00, 0x00, 0x00, 0x00, 0x00, 0x00, 0x00, 0x00, 0x00, 0x00, 0x00, 0x00, 0x00, 0x00, 0x00, 0x00,
    0x00, 0x00, 0x00, 0x00, 0x00, 0x00, 0x00, 0x00, 0x00, 0x00, 0x00, 0x00, 0x40, 0x10, 0x04, 0x6a,
    0xc8, 0xbb, 0xe6, 0x92, 0xc6, 0x92, 0x47, 0xab, 0xc4, 0x59, 0x64, 0x7a, 0xa8, 0xbb, 0x06, 0x9b,
    0xe1, 0x30, 0x00, 0x00, 0x00, 0x00, 0x00, 0x00, 0x00, 0x00, 0x00, 0x00, 0x00, 0x00, 0x00, 0x00,
    0x00, 0x00, 0x00, 0x00, 0x00, 0x00, 0x00, 0x00, 0x00, 0x00, 0x00, 0x00, 0xa3, 0x59, 0xc8, 0xbb,
    0xe6, 0x9a, 0x42, 0x41, 0xa5, 0x8a, 0xe5, 0x9a, 0x4e, 0x9c, 0x12, 0xb5, 0x44, 0x7a, 0xa8, 0xb3,
    0x06, 0x9b, 0x22, 0x39, 0x00, 0x00, 0x00, 0x00, 0x00, 0x00, 0x00, 0x00, 0x00, 0x00, 0x00, 0x00,
    0x00, 0x00, 0x00, 0x00, 0x00, 0x00, 0x00, 0x00, 0x00, 0x00, 0x00, 0x00, 0x42, 0x41, 0x85, 0x82,
    0xe1, 0x30, 0xa2, 0x18, 0xe6, 0x92, 0xc5, 0x9a, 0x4e, 0x9c, 0xff, 0xff, 0x66, 0x62, 0xc5, 0x92,
    0xc8, 0xbb, 0xc3, 0x61, 0x00, 0x00, 0x00, 0x00, 0x00, 0x00, 0x00, 0x00, 0x00, 0x00, 0x00, 0x00,
    0x00, 0x00, 0x00, 0x00, 0x00, 0x00, 0x00, 0x00, 0x00, 0x00, 0x00, 0x00, 0x00, 0x00, 0x20, 0x08,
    0x00, 0x00, 0xa1, 0x18, 0xe6, 0x92, 0x05, 0x9b, 0xcc, 0x93, 0x8b, 0x8b, 0x84, 0x8a, 0xc8, 0xbb,
    0x44, 0x7a, 0x60, 0x18, 0x00, 0x00, 0x00, 0x00, 0x00, 0x00, 0x00, 0x00, 0x00, 0x00, 0x00, 0x00,
    0x00, 0x00, 0x00, 0x00, 0x00, 0x00, 0x00, 0x00, 0x00, 0x00, 0x00, 0x00, 0x00, 0x00, 0x00, 0x00,
    0x00, 0x00, 0xa2, 0x18, 0xe6, 0x92, 0x67, 0xab, 0x62, 0x51, 0xc5, 0x92, 0xc8, 0xbb, 0x24, 0x72,
    0x60, 0x18, 0x00, 0x00, 0x00, 0x00, 0x00, 0x00, 0x00, 0x00, 0x00, 0x00, 0x00, 0x00, 0x00, 0x00,
    0x00, 0x00, 0x00, 0x00, 0x00, 0x00, 0x00, 0x00, 0x00, 0x00, 0x00, 0x00, 0x00, 0x00, 0x00, 0x00,
    0x00, 0x00, 0xa2, 0x18, 0xc6, 0x92, 0x67, 0xab, 0x27, 0xa3, 0xc8, 0xbb, 0x04, 0x6a, 0x60, 0x10,
    0x00, 0x00, 0x00, 0x00, 0x00, 0x00, 0x00, 0x00, 0x00, 0x00, 0x00, 0x00, 0x00, 0x00, 0x00, 0x00,
    0x00, 0x00, 0x00, 0x00, 0x00, 0x00, 0x00, 0x00, 0x00, 0x00, 0x00, 0x00, 0x00, 0x00, 0x00, 0x00,
    0x00, 0x00, 0xa2, 0x18, 0xc6, 0x8a, 0xa8, 0xbb, 0xa8, 0xb3, 0xe3, 0x69, 0x40, 0x10, 0x00, 0x00,
    0x00, 0x00, 0x00, 0x00, 0x00, 0x00, 0x00, 0x00, 0x00, 0x00, 0x00, 0x00, 0x00, 0x00, 0x00, 0x00,
    0x00, 0x00, 0x00, 0x00, 0x00, 0x00, 0x00, 0x00, 0x00, 0x00, 0x00, 0x00, 0x00, 0x00, 0x00, 0x00,
    0x00, 0x00, 0x61, 0x10, 0xc5, 0x8a, 0xa8, 0xb3, 0xc3, 0x61, 0x40, 0x08, 0x00, 0x00, 0x00, 0x00,
    0x00, 0x00, 0x00, 0x00, 0x00, 0x00, 0x00, 0x00, 0x00, 0x00, 0x00, 0x00, 0x00, 0x00, 0x00, 0x00,
    0x00, 0x00, 0x00, 0x00, 0x00, 0x00, 0x00, 0x00, 0x00, 0x00, 0x00, 0x00, 0x00, 0x00, 0x00, 0x00,
    0x00, 0x00, 0x00, 0x00, 0x83, 0x49, 0xc3, 0x59, 0x40, 0x08, 0x00, 0x00, 0x00, 0x00, 0x00, 0x00,
    0x00, 0x00, 0x00, 0x00, 0x00, 0x00, 0x00, 0x00, 0x00, 0x00, 0x00, 0x00, 0x00, 0x00, 0x00, 0x00,
    0x00, 0x00, 0x00, 0x00, 0x00, 0x00, 0x00, 0x00, 0x00, 0x00, 0x00, 0x00, 0x00, 0x00, 0x00, 0x00,
    0x00, 0x00, 0x00, 0x00, 0x00, 0x00, 0x00, 0x00, 0x00, 0x00, 0x00, 0x00, 0x00, 0x00, 0x00, 0x00,
    0x00, 0x00, 0x00, 0x00, 0x00, 0x00, 0x00, 0x00, 0x00, 0x00, 0x00, 0x00, 0x00, 0x00, 0x00, 0x00,
    0x00, 0x00, 0x00, 0x00, 0x00, 0x00, 0x00, 0x00, 0x00, 0x00, 0x00, 0x00, 0x00, 0x00, 0x00, 0x00,
    0x00, 0x00, 0x00, 0x00, 0x00, 0x00, 0x00, 0x00, 0x00, 0x00, 0x00, 0x00, 0x00, 0x00, 0x00, 0x00,
    0x00, 0x00, 0xcc, 0xe4, 0x12, 0x00, 0x00, 0x00, 0x00, 0x00, 0x00, 0x00, 0x00, 0x00, 0x00, 0x00,
    0x00, 0x00, 0x00, 0x00, 0x00, 0x00, 0x00, 0x00, 0x00, 0x17, 0xff, 0xfd, 0xe8, 0x17, 0x00, 0x00,
    0x00, 0x00, 0x00, 0x00, 0x00, 0x00, 0x00, 0x00, 0x00, 0x00, 0x00, 0x00, 0x00, 0x00, 0x00, 0x00,
    0x00, 0x19, 0xfd, 0xf5, 0xff, 0xff, 0x20, 0x00, 0x00, 0x00, 0x00, 0x00, 0x00, 0x00, 0x00, 0x00,
    0x00, 0x00, 0x00, 0x00, 0x00, 0x00, 0x00, 0x00, 0x00, 0x18, 0xff, 0xf9, 0xfb, 0xfb, 0xff, 0x2a,
    0x00, 0x00, 0x00, 0x00, 0x00, 0x00, 0x00, 0x00, 0x00, 0x00, 0x00, 0x00, 0x00, 0x00, 0x00, 0x00,
    0x00, 0x1a, 0xff, 0xf9, 0xff, 0xfd, 0xf9, 0xff, 0x34, 0x00, 0x00, 0x00, 0x00, 0x00, 0x00, 0x00,
    0x00, 0x00, 0x00, 0x00, 0x00, 0x00, 0x00, 0x25, 0x00, 0x13, 0xff, 0xf9, 0xff, 0xff, 0xfd, 0xf9,
    0xff, 0x40, 0x00, 0x00, 0x00, 0x00, 0x00, 0x00, 0x00, 0x00, 0x00, 0x00, 0x00, 0x00, 0xc7, 0xff,
    0x79, 0x22, 0xfd, 0xfb, 0xff, 0xff, 0xff, 0xfd, 0xf7, 0xff, 0x00, 0x00, 0x00, 0x00, 0x00, 0x00,
    0x00, 0x00, 0x00, 0x00, 0x00, 0x00, 0xde, 0xfd, 0xff, 0xeb, 0xfd, 0xff, 0xff, 0xff, 0xff, 0xf7,
    0xff, 0x70, 0x00, 0x00, 0x00, 0x00, 0x00, 0x00, 0x00, 0x00, 0x00, 0x00, 0x00, 0x00, 0x10, 0xe6,
    0xff, 0xff, 0xff, 0xff, 0xff, 0xff, 0xf7, 0xff, 0x5f, 0x00, 0x00, 0x00, 0x00, 0x00, 0x00, 0x00,
    0x00, 0x00, 0x00, 0x00, 0x00, 0x00, 0x00, 0x0c, 0xe4, 0xff, 0xfd, 0xff, 0xff, 0xfb, 0xff, 0x4d,
    0x00, 0x00, 0x00, 0x00, 0x00, 0x00, 0x00, 0x00, 0x00, 0x00, 0x00, 0x00, 0x00, 0x00, 0x00, 0x00,
    0x00, 0xc7, 0xfd, 0xfb, 0xfb, 0xfb, 0x30, 0x00, 0x00, 0x00, 0x00, 0x00, 0x00, 0x00, 0x00, 0x00,
    0x00, 0x00, 0x00, 0x00, 0x00, 0x00, 0x00, 0x00, 0x0e, 0xd1, 0xfd, 0xfd, 0xfb, 0xfb, 0x44, 0x00,
    0x00, 0x00, 0x00, 0x00, 0x00, 0x00, 0x00, 0x00, 0x00, 0x00, 0x00, 0x00, 0x00, 0x00, 0x00, 0x15,
    0xf7, 0xff, 0xfd, 0xff, 0xff, 0xfb, 0xff, 0x68, 0x00, 0x00, 0x00, 0x00, 0x00, 0x00, 0x00, 0x00,
    0x00, 0x00, 0x00, 0x00, 0x00, 0x00, 0x1b, 0xf7, 0xfb, 0xff, 0xff, 0xff, 0xff, 0xff, 0xf7, 0xff,
    0x78, 0x00, 0x00, 0x00, 0x00, 0x00, 0x00, 0x00, 0x00, 0x00, 0x00, 0x00, 0x00, 0x00, 0xe8, 0xff,
    0xff, 0xd3, 0xfd, 0xff, 0xff, 0xff, 0xff, 0xf7, 0xff, 0x80, 0x00, 0x00, 0x00, 0x00, 0x00, 0x00,
    0x00, 0x00, 0x00, 0x00, 0x00, 0x00, 0x8c, 0xff, 0x59, 0x19, 0xff, 0xfb, 0xff, 0xff, 0xff, 0xfb,
    0xf9, 0xef, 0x00, 0x00, 0x00, 0x00, 0x00, 0x00, 0x00, 0x00, 0x00, 0x00, 0x00, 0x00, 0x00, 0x0d,
    0x00, 0x15, 0xff, 0xf9, 0xff, 0xff, 0xfd, 0xfb, 0xff, 0x2a, 0x00, 0x00, 0x00, 0x00, 0x00, 0x00,
    0x00, 0x00, 0x00, 0x00, 0x00, 0x00, 0x00, 0x00, 0x00, 0x19, 0xff, 0xf9, 0xff, 0xfb, 0xfd, 0xff,
    0x26, 0x00, 0x00, 0x00, 0x00, 0x00, 0x00, 0x00, 0x00, 0x00, 0x00, 0x00, 0x00, 0x00, 0x00, 0x00,
    0x00, 0x18, 0xff, 0xf9, 0xfb, 0xff, 0xfb, 0x20, 0x00, 0x00, 0x00, 0x00, 0x00, 0x00, 0x00, 0x00,
    0x00, 0x00, 0x00, 0x00, 0x00, 0x00, 0x00, 0x00, 0x00, 0x1a, 0xfd, 0xf5, 0xff, 0xf1, 0x18, 0x00,
    0x00, 0x00, 0x00, 0x00, 0x00, 0x00, 0x00, 0x00, 0x00, 0x00, 0x00, 0x00, 0x00, 0x00, 0x00, 0x00,
    0x00, 0x13, 0xff, 0xff, 0xdc, 0x12, 0x00, 0x00, 0x00, 0x00, 0x00, 0x00, 0x00, 0x00, 0x00, 0x00,
    0x00, 0x00, 0x00, 0x00, 0x00, 0x00, 0x00, 0x00, 0x00, 0x00, 0xa8, 0xd5, 0x0f, 0x00, 0x00, 0x00,
    0x00, 0x00, 0x00, 0x00, 0x00, 0x00, 0x00, 0x00, 0x00, 0x00, 0x00, 0x00, 0x00, 0x00, 0x00, 0x00,
    0x00, 0x00, 0x00, 0x00, 0x00, 0x00, 0x00, 0x00, 0x00, 0x00, 0x00, 0x00, 0x00, 0x00, 0x00, 0x00,
};

static const LV_ATTRIBUTE_MEM_ALIGN uint8_t app_tama_ico_11_clock_map[] = {
    0x00, 0x00, 0x00, 0x00, 0x00, 0x00, 0x00, 0x00, 0x00, 0x00, 0x00, 0x00, 0x00, 0x00, 0x00, 0x00,
    0x00, 0x00, 0x00, 0x00, 0x00, 0x00, 0x00, 0x00, 0x00, 0x00, 0x00, 0x00, 0x00, 0x00, 0x00, 0x00,
    0x00, 0x00, 0x00, 0x00, 0x00, 0x00, 0x00, 0x00, 0x00, 0x00, 0x00, 0x00, 0x00, 0x00, 0x00, 0x00,
    0x00, 0x00, 0x00, 0x00, 0x00, 0x00, 0x00, 0x00, 0x00, 0x00, 0x00, 0x00, 0x00, 0x00, 0x00, 0x00,
    0x20, 0x10, 0x21, 0x39, 0x43, 0x62, 0xa4, 0x7a, 0xa4, 0x7a, 0x43, 0x6a, 0x41, 0x39, 0x40, 0x10,
    0x00, 0x00, 0x00, 0x00, 0x00, 0x00, 0x00, 0x00, 0x00, 0x00, 0x00, 0x00, 0x00, 0x00, 0x00, 0x00,
    0x00, 0x00, 0x00, 0x00, 0x00, 0x00, 0x00, 0x00, 0x00, 0x00, 0x00, 0x00, 0x40, 0x10, 0x43, 0x62,
    0xe8, 0xcc, 0x2a, 0xfe, 0x4a, 0xfe, 0x09, 0xfe, 0x09, 0xf6, 0x4a, 0xfe, 0x4a, 0xfe, 0x08, 0xcd,
    0x83, 0x72, 0x60, 0x18, 0x00, 0x00, 0x00, 0x00, 0x00, 0x00, 0x00, 0x00, 0x00, 0x00, 0x00, 0x00,
    0x00, 0x00, 0x00, 0x00, 0x00, 0x00, 0x00, 0x00, 0x00, 0x00, 0x21, 0x39, 0xc8, 0xcc, 0xcb, 0xfe,
    0x07, 0xd5, 0x45, 0x93, 0x06, 0x7b, 0x28, 0x83, 0x28, 0x83, 0x06, 0x7b, 0x45, 0x93, 0x07, 0xd5,
    0xcb, 0xfe, 0xe8, 0xcc, 0x41, 0x41, 0x00, 0x00, 0x00, 0x00, 0x00, 0x00, 0x00, 0x00, 0x00, 0x00,
    0x00, 0x00, 0x00, 0x00, 0x00, 0x00, 0x00, 0x00, 0xa2, 0x51, 0x0a, 0xee, 0x09, 0xee, 0xc4, 0x7a,
    0xcc, 0x8b, 0xb4, 0xc5, 0x5a, 0xef, 0xd4, 0xc5, 0xd4, 0xc5, 0x5b, 0xef, 0xd5, 0xc5, 0xcc, 0x8b,
    0xc4, 0x7a, 0x09, 0xee, 0x0a, 0xf6, 0x82, 0x51, 0x00, 0x00, 0x00, 0x00, 0x00, 0x00, 0x00, 0x00,
    0x00, 0x00, 0x00, 0x00, 0x00, 0x00, 0x21, 0x39, 0x0a, 0xee, 0x88, 0xdd, 0x45, 0x62, 0xb4, 0xc5,
    0x15, 0xce, 0xdb, 0xff, 0xfc, 0xff, 0x72, 0xbd, 0x72, 0xbd, 0xfc, 0xff, 0xdb, 0xff, 0x15, 0xce,
    0xb4, 0xc5, 0x65, 0x6a, 0x68, 0xdd, 0x0a, 0xee, 0x41, 0x39, 0x00, 0x00, 0x00, 0x00, 0x00, 0x00,
    0x00, 0x00, 0x00, 0x00, 0x40, 0x10, 0xc8, 0xcc, 0x09, 0xee, 0x45, 0x62, 0xd8, 0xe6, 0xfc, 0xff,
    0x72, 0xbd, 0x5a, 0xf7, 0x9b, 0xff, 0xbc, 0xff, 0xbb, 0xff, 0x9b, 0xff, 0x5a, 0xf7, 0x52, 0xbd,
    0xfc, 0xff, 0xd9, 0xe6, 0x45, 0x62, 0x09, 0xee, 0xc8, 0xcc, 0x40, 0x10, 0x00, 0x00, 0x00, 0x00,
    0x00, 0x00, 0x00, 0x00, 0x23, 0x62, 0xcb, 0xfe, 0xa4, 0x7a, 0xd5, 0xc5, 0xfc, 0xff, 0x5a, 0xff,
    0xdc, 0xff, 0x7a, 0xff, 0xdc, 0xff, 0x4d, 0x9c, 0xa6, 0x6a, 0x3a, 0xf7, 0x9b, 0xff, 0xdc, 0xff,
    0x5a, 0xff, 0xfc, 0xff, 0xd5, 0xc5, 0xc4, 0x7a, 0xcb, 0xfe, 0x23, 0x62, 0x00, 0x00, 0x00, 0x00,
    0x00, 0x00, 0x40, 0x10, 0xc8, 0xcc, 0x07, 0xd5, 0xcc, 0x8b, 0x15, 0xce, 0x93, 0xc5, 0xdc, 0xff,
    0x5a, 0xff, 0x7a, 0xff, 0x9b, 0xff, 0x88, 0x8b, 0xe3, 0x82, 0x77, 0xd6, 0xdb, 0xff, 0x5a, 0xf7,
    0xdc, 0xff, 0x93, 0xc5, 0xf4, 0xcd, 0xcc, 0x8b, 0x07, 0xd5, 0xc8, 0xcc, 0x40, 0x08, 0x00, 0x00,
    0x00, 0x00, 0x21, 0x39, 0x0a, 0xfe, 0x65, 0x93, 0xd5, 0xc5, 0xdb, 0xff, 0x39, 0xf7, 0x9b, 0xff,
    0x7a, 0xff, 0x7a, 0xff, 0x7b, 0xff, 0x0a, 0x9c, 0x65, 0x93, 0x77, 0xd6, 0xdb, 0xff, 0x7a, 0xff,
    0x9b, 0xff, 0x5a, 0xf7, 0xdb, 0xff, 0xd5, 0xc5, 0x65, 0x93, 0x2a, 0xfe, 0x01, 0x31, 0x00, 0x00,
    0x00, 0x00, 0x23, 0x62, 0x2a, 0xfe, 0xe6, 0x7a, 0x7b, 0xff, 0xfc, 0xff, 0x7a, 0xff, 0x7a, 0xff,
    0x9a, 0xff, 0x7a, 0xff, 0xdc, 0xff, 0x08, 0x7b, 0xe2, 0x59, 0xd8, 0xe6, 0xbb, 0xff, 0x7a, 0xff,
    0x9a, 0xff, 0x9a, 0xff, 0xfc, 0xff, 0x7b, 0xf7, 0xe6, 0x7a, 0x4a, 0xfe, 0x23, 0x62, 0x00, 0x00,
    0x00, 0x00, 0xa4, 0x7a, 0x09, 0xfe, 0x89, 0x8b, 0xb4, 0xc5, 0xb3, 0xc5, 0xbb, 0xff, 0x7a, 0xff,
    0x7a, 0xff, 0xdc, 0xff, 0xd4, 0xc5, 0x25, 0x8b, 0xa5, 0x9b, 0x6f, 0x9c, 0xfd, 0xff, 0x9b, 0xff,
    0x5a, 0xff, 0xbb, 0xff, 0xb3, 0xc5, 0xb4, 0xc5, 0x89, 0x8b, 0x09, 0xfe, 0xa4, 0x7a, 0x00, 0x00,
    0x00, 0x00, 0xa4, 0x72, 0x09, 0xfe, 0x69, 0x8b, 0x15, 0xce, 0x15, 0xd6, 0xbb, 0xff, 0x7a, 0xff,
    0x7a, 0xff, 0xdc, 0xff, 0xb4, 0xc5, 0x03, 0x8b, 0x84, 0x9b, 0xe2, 0x59, 0x2c, 0x9c, 0xd9, 0xe6,
    0xfc, 0xff, 0x9b, 0xff, 0x15, 0xd6, 0x15, 0xce, 0x69, 0x8b, 0x09, 0xfe, 0xa4, 0x7a, 0x00, 0x00,
    0x00, 0x00, 0x23, 0x62, 0x2a, 0xfe, 0xe6, 0x7a, 0x7b, 0xf7, 0xfc, 0xff, 0x7a, 0xff, 0x7a, 0xff,
    0x9a, 0xff, 0x7a, 0xff, 0xbb, 0xff, 0xb3, 0xc5, 0x0e, 0x8c, 0x06, 0x83, 0x02, 0x8b, 0x05, 0x83,
    0x52, 0xb5, 0xbb, 0xff, 0xfc, 0xff, 0x5b, 0xf7, 0xe6, 0x7a, 0x4a, 0xfe, 0x23, 0x62, 0x00, 0x00,
    0x00, 0x00, 0x21, 0x39, 0x0a, 0xfe, 0x45, 0x93, 0xd5, 0xc5, 0xdb, 0xff, 0x5a, 0xf7, 0x9a, 0xff,
    0x9a, 0xff, 0x9a, 0xff, 0x7a, 0xff, 0xdc, 0xff, 0xfd, 0xff, 0xf9, 0xe6, 0xec, 0x93, 0x24, 0x8b,
    0xe0, 0x61, 0xaf, 0xa4, 0xfd, 0xff, 0xb4, 0xc5, 0x65, 0x93, 0x2a, 0xfe, 0x01, 0x39, 0x00, 0x00,
    0x00, 0x00, 0x40, 0x10, 0xc8, 0xcc, 0xe7, 0xd4, 0xed, 0x8b, 0x14, 0xce, 0x93, 0xc5, 0xdc, 0xff,
    0x7a, 0xff, 0x7a, 0xff, 0x7a, 0xff, 0x7a, 0xff, 0x5a, 0xff, 0xbb, 0xff, 0xfc, 0xff, 0xb4, 0xc5,
    0xec, 0x93, 0x4e, 0x9c, 0x15, 0xce, 0xec, 0x8b, 0xe7, 0xd4, 0xc8, 0xcc, 0x40, 0x10, 0x00, 0x00,
    0x00, 0x00, 0x00, 0x00, 0x23, 0x62, 0xcb, 0xfe, 0xa4, 0x7a, 0xd5, 0xc5, 0xfc, 0xff, 0x5a, 0xff,
    0xdc, 0xff, 0x9a, 0xff, 0x7a, 0xff, 0x7a, 0xff, 0x7a, 0xff, 0x7a, 0xff, 0x7a, 0xff, 0xfd, 0xff,
    0xdc, 0xff, 0xfd, 0xff, 0xd4, 0xc5, 0xa4, 0x7a, 0xab, 0xfe, 0x23, 0x62, 0x00, 0x00, 0x00, 0x00,
    0x00, 0x00, 0x00, 0x00, 0x40, 0x10, 0xc8, 0xcc, 0xe9, 0xed, 0x65, 0x62, 0x19, 0xef, 0xfc, 0xff,
    0x72, 0xbd, 0x59, 0xf7, 0x7a, 0xff, 0xbb, 0xff, 0xbb, 0xff, 0x9a, 0xff, 0x5a, 0xf7, 0x72, 0xbd,
    0xdc, 0xff, 0x19, 0xe7, 0x65, 0x62, 0xe9, 0xed, 0xe8, 0xcc, 0x40, 0x10, 0x00, 0x00, 0x00, 0x00,
    0x00, 0x00, 0x00, 0x00, 0x00, 0x00, 0x01, 0x39, 0xea, 0xed, 0x48, 0xd5, 0x65, 0x6a, 0xf5, 0xcd,
    0xf4, 0xcd, 0xbb, 0xff, 0xfc, 0xff, 0x93, 0xc5, 0x93, 0xc5, 0xfc, 0xff, 0xdb, 0xff, 0xf4, 0xcd,
    0xf5, 0xcd, 0x65, 0x6a, 0x48, 0xd5, 0x0a, 0xee, 0x21, 0x39, 0x00, 0x00, 0x00, 0x00, 0x00, 0x00,
    0x00, 0x00, 0x00, 0x00, 0x00, 0x00, 0x00, 0x00, 0x41, 0x41, 0xea, 0xed, 0xe9, 0xed, 0xc4, 0x7a,
    0x0d, 0x94, 0xf5, 0xcd, 0x9b, 0xf7, 0xd4, 0xc5, 0xd4, 0xc5, 0x9b, 0xf7, 0xf5, 0xcd, 0x0d, 0x94,
    0xa4, 0x7a, 0xe9, 0xed, 0xea, 0xed, 0xa2, 0x49, 0x00, 0x00, 0x00, 0x00, 0x00, 0x00, 0x00, 0x00,
    0x00, 0x00, 0x00, 0x00, 0x00, 0x00, 0x00, 0x00, 0x00, 0x00, 0xe1, 0x30, 0xa7, 0xbc, 0xab, 0xfe,
    0xe7, 0xcc, 0x45, 0x93, 0x06, 0x7b, 0x69, 0x83, 0x69, 0x83, 0x06, 0x7b, 0x45, 0x93, 0xe7, 0xcc,
    0xab, 0xfe, 0xa7, 0xc4, 0x01, 0x39, 0x00, 0x00, 0x00, 0x00, 0x00, 0x00, 0x00, 0x00, 0x00, 0x00,
    0x00, 0x00, 0x00, 0x00, 0x00, 0x00, 0x00, 0x00, 0x00, 0x00, 0x00, 0x00, 0x20, 0x10, 0x03, 0x5a,
    0xa7, 0xbc, 0xea, 0xf5, 0x09, 0xfe, 0xe9, 0xf5, 0xc9, 0xf5, 0x09, 0xfe, 0x0a, 0xf6, 0xa7, 0xc4,
    0xe2, 0x59, 0x20, 0x10, 0x00, 0x00, 0x00, 0x00, 0x00, 0x00, 0x00, 0x00, 0x00, 0x00, 0x00, 0x00,
    0x00, 0x00, 0x00, 0x00, 0x00, 0x00, 0x00, 0x00, 0x00, 0x00, 0x00, 0x00, 0x00, 0x00, 0x00, 0x00,
    0x00, 0x08, 0xe1, 0x28, 0xe2, 0x51, 0xa4, 0x72, 0x84, 0x72, 0xe3, 0x51, 0xe1, 0x28, 0x20, 0x08,
    0x00, 0x00, 0x00, 0x00, 0x00, 0x00, 0x00, 0x00, 0x00, 0x00, 0x00, 0x00, 0x00, 0x00, 0x00, 0x00,
    0x00, 0x00, 0x00, 0x00, 0x00, 0x00, 0x00, 0x00, 0x00, 0x00, 0x00, 0x00, 0x00, 0x00, 0x00, 0x00,
    0x00, 0x00, 0x00, 0x00, 0x00, 0x00, 0x00, 0x00, 0x00, 0x00, 0x00, 0x00, 0x00, 0x00, 0x00, 0x00,
    0x00, 0x00, 0x00, 0x00, 0x00, 0x00, 0x00, 0x00, 0x00, 0x00, 0x00, 0x00, 0x00, 0x00, 0x00, 0x00,
    0x00, 0x00, 0x00, 0x00, 0x00, 0x00, 0x00, 0x00, 0x00, 0x00, 0x00, 0x00, 0x00, 0x00, 0x00, 0x00,
    0x00, 0x00, 0x00, 0x00, 0x00, 0x00, 0x00, 0x00, 0x00, 0x00, 0x00, 0x00, 0x00, 0x00, 0x00, 0x00,
    0x36, 0x95, 0xde, 0xfd, 0xfd, 0xe6, 0x9b, 0x3e, 0x00, 0x00, 0x00, 0x00, 0x00, 0x00, 0x00, 0x00,
    0x00, 0x00, 0x00, 0x00, 0x00, 0x00, 0x41, 0xd5, 0xff, 0xff, 0xff, 0xff, 0xff, 0xff, 0xff, 0xff,
    0xe2, 0x46, 0x00, 0x00, 0x00, 0x00, 0x00, 0x00, 0x00, 0x00, 0x00, 0x00, 0x00, 0xa3, 0xff, 0xff,
    0xf9, 0xfb, 0xfd, 0xff, 0xff, 0xff, 0xfb, 0xf9, 0xff, 0xff, 0xb0, 0x00, 0x00, 0x00, 0x00, 0x00,
    0x00, 0x00, 0x00, 0x00, 0xce, 0xff, 0xf5, 0xfd, 0xff, 0xff, 0xff, 0xff, 0xff, 0xff, 0xff, 0xff,
    0xfd, 0xf5, 0xff, 0xce, 0x00, 0x00, 0x00, 0x00, 0x00, 0x00, 0x00, 0xaa, 0xff, 0xf7, 0xff, 0xff,
    0xff, 0xff, 0xff, 0xff, 0xff, 0xff, 0xff, 0xff, 0xff, 0xff, 0xf7, 0xff, 0xb0, 0x00, 0x00, 0x00,
    0x00, 0x00, 0x3b, 0xff, 0xf5, 0xff, 0xff, 0xff, 0xff, 0xff, 0xff, 0xff, 0xff, 0xff, 0xff, 0xff,
    0xff, 0xff, 0xff, 0xf5, 0xff, 0x3d, 0x00, 0x00, 0x00, 0x00, 0xda, 0xfb, 0xfb, 0xff, 0xff, 0xff,
    0xff, 0xff, 0xff, 0xff, 0xff, 0xff, 0xff, 0xff, 0xff, 0xff, 0xff, 0xfd, 0xfb, 0xda, 0x00, 0x00,
    0x00, 0x37, 0xff, 0xf9, 0xff, 0xff, 0xff, 0xff, 0xff, 0xff, 0xff, 0xff, 0xff, 0xff, 0xff, 0xff,
    0xff, 0xff, 0xff, 0xff, 0xf9, 0xff, 0x37, 0x00, 0x00, 0x97, 0xfd, 0xfb, 0xff, 0xff, 0xff, 0xff,
    0xff, 0xff, 0xff, 0xff, 0xff, 0xff, 0xff, 0xff, 0xff, 0xff, 0xff, 0xff, 0xfb, 0xfd, 0x97, 0x00,
    0x00, 0xdc, 0xff, 0xfd, 0xff, 0xff, 0xff, 0xff, 0xff, 0xff, 0xff, 0xff, 0xff, 0xff, 0xff, 0xff,
    0xff, 0xff, 0xff, 0xff, 0xfd, 0xff, 0xdc, 0x00, 0x00, 0xff, 0xff, 0xff, 0xff, 0xff, 0xff, 0xff,
    0xff, 0xff, 0xff, 0xff, 0xff, 0xff, 0xff, 0xff, 0xff, 0xff, 0xff, 0xff, 0xff, 0xff, 0xff, 0x00,
    0x00, 0xfd, 0xff, 0xff, 0xff, 0xff, 0xff, 0xff, 0xff, 0xff, 0xff, 0xff, 0xff, 0xff, 0xff, 0xff,
    0xff, 0xff, 0xff, 0xff, 0xff, 0xff, 0xff, 0x00, 0x00, 0xd9, 0xff, 0xfd, 0xff, 0xff, 0xff, 0xff,
    0xff, 0xff, 0xff, 0xff, 0xff, 0xff, 0xff, 0xff, 0xff, 0xff, 0xff, 0xff, 0xfd, 0xff, 0xdc, 0x00,
    0x00, 0x97, 0xfd, 0xfb, 0xff, 0xff, 0xff, 0xff, 0xff, 0xff, 0xff, 0xff, 0xff, 0xff, 0xff, 0xff,
    0xff, 0xff, 0xff, 0xff, 0xfb, 0xfd, 0x97, 0x00, 0x00, 0x35, 0xff, 0xf9, 0xff, 0xff, 0xff, 0xff,
    0xff, 0xff, 0xff, 0xff, 0xff, 0xff, 0xff, 0xff, 0xff, 0xff, 0xff, 0xff, 0xf9, 0xff, 0x37, 0x00,
    0x00, 0x00, 0xda, 0xfb, 0xfb, 0xff, 0xff, 0xff, 0xff, 0xff, 0xff, 0xff, 0xff, 0xff, 0xff, 0xff,
    0xff, 0xff, 0xff, 0xfb, 0xfb, 0xda, 0x00, 0x00, 0x00, 0x00, 0x3a, 0xff, 0xf5, 0xff, 0xff, 0xff,
    0xff, 0xff, 0xff, 0xff, 0xff, 0xff, 0xff, 0xff, 0xff, 0xff, 0xff, 0xf5, 0xff, 0x3b, 0x00, 0x00,
    0x00, 0x00, 0x00, 0xa5, 0xff, 0xf5, 0xff, 0xff, 0xff, 0xff, 0xff, 0xff, 0xff, 0xff, 0xff, 0xff,
    0xff, 0xff, 0xf5, 0xff, 0xaa, 0x00, 0x00, 0x00, 0x00, 0x00, 0x00, 0x00, 0xb9, 0xff, 0xf5, 0xfd,
    0xff, 0xff, 0xff, 0xff, 0xff, 0xff, 0xff, 0xff, 0xfd, 0xf5, 0xff, 0xcc, 0x00, 0x00, 0x00, 0x00,
    0x00, 0x00, 0x00, 0x00, 0x00, 0x95, 0xff, 0xff, 0xfb, 0xfb, 0xfd, 0xfd, 0xfd, 0xfd, 0xfb, 0xfb,
    0xff, 0xff, 0x9b, 0x00, 0x00, 0x00, 0x00, 0x00, 0x00, 0x00, 0x00, 0x00, 0x00, 0x00, 0x31, 0xc5,
    0xff, 0xff, 0xff, 0xff, 0xff, 0xff, 0xff, 0xff, 0xc5, 0x35, 0x00, 0x00, 0x00, 0x00, 0x00, 0x00,
    0x00, 0x00, 0x00, 0x00, 0x00, 0x00, 0x00, 0x00, 0x27, 0x79, 0xc0, 0xde, 0xe0, 0xc3, 0x7b, 0x2c,
    0x00, 0x00, 0x00, 0x00, 0x00, 0x00, 0x00, 0x00, 0x00, 0x00, 0x00, 0x00, 0x00, 0x00, 0x00, 0x00,
    0x00, 0x00, 0x00, 0x00, 0x00, 0x00, 0x00, 0x00, 0x00, 0x00, 0x00, 0x00, 0x00, 0x00, 0x00, 0x00,
};

static const LV_ATTRIBUTE_MEM_ALIGN uint8_t app_tama_ico_12_bat_map[] = {
    0x00, 0x00, 0x00, 0x00, 0x00, 0x00, 0x00, 0x00, 0x00, 0x00, 0x00, 0x00, 0x00, 0x00, 0x00, 0x00,
    0x00, 0x00, 0x00, 0x00, 0x00, 0x00, 0x00, 0x00, 0x00, 0x00, 0x00, 0x00, 0x00, 0x00, 0x00, 0x00,
    0x00, 0x00, 0x00, 0x00, 0x00, 0x00, 0x00, 0x00, 0x00, 0x00, 0x00, 0x00, 0x00, 0x00, 0x00, 0x00,
    0x00, 0x00, 0x00, 0x00, 0x00, 0x00, 0x00, 0x00, 0x00, 0x00, 0x00, 0x00, 0x00, 0x00, 0x00, 0x00,
    0x00, 0x00, 0x00, 0x00, 0x00, 0x00, 0x00, 0x00, 0x00, 0x00, 0x00, 0x00, 0x00, 0x00, 0x00, 0x00,
    0x00, 0x00, 0x00, 0x00, 0x00, 0x00, 0x00, 0x00, 0x00, 0x00, 0x00, 0x00, 0x00, 0x00, 0x00, 0x00,
    0x00, 0x00, 0x00, 0x00, 0x00, 0x00, 0x00, 0x00, 0x00, 0x00, 0x00, 0x00, 0x00, 0x00, 0x00, 0x00,
    0x00, 0x00, 0x00, 0x00, 0x00, 0x00, 0x00, 0x00, 0x00, 0x00, 0x00, 0x00, 0x00, 0x00, 0x00, 0x00,
    0x00, 0x00, 0x00, 0x00, 0x00, 0x00, 0x00, 0x00, 0x00, 0x00, 0x00, 0x00, 0x00, 0x00, 0x00, 0x00,
    0x00, 0x00, 0x00, 0x00, 0x00, 0x00, 0x00, 0x00, 0x00, 0x00, 0x00, 0x00, 0x00, 0x00, 0x00, 0x00,
    0x00, 0x00, 0x00, 0x00, 0x00, 0x00, 0x00, 0x00, 0x00, 0x00, 0x00, 0x00, 0x00, 0x00, 0x00, 0x00,
    0x00, 0x00, 0x00, 0x00, 0x00, 0x00, 0x00, 0x00, 0x00, 0x00, 0x00, 0x00, 0x00, 0x00, 0x00, 0x00,
    0x00, 0x00, 0x00, 0x00, 0x00, 0x00, 0x00, 0x00, 0x00, 0x00, 0x00, 0x00, 0x00, 0x00, 0x00, 0x00,
    0x00, 0x00, 0x00, 0x00, 0x00, 0x00, 0x00, 0x00, 0x00, 0x00, 0x00, 0x00, 0x00, 0x00, 0x00, 0x00,
    0x00, 0x00, 0x00, 0x00, 0x00, 0x00, 0x00, 0x00, 0x00, 0x00, 0x00, 0x00, 0x00, 0x00, 0x00, 0x00,
    0x00, 0x00, 0x00, 0x00, 0x00, 0x00, 0x00, 0x00, 0x00, 0x00, 0x00, 0x00, 0x00, 0x00, 0x00, 0x00,
    0x00, 0x00, 0x00, 0x00, 0x00, 0x00, 0x00, 0x00, 0x00, 0x00, 0x00, 0x00, 0x00, 0x00, 0x00, 0x00,
    0x00, 0x00, 0x00, 0x00, 0x00, 0x00, 0x00, 0x00, 0x00, 0x00, 0x00, 0x00, 0x00, 0x00, 0x00, 0x00,
    0x00, 0x00, 0x00, 0x00, 0xa0, 0x28, 0x83, 0x41, 0x84, 0x41, 0x83, 0x41, 0x83, 0x41, 0x84, 0x41,
    0x83, 0x41, 0x83, 0x41, 0x84, 0x41, 0x84, 0x41, 0xc4, 0x51, 0xc4, 0x51, 0xc4, 0x51, 0xc4, 0x51,
    0xc4, 0x51, 0xc4, 0x51, 0xc3, 0x51, 0xa0, 0x28, 0x00, 0x00, 0x00, 0x00, 0x00, 0x00, 0x00, 0x00,
    0x00, 0x00, 0x80, 0x20, 0x4e, 0x5b, 0x9c, 0x6d, 0x5d, 0x5d, 0x5d, 0x5d, 0x5d, 0x5d, 0x5d, 0x5d,
    0x5d, 0x5d, 0x5d, 0x5d, 0x5d, 0x5d, 0x7d, 0x6d, 0x3b, 0xef, 0x5b, 0xf7, 0x5b, 0xf7, 0x5b, 0xf7,
    0x5b, 0xf7, 0x5b, 0xf7, 0x7c, 0xef, 0x4e, 0x9c, 0x80, 0x20, 0x00, 0x00, 0x00, 0x00, 0x00, 0x00,
    0x00, 0x00, 0xa4, 0x41, 0x9e, 0x6d, 0x3f, 0x7e, 0x3f, 0x8e, 0x5f, 0x8e, 0x5f, 0x8e, 0x5f, 0x8e,
    0x5f, 0x8e, 0x5f, 0x96, 0xff, 0x75, 0xdf, 0x6d, 0xbd, 0xf7, 0xdd, 0xff, 0xdd, 0xff, 0xdd, 0xff,
    0xdd, 0xff, 0xdd, 0xff, 0xfe, 0xff, 0x7b, 0xf7, 0x42, 0x41, 0x00, 0x00, 0x00, 0x00, 0x00, 0x00,
    0x00, 0x00, 0xc5, 0x49, 0x5d, 0x5d, 0x5f, 0x96, 0xde, 0xb6, 0xde, 0xb6, 0xde, 0xb6, 0xde, 0xb6,
    0xde, 0xb6, 0xfe, 0xbe, 0x3f, 0x86, 0xbf, 0x65, 0x9d, 0xf7, 0xbd, 0xff, 0xbd, 0xff, 0xbd, 0xff,
    0xbd, 0xff, 0xbd, 0xff, 0xdd, 0xff, 0x3b, 0xef, 0x83, 0x49, 0x22, 0x31, 0xa0, 0x20, 0x00, 0x00,
    0x00, 0x00, 0xc5, 0x41, 0x5d, 0x5d, 0x7f, 0x96, 0xde, 0xb6, 0xbe, 0xae, 0xbe, 0xae, 0xbe, 0xae,
    0xbe, 0xae, 0xde, 0xb6, 0x1f, 0x86, 0xbf, 0x65, 0x9d, 0xf7, 0xbd, 0xff, 0xbd, 0xff, 0xbd, 0xff,
    0xbd, 0xff, 0xbd, 0xff, 0xdd, 0xff, 0x1a, 0xef, 0x27, 0x52, 0x59, 0x4c, 0xc5, 0x49, 0x00, 0x00,
    0x00, 0x00, 0xc5, 0x41, 0x5d, 0x5d, 0x7f, 0x96, 0xde, 0xb6, 0xbe, 0xae, 0xbe, 0xae, 0xbe, 0xae,
    0xbe, 0xae, 0xde, 0xb6, 0x1f, 0x86, 0xbf, 0x6d, 0x9d, 0xf7, 0xbd, 0xff, 0xbd, 0xff, 0xbd, 0xff,
    0xbd, 0xff, 0xbd, 0xff, 0xdd, 0xff, 0x1a, 0xef, 0x27, 0x4a, 0x9b, 0x4c, 0xe6, 0x49, 0x00, 0x00,
    0x00, 0x00, 0xc5, 0x49, 0x5d, 0x5d, 0x7f, 0x96, 0xde, 0xb6, 0xbe, 0xae, 0xbe, 0xae, 0xbe, 0xae,
    0xbe, 0xae, 0xde, 0xb6, 0x1f, 0x86, 0xbf, 0x6d, 0x9d, 0xf7, 0xbd, 0xff, 0xbd, 0xff, 0xbd, 0xff,
    0xbd, 0xff, 0xbd, 0xff, 0xdd, 0xff, 0x1a, 0xef, 0x27, 0x52, 0xbb, 0x4c, 0x06, 0x4a, 0x00, 0x00,
    0x00, 0x00, 0xc4, 0x49, 0x5d, 0x5d, 0x7f, 0x96, 0xde, 0xb6, 0xbe, 0xae, 0xbe, 0xae, 0xbe, 0xae,
    0xbe, 0xae, 0xde, 0xb6, 0x1f, 0x86, 0xbf, 0x6d, 0x9d, 0xf7, 0xbd, 0xff, 0xbd, 0xff, 0xbd, 0xff,
    0xbd, 0xff, 0xbd, 0xff, 0xdd, 0xff, 0x1a, 0xef, 0x27, 0x52, 0x58, 0x4c, 0xc4, 0x49, 0x00, 0x00,
    0x00, 0x00, 0xc5, 0x49, 0x5d, 0x5d, 0x5f, 0x96, 0xde, 0xbe, 0xde, 0xb6, 0xde, 0xb6, 0xde, 0xb6,
    0xde, 0xb6, 0xfe, 0xbe, 0x3f, 0x86, 0xbf, 0x6d, 0x9d, 0xf7, 0xbd, 0xff, 0xbd, 0xff, 0xbd, 0xff,
    0xbd, 0xff, 0xbc, 0xff, 0xdd, 0xff, 0x3b, 0xef, 0x83, 0x49, 0x01, 0x31, 0x80, 0x20, 0x00, 0x00,
    0x00, 0x00, 0xa4, 0x41, 0x9e, 0x6d, 0x1f, 0x7e, 0x3f, 0x8e, 0x5f, 0x8e, 0x5f, 0x8e, 0x5f, 0x8e,
    0x5f, 0x8e, 0x5f, 0x8e, 0xff, 0x75, 0xdf, 0x6d, 0xbd, 0xf7, 0xdd, 0xff, 0xdd, 0xff, 0xdd, 0xff,
    0xdd, 0xff, 0xdd, 0xff, 0xfe, 0xff, 0x5b, 0xf7, 0x22, 0x41, 0x00, 0x00, 0x00, 0x00, 0x00, 0x00,
    0x00, 0x00, 0x80, 0x20, 0x4e, 0x5b, 0x7d, 0x6d, 0x3d, 0x5d, 0x3d, 0x5d, 0x3d, 0x5d, 0x3d, 0x5d,
    0x3d, 0x5d, 0x3d, 0x5d, 0x5d, 0x5d, 0x7d, 0x6d, 0x3b, 0xe7, 0x5b, 0xf7, 0x5b, 0xf7, 0x5b, 0xf7,
    0x5b, 0xf7, 0x5b, 0xf7, 0x5b, 0xef, 0x2d, 0x9c, 0x80, 0x20, 0x00, 0x00, 0x00, 0x00, 0x00, 0x00,
    0x00, 0x00, 0x00, 0x00, 0xa0, 0x28, 0x83, 0x41, 0x84, 0x41, 0x84, 0x41, 0x84, 0x41, 0x84, 0x41,
    0x84, 0x41, 0x84, 0x41, 0x84, 0x41, 0x84, 0x41, 0xc3, 0x51, 0xc4, 0x51, 0xc4, 0x51, 0xc3, 0x51,
    0xc3, 0x51, 0xc4, 0x51, 0xa3, 0x49, 0x80, 0x20, 0x00, 0x00, 0x00, 0x00, 0x00, 0x00, 0x00, 0x00,
    0x00, 0x00, 0x00, 0x00, 0x00, 0x00, 0x00, 0x00, 0x00, 0x00, 0x00, 0x00, 0x00, 0x00, 0x00, 0x00,
    0x00, 0x00, 0x00, 0x00, 0x00, 0x00, 0x00, 0x00, 0x00, 0x00, 0x00, 0x00, 0x00, 0x00, 0x00, 0x00,
    0x00, 0x00, 0x00, 0x00, 0x00, 0x00, 0x00, 0x00, 0x00, 0x00, 0x00, 0x00, 0x00, 0x00, 0x00, 0x00,
    0x00, 0x00, 0x00, 0x00, 0x00, 0x00, 0x00, 0x00, 0x00, 0x00, 0x00, 0x00, 0x00, 0x00, 0x00, 0x00,
    0x00, 0x00, 0x00, 0x00, 0x00, 0x00, 0x00, 0x00, 0x00, 0x00, 0x00, 0x00, 0x00, 0x00, 0x00, 0x00,
    0x00, 0x00, 0x00, 0x00, 0x00, 0x00, 0x00, 0x00, 0x00, 0x00, 0x00, 0x00, 0x00, 0x00, 0x00, 0x00,
    0x00, 0x00, 0x00, 0x00, 0x00, 0x00, 0x00, 0x00, 0x00, 0x00, 0x00, 0x00, 0x00, 0x00, 0x00, 0x00,
    0x00, 0x00, 0x00, 0x00, 0x00, 0x00, 0x00, 0x00, 0x00, 0x00, 0x00, 0x00, 0x00, 0x00, 0x00, 0x00,
    0x00, 0x00, 0x00, 0x00, 0x00, 0x00, 0x00, 0x00, 0x00, 0x00, 0x00, 0x00, 0x00, 0x00, 0x00, 0x00,
    0x00, 0x00, 0x00, 0x00, 0x00, 0x00, 0x00, 0x00, 0x00, 0x00, 0x00, 0x00, 0x00, 0x00, 0x00, 0x00,
    0x00, 0x00, 0x00, 0x00, 0x00, 0x00, 0x00, 0x00, 0x00, 0x00, 0x00, 0x00, 0x00, 0x00, 0x00, 0x00,
    0x00, 0x00, 0x00, 0x00, 0x00, 0x00, 0x00, 0x00, 0x00, 0x00, 0x00, 0x00, 0x00, 0x00, 0x00, 0x00,
    0x00, 0x00, 0x00, 0x00, 0x00, 0x00, 0x00, 0x00, 0x00, 0x00, 0x00, 0x00, 0x00, 0x00, 0x00, 0x00,
    0x00, 0x00, 0x00, 0x00, 0x00, 0x00, 0x00, 0x00, 0x00, 0x00, 0x00, 0x00, 0x00, 0x00, 0x00, 0x00,
    0x00, 0x00, 0x00, 0x00, 0x00, 0x00, 0x00, 0x00, 0x00, 0x00, 0x00, 0x00, 0x00, 0x00, 0x00, 0x00,
    0x00, 0x00, 0x00, 0x00, 0x00, 0x00, 0x00, 0x00, 0x00, 0x00, 0x00, 0x00, 0x00, 0x00, 0x00, 0x00,
    0x00, 0x00, 0x00, 0x00, 0x00, 0x00, 0x00, 0x00, 0x00, 0x00, 0x00, 0x00, 0x00, 0x00, 0x00, 0x00,
    0x00, 0x00, 0x00, 0x00, 0x00, 0x00, 0x00, 0x00, 0x00, 0x00, 0x00, 0x00, 0x00, 0x00, 0x00, 0x00,
    0x00, 0x00, 0x00, 0x00, 0x00, 0x00, 0x00, 0x00, 0x00, 0x00, 0x00, 0x00, 0x00, 0x00, 0x00, 0x00,
    0x00, 0x00, 0x00, 0x00, 0x00, 0x00, 0x00, 0x00, 0x00, 0x00, 0x00, 0x00, 0x00, 0x00, 0x00, 0x00,
    0x00, 0x00, 0x00, 0x00, 0x00, 0x00, 0x00, 0x00, 0x00, 0x00, 0x00, 0x00, 0x00, 0x00, 0x00, 0x00,
    0x00, 0x00, 0x00, 0x00, 0x00, 0x00, 0x00, 0x00, 0x00, 0x00, 0x00, 0x00, 0x00, 0x00, 0x00, 0x00,
    0x00, 0x00, 0x00, 0x00, 0x00, 0x00, 0x00, 0x00, 0x00, 0x00, 0x00, 0x00, 0x00, 0x00, 0x00, 0x00,
    0x00, 0x00, 0x00, 0x00, 0x00, 0x00, 0x00, 0x00, 0x00, 0x00, 0x00, 0x00, 0x00, 0x00, 0x00, 0x00,
    0x00, 0x00, 0x00, 0x00, 0x00, 0x00, 0x00, 0x00, 0x00, 0x00, 0x00, 0x00, 0x00, 0x00, 0x00, 0x00,
    0x00, 0x00, 0x00, 0x00, 0x00, 0x00, 0x00, 0x00, 0x00, 0x00, 0x00, 0x00, 0x00, 0x00, 0x00, 0x00,
    0x00, 0x00, 0x00, 0x00, 0x00, 0x00, 0x00, 0x00, 0x00, 0x00, 0x00, 0x00, 0x00, 0x00, 0x00, 0x00,
    0x00, 0x00, 0x6f, 0xf3, 0xfb, 0xff, 0xff, 0xff, 0xff, 0xff, 0xff, 0xff, 0xff, 0xff, 0xff, 0xff,
    0xff, 0xfb, 0xf7, 0x7c, 0x00, 0x00, 0x00, 0x00, 0x00, 0x67, 0xff, 0xfd, 0xff, 0xff, 0xff, 0xff,
    0xff, 0xff, 0xff, 0xff, 0xff, 0xff, 0xff, 0xff, 0xff, 0xff, 0xf9, 0xff, 0x5d, 0x00, 0x00, 0x00,
    0x00, 0xfb, 0xfb, 0xfd, 0xff, 0xff, 0xff, 0xff, 0xff, 0xff, 0xff, 0xff, 0xff, 0xff, 0xff, 0xff,
    0xff, 0xff, 0xfb, 0xfb, 0xc7, 0x00, 0x00, 0x00, 0x00, 0xff, 0xff, 0xff, 0xff, 0xff, 0xff, 0xff,
    0xff, 0xff, 0xff, 0xff, 0xff, 0xff, 0xff, 0xff, 0xff, 0xff, 0xff, 0xff, 0xef, 0xb7, 0x3f, 0x00,
    0x00, 0xff, 0xff, 0xff, 0xff, 0xff, 0xff, 0xff, 0xff, 0xff, 0xff, 0xff, 0xff, 0xff, 0xff, 0xff,
    0xff, 0xff, 0xff, 0xff, 0xff, 0xff, 0xff, 0x00, 0x00, 0xff, 0xff, 0xff, 0xff, 0xff, 0xff, 0xff,
    0xff, 0xff, 0xff, 0xff, 0xff, 0xff, 0xff, 0xff, 0xff, 0xff, 0xff, 0xff, 0xff, 0xfb, 0xfd, 0x00,
    0x00, 0xff, 0xff, 0xff, 0xff, 0xff, 0xff, 0xff, 0xff, 0xff, 0xff, 0xff, 0xff, 0xff, 0xff, 0xff,
    0xff, 0xff, 0xff, 0xff, 0xff, 0xfb, 0xfd, 0x00, 0x00, 0xff, 0xff, 0xff, 0xff, 0xff, 0xff, 0xff,
    0xff, 0xff, 0xff, 0xff, 0xff, 0xff, 0xff, 0xff, 0xff, 0xff, 0xff, 0xff, 0xff, 0xff, 0xff, 0x00,
    0x00, 0xff, 0xff, 0xff, 0xff, 0xff, 0xff, 0xff, 0xff, 0xff, 0xff, 0xff, 0xff, 0xff, 0xff, 0xff,
    0xff, 0xff, 0xff, 0xff, 0xef, 0xb7, 0x3c, 0x00, 0x00, 0xfb, 0xfb, 0xfd, 0xff, 0xff, 0xff, 0xff,
    0xff, 0xff, 0xff, 0xff, 0xff, 0xff, 0xff, 0xff, 0xff, 0xff, 0xfb, 0xfb, 0xc3, 0x00, 0x00, 0x00,
    0x00, 0x67, 0xff, 0xfd, 0xff, 0xff, 0xff, 0xff, 0xff, 0xff, 0xff, 0xff, 0xff, 0xff, 0xff, 0xff,
    0xff, 0xff, 0xfb, 0xff, 0x57, 0x00, 0x00, 0x00, 0x00, 0x00, 0x6f, 0xf3, 0xfb, 0xff, 0xff, 0xff,
    0xff, 0xff, 0xff, 0xff, 0xff, 0xff, 0xff, 0xff, 0xff, 0xfd, 0xef, 0x6f, 0x00, 0x00, 0x00, 0x00,
    0x00, 0x00, 0x00, 0x00, 0x00, 0x00, 0x00, 0x00, 0x00, 0x00, 0x00, 0x00, 0x00, 0x00, 0x00, 0x00,
    0x00, 0x00, 0x00, 0x00, 0x00, 0x00, 0x00, 0x00, 0x00, 0x00, 0x00, 0x00, 0x00, 0x00, 0x00, 0x00,
    0x00, 0x00, 0x00, 0x00, 0x00, 0x00, 0x00, 0x00, 0x00, 0x00, 0x00, 0x00, 0x00, 0x00, 0x00, 0x00,
    0x00, 0x00, 0x00, 0x00, 0x00, 0x00, 0x00, 0x00, 0x00, 0x00, 0x00, 0x00, 0x00, 0x00, 0x00, 0x00,
    0x00, 0x00, 0x00, 0x00, 0x00, 0x00, 0x00, 0x00, 0x00, 0x00, 0x00, 0x00, 0x00, 0x00, 0x00, 0x00,
    0x00, 0x00, 0x00, 0x00, 0x00, 0x00, 0x00, 0x00, 0x00, 0x00, 0x00, 0x00, 0x00, 0x00, 0x00, 0x00,
    0x00, 0x00, 0x00, 0x00, 0x00, 0x00, 0x00, 0x00, 0x00, 0x00, 0x00, 0x00, 0x00, 0x00, 0x00, 0x00,
    0x00, 0x00, 0x00, 0x00, 0x00, 0x00, 0x00, 0x00, 0x00, 0x00, 0x00, 0x00, 0x00, 0x00, 0x00, 0x00,
    0x00, 0x00, 0x00, 0x00, 0x00, 0x00, 0x00, 0x00, 0x00, 0x00, 0x00, 0x00, 0x00, 0x00, 0x00, 0x00,
};

static const LV_ATTRIBUTE_MEM_ALIGN uint8_t app_tama_ico_13_fish_map[] = {
    0x00, 0x00, 0x00, 0x00, 0x00, 0x00, 0x00, 0x00, 0x00, 0x00, 0x00, 0x00, 0x00, 0x00, 0x00, 0x00,
    0x00, 0x00, 0x00, 0x00, 0x00, 0x00, 0x00, 0x00, 0x00, 0x00, 0x00, 0x00, 0x00, 0x00, 0x00, 0x00,
    0x00, 0x00, 0x00, 0x00, 0x00, 0x00, 0x00, 0x00, 0x00, 0x00, 0x00, 0x00, 0x00, 0x00, 0x00, 0x00,
    0x00, 0x00, 0x00, 0x00, 0x00, 0x00, 0x00, 0x00, 0x00, 0x00, 0x00, 0x00, 0x00, 0x00, 0x00, 0x00,
    0x00, 0x00, 0x00, 0x00, 0x00, 0x00, 0x00, 0x00, 0x00, 0x00, 0x00, 0x00, 0x00, 0x00, 0x00, 0x00,
    0x00, 0x00, 0x00, 0x00, 0x00, 0x00, 0x00, 0x00, 0x00, 0x00, 0x00, 0x00, 0x00, 0x00, 0x00, 0x00,
    0x00, 0x00, 0x00, 0x00, 0x00, 0x00, 0x00, 0x00, 0x00, 0x00, 0x00, 0x00, 0x00, 0x00, 0x00, 0x00,
    0x00, 0x00, 0x00, 0x00, 0x00, 0x00, 0x00, 0x00, 0x00, 0x00, 0x00, 0x00, 0x00, 0x00, 0x00, 0x00,
    0x00, 0x00, 0x00, 0x00, 0x00, 0x00, 0x00, 0x00, 0x00, 0x00, 0x00, 0x00, 0x00, 0x00, 0x00, 0x00,
    0x00, 0x00, 0x00, 0x00, 0x00, 0x00, 0x00, 0x00, 0x00, 0x00, 0x00, 0x00, 0x00, 0x00, 0x00, 0x00,
    0x00, 0x00, 0x00, 0x00, 0x00, 0x00, 0x61, 0x10, 0x63, 0x61, 0xc5, 0x81, 0x22, 0x51, 0x40, 0x08,
    0x00, 0x00, 0x00, 0x00, 0x00, 0x00, 0x00, 0x00, 0x00, 0x00, 0x00, 0x00, 0x00, 0x00, 0x00, 0x00,
    0x00, 0x00, 0x00, 0x00, 0x00, 0x00, 0x00, 0x00, 0x00, 0x00, 0x00, 0x00, 0x00, 0x00, 0x00, 0x00,
    0x00, 0x00, 0x60, 0x10, 0x22, 0x49, 0x26, 0xa2, 0x09, 0xf3, 0x2a, 0xfb, 0x2a, 0xfb, 0xa4, 0x71,
    0x00, 0x00, 0x00, 0x00, 0x00, 0x00, 0x00, 0x00, 0x00, 0x00, 0x00, 0x00, 0x00, 0x00, 0x00, 0x00,
    0x00, 0x00, 0x00, 0x00, 0x00, 0x00, 0x00, 0x00, 0x00, 0x00, 0x00, 0x00, 0x00, 0x00, 0x00, 0x00,
    0x61, 0x10, 0x46, 0xaa, 0x4a, 0xfb, 0x4a, 0xfb, 0x0a, 0xf3, 0x67, 0xba, 0xe9, 0xe2, 0xa8, 0xca,
    0xc1, 0x20, 0x00, 0x00, 0x00, 0x00, 0x00, 0x00, 0x00, 0x00, 0x00, 0x00, 0x00, 0x00, 0x00, 0x00,
    0x00, 0x00, 0x00, 0x00, 0x00, 0x00, 0x00, 0x00, 0x00, 0x00, 0x00, 0x00, 0x00, 0x00, 0x00, 0x00,
    0xc1, 0x30, 0x2a, 0xfb, 0xa8, 0xca, 0xa4, 0x79, 0xe5, 0x89, 0xc5, 0x81, 0xc5, 0x89, 0xe5, 0x89,
    0x84, 0x71, 0x02, 0x41, 0x60, 0x10, 0x00, 0x00, 0x00, 0x00, 0x00, 0x00, 0x00, 0x00, 0x00, 0x00,
    0x00, 0x00, 0x00, 0x00, 0x00, 0x00, 0x20, 0x00, 0x00, 0x00, 0x00, 0x00, 0x00, 0x00, 0x00, 0x00,
    0x61, 0x18, 0xa4, 0x71, 0x05, 0x92, 0xa8, 0xca, 0x09, 0xeb, 0x4a, 0xfb, 0x4a, 0xfb, 0x4a, 0xfb,
    0x4a, 0xfb, 0x29, 0xf3, 0x87, 0xc2, 0x43, 0x59, 0x20, 0x00, 0x00, 0x00, 0x00, 0x00, 0x00, 0x00,
    0x00, 0x00, 0x61, 0x10, 0xc4, 0x79, 0x06, 0x92, 0xe2, 0x38, 0x00, 0x00, 0x00, 0x00, 0x61, 0x08,
    0x63, 0x61, 0xc8, 0xd2, 0x4a, 0xfb, 0x4a, 0xfb, 0x2a, 0xfb, 0x2a, 0xfb, 0x2a, 0xf3, 0x2a, 0xf3,
    0x2a, 0xf3, 0x2a, 0xfb, 0x4a, 0xfb, 0x2a, 0xfb, 0xc4, 0x81, 0x20, 0x08, 0x00, 0x00, 0x00, 0x00,
    0x00, 0x00, 0x63, 0x61, 0x2a, 0xfb, 0x4a, 0xfb, 0x09, 0xeb, 0x63, 0x59, 0x40, 0x08, 0xa4, 0x71,
    0x4a, 0xfb, 0x4a, 0xfb, 0x2a, 0xf3, 0x2a, 0xf3, 0x2a, 0xfb, 0x2a, 0xfb, 0x2a, 0xfb, 0x2a, 0xfb,
    0x2a, 0xfb, 0x2a, 0xfb, 0x09, 0xfb, 0x4a, 0xfb, 0x4a, 0xfb, 0x84, 0x69, 0x00, 0x00, 0x00, 0x00,
    0x00, 0x00, 0xc4, 0x81, 0x4a, 0xfb, 0xc8, 0xda, 0xe9, 0xe2, 0xe9, 0xe2, 0x42, 0x59, 0xe9, 0xea,
    0x2a, 0xfb, 0x2a, 0xf3, 0x2a, 0xfb, 0x2a, 0xf3, 0x2a, 0xf3, 0x2a, 0xfb, 0x2a, 0xfb, 0x2a, 0xfb,
    0x2a, 0xfb, 0xe9, 0xba, 0x0a, 0x9b, 0xc8, 0xda, 0x4b, 0xfb, 0xc8, 0xd2, 0xa1, 0x20, 0x00, 0x00,
    0x00, 0x00, 0x23, 0x51, 0x09, 0xf3, 0x2a, 0xf3, 0xe9, 0xda, 0x47, 0xb2, 0xe5, 0x91, 0x4a, 0xfb,
    0x2a, 0xf3, 0x2a, 0xfb, 0x2a, 0xfb, 0x4a, 0xfb, 0x4a, 0xfb, 0x4a, 0xfb, 0x2a, 0xf3, 0x4a, 0xfb,
    0xa8, 0xe2, 0x68, 0x6a, 0x8d, 0x6b, 0x83, 0x81, 0x6b, 0xfb, 0x09, 0xf3, 0x43, 0x59, 0x00, 0x00,
    0x00, 0x00, 0x60, 0x18, 0xa8, 0xd2, 0x09, 0xeb, 0xc8, 0xda, 0x06, 0xa2, 0x06, 0x9a, 0x6b, 0xfb,
    0x2a, 0xf3, 0x2a, 0xfb, 0x4a, 0xfb, 0xa8, 0xca, 0x67, 0xba, 0xe9, 0xda, 0x4a, 0xfb, 0x0a, 0xf3,
    0x4a, 0xfb, 0xa4, 0x81, 0xc0, 0x40, 0xa8, 0xca, 0x2a, 0xf3, 0x4a, 0xfb, 0xe5, 0x81, 0x00, 0x00,
    0x00, 0x00, 0x02, 0x41, 0xe9, 0xea, 0x2a, 0xfb, 0xe9, 0xe2, 0x46, 0xaa, 0xe5, 0x91, 0x4a, 0xfb,
    0x2a, 0xf3, 0x4a, 0xfb, 0x46, 0xaa, 0x05, 0x9a, 0x87, 0xba, 0xe5, 0x91, 0x47, 0xb2, 0x4a, 0xfb,
    0xd1, 0xfc, 0xb1, 0xfc, 0x2a, 0xf3, 0x4a, 0xfb, 0x26, 0xa2, 0x05, 0x9a, 0x42, 0x51, 0x00, 0x00,
    0x00, 0x00, 0x84, 0x69, 0x4a, 0xfb, 0xe9, 0xda, 0xa8, 0xd2, 0x09, 0xeb, 0x63, 0x61, 0xe9, 0xea,
    0x4a, 0xfb, 0x2a, 0xf3, 0xe5, 0x89, 0x2a, 0xfb, 0xe9, 0xea, 0xe9, 0xe2, 0xe5, 0x91, 0xe9, 0xda,
    0x90, 0xfc, 0x4f, 0xfc, 0x2a, 0xfb, 0x2a, 0xf3, 0x2a, 0xf3, 0xa8, 0xca, 0xc1, 0x30, 0x00, 0x00,
    0x00, 0x00, 0x43, 0x49, 0x2a, 0xf3, 0x4a, 0xfb, 0x4a, 0xfb, 0xa4, 0x79, 0x60, 0x08, 0x84, 0x71,
    0x2a, 0xfb, 0x6b, 0xfb, 0x05, 0x92, 0xa8, 0xca, 0x09, 0xeb, 0xe8, 0xda, 0x26, 0xaa, 0xa8, 0xca,
    0x2a, 0xfb, 0x09, 0xf3, 0x2a, 0xf3, 0x2a, 0xf3, 0x6b, 0xfb, 0xc5, 0x89, 0x40, 0x00, 0x00, 0x00,
    0x00, 0x00, 0x40, 0x08, 0xc4, 0x79, 0x67, 0xb2, 0x43, 0x59, 0x20, 0x00, 0x00, 0x00, 0x40, 0x08,
    0x63, 0x61, 0xc8, 0xd2, 0x2a, 0xf3, 0xe5, 0x89, 0xc8, 0xda, 0x88, 0xca, 0xc5, 0x89, 0x0a, 0xf3,
    0x2a, 0xfb, 0x2a, 0xfb, 0x4a, 0xfb, 0x4a, 0xfb, 0x26, 0xa2, 0x81, 0x18, 0x00, 0x00, 0x00, 0x00,
    0x00, 0x00, 0x00, 0x00, 0x00, 0x00, 0x20, 0x00, 0x00, 0x00, 0x00, 0x00, 0x00, 0x00, 0x00, 0x00,
    0x84, 0x69, 0xe5, 0x91, 0xe5, 0x81, 0x26, 0xa2, 0xe5, 0x89, 0x05, 0x9a, 0x09, 0xeb, 0x4a, 0xfb,
    0x2a, 0xfb, 0x2a, 0xf3, 0xa8, 0xca, 0x83, 0x69, 0x60, 0x10, 0x00, 0x00, 0x00, 0x00, 0x00, 0x00,
    0x00, 0x00, 0x00, 0x00, 0x00, 0x00, 0x00, 0x00, 0x00, 0x00, 0x00, 0x00, 0x00, 0x00, 0x00, 0x00,
    0x26, 0x9a, 0x4a, 0xfb, 0x87, 0xca, 0x05, 0x9a, 0x22, 0x49, 0xe5, 0x89, 0xe5, 0x91, 0xe5, 0x91,
    0xc4, 0x81, 0x02, 0x41, 0x60, 0x10, 0x00, 0x00, 0x00, 0x00, 0x00, 0x00, 0x00, 0x00, 0x00, 0x00,
    0x00, 0x00, 0x00, 0x00, 0x00, 0x00, 0x00, 0x00, 0x00, 0x00, 0x00, 0x00, 0x00, 0x00, 0x00, 0x00,
    0xa1, 0x28, 0x26, 0xa2, 0x67, 0xba, 0x23, 0x51, 0x00, 0x00, 0xc5, 0x89, 0xe9, 0xe2, 0x87, 0xca,
    0x02, 0x49, 0x00, 0x00, 0x00, 0x00, 0x00, 0x00, 0x00, 0x00, 0x00, 0x00, 0x00, 0x00, 0x00, 0x00,
    0x00, 0x00, 0x00, 0x00, 0x00, 0x00, 0x00, 0x00, 0x00, 0x00, 0x00, 0x00, 0x00, 0x00, 0x00, 0x00,
    0x00, 0x00, 0x20, 0x00, 0x20, 0x00, 0x00, 0x00, 0x00, 0x00, 0xc2, 0x30, 0xe5, 0x81, 0x43, 0x51,
    0x00, 0x00, 0x00, 0x00, 0x00, 0x00, 0x00, 0x00, 0x00, 0x00, 0x00, 0x00, 0x00, 0x00, 0x00, 0x00,
    0x00, 0x00, 0x00, 0x00, 0x00, 0x00, 0x00, 0x00, 0x00, 0x00, 0x00, 0x00, 0x00, 0x00, 0x00, 0x00,
    0x00, 0x00, 0x00, 0x00, 0x00, 0x00, 0x00, 0x00, 0x00, 0x00, 0x00, 0x00, 0x00, 0x00, 0x00, 0x00,
    0x00, 0x00, 0x00, 0x00, 0x00, 0x00, 0x00, 0x00, 0x00, 0x00, 0x00, 0x00, 0x00, 0x00, 0x00, 0x00,
    0x00, 0x00, 0x00, 0x00, 0x00, 0x00, 0x00, 0x00, 0x00, 0x00, 0x00, 0x00, 0x00, 0x00, 0x00, 0x00,
    0x00, 0x00, 0x00, 0x00, 0x00, 0x00, 0x00, 0x00, 0x00, 0x00, 0x00, 0x00, 0x00, 0x00, 0x00, 0x00,
    0x00, 0x00, 0x00, 0x00, 0x00, 0x00, 0x00, 0x00, 0x00, 0x00, 0x00, 0x00, 0x00, 0x00, 0x00, 0x00,
    0x00, 0x00, 0x00, 0x00, 0x00, 0x00, 0x00, 0x00, 0x00, 0x00, 0x00, 0x00, 0x00, 0x00, 0x00, 0x00,
    0x00, 0x00, 0x00, 0x00, 0x00, 0x00, 0x00, 0x00, 0x00, 0x00, 0x00, 0x00, 0x00, 0x00, 0x00, 0x00,
    0x00, 0x00, 0x00, 0x00, 0x00, 0x00, 0x00, 0x00, 0x00, 0x00, 0x00, 0x00, 0x00, 0x00, 0x00, 0x00,
    0x00, 0x00, 0x00, 0x00, 0x00, 0x00, 0x00, 0x00, 0x00, 0x00, 0x00, 0x00, 0x00, 0x00, 0x00, 0x00,
    0x00, 0x00, 0x00, 0x00, 0x00, 0x00, 0x00, 0x00, 0x00, 0x00, 0x00, 0x00, 0x00, 0x00, 0x00, 0x00,
    0x00, 0x00, 0x00, 0x00, 0x00, 0x00, 0x00, 0x00, 0x00, 0x00, 0x00, 0x00, 0x00, 0x00, 0x00, 0x00,
    0x00, 0x00, 0x00, 0x00, 0x00, 0x00, 0x00, 0x00, 0x00, 0x00, 0x00, 0x00, 0x00, 0x00, 0x00, 0x00,
    0x00, 0x00, 0x00, 0x00, 0x00, 0x00, 0x00, 0x00, 0x00, 0x00, 0x00, 0x00, 0x00, 0x00, 0x00, 0x00,
    0x00, 0x00, 0x00, 0x2c, 0xcc, 0xf9, 0xb0, 0x11, 0x00, 0x00, 0x00, 0x00, 0x00, 0x00, 0x00, 0x00,
    0x00, 0x00, 0x00, 0x00, 0x00, 0x00, 0x00, 0x00, 0x00, 0x2b, 0x9d, 0xff, 0xff, 0xfb, 0xff, 0xe6,
    0x00, 0x00, 0x00, 0x00, 0x00, 0x00, 0x00, 0x00, 0x00, 0x00, 0x00, 0x00, 0x00, 0x00, 0x00, 0x00,
    0x28, 0xff, 0xff, 0xfd, 0xfd, 0xff, 0xf5, 0xff, 0x68, 0x00, 0x00, 0x00, 0x00, 0x00, 0x00, 0x00,
    0x00, 0x00, 0x00, 0x00, 0x00, 0x00, 0x00, 0x00, 0x64, 0xf9, 0xf1, 0xff, 0xff, 0xff, 0xff, 0xfb,
    0xef, 0x88, 0x2c, 0x00, 0x00, 0x00, 0x00, 0x00, 0x00, 0x00, 0x00, 0x08, 0x00, 0x00, 0x00, 0x00,
    0x35, 0xff, 0xf7, 0xff, 0xff, 0xff, 0xff, 0xff, 0xff, 0xff, 0xff, 0xbe, 0x12, 0x00, 0x00, 0x00,
    0x00, 0x27, 0xeb, 0xfb, 0x88, 0x00, 0x00, 0x14, 0xc7, 0xfb, 0xfd, 0xff, 0xff, 0xff, 0xff, 0xff,
    0xfd, 0xf9, 0xf7, 0xff, 0xf9, 0x15, 0x00, 0x00, 0x00, 0xe0, 0xff, 0xfb, 0xff, 0xc5, 0x1c, 0xed,
    0xff, 0xfd, 0xff, 0xff, 0xff, 0xff, 0xff, 0xff, 0xff, 0xff, 0xff, 0xf9, 0xff, 0xdc, 0x00, 0x00,
    0x00, 0xff, 0xfd, 0xff, 0xf9, 0xff, 0xff, 0xff, 0xfd, 0xff, 0xff, 0xff, 0xff, 0xff, 0xff, 0xff,
    0xff, 0xff, 0xff, 0xff, 0xf7, 0xff, 0x57, 0x00, 0x00, 0xb4, 0xff, 0xfb, 0xff, 0xfd, 0xfb, 0xfd,
    0xff, 0xff, 0xff, 0xff, 0xff, 0xff, 0xff, 0xff, 0xff, 0xff, 0xff, 0xff, 0xfb, 0xfd, 0xc7, 0x00,
    0x00, 0x43, 0xff, 0xf9, 0xff, 0xff, 0xff, 0xff, 0xff, 0xff, 0xff, 0xff, 0xff, 0xff, 0xff, 0xff,
    0xff, 0xff, 0xff, 0xff, 0xff, 0xff, 0xfb, 0x00, 0x00, 0x89, 0xff, 0xfb, 0xff, 0xfd, 0xf9, 0xfd,
    0xff, 0xff, 0xff, 0xff, 0xff, 0xff, 0xff, 0xff, 0xff, 0xff, 0xff, 0xff, 0xfd, 0xfd, 0xd9, 0x00,
    0x00, 0xdc, 0xfd, 0xfd, 0xfb, 0xff, 0xff, 0xff, 0xfd, 0xff, 0xff, 0xff, 0xff, 0xff, 0xff, 0xff,
    0xff, 0xff, 0xff, 0xff, 0xf9, 0xff, 0x7c, 0x00, 0x00, 0xb5, 0xff, 0xf5, 0xff, 0xef, 0x35, 0xe6,
    0xff, 0xfd, 0xff, 0xff, 0xff, 0xff, 0xff, 0xff, 0xff, 0xff, 0xff, 0xfb, 0xf9, 0xf9, 0x0c, 0x00,
    0x00, 0x19, 0xed, 0xff, 0xb9, 0x12, 0x00, 0x10, 0xde, 0xfb, 0xfd, 0xff, 0xfd, 0xff, 0xff, 0xff,
    0xff, 0xfb, 0xf7, 0xff, 0xff, 0x35, 0x00, 0x00, 0x00, 0x00, 0x00, 0x11, 0x00, 0x00, 0x00, 0x00,
    0xd5, 0xff, 0xfd, 0xfb, 0xff, 0xff, 0xff, 0xff, 0xfd, 0xff, 0xff, 0xda, 0x27, 0x00, 0x00, 0x00,
    0x00, 0x00, 0x00, 0x00, 0x00, 0x00, 0x00, 0x00, 0xff, 0xff, 0xfb, 0xff, 0xde, 0xf5, 0xff, 0xfb,
    0xff, 0x9a, 0x35, 0x00, 0x00, 0x00, 0x00, 0x00, 0x00, 0x00, 0x00, 0x00, 0x00, 0x00, 0x00, 0x00,
    0x5d, 0xff, 0xff, 0x8e, 0x0d, 0xff, 0xff, 0xff, 0xaf, 0x00, 0x00, 0x00, 0x00, 0x00, 0x00, 0x00,
    0x00, 0x00, 0x00, 0x00, 0x00, 0x00, 0x00, 0x00, 0x00, 0x12, 0x17, 0x00, 0x00, 0x58, 0xf3, 0xab,
    0x00, 0x00, 0x00, 0x00, 0x00, 0x00, 0x00, 0x00, 0x00, 0x00, 0x00, 0x00, 0x00, 0x00, 0x00, 0x00,
    0x00, 0x00, 0x00, 0x00, 0x00, 0x00, 0x00, 0x00, 0x00, 0x00, 0x00, 0x00, 0x00, 0x00, 0x00, 0x00,
    0x00, 0x00, 0x00, 0x00, 0x00, 0x00, 0x00, 0x00, 0x00, 0x00, 0x00, 0x00, 0x00, 0x00, 0x00, 0x00,
    0x00, 0x00, 0x00, 0x00, 0x00, 0x00, 0x00, 0x00, 0x00, 0x00, 0x00, 0x00, 0x00, 0x00, 0x00, 0x00,
    0x00, 0x00, 0x00, 0x00, 0x00, 0x00, 0x00, 0x00, 0x00, 0x00, 0x00, 0x00, 0x00, 0x00, 0x00, 0x00,
};

static const LV_ATTRIBUTE_MEM_ALIGN uint8_t app_tama_ico_14_heart_map[] = {
    0x00, 0x00, 0x00, 0x00, 0x00, 0x00, 0x00, 0x00, 0x00, 0x00, 0x00, 0x00, 0x00, 0x00, 0x00, 0x00,
    0x00, 0x00, 0x00, 0x00, 0x00, 0x00, 0x00, 0x00, 0x00, 0x00, 0x00, 0x00, 0x00, 0x00, 0x00, 0x00,
    0x00, 0x00, 0x00, 0x00, 0x00, 0x00, 0x00, 0x00, 0x00, 0x00, 0x00, 0x00, 0x00, 0x00, 0x00, 0x00,
    0x00, 0x00, 0x00, 0x00, 0x00, 0x00, 0x00, 0x00, 0x00, 0x00, 0x00, 0x00, 0x00, 0x00, 0x00, 0x00,
    0x00, 0x00, 0x00, 0x00, 0x00, 0x00, 0x00, 0x00, 0x00, 0x00, 0x00, 0x00, 0x00, 0x00, 0x00, 0x00,
    0x00, 0x00, 0x00, 0x00, 0x00, 0x00, 0x00, 0x00, 0x00, 0x00, 0x00, 0x00, 0x00, 0x00, 0x00, 0x00,
    0x00, 0x00, 0x00, 0x00, 0x00, 0x00, 0x00, 0x00, 0x81, 0x18, 0xa0, 0x20, 0x01, 0x39, 0x42, 0x41,
    0xc0, 0x30, 0x80, 0x18, 0x00, 0x00, 0x00, 0x00, 0x00, 0x00, 0x00, 0x00, 0x60, 0x18, 0xc0, 0x28,
    0x22, 0x41, 0x21, 0x41, 0xa0, 0x28, 0x80, 0x18, 0x00, 0x00, 0x00, 0x00, 0x00, 0x00, 0x00, 0x00,
    0x00, 0x00, 0x00, 0x00, 0x00, 0x00, 0xa0, 0x20, 0x63, 0x59, 0x8a, 0xaa, 0x2e, 0xd3, 0x4f, 0xdb,
    0xec, 0xba, 0xe6, 0x79, 0xc0, 0x30, 0x00, 0x00, 0x00, 0x00, 0xc0, 0x30, 0xc6, 0x79, 0xec, 0xba,
    0x4f, 0xdb, 0x4e, 0xd3, 0x8a, 0xaa, 0x63, 0x59, 0x80, 0x20, 0x00, 0x00, 0x00, 0x00, 0x00, 0x00,
    0x00, 0x00, 0x00, 0x00, 0x80, 0x20, 0xc5, 0x71, 0xb1, 0xeb, 0x13, 0xfc, 0xf2, 0xfb, 0xf3, 0xfb,
    0x13, 0xfc, 0x13, 0xfc, 0x8a, 0xaa, 0xc0, 0x30, 0xc0, 0x30, 0x8a, 0xaa, 0x13, 0xfc, 0x13, 0xfc,
    0x13, 0xfc, 0x13, 0xfc, 0x13, 0xfc, 0xb1, 0xeb, 0xc5, 0x71, 0x80, 0x20, 0x00, 0x00, 0x00, 0x00,
    0x00, 0x00, 0x40, 0x10, 0x42, 0x51, 0xb1, 0xeb, 0xf3, 0xfb, 0xd2, 0xfb, 0xd2, 0xfb, 0xd2, 0xfb,
    0xd2, 0xfb, 0xd2, 0xfb, 0x34, 0xfc, 0x07, 0x8a, 0x07, 0x82, 0x13, 0xfc, 0xd2, 0xfb, 0xd2, 0xfb,
    0xf2, 0xfb, 0xd2, 0xfb, 0xd1, 0xf3, 0xf3, 0xfb, 0xb1, 0xeb, 0x42, 0x51, 0x60, 0x10, 0x00, 0x00,
    0x00, 0x00, 0x80, 0x20, 0x8a, 0xa2, 0x13, 0xfc, 0xd1, 0xfb, 0xd2, 0xfb, 0xd2, 0xfb, 0xd2, 0xfb,
    0xd2, 0xfb, 0xd2, 0xfb, 0xd2, 0xfb, 0xd2, 0xfb, 0xd2, 0xfb, 0xd2, 0xfb, 0xd2, 0xfb, 0xd2, 0xfb,
    0xd2, 0xfb, 0xd2, 0xfb, 0xf2, 0xfb, 0xd1, 0xfb, 0x13, 0xfc, 0x69, 0xa2, 0xa0, 0x20, 0x00, 0x00,
    0x00, 0x00, 0x01, 0x39, 0x2e, 0xd3, 0xf2, 0xfb, 0xd2, 0xfb, 0xd2, 0xfb, 0xd2, 0xfb, 0xd2, 0xfb,
    0xd2, 0xfb, 0xd2, 0xfb, 0xd2, 0xfb, 0xd2, 0xfb, 0xd2, 0xfb, 0xd2, 0xfb, 0xd2, 0xfb, 0xd2, 0xfb,
    0xd2, 0xfb, 0xd2, 0xfb, 0xf2, 0xfb, 0xd2, 0xfb, 0xf3, 0xfb, 0x2e, 0xd3, 0xe1, 0x38, 0x00, 0x00,
    0x00, 0x00, 0x22, 0x49, 0x6f, 0xe3, 0xf2, 0xfb, 0xd2, 0xfb, 0xd2, 0xfb, 0xd2, 0xfb, 0xd2, 0xfb,
    0xd2, 0xfb, 0xd2, 0xfb, 0xd2, 0xfb, 0xd2, 0xfb, 0xd2, 0xfb, 0xd2, 0xfb, 0xd2, 0xfb, 0xd2, 0xfb,
    0xd2, 0xfb, 0xd2, 0xfb, 0xd2, 0xfb, 0xd2, 0xfb, 0x13, 0xfc, 0x6f, 0xdb, 0x42, 0x49, 0x00, 0x00,
    0x00, 0x00, 0x01, 0x41, 0x4f, 0xdb, 0xf3, 0xfb, 0xd2, 0xfb, 0xd2, 0xfb, 0xd2, 0xfb, 0xd2, 0xfb,
    0xd2, 0xfb, 0xd2, 0xfb, 0xd2, 0xfb, 0xd2, 0xfb, 0xd2, 0xfb, 0xd2, 0xfb, 0xd2, 0xfb, 0xd2, 0xfb,
    0xd2, 0xfb, 0xd2, 0xfb, 0xd2, 0xfb, 0xd2, 0xfb, 0xf2, 0xfb, 0x4f, 0xdb, 0x01, 0x41, 0x00, 0x00,
    0x00, 0x00, 0xc0, 0x28, 0xed, 0xc2, 0x13, 0xfc, 0xd2, 0xfb, 0xf2, 0xfb, 0xd2, 0xfb, 0xd2, 0xfb,
    0xd2, 0xfb, 0xd2, 0xfb, 0xd2, 0xfb, 0xd2, 0xfb, 0xd2, 0xfb, 0xd2, 0xfb, 0xd2, 0xfb, 0xd2, 0xfb,
    0xd2, 0xfb, 0xd2, 0xfb, 0xd2, 0xfb, 0xd2, 0xfb, 0x13, 0xfc, 0xec, 0xba, 0xa0, 0x28, 0x00, 0x00,
    0x00, 0x00, 0x60, 0x18, 0x07, 0x8a, 0x13, 0xfc, 0xd2, 0xfb, 0xf2, 0xfb, 0xf2, 0xfb, 0xd2, 0xfb,
    0xd2, 0xfb, 0xd2, 0xfb, 0xd2, 0xfb, 0xd2, 0xfb, 0xd2, 0xfb, 0xd2, 0xfb, 0xd2, 0xfb, 0xd2, 0xfb,
    0xd2, 0xfb, 0xd2, 0xfb, 0xd2, 0xfb, 0xd2, 0xfb, 0x13, 0xfc, 0x07, 0x82, 0x80, 0x18, 0x00, 0x00,
    0x00, 0x00, 0x00, 0x00, 0x21, 0x41, 0x70, 0xe3, 0xf2, 0xfb, 0xd2, 0xfb, 0xf2, 0xfb, 0xd2, 0xfb,
    0xd2, 0xfb, 0xd2, 0xfb, 0xd2, 0xfb, 0xd2, 0xfb, 0xd2, 0xfb, 0xd2, 0xfb, 0xd2, 0xfb, 0xd2, 0xfb,
    0xd2, 0xfb, 0xd2, 0xfb, 0xd2, 0xfb, 0xf2, 0xfb, 0x6f, 0xe3, 0x01, 0x41, 0x00, 0x00, 0x00, 0x00,
    0x00, 0x00, 0x00, 0x00, 0x80, 0x18, 0xe6, 0x81, 0x13, 0xfc, 0xd2, 0xfb, 0xd2, 0xfb, 0xf2, 0xfb,
    0xd2, 0xfb, 0xd2, 0xfb, 0xd2, 0xfb, 0xd2, 0xfb, 0xd2, 0xfb, 0xd2, 0xfb, 0xd2, 0xfb, 0xd2, 0xfb,
    0xd2, 0xfb, 0xd2, 0xfb, 0xd2, 0xfb, 0xf3, 0xfb, 0xe6, 0x79, 0x60, 0x18, 0x00, 0x00, 0x00, 0x00,
    0x00, 0x00, 0x00, 0x00, 0x00, 0x00, 0xc0, 0x28, 0x8a, 0xaa, 0x13, 0xfc, 0xd2, 0xfb, 0xd2, 0xfb,
    0xd2, 0xfb, 0xd2, 0xfb, 0xd2, 0xfb, 0xd2, 0xfb, 0xd2, 0xfb, 0xd2, 0xfb, 0xd2, 0xfb, 0xd2, 0xfb,
    0xd2, 0xfb, 0xd1, 0xfb, 0x13, 0xfc, 0x8a, 0xa2, 0xa0, 0x28, 0x00, 0x00, 0x00, 0x00, 0x00, 0x00,
    0x00, 0x00, 0x00, 0x00, 0x00, 0x00, 0x00, 0x00, 0xe1, 0x38, 0xec, 0xba, 0x13, 0xfc, 0xd2, 0xfb,
    0xd2, 0xfb, 0xd2, 0xfb, 0xd2, 0xfb, 0xd2, 0xfb, 0xd2, 0xfb, 0xd2, 0xfb, 0xd2, 0xfb, 0xd2, 0xfb,
    0xd1, 0xfb, 0x13, 0xfc, 0xec, 0xba, 0xc0, 0x30, 0x00, 0x00, 0x00, 0x00, 0x00, 0x00, 0x00, 0x00,
    0x00, 0x00, 0x00, 0x00, 0x00, 0x00, 0x00, 0x00, 0x40, 0x10, 0xe1, 0x38, 0xec, 0xba, 0x13, 0xfc,
    0xd2, 0xfb, 0xd2, 0xfb, 0xd2, 0xfb, 0xd2, 0xfb, 0xd2, 0xfb, 0xf2, 0xfb, 0xd2, 0xfb, 0xd2, 0xfb,
    0x13, 0xfc, 0xec, 0xba, 0x01, 0x41, 0x61, 0x10, 0x00, 0x00, 0x00, 0x00, 0x00, 0x00, 0x00, 0x00,
    0x00, 0x00, 0x00, 0x00, 0x00, 0x00, 0x00, 0x00, 0x00, 0x00, 0x61, 0x10, 0xe1, 0x38, 0xab, 0xaa,
    0x13, 0xfc, 0xd2, 0xfb, 0xd2, 0xfb, 0xf2, 0xfb, 0xf2, 0xfb, 0xd2, 0xfb, 0xd2, 0xfb, 0x13, 0xfc,
    0xab, 0xb2, 0xe0, 0x38, 0x81, 0x10, 0x00, 0x00, 0x00, 0x00, 0x00, 0x00, 0x00, 0x00, 0x00, 0x00,
    0x00, 0x00, 0x00, 0x00, 0x00, 0x00, 0x00, 0x00, 0x00, 0x00, 0x00, 0x00, 0x40, 0x10, 0xc0, 0x30,
    0x48, 0x92, 0xf2, 0xfb, 0xf2, 0xfb, 0xd2, 0xfb, 0xd2, 0xfb, 0xf2, 0xfb, 0x13, 0xfc, 0x49, 0x9a,
    0xc0, 0x30, 0x40, 0x08, 0x00, 0x00, 0x00, 0x00, 0x00, 0x00, 0x00, 0x00, 0x00, 0x00, 0x00, 0x00,
    0x00, 0x00, 0x00, 0x00, 0x00, 0x00, 0x00, 0x00, 0x00, 0x00, 0x00, 0x00, 0x00, 0x00, 0x00, 0x00,
    0xc0, 0x28, 0xc5, 0x79, 0xb1, 0xeb, 0x13, 0xfc, 0x13, 0xfc, 0xb1, 0xeb, 0xe6, 0x79, 0xa0, 0x28,
    0x00, 0x00, 0x00, 0x00, 0x00, 0x00, 0x00, 0x00, 0x00, 0x00, 0x00, 0x00, 0x00, 0x00, 0x00, 0x00,
    0x00, 0x00, 0x00, 0x00, 0x00, 0x00, 0x00, 0x00, 0x00, 0x00, 0x00, 0x00, 0x00, 0x00, 0x00, 0x00,
    0x00, 0x00, 0x80, 0x20, 0x43, 0x51, 0x0d, 0xc3, 0x0d, 0xcb, 0x43, 0x59, 0x80, 0x18, 0x00, 0x00,
    0x00, 0x00, 0x00, 0x00, 0x00, 0x00, 0x00, 0x00, 0x00, 0x00, 0x00, 0x00, 0x00, 0x00, 0x00, 0x00,
    0x00, 0x00, 0x00, 0x00, 0x00, 0x00, 0x00, 0x00, 0x00, 0x00, 0x00, 0x00, 0x00, 0x00, 0x00, 0x00,
    0x00, 0x00, 0x00, 0x00, 0x60, 0x10, 0xe0, 0x38, 0x01, 0x39, 0x60, 0x10, 0x00, 0x00, 0x00, 0x00,
    0x00, 0x00, 0x00, 0x00, 0x00, 0x00, 0x00, 0x00, 0x00, 0x00, 0x00, 0x00, 0x00, 0x00, 0x00, 0x00,
    0x00, 0x00, 0x00, 0x00, 0x00, 0x00, 0x00, 0x00, 0x00, 0x00, 0x00, 0x00, 0x00, 0x00, 0x00, 0x00,
    0x00, 0x00, 0x00, 0x00, 0x00, 0x00, 0x00, 0x00, 0x00, 0x00, 0x00, 0x00, 0x00, 0x00, 0x00, 0x00,
    0x00, 0x00, 0x00, 0x00, 0x00, 0x00, 0x00, 0x00, 0x00, 0x00, 0x00, 0x00, 0x00, 0x00, 0x00, 0x00,
    0x00, 0x00, 0x00, 0x00, 0x00, 0x00, 0x00, 0x00, 0x00, 0x00, 0x00, 0x00, 0x00, 0x00, 0x00, 0x00,
    0x00, 0x00, 0x00, 0x00, 0x00, 0x00, 0x00, 0x00, 0x00, 0x00, 0x00, 0x00, 0x00, 0x00, 0x00, 0x00,
    0x00, 0x00, 0x00, 0x00, 0x00, 0x00, 0x00, 0x00, 0x00, 0x00, 0x00, 0x00, 0x00, 0x00, 0x00, 0x00,
    0x00, 0x00, 0x00, 0x00, 0x00, 0x00, 0x00, 0x00, 0x00, 0x00, 0x00, 0x00, 0x00, 0x00, 0x00, 0x00,
    0x00, 0x00, 0x00, 0x00, 0x00, 0x00, 0x00, 0x00, 0x00, 0x00, 0x00, 0x00, 0x00, 0x00, 0x00, 0x00,
    0x00, 0x00, 0x00, 0x00, 0x00, 0x00, 0x00, 0x00, 0x00, 0x00, 0x00, 0x00, 0x00, 0x00, 0x00, 0x00,
    0x00, 0x00, 0x00, 0x00, 0x1f, 0x89, 0xd9, 0xed, 0xb7, 0x45, 0x00, 0x00, 0x00, 0x00, 0x3d, 0xab,
    0xe9, 0xe0, 0x8c, 0x1f, 0x00, 0x00, 0x00, 0x00, 0x00, 0x00, 0x00, 0x63, 0xff, 0xff, 0xff, 0xff,
    0xff, 0xff, 0xb2, 0x00, 0x00, 0xab, 0xff, 0xff, 0xff, 0xff, 0xff, 0xff, 0x63, 0x00, 0x00, 0x00,
    0x00, 0x00, 0x5b, 0xff, 0xf7, 0xfb, 0xfd, 0xff, 0xfd, 0xf7, 0xff, 0xc7, 0xc5, 0xff, 0xf7, 0xfd,
    0xff, 0xff, 0xfb, 0xf7, 0xff, 0x5b, 0x00, 0x00, 0x00, 0x12, 0xff, 0xf7, 0xff, 0xff, 0xff, 0xff,
    0xff, 0xff, 0xfb, 0xff, 0xff, 0xfb, 0xff, 0xff, 0xff, 0xff, 0xff, 0xff, 0xf7, 0xff, 0x12, 0x00,
    0x00, 0x7e, 0xfd, 0xf9, 0xff, 0xff, 0xff, 0xff, 0xff, 0xff, 0xff, 0xfb, 0xfb, 0xff, 0xff, 0xff,
    0xff, 0xff, 0xff, 0xff, 0xf9, 0xfd, 0x7c, 0x00, 0x00, 0xdc, 0xff, 0xfd, 0xff, 0xff, 0xff, 0xff,
    0xff, 0xff, 0xff, 0xff, 0xff, 0xff, 0xff, 0xff, 0xff, 0xff, 0xff, 0xff, 0xfd, 0xff, 0xce, 0x00,
    0x00, 0xff, 0xff, 0xff, 0xff, 0xff, 0xff, 0xff, 0xff, 0xff, 0xff, 0xff, 0xff, 0xff, 0xff, 0xff,
    0xff, 0xff, 0xff, 0xff, 0xff, 0xff, 0xf9, 0x00, 0x00, 0xf3, 0xff, 0xff, 0xff, 0xff, 0xff, 0xff,
    0xff, 0xff, 0xff, 0xff, 0xff, 0xff, 0xff, 0xff, 0xff, 0xff, 0xff, 0xff, 0xfd, 0xff, 0xe4, 0x00,
    0x00, 0xb4, 0xfd, 0xfb, 0xff, 0xff, 0xff, 0xff, 0xff, 0xff, 0xff, 0xff, 0xff, 0xff, 0xff, 0xff,
    0xff, 0xff, 0xff, 0xff, 0xfb, 0xfd, 0xa3, 0x00, 0x00, 0x4e, 0xff, 0xf9, 0xff, 0xff, 0xff, 0xff,
    0xff, 0xff, 0xff, 0xff, 0xff, 0xff, 0xff, 0xff, 0xff, 0xff, 0xff, 0xff, 0xf9, 0xff, 0x41, 0x00,
    0x00, 0x00, 0xef, 0xfb, 0xfd, 0xff, 0xff, 0xff, 0xff, 0xff, 0xff, 0xff, 0xff, 0xff, 0xff, 0xff,
    0xff, 0xff, 0xff, 0xfd, 0xfb, 0xe2, 0x00, 0x00, 0x00, 0x00, 0x4d, 0xff, 0xf7, 0xff, 0xff, 0xff,
    0xff, 0xff, 0xff, 0xff, 0xff, 0xff, 0xff, 0xff, 0xff, 0xff, 0xff, 0xf5, 0xff, 0x3c, 0x00, 0x00,
    0x00, 0x00, 0x00, 0xb7, 0xff, 0xf9, 0xff, 0xff, 0xff, 0xff, 0xff, 0xff, 0xff, 0xff, 0xff, 0xff,
    0xff, 0xff, 0xf9, 0xff, 0xa5, 0x00, 0x00, 0x00, 0x00, 0x00, 0x00, 0x00, 0xe8, 0xff, 0xfb, 0xff,
    0xff, 0xff, 0xff, 0xff, 0xff, 0xff, 0xff, 0xff, 0xff, 0xf9, 0xff, 0xd3, 0x00, 0x00, 0x00, 0x00,
    0x00, 0x00, 0x00, 0x00, 0x11, 0xed, 0xff, 0xf9, 0xff, 0xff, 0xff, 0xff, 0xff, 0xff, 0xff, 0xff,
    0xf9, 0xff, 0xed, 0x0e, 0x00, 0x00, 0x00, 0x00, 0x00, 0x00, 0x00, 0x00, 0x00, 0x12, 0xe4, 0xff,
    0xf7, 0xff, 0xff, 0xff, 0xff, 0xff, 0xff, 0xf7, 0xff, 0xde, 0x12, 0x00, 0x00, 0x00, 0x00, 0x00,
    0x00, 0x00, 0x00, 0x00, 0x00, 0x00, 0x0a, 0xc8, 0xff, 0xf7, 0xff, 0xff, 0xff, 0xff, 0xf7, 0xff,
    0xc8, 0x0a, 0x00, 0x00, 0x00, 0x00, 0x00, 0x00, 0x00, 0x00, 0x00, 0x00, 0x00, 0x00, 0x00, 0x00,
    0x9a, 0xff, 0xfb, 0xfd, 0xfd, 0xfb, 0xff, 0x9a, 0x00, 0x00, 0x00, 0x00, 0x00, 0x00, 0x00, 0x00,
    0x00, 0x00, 0x00, 0x00, 0x00, 0x00, 0x00, 0x00, 0x00, 0x55, 0xff, 0xff, 0xff, 0xff, 0x55, 0x00,
    0x00, 0x00, 0x00, 0x00, 0x00, 0x00, 0x00, 0x00, 0x00, 0x00, 0x00, 0x00, 0x00, 0x00, 0x00, 0x00,
    0x00, 0x00, 0x21, 0xd5, 0xdc, 0x24, 0x00, 0x00, 0x00, 0x00, 0x00, 0x00, 0x00, 0x00, 0x00, 0x00,
    0x00, 0x00, 0x00, 0x00, 0x00, 0x00, 0x00, 0x00, 0x00, 0x00, 0x00, 0x00, 0x00, 0x00, 0x00, 0x00,
    0x00, 0x00, 0x00, 0x00, 0x00, 0x00, 0x00, 0x00, 0x00, 0x00, 0x00, 0x00, 0x00, 0x00, 0x00, 0x00,
    0x00, 0x00, 0x00, 0x00, 0x00, 0x00, 0x00, 0x00, 0x00, 0x00, 0x00, 0x00, 0x00, 0x00, 0x00, 0x00,
};

static const LV_ATTRIBUTE_MEM_ALIGN uint8_t app_tama_ico_15_lamp_map[] = {
    0x00, 0x00, 0x00, 0x00, 0x00, 0x00, 0x00, 0x00, 0x00, 0x00, 0x00, 0x00, 0x00, 0x00, 0x00, 0x00,
    0x00, 0x00, 0x00, 0x00, 0x00, 0x00, 0x00, 0x00, 0x00, 0x00, 0x00, 0x00, 0x00, 0x00, 0x00, 0x00,
    0x00, 0x00, 0x00, 0x00, 0x00, 0x00, 0x00, 0x00, 0x00, 0x00, 0x00, 0x00, 0x00, 0x00, 0x00, 0x00,
    0x00, 0x00, 0x00, 0x00, 0x00, 0x00, 0x00, 0x00, 0x00, 0x00, 0x00, 0x00, 0x00, 0x00, 0x00, 0x00,
    0x00, 0x00, 0x00, 0x00, 0x02, 0x08, 0x82, 0x20, 0xe4, 0x28, 0xa5, 0x08, 0x00, 0x00, 0x00, 0x00,
    0x00, 0x00, 0x00, 0x00, 0x00, 0x00, 0x00, 0x00, 0x00, 0x00, 0x00, 0x00, 0x00, 0x00, 0x00, 0x00,
    0x00, 0x00, 0x00, 0x00, 0x00, 0x00, 0x00, 0x00, 0x00, 0x00, 0x00, 0x00, 0x00, 0x00, 0x00, 0x00,
    0xa8, 0x41, 0x47, 0x6a, 0xaa, 0xa3, 0x0b, 0xb4, 0xaa, 0xab, 0xa7, 0x8a, 0xe6, 0x59, 0x00, 0x00,
    0x00, 0x00, 0x00, 0x00, 0x00, 0x00, 0x00, 0x00, 0x00, 0x00, 0x00, 0x00, 0x00, 0x00, 0x00, 0x00,
    0x00, 0x00, 0x00, 0x00, 0x00, 0x00, 0x00, 0x00, 0x00, 0x00, 0x00, 0x00, 0x00, 0x00, 0x00, 0x00,
    0x00, 0x00, 0xa7, 0x7a, 0x6c, 0xcc, 0xea, 0xb3, 0xca, 0xb3, 0x48, 0xab, 0xe6, 0x59, 0x00, 0x00,
    0x00, 0x00, 0x00, 0x00, 0x00, 0x00, 0x00, 0x00, 0x00, 0x00, 0x00, 0x00, 0x00, 0x00, 0x00, 0x00,
    0x00, 0x00, 0x00, 0x00, 0x00, 0x00, 0x00, 0x00, 0x00, 0x00, 0x00, 0x00, 0x00, 0x00, 0x00, 0x00,
    0x00, 0x00, 0x04, 0x39, 0x05, 0x62, 0x28, 0x93, 0x86, 0x82, 0x85, 0x51, 0x8a, 0x5a, 0x00, 0x00,
    0x00, 0x00, 0x00, 0x00, 0x00, 0x00, 0x00, 0x00, 0x00, 0x00, 0x00, 0x00, 0x00, 0x00, 0x00, 0x00,
    0x00, 0x00, 0x00, 0x00, 0x00, 0x00, 0x00, 0x00, 0x00, 0x00, 0x00, 0x00, 0x00, 0x00, 0x00, 0x00,
    0x00, 0x00, 0x00, 0x00, 0x27, 0x62, 0xe5, 0x69, 0x26, 0x6a, 0x4b, 0x7b, 0x00, 0x00, 0x00, 0x00,
    0x00, 0x00, 0x00, 0x00, 0x00, 0x00, 0x00, 0x00, 0x00, 0x00, 0x00, 0x00, 0x00, 0x00, 0x00, 0x00,
    0x00, 0x00, 0x00, 0x00, 0x00, 0x00, 0x00, 0x00, 0x00, 0x00, 0x00, 0x00, 0x00, 0x00, 0x00, 0x00,
    0x00, 0x00, 0x00, 0x00, 0x00, 0x00, 0xa7, 0x7a, 0xc8, 0x82, 0x00, 0x00, 0x00, 0x00, 0x00, 0x00,
    0x00, 0x00, 0x00, 0x00, 0x00, 0x00, 0x00, 0x00, 0x00, 0x00, 0x00, 0x00, 0x00, 0x00, 0x00, 0x00,
    0x00, 0x00, 0x00, 0x00, 0x00, 0x00, 0x00, 0x00, 0x00, 0x00, 0x00, 0x00, 0x00, 0x00, 0x00, 0x00,
    0x00, 0x00, 0x00, 0x00, 0x00, 0x00, 0xc7, 0x82, 0xe9, 0x82, 0x00, 0x00, 0x00, 0x00, 0x00, 0x00,
    0x00, 0x00, 0x00, 0x00, 0x00, 0x00, 0x00, 0x00, 0x00, 0x00, 0x00, 0x00, 0x00, 0x00, 0x00, 0x00,
    0x00, 0x00, 0x00, 0x00, 0x00, 0x00, 0x00, 0x00, 0x00, 0x00, 0x00, 0x00, 0x00, 0x00, 0x00, 0x00,
    0x00, 0x00, 0xe7, 0x49, 0x04, 0x39, 0xe5, 0x61, 0xe5, 0x59, 0x45, 0x39, 0x00, 0x00, 0x00, 0x00,
    0x00, 0x00, 0x00, 0x00, 0x00, 0x00, 0x00, 0x00, 0x00, 0x00, 0x00, 0x00, 0x00, 0x00, 0x00, 0x00,
    0x00, 0x00, 0x00, 0x00, 0x00, 0x00, 0x00, 0x00, 0x00, 0x00, 0x00, 0x00, 0x00, 0x00, 0x00, 0x00,
    0x00, 0x00, 0x87, 0x72, 0xcd, 0xcc, 0x8c, 0xcc, 0x6b, 0xcc, 0x28, 0xa3, 0xc5, 0x59, 0x00, 0x00,
    0x00, 0x00, 0x00, 0x00, 0x00, 0x00, 0x00, 0x00, 0x00, 0x00, 0x00, 0x00, 0x00, 0x00, 0x00, 0x00,
    0x00, 0x00, 0x00, 0x00, 0x00, 0x00, 0x00, 0x00, 0x00, 0x00, 0x00, 0x00, 0x00, 0x00, 0x00, 0x00,
    0x01, 0x00, 0x49, 0x93, 0x90, 0xe5, 0x6b, 0xcc, 0x8c, 0xcc, 0xc9, 0xbb, 0xe5, 0x61, 0x00, 0x00,
    0x00, 0x00, 0x00, 0x00, 0x00, 0x00, 0x00, 0x00, 0x00, 0x00, 0x00, 0x00, 0x00, 0x00, 0x00, 0x00,
    0x00, 0x00, 0x00, 0x00, 0x00, 0x00, 0x00, 0x00, 0x00, 0x00, 0x00, 0x00, 0x00, 0x00, 0x03, 0x41,
    0x66, 0x72, 0x69, 0x93, 0xa9, 0x9b, 0xca, 0xa3, 0xca, 0xa3, 0x88, 0x9b, 0xa5, 0x82, 0x05, 0x62,
    0x26, 0x31, 0x00, 0x00, 0x00, 0x00, 0x00, 0x00, 0x00, 0x00, 0x00, 0x00, 0x00, 0x00, 0x00, 0x00,
    0x00, 0x00, 0x00, 0x00, 0x00, 0x00, 0x00, 0x00, 0x00, 0x00, 0x03, 0x08, 0x05, 0x62, 0x4f, 0xcd,
    0x36, 0xff, 0xb1, 0xfe, 0xb1, 0xfe, 0xb1, 0xfe, 0xb1, 0xfe, 0xb1, 0xfe, 0x2e, 0xfe, 0x0a, 0xe5,
    0x47, 0x9b, 0x64, 0x41, 0x00, 0x00, 0x00, 0x00, 0x00, 0x00, 0x00, 0x00, 0x00, 0x00, 0x00, 0x00,
    0x00, 0x00, 0x00, 0x00, 0x00, 0x00, 0x00, 0x00, 0x00, 0x00, 0x05, 0x62, 0x53, 0xee, 0xfc, 0xff,
    0xd5, 0xf6, 0x30, 0xf6, 0x50, 0xf6, 0x50, 0xf6, 0x50, 0xf6, 0x50, 0xf6, 0x71, 0xf6, 0x0e, 0xf6,
    0x8a, 0xf5, 0xc8, 0xb3, 0x44, 0x41, 0x00, 0x00, 0x00, 0x00, 0x00, 0x00, 0x00, 0x00, 0x00, 0x00,
    0x00, 0x00, 0x00, 0x00, 0x00, 0x00, 0x00, 0x00, 0x44, 0x41, 0x0c, 0xcd, 0xdb, 0xff, 0xb4, 0xf6,
    0x2f, 0xf6, 0x50, 0xf6, 0x50, 0xf6, 0x50, 0xf6, 0x50, 0xf6, 0x50, 0xf6, 0x50, 0xf6, 0x50, 0xf6,
    0x6c, 0xed, 0x6a, 0xf5, 0xe6, 0x8a, 0x64, 0x18, 0x00, 0x00, 0x00, 0x00, 0x00, 0x00, 0x00, 0x00,
    0x00, 0x00, 0x00, 0x00, 0x00, 0x00, 0x00, 0x00, 0xe8, 0x82, 0x14, 0xff, 0xb2, 0xf6, 0x70, 0xf6,
    0x91, 0xf6, 0x70, 0xf6, 0x70, 0xf6, 0x70, 0xf6, 0x70, 0xf6, 0x70, 0xf6, 0x90, 0xf6, 0x91, 0xfe,
    0x2f, 0xf6, 0x6a, 0xed, 0xea, 0xdc, 0xa5, 0x51, 0x00, 0x00, 0x00, 0x00, 0x00, 0x00, 0x00, 0x00,
    0x00, 0x00, 0x00, 0x00, 0x00, 0x00, 0xc3, 0x30, 0xac, 0xc4, 0xd4, 0xfe, 0x90, 0xf5, 0x0e, 0xf5,
    0xce, 0xf4, 0xad, 0xf4, 0x8d, 0xf4, 0x8d, 0xec, 0x8d, 0xec, 0xad, 0xf4, 0xce, 0xf4, 0x0e, 0xf5,
    0x4e, 0xf5, 0xaa, 0xe4, 0x4a, 0xf5, 0xc6, 0x82, 0x00, 0x00, 0x00, 0x00, 0x00, 0x00, 0x00, 0x00,
    0x00, 0x00, 0x00, 0x00, 0x00, 0x00, 0xa5, 0x51, 0x0c, 0xe4, 0x0c, 0xfc, 0xec, 0xf3, 0x0d, 0xfc,
    0x0d, 0xfc, 0x0d, 0xfc, 0x0d, 0xfc, 0x0d, 0xfc, 0x0d, 0xfc, 0x0d, 0xfc, 0x0d, 0xfc, 0x0d, 0xfc,
    0x0d, 0xfc, 0x4a, 0xdb, 0x69, 0xe3, 0xc7, 0xa2, 0x86, 0x31, 0x00, 0x00, 0x00, 0x00, 0x00, 0x00,
    0x00, 0x00, 0x00, 0x00, 0x00, 0x00, 0xe6, 0x69, 0xec, 0xf3, 0xab, 0xe3, 0x4a, 0xd3, 0x09, 0xc3,
    0x09, 0xbb, 0xe9, 0xb2, 0xc8, 0xaa, 0xc8, 0xaa, 0xc8, 0xaa, 0xc8, 0xaa, 0x29, 0xbb, 0x29, 0xc3,
    0x4a, 0xd3, 0x09, 0xcb, 0x09, 0xdb, 0xa8, 0xba, 0x44, 0x41, 0x00, 0x00, 0x00, 0x00, 0x00, 0x00,
    0x00, 0x00, 0x00, 0x00, 0x00, 0x00, 0xa5, 0x61, 0x09, 0xa3, 0x6a, 0x9b, 0xec, 0xa3, 0xcf, 0xb4,
    0x29, 0x83, 0x2c, 0xa4, 0x70, 0xc5, 0x50, 0xc5, 0x30, 0xc5, 0x2f, 0xbd, 0x09, 0x7b, 0x0c, 0x9c,
    0x2d, 0xa4, 0x6a, 0x9b, 0x09, 0x9b, 0x46, 0x8a, 0xa5, 0x49, 0x00, 0x00, 0x00, 0x00, 0x00, 0x00,
    0x00, 0x00, 0x00, 0x00, 0x00, 0x00, 0x64, 0x49, 0xc8, 0x72, 0x71, 0xcd, 0x53, 0xee, 0x56, 0xff,
    0x0f, 0xc5, 0x72, 0xc5, 0xfd, 0xff, 0x9a, 0xff, 0xda, 0xff, 0xda, 0xff, 0xec, 0x9b, 0xd5, 0xfe,
    0xd5, 0xfe, 0x13, 0xde, 0x8e, 0xac, 0x06, 0x5a, 0xa6, 0x51, 0x00, 0x00, 0x00, 0x00, 0x00, 0x00,
    0x00, 0x00, 0x00, 0x00, 0x00, 0x00, 0x00, 0x00, 0x24, 0x49, 0xe3, 0x40, 0x85, 0x51, 0x27, 0x62,
    0x06, 0x62, 0x47, 0x62, 0x96, 0xe6, 0xba, 0xff, 0x9a, 0xff, 0x8f, 0xa4, 0xa5, 0x51, 0x67, 0x6a,
    0xc5, 0x59, 0x65, 0x49, 0xe3, 0x40, 0x00, 0x00, 0x00, 0x00, 0x00, 0x00, 0x00, 0x00, 0x00, 0x00,
    0x00, 0x00, 0x00, 0x00, 0x00, 0x00, 0x00, 0x00, 0x00, 0x00, 0x00, 0x00, 0x00, 0x00, 0x00, 0x00,
    0x00, 0x00, 0xa2, 0x38, 0xc5, 0x59, 0x2a, 0x7b, 0x88, 0x6a, 0x03, 0x41, 0x00, 0x00, 0x00, 0x00,
    0x00, 0x00, 0x00, 0x00, 0x00, 0x00, 0x00, 0x00, 0x00, 0x00, 0x00, 0x00, 0x00, 0x00, 0x00, 0x00,
    0x00, 0x00, 0x00, 0x00, 0x00, 0x00, 0x00, 0x00, 0x00, 0x00, 0x00, 0x00, 0x00, 0x00, 0x00, 0x00,
    0x00, 0x00, 0x00, 0x00, 0x00, 0x00, 0x00, 0x00, 0x00, 0x00, 0x00, 0x00, 0x00, 0x00, 0x00, 0x00,
    0x00, 0x00, 0x00, 0x00, 0x00, 0x00, 0x00, 0x00, 0x00, 0x00, 0x00, 0x00, 0x00, 0x00, 0x00, 0x00,
    0x00, 0x00, 0x00, 0x00, 0x00, 0x00, 0x00, 0x00, 0x00, 0x00, 0x00, 0x00, 0x00, 0x00, 0x00, 0x00,
    0x00, 0x00, 0x00, 0x00, 0x00, 0x00, 0x00, 0x00, 0x00, 0x00, 0x00, 0x00, 0x00, 0x00, 0x00, 0x00,
    0x00, 0x00, 0x27, 0x39, 0x36, 0x18, 0x00, 0x00, 0x00, 0x00, 0x00, 0x00, 0x00, 0x00, 0x00, 0x00,
    0x00, 0x00, 0x00, 0x00, 0x00, 0x00, 0x00, 0x00, 0x13, 0xd1, 0xfe, 0xff, 0xff, 0xf1, 0x82, 0x00,
    0x00, 0x00, 0x00, 0x00, 0x00, 0x00, 0x00, 0x00, 0x00, 0x00, 0x00, 0x00, 0x00, 0x00, 0x00, 0x00,
    0x00, 0xeb, 0xff, 0xfb, 0xf8, 0xff, 0x8f, 0x00, 0x00, 0x00, 0x00, 0x00, 0x00, 0x00, 0x00, 0x00,
    0x00, 0x00, 0x00, 0x00, 0x00, 0x00, 0x00, 0x00, 0x00, 0x45, 0xf7, 0xfe, 0xff, 0xc4, 0x13, 0x00,
    0x00, 0x00, 0x00, 0x00, 0x00, 0x00, 0x00, 0x00, 0x00, 0x00, 0x00, 0x00, 0x00, 0x00, 0x00, 0x00,
    0x00, 0x00, 0x3b, 0xee, 0xc4, 0x16, 0x00, 0x00, 0x00, 0x00, 0x00, 0x00, 0x00, 0x00, 0x00, 0x00,
    0x00, 0x00, 0x00, 0x00, 0x00, 0x00, 0x00, 0x00, 0x00, 0x00, 0x00, 0xe3, 0x94, 0x00, 0x00, 0x00,
    0x00, 0x00, 0x00, 0x00, 0x00, 0x00, 0x00, 0x00, 0x00, 0x00, 0x00, 0x00, 0x00, 0x00, 0x00, 0x00,
    0x00, 0x00, 0x00, 0xe3, 0x95, 0x00, 0x00, 0x00, 0x00, 0x00, 0x00, 0x00, 0x00, 0x00, 0x00, 0x00,
    0x00, 0x00, 0x00, 0x00, 0x00, 0x00, 0x00, 0x00, 0x00, 0x14, 0x56, 0xed, 0xc0, 0x44, 0x00, 0x00,
    0x00, 0x00, 0x00, 0x00, 0x00, 0x00, 0x00, 0x00, 0x00, 0x00, 0x00, 0x00, 0x00, 0x00, 0x00, 0x00,
    0x00, 0xcc, 0xff, 0xfe, 0xff, 0xff, 0x7a, 0x00, 0x00, 0x00, 0x00, 0x00, 0x00, 0x00, 0x00, 0x00,
    0x00, 0x00, 0x00, 0x00, 0x00, 0x00, 0x00, 0x00, 0x1f, 0xff, 0xfb, 0xfe, 0xfa, 0xfd, 0xcc, 0x00,
    0x00, 0x00, 0x00, 0x00, 0x00, 0x00, 0x00, 0x00, 0x00, 0x00, 0x00, 0x00, 0x00, 0x00, 0x00, 0x6c,
    0xcd, 0xfd, 0xfe, 0xff, 0xff, 0xfe, 0xf6, 0xab, 0x3f, 0x00, 0x00, 0x00, 0x00, 0x00, 0x00, 0x00,
    0x00, 0x00, 0x00, 0x00, 0x00, 0x14, 0xc2, 0xff, 0xff, 0xff, 0xff, 0xff, 0xff, 0xff, 0xff, 0xff,
    0xff, 0x7e, 0x00, 0x00, 0x00, 0x00, 0x00, 0x00, 0x00, 0x00, 0x00, 0x00, 0x00, 0xc5, 0xff, 0xf9,
    0xfd, 0xff, 0xff, 0xff, 0xff, 0xff, 0xff, 0xfb, 0xfc, 0xff, 0x6f, 0x00, 0x00, 0x00, 0x00, 0x00,
    0x00, 0x00, 0x00, 0x00, 0x77, 0xff, 0xf9, 0xff, 0xff, 0xff, 0xff, 0xff, 0xff, 0xff, 0xff, 0xff,
    0xfd, 0xfc, 0xf9, 0x24, 0x00, 0x00, 0x00, 0x00, 0x00, 0x00, 0x00, 0x00, 0xeb, 0xfd, 0xfe, 0xff,
    0xff, 0xff, 0xff, 0xff, 0xff, 0xff, 0xff, 0xff, 0xff, 0xfb, 0xff, 0x98, 0x00, 0x00, 0x00, 0x00,
    0x00, 0x00, 0x00, 0x50, 0xff, 0xfc, 0xff, 0xff, 0xff, 0xff, 0xff, 0xff, 0xff, 0xff, 0xff, 0xff,
    0xff, 0xfe, 0xfe, 0xe8, 0x00, 0x00, 0x00, 0x00, 0x00, 0x00, 0x00, 0x8f, 0xfe, 0xfb, 0xff, 0xff,
    0xff, 0xff, 0xff, 0xff, 0xff, 0xff, 0xff, 0xff, 0xff, 0xff, 0xfe, 0xff, 0x39, 0x00, 0x00, 0x00,
    0x00, 0x00, 0x00, 0xad, 0xfe, 0xfc, 0xff, 0xff, 0xff, 0xff, 0xff, 0xff, 0xff, 0xff, 0xff, 0xff,
    0xff, 0xff, 0xfb, 0xfd, 0x57, 0x00, 0x00, 0x00, 0x00, 0x00, 0x00, 0xc4, 0xff, 0xf9, 0xfb, 0xfb,
    0xfc, 0xfd, 0xff, 0xff, 0xff, 0xff, 0xfc, 0xfc, 0xfb, 0xfb, 0xf8, 0xff, 0x6a, 0x00, 0x00, 0x00,
    0x00, 0x00, 0x00, 0x70, 0xf7, 0xff, 0xff, 0xff, 0xff, 0xff, 0xfb, 0xfd, 0xfc, 0xfd, 0xff, 0xff,
    0xff, 0xff, 0xff, 0xdf, 0x29, 0x00, 0x00, 0x00, 0x00, 0x00, 0x00, 0x00, 0x22, 0x58, 0x84, 0xa3,
    0xb4, 0xe2, 0xff, 0xff, 0xff, 0xff, 0xc4, 0xb0, 0x97, 0x77, 0x48, 0x00, 0x00, 0x00, 0x00, 0x00,
    0x00, 0x00, 0x00, 0x00, 0x00, 0x00, 0x00, 0x00, 0x00, 0x16, 0x90, 0xc6, 0xb4, 0x54, 0x00, 0x00,
    0x00, 0x00, 0x00, 0x00, 0x00, 0x00, 0x00, 0x00, 0x00, 0x00, 0x00, 0x00, 0x00, 0x00, 0x00, 0x00,
    0x00, 0x00, 0x00, 0x00, 0x00, 0x00, 0x00, 0x00, 0x00, 0x00, 0x00, 0x00, 0x00, 0x00, 0x00, 0x00,
};

const lv_image_dsc_t app_tama_ico_img[16] = {
    {
        .header.magic = LV_IMAGE_HEADER_MAGIC,
        .header.cf = LV_COLOR_FORMAT_RGB565A8,
        .header.w = 24,
        .header.h = 24,
        .header.stride = 48,
        .data_size = sizeof(app_tama_ico_0_home_map),
        .data = app_tama_ico_0_home_map,
    },
    {
        .header.magic = LV_IMAGE_HEADER_MAGIC,
        .header.cf = LV_COLOR_FORMAT_RGB565A8,
        .header.w = 24,
        .header.h = 24,
        .header.stride = 48,
        .data_size = sizeof(app_tama_ico_1_bag_map),
        .data = app_tama_ico_1_bag_map,
    },
    {
        .header.magic = LV_IMAGE_HEADER_MAGIC,
        .header.cf = LV_COLOR_FORMAT_RGB565A8,
        .header.w = 24,
        .header.h = 24,
        .header.stride = 48,
        .data_size = sizeof(app_tama_ico_2_game_map),
        .data = app_tama_ico_2_game_map,
    },
    {
        .header.magic = LV_IMAGE_HEADER_MAGIC,
        .header.cf = LV_COLOR_FORMAT_RGB565A8,
        .header.w = 24,
        .header.h = 24,
        .header.stride = 48,
        .data_size = sizeof(app_tama_ico_3_dex_map),
        .data = app_tama_ico_3_dex_map,
    },
    {
        .header.magic = LV_IMAGE_HEADER_MAGIC,
        .header.cf = LV_COLOR_FORMAT_RGB565A8,
        .header.w = 24,
        .header.h = 24,
        .header.stride = 48,
        .data_size = sizeof(app_tama_ico_4_set_map),
        .data = app_tama_ico_4_set_map,
    },
    {
        .header.magic = LV_IMAGE_HEADER_MAGIC,
        .header.cf = LV_COLOR_FORMAT_RGB565A8,
        .header.w = 24,
        .header.h = 24,
        .header.stride = 48,
        .data_size = sizeof(app_tama_ico_5_feed_map),
        .data = app_tama_ico_5_feed_map,
    },
    {
        .header.magic = LV_IMAGE_HEADER_MAGIC,
        .header.cf = LV_COLOR_FORMAT_RGB565A8,
        .header.w = 24,
        .header.h = 24,
        .header.stride = 48,
        .data_size = sizeof(app_tama_ico_6_bath_map),
        .data = app_tama_ico_6_bath_map,
    },
    {
        .header.magic = LV_IMAGE_HEADER_MAGIC,
        .header.cf = LV_COLOR_FORMAT_RGB565A8,
        .header.w = 24,
        .header.h = 24,
        .header.stride = 48,
        .data_size = sizeof(app_tama_ico_7_play_map),
        .data = app_tama_ico_7_play_map,
    },
    {
        .header.magic = LV_IMAGE_HEADER_MAGIC,
        .header.cf = LV_COLOR_FORMAT_RGB565A8,
        .header.w = 24,
        .header.h = 24,
        .header.stride = 48,
        .data_size = sizeof(app_tama_ico_8_heal_map),
        .data = app_tama_ico_8_heal_map,
    },
    {
        .header.magic = LV_IMAGE_HEADER_MAGIC,
        .header.cf = LV_COLOR_FORMAT_RGB565A8,
        .header.w = 24,
        .header.h = 24,
        .header.stride = 48,
        .data_size = sizeof(app_tama_ico_9_wifi_map),
        .data = app_tama_ico_9_wifi_map,
    },
    {
        .header.magic = LV_IMAGE_HEADER_MAGIC,
        .header.cf = LV_COLOR_FORMAT_RGB565A8,
        .header.w = 24,
        .header.h = 24,
        .header.stride = 48,
        .data_size = sizeof(app_tama_ico_10_bt_map),
        .data = app_tama_ico_10_bt_map,
    },
    {
        .header.magic = LV_IMAGE_HEADER_MAGIC,
        .header.cf = LV_COLOR_FORMAT_RGB565A8,
        .header.w = 24,
        .header.h = 24,
        .header.stride = 48,
        .data_size = sizeof(app_tama_ico_11_clock_map),
        .data = app_tama_ico_11_clock_map,
    },
    {
        .header.magic = LV_IMAGE_HEADER_MAGIC,
        .header.cf = LV_COLOR_FORMAT_RGB565A8,
        .header.w = 24,
        .header.h = 24,
        .header.stride = 48,
        .data_size = sizeof(app_tama_ico_12_bat_map),
        .data = app_tama_ico_12_bat_map,
    },
    {
        .header.magic = LV_IMAGE_HEADER_MAGIC,
        .header.cf = LV_COLOR_FORMAT_RGB565A8,
        .header.w = 24,
        .header.h = 24,
        .header.stride = 48,
        .data_size = sizeof(app_tama_ico_13_fish_map),
        .data = app_tama_ico_13_fish_map,
    },
    {
        .header.magic = LV_IMAGE_HEADER_MAGIC,
        .header.cf = LV_COLOR_FORMAT_RGB565A8,
        .header.w = 24,
        .header.h = 24,
        .header.stride = 48,
        .data_size = sizeof(app_tama_ico_14_heart_map),
        .data = app_tama_ico_14_heart_map,
    },
    {
        .header.magic = LV_IMAGE_HEADER_MAGIC,
        .header.cf = LV_COLOR_FORMAT_RGB565A8,
        .header.w = 24,
        .header.h = 24,
        .header.stride = 48,
        .data_size = sizeof(app_tama_ico_15_lamp_map),
        .data = app_tama_ico_15_lamp_map,
    },
};
